dim_1,dim_2,dim_3,dim_4,dim_5,dim_6,dim_7,dim_8,dim_9,dim_10,dim_11,dim_12,dim_13,dim_14,dim_15,dim_16,dim_17,dim_18,dim_19,dim_20,dim_21,dim_22,dim_23,dim_24,dim_25,dim_26,dim_27,dim_28,dim_29,dim_30,dim_31,dim_32,dim_33,dim_34,dim_35,dim_36,dim_37,dim_38,dim_39,dim_40,dim_41,dim_42,dim_43,dim_44,dim_45,dim_46,dim_47,dim_48,dim_49,dim_50,dim_51,dim_52,dim_53,dim_54,dim_55,dim_56,dim_57,dim_58,dim_59,dim_60,dim_61,dim_62,dim_63,dim_64,dim_65,dim_66,dim_67,dim_68,dim_69,dim_70,dim_71,dim_72,dim_73,dim_74,dim_75,dim_76,dim_77,dim_78,dim_79,dim_80,dim_81,dim_82,dim_83,dim_84,dim_85,dim_86,dim_87,dim_88,dim_89,dim_90,dim_91,dim_92,dim_93,dim_94,dim_95,dim_96,dim_97,dim_98,dim_99,dim_100,label
0.12440294,-0.002994248,-0.17512481,0.060239382,0.082709655,0.24524575,0.15479778,0.26877972,-0.020324105,-0.18108906,-0.102693565,0.1567102,0.20976368,0.18706019,-0.054023925,-0.14289668,-0.06306298,-0.335943,-0.20975913,-0.11451422,0.16805209,-0.09676541,0.0076188752,0.1750897,0.47356084,-0.25216922,-0.21356165,0.1014684,-0.189154,-0.068687595,-0.07208999,0.13547951,-0.10176394,0.018618576,0.17982025,-0.025144786,0.30423036,-0.4102415,-0.09902504,0.096127346,0.28554574,-0.06358919,0.48101902,-0.15235975,0.26387978,0.14002058,0.01343782,0.614627,0.22235194,-0.1827321,0.11637623,-0.5427043,0.16152813,-0.012735129,0.05051812,-0.059034724,-0.03513243,0.1720308,-0.061049808,0.14271085,0.072301716,0.069886684,-0.31606752,0.06454685,0.21719313,0.16256294,0.20942561,0.045886014,-0.16277379,-0.04128879,-0.2601208,0.014202539,-0.16355239,-0.13160257,0.15572897,-0.043704726,0.035847683,-0.11182957,0.20340872,-0.28536165,0.2708391,-0.3906192,-0.20214146,0.1403901,-0.18848695,-0.084957406,-0.35159612,-0.18657827,0.10671051,0.061540607,-0.039371982,0.21044219,0.06592383,-0.13754973,0.32876012,-0.16363439,0.18072885,0.06603132,-0.31577787,-0.1821312,finance
0.008801599,-0.014883021,0.10291003,-0.19293039,0.036071647,0.3700314,0.25818127,0.3352982,-0.07842347,-0.059102297,-0.22213633,0.12647237,0.35169908,0.30659956,-0.11848971,-0.14511396,-0.07250093,-0.6052439,0.1384577,0.032923255,0.15738901,-0.018005816,-0.11236476,0.20764355,0.4300319,-0.008304891,0.027763117,0.065606445,-0.02495787,0.19434099,-0.08243661,-0.26377195,-0.13472928,0.33703074,0.30341035,-0.18904203,0.10832192,-0.4019092,-0.25985506,-0.099774115,0.07250738,-0.12166051,0.1736465,-0.14296463,0.11717643,0.2156365,-0.21901475,0.11851363,0.37631515,-0.15241466,0.03307304,-0.4842383,0.14895229,-0.114783086,0.1618133,-0.0075648944,-0.07805277,0.34319034,-0.0057923654,0.10672968,0.046692003,0.07939095,-0.21181202,0.0679724,0.18249346,0.18185799,0.13137695,-0.06650403,-0.20082669,-0.10469483,-0.23262724,0.13960236,-0.21566302,-0.07483616,0.14797574,-0.31545714,0.24752375,0.043915134,0.1714157,-0.042970646,0.08021513,-0.1626653,-0.21737929,0.0042431047,-0.23854628,0.13000745,-0.25936872,0.007987532,-0.11114757,0.11394691,0.012986645,0.10488665,-0.020164026,-0.31429115,0.26142251,-0.2822861,0.122124895,0.011047599,-0.026313702,0.11690827,sport
0.05498493,0.102025755,0.22914025,0.041042287,0.0149044255,0.29128093,0.09934645,0.3233696,-0.27871534,-0.084385775,-0.34152302,-0.018788671,0.4618922,0.3198679,-0.25348684,-0.26476863,0.0090162605,-0.55103356,-0.13388537,-0.0722394,0.09617781,0.13318436,-0.13383846,0.26645577,0.6389862,0.11829298,-0.16436303,0.09429707,-0.06500749,-0.027905064,-0.046130836,-0.124418356,-0.10281765,0.30074278,0.09647244,-0.1423082,0.2736724,-0.4031959,-0.28275976,-0.10612954,0.106072865,-0.0156998,0.30061576,-0.27818966,0.17500885,-0.06434687,-0.15674555,0.23687351,0.28911552,-0.2444779,-0.08882607,-0.47120723,0.14750111,-0.14603472,0.23041885,0.013731503,-0.065805726,0.16780342,-0.1611235,-0.02456274,0.062792994,0.14439203,-0.27309573,0.050076503,0.27714273,0.025803404,0.12515585,0.04245558,-0.3611827,0.014015469,-0.1739053,-0.058779508,-0.3343709,-0.07553727,0.23074126,-0.3418791,0.21035829,0.17209046,0.27883574,0.0043818173,0.07300258,-0.29701093,-0.15395442,0.1314053,-0.18453571,0.050791893,-0.23597822,-0.18100306,-0.06624597,-0.06004023,-0.113105826,0.24889281,0.26789647,-0.27357346,0.15145066,-0.12173885,0.14128909,-0.007172845,-0.25452834,-0.029684488,sport
-0.095862225,-0.026408914,0.040720057,-0.26567158,-0.09040177,0.356063,0.34159645,0.30291736,-0.00022544806,-0.072217494,8.886882e-05,0.061908126,0.39270663,0.29168162,-0.11843488,-0.13423103,-0.045155004,-0.7399126,0.24602294,0.098432966,0.2050068,-0.030158605,-0.26317242,0.2315508,0.3728702,-0.022631695,0.059180632,0.010540766,0.13413653,0.22619711,0.048394088,-0.22866826,-0.058507513,0.4406875,0.16607721,-0.3119153,0.06647294,-0.3938772,-0.41552815,-0.31656295,-0.04220051,0.032749888,0.051653944,-0.1268639,0.18653204,0.07583337,-0.26095706,0.06605071,0.3638643,-0.12768675,-0.040192995,-0.5956674,0.18596663,-0.15335111,0.19632344,-0.026348304,-0.16426726,0.31282565,-0.084840104,0.157771,-0.06938153,-0.015856361,-0.32557365,0.13911392,0.084905386,0.19640636,0.1017902,0.058562014,-0.22995879,-0.0022660736,-0.07705434,0.17221636,-0.28176758,0.012835348,0.15882383,-0.31269598,0.26353228,0.114025705,0.19419403,-0.09961255,0.11105629,-0.27986655,-0.22059259,-0.072508335,-0.31405342,0.17081176,-0.21061285,0.12845068,-0.18258326,0.2749835,-0.06657211,0.1804185,0.043754134,-0.31842116,0.2947116,-0.22860278,0.22085507,0.09759452,0.11372064,-0.026276218,sport
0.051230967,-0.031102372,0.026798382,-0.13741964,-0.010169438,0.33102024,0.15214187,0.35067663,-0.24028172,-0.09774533,-0.34693897,0.14669412,0.37596685,0.22667263,-0.24612886,-0.09792404,-0.02318153,-0.65861094,0.0534734,0.043146312,0.119042836,-0.036052465,-0.13080332,0.16445792,0.49498436,-0.05846978,-0.09156881,-0.03129902,-0.14939484,0.14221084,-0.065974995,-0.22448984,0.0007447957,0.298895,0.16336428,-0.21653806,0.040673826,-0.47145724,-0.28407413,0.01835097,0.07369524,-0.076763645,0.21892606,-0.265067,0.11197474,-0.019238718,-0.29476595,0.25123832,0.36377344,-0.24455698,-0.009842923,-0.43918914,0.16770738,-0.00715809,0.29201594,-0.0027528508,-0.018711254,0.35075307,-0.08705989,-0.0050989767,0.072858445,0.16456744,-0.27596927,0.09520707,0.33405995,0.12570153,0.14330979,0.06588672,-0.27572885,0.014530572,-0.26596037,0.15140492,-0.22797287,-0.067114495,0.20146394,-0.3928561,0.26071182,0.08186704,0.25302067,-0.107544005,0.12226879,-0.29755214,-0.20220147,0.13718632,-0.2614498,0.04904071,-0.30387226,-0.0074450476,0.008390402,0.14967783,-0.004900233,0.2675459,0.16714165,-0.32271352,0.2799843,-0.28962243,0.24113412,-0.03243742,-0.092833325,0.06812944,sport
0.05022482,0.14399613,0.09490946,0.1855491,0.1293544,0.13849483,0.13285829,0.19925098,0.05944911,-0.0808076,-0.22963683,0.21391909,0.2664504,0.15546127,0.066309735,-0.3185011,-0.22694148,-0.38403413,-0.27797225,0.040823445,0.21199065,0.034154005,0.024017936,0.20253506,0.46289134,-0.13705774,-0.007994098,0.07315831,0.015736513,-0.09776494,-0.23208839,0.30275223,-0.44989374,0.06850018,0.2079482,-0.08089211,0.43427506,-0.3040572,-0.27144954,0.11579771,0.15211596,-0.18660295,0.42051286,-0.24556278,0.21527484,0.15888637,0.15017548,0.41541484,0.21507461,-0.21209662,-0.07373977,-0.5458584,0.03697782,-0.071949124,0.27233306,-0.14880064,-0.084420204,-0.042090945,-0.22027317,0.2213003,0.061214108,-0.022482188,-0.22638512,-0.06991705,0.11277299,0.18661313,0.3794099,-0.053284213,-0.31719735,-0.12509176,-0.2257821,-0.0062974924,-0.21215804,-0.17833777,0.14503044,0.00903369,0.018381946,0.19207788,0.027215168,-0.29132417,0.20544149,-0.4998863,-0.1575102,0.034554787,-0.065470256,0.1763803,-0.31785494,-0.34705386,-0.06770446,0.0033097432,-0.1147971,0.22351736,0.16615497,-0.03742552,0.111992456,-0.046641506,-0.14413433,0.05985761,-0.41562465,-0.27417114,finance
0.0053952867,0.07463533,-0.021202644,0.34253708,0.10844207,0.18315129,0.39545086,0.18427843,0.16000158,0.013355981,-0.31053367,0.2215257,0.10726056,0.25943002,0.077123605,-0.111940295,-0.050957195,-0.3440119,-0.21192035,0.0071446276,0.17432624,-0.035564534,-0.20356278,0.43931255,0.20690477,-0.30134353,0.058428824,0.11840509,-0.050485514,0.08701336,-0.27639523,-0.093203194,-0.15713955,0.12397126,0.30454388,-0.060709834,0.27831355,-0.11901692,-0.113191605,0.19862477,0.0413122,0.03366549,0.21844865,-0.17603788,0.03054731,0.14222366,0.20229949,0.5535232,0.019100701,-0.26087677,0.14464502,-0.53880495,0.06375932,0.12296916,0.09776498,0.06894964,-0.1256431,0.07523337,0.043006945,0.15642732,0.04634584,-0.01899725,-0.13670485,-0.1391583,0.28009757,0.3840366,0.25285462,-0.07685443,-0.2897215,-0.07842614,-0.0535171,-0.12595543,-0.28225833,-0.05395928,0.14999107,0.021358179,0.022326516,0.15872738,0.11228081,-0.23478298,0.2421557,-0.31333038,-0.11704411,-0.0053980006,-0.008626937,0.059935637,-0.38575754,-0.381974,-0.22730209,0.009833033,-0.31004757,0.31133306,0.1689427,-0.10547817,0.24971354,-0.12695138,0.04548052,0.085589446,-0.19257319,-0.2662076,finance
0.011288726,0.0956876,-0.10854498,0.16481131,0.06994204,0.21312414,0.05417718,0.10520826,0.15227003,-0.028859057,-0.19198966,0.13322626,0.14814383,0.26050928,-0.034801275,-0.17300911,-0.16557139,-0.46461254,-0.21039398,-0.026134469,0.18769398,0.06629623,-0.033380065,0.30614477,0.30582845,-0.20416841,-0.07748141,0.04793512,-0.035109483,0.020185702,-0.12622401,0.0028753588,-0.22427814,0.04114229,0.19634394,0.07635389,0.35271588,-0.2809756,-0.19294918,0.069378585,0.06076679,0.0051863207,0.25652418,-0.07367176,-0.018669914,0.1661766,0.11380899,0.389852,0.23499092,-0.0754049,0.13454396,-0.45455772,0.020318652,-0.008793448,0.16038899,-0.09911212,-0.032145742,0.11786128,-0.25530687,0.06909344,0.09303239,-0.016799968,-0.26187274,-0.0051647457,0.067169674,0.22662526,0.19844657,-0.13487357,-0.26298594,-0.084922835,-0.08705823,0.022338595,-0.1609228,-0.1179577,0.08297766,-0.26637056,0.073487304,0.0854088,0.08529067,-0.3780408,0.12008254,-0.232815,-0.041987084,0.06035577,-0.18172464,0.20521498,-0.19515711,-0.17786315,-0.22263895,0.08816402,-0.1369803,0.27685723,0.3156358,-0.11133408,0.1181161,-0.12959795,-0.063766494,-0.0014224788,-0.19244172,-0.17676567,finance
-0.050186157,0.033434074,0.12146107,-0.15884122,-0.07169085,0.3190925,0.11687639,0.36565554,-0.25403222,-0.18604681,-0.37561184,0.039447512,0.349336,0.2761524,-0.20198658,-0.1879634,-0.02452724,-0.60416555,0.04256869,0.10413893,0.13875267,-0.03757937,-0.18051079,0.16975814,0.6146698,0.15943272,-0.1400953,0.02662122,0.013028518,0.024848178,-0.014084124,-0.19845174,-0.05320602,0.3484842,0.1769643,-0.14456576,0.14684233,-0.39373395,-0.34404355,-0.030985339,0.110423535,0.03264404,0.26717496,-0.25021917,0.1669786,-0.011307044,-0.21893875,0.107747406,0.33994713,-0.34435993,-0.08499256,-0.54973334,0.17628321,-0.07658659,0.25876412,-0.0360739,0.0037736304,0.36721915,-0.10774683,0.08324302,0.043340195,0.12643418,-0.2638661,-0.0289878,0.26076245,0.05639482,0.11426008,-0.0011297049,-0.25473815,-0.017537702,-0.3428879,0.019185217,-0.26819855,-0.18835008,0.19017425,-0.3141114,0.26161236,0.022641266,0.2512919,-0.0014297228,0.17740384,-0.2518119,-0.09763644,0.086879514,-0.23281196,0.029427433,-0.345739,-0.014726003,-0.04300325,0.09583278,-0.047304332,0.20742235,0.24039713,-0.28314072,0.24204892,-0.27451226,0.17045939,-0.1160256,-0.19565593,-0.06824496,sport
-0.02966774,0.08315033,-0.038051806,0.108634606,0.05934871,0.31529653,0.1352259,0.46795464,-0.108922094,-0.09453621,-0.3336549,0.079544514,0.19723357,0.26032186,-0.028452646,-0.31040618,-0.06346475,-0.40851432,-0.09725521,-0.009972569,0.2461474,0.20517197,-0.015715329,0.16442919,0.46974328,-0.072159156,-0.17563881,0.18807861,-0.114167415,0.026977547,-0.09999191,-0.10652928,-0.16939081,0.053979646,0.20672794,-0.07821923,0.16332944,-0.5258813,-0.17241539,0.10054703,0.28549352,-0.07046793,0.2488699,-0.2632625,0.22355919,0.068201385,-0.031697933,0.1870003,0.30658692,-0.14679931,-0.014989907,-0.40097073,0.028943311,0.013679426,0.13764362,0.14537138,-0.101023525,0.20928499,-0.11719303,0.17143522,0.0048901276,0.11764547,-0.14604577,-0.10944138,0.39989835,0.35144302,0.18523562,-0.007684657,-0.10216809,0.06932793,-0.12045721,0.17845014,-0.16622029,-0.061683275,0.09834775,-0.2618292,0.16242972,0.015678108,0.16753006,-0.15161036,0.09173229,-0.18077917,-0.16513123,-0.06444158,-0.28269193,0.045232635,-0.20118764,-0.16712296,-0.0660493,-0.02175423,0.08489249,0.24517795,-0.024639383,-0.23520815,0.22272497,-0.10552637,0.00783364,0.027976504,-0.19909635,0.13319097,sport
0.14246376,-0.106223375,-0.095160805,0.10803983,-0.10128556,0.26570147,0.1489028,0.14527056,0.12135855,-0.04468198,-0.32535642,0.20094806,0.11552519,0.46096978,0.21080339,0.06581058,-0.021449406,-0.24154605,-0.10991529,0.12731387,0.06910902,0.11973593,-0.040890824,0.25940347,0.15040264,-0.25218803,0.055437658,0.11415967,-0.3241344,0.15489978,-0.008535726,-0.28312626,0.024722653,0.1964705,0.5435334,0.17355065,0.39060053,-0.475573,-0.02406142,-0.08456281,0.19656953,0.17678009,0.25554478,-0.14814247,0.15017,0.16729037,0.009164083,0.13079186,0.21958643,-0.070172936,0.09972062,-0.70069206,-0.05571528,-0.080389746,0.11096654,0.16769439,-0.02930226,0.20145991,-0.03827853,0.24115475,0.08285748,-0.0131572345,-0.3856647,-0.035784572,0.073269434,0.14144291,0.093037106,0.07280569,-0.19612153,-0.016065031,-0.14611262,0.15301195,-0.2408439,-0.1559691,0.086144395,-0.3683198,0.088107474,0.03345955,0.06848687,-0.3034503,0.25683478,-0.3321179,-0.17873919,0.08579168,-0.24731551,-0.06813589,-0.26521814,-0.014639555,-0.18484831,0.030042151,0.024393365,-0.0019008634,-0.06397309,-0.34385455,0.061444707,-0.0017352009,0.06680303,0.10898975,0.0012422535,-0.26648548,finance
0.090904966,0.053302255,-0.03207226,0.15675116,0.0006739424,0.3311346,0.10780027,0.40946433,-0.059641857,-0.14727215,-0.2894105,0.10049672,0.17120196,0.12327899,0.05828628,-0.24927749,-0.0322989,-0.34089527,-0.15029702,-0.09026689,0.12651445,0.16333506,-0.024678158,0.17436165,0.4711742,-0.06683049,-0.112878025,0.10180103,-0.07821141,0.0007577002,-0.057569504,0.056951385,-0.054701865,0.09792824,0.231357,-0.04521461,0.2149709,-0.5025007,-0.120625995,0.041229963,0.17524242,-0.08312742,0.37450463,-0.18668655,0.15377787,0.10024249,-0.01357958,0.2955978,0.22167139,-0.1472804,-0.038223866,-0.5291245,0.17148808,0.04259433,0.22907935,0.018153707,-0.039286118,0.07919418,0.011606033,0.039421648,0.014011035,0.106887184,-0.2548592,-0.007924728,0.31322038,0.20779788,0.19754499,0.05275462,-0.21422465,-0.10034256,-0.23722634,0.09543404,-0.21134269,-0.07391642,0.016738452,-0.24825849,0.0549299,-0.013527634,0.03913336,-0.11534559,0.22666122,-0.2803887,-0.1405906,-0.06340986,-0.13054612,-0.0045005875,-0.31595722,-0.12901437,-0.026306057,-0.04241821,-0.004770198,0.3180622,0.15025184,-0.043778118,0.27103794,-0.10191023,-0.014013323,-0.007994293,-0.2683715,-0.09421222,sport
0.1605327,0.0939734,-0.010600082,0.12705617,-0.008336522,0.27379864,0.14823426,0.35973844,-0.022773677,-0.20056458,-0.32286155,0.082457304,0.2522422,0.26703674,-0.08612803,-0.30462027,0.0011419525,-0.269358,-0.06303714,-0.15352018,0.15255459,0.13579635,-0.010142278,0.13727929,0.50135416,-0.16584171,-0.18503584,0.116514035,-0.1421437,-0.08967192,0.0038847856,0.167604,-0.15192296,0.021867039,0.13568507,-0.11030007,0.13856904,-0.50566745,-0.10479622,0.1465414,0.21364807,-0.10547356,0.44905967,-0.23624761,0.24752235,-0.027091926,0.0068513593,0.31444505,0.30286855,-0.32374078,-0.023837017,-0.49885398,0.21962667,-0.030982625,0.17685238,0.023385692,-0.09820284,0.117314056,-0.01972748,0.1071419,-0.046563398,0.089246914,-0.31679794,0.051537674,0.27359325,0.036769427,0.24361174,0.056791134,-0.112194374,-0.15895757,-0.18691263,0.16978475,-0.10428882,-0.05653908,0.06422262,-0.11753576,0.15011747,0.096453056,0.017316999,-0.16479251,0.2324912,-0.3408557,-0.09328733,0.002756703,-0.23220852,-0.14214338,-0.36259925,-0.26839805,-0.034853462,0.015810492,0.10556751,0.3205747,0.15090817,-0.20548879,0.25557166,-0.089217745,0.027945742,0.018042317,-0.19904608,-0.075221136,finance
0.08528898,-0.106089376,-0.15837531,0.18273894,-0.013486738,0.25054315,0.22648235,0.39798826,-0.097066745,-0.1120956,-0.19061033,0.3080227,-0.003194244,0.25186664,-0.08507176,-0.18254934,-0.09945974,-0.378005,-0.3187185,-0.1113622,0.19349425,-0.334154,-0.08266646,0.3238713,0.25865287,-0.36388028,-0.08488532,0.0688278,-0.20713606,-0.069140926,-0.019612143,0.005531952,-0.048712928,0.10007109,0.28134903,0.028756954,0.11596529,-0.38422886,-0.12195205,0.18840246,0.2703435,-0.030166335,0.525318,-0.13314521,0.13778022,0.06373306,-0.0072675375,0.71376705,0.13764419,-0.37222484,0.22267057,-0.5881198,0.19126564,0.046430755,0.109811544,-0.13567951,0.009433609,0.25934413,-0.07227608,0.093027726,-0.069570415,0.09421594,-0.2253791,0.03548547,0.28883567,0.20921645,0.20138434,-0.08421628,-0.24366446,0.007147263,-0.2326755,0.03767024,-0.14316326,-0.13346899,0.13268541,-0.19811562,0.062195055,-0.041095752,0.21652357,-0.20040928,0.14435183,-0.4003798,-0.21233822,0.12715591,-0.1981414,0.085111246,-0.41482303,-0.15041938,0.10362451,0.2793952,-0.11218884,0.15407133,0.297119,-0.16044824,0.4076474,-0.2606852,0.17481321,0.014015049,-0.14489686,-0.18386744,finance
0.04046169,-0.019010365,-0.024569653,0.17352298,-0.017040461,0.2494144,0.15514609,0.12295915,0.20416553,-0.05281278,-0.17430544,0.15158135,0.055081617,0.33210018,0.1500823,0.010867857,-0.07484676,-0.277869,-0.2019011,0.054911487,-0.008322793,-0.05923516,-0.15456556,0.25845364,0.18670674,-0.27289018,0.061918147,0.03484314,-0.196571,0.06520717,-0.17009997,-0.06367105,-0.029797431,0.25339508,0.37960026,0.13305603,0.47175118,-0.40335348,-0.13539757,-0.10031423,0.20705877,0.17626609,0.30915296,-0.13667089,0.15408435,0.12780267,0.04828556,0.31524375,0.22716306,-0.27960333,0.039877202,-0.6282616,-0.01251052,0.053585052,0.15978599,0.0935391,-0.11674574,0.13879502,-0.060198244,0.2781537,-0.050100002,-0.029828403,-0.33791095,0.17415075,0.070358,-0.004793582,0.14098927,0.13361403,-0.25407538,-0.14628206,-0.11035647,0.137327,-0.23112808,-0.20994061,0.14569381,-0.194511,-0.033935156,0.07770741,0.12648232,-0.26874354,0.24589323,-0.3182993,-0.092409305,0.27387542,-0.20706964,-0.05576651,-0.25879574,-0.115952134,-0.09435564,-0.019134393,-0.05881291,0.12578453,-0.08768373,-0.31649503,-0.005311808,0.07845102,0.07997878,0.19475882,-0.09348704,-0.23261815,finance
0.047324527,0.07222158,-0.12891494,0.27885625,0.14598303,0.14989944,0.12661137,0.06565165,0.1167987,-0.050408438,-0.2028823,0.16680935,0.25236312,0.33757505,-0.003967042,-0.2483597,-0.15755971,-0.49563605,-0.23958091,-0.059727345,0.29134762,0.058899622,0.008810679,0.41629454,0.48861864,-0.108585425,-0.30439523,-0.044335015,-0.1931355,0.06761731,-0.051325135,0.122213,-0.2800243,-0.08123413,0.16353284,0.022870893,0.45864737,-0.30144197,-0.00532224,0.049145307,0.14822811,-0.11733094,0.45656222,-0.1230037,0.15357769,0.12056332,0.1391119,0.4733535,0.2656268,-0.12072398,0.08031766,-0.46833092,0.069735944,0.0833604,0.20175077,-0.06487161,-0.065224655,0.059784755,-0.21920906,0.1361304,0.10126099,0.014411842,-0.38598844,0.028148046,-0.006770148,0.19937572,0.30137122,-0.09408149,-0.16881134,-0.076302394,-0.15547001,0.046548873,-0.216397,-0.015905026,0.03126813,-0.056300752,0.05479745,0.15187962,0.12716961,-0.35851136,0.09273234,-0.24329942,-0.054315057,0.016630858,-0.1543074,0.21343604,-0.25588676,-0.4509365,-0.22397147,-0.007812279,-0.27140874,0.35370007,0.29028937,-0.04092946,0.2361855,-0.04284148,0.042900465,0.124876305,-0.3347108,-0.27482757,finance
0.0155131165,-0.040082816,-0.074371874,0.03470914,-0.011894666,0.349649,0.28430426,0.35005623,-0.13473412,0.019242838,-0.251215,0.15055613,0.36005798,0.30990174,-0.087408125,-0.1785236,-0.11279167,-0.6444394,0.043731164,0.049954917,0.35499802,0.23701721,-0.11939017,0.14431728,0.5284228,-0.055603992,0.120627895,0.11424455,-0.017608497,-0.030668229,-0.11942549,-0.272101,-0.23791684,0.33521742,0.004149641,-0.13768873,0.16927712,-0.53089184,-0.24138851,-0.13403101,0.18339506,0.053544812,0.15556741,-0.26207286,0.12999496,0.05093759,-0.07815739,0.03293314,0.45715582,-0.20335318,0.039313607,-0.423807,0.0061477856,0.0066819503,0.21261273,0.20438159,-0.07478506,0.2920826,-0.17514057,0.1773435,0.08752883,0.056060698,-0.21904072,0.076213285,0.34238172,0.4390274,0.29159242,0.023734914,-0.117235586,-0.07035749,-0.0055162935,0.20555168,-0.26477107,0.015364152,0.24797326,-0.19741188,0.2113263,0.112770334,0.089899905,-0.12718709,0.07275085,-0.3180634,-0.1464361,-0.084670596,-0.24548177,0.045092363,-0.17535745,-0.12034451,-0.23054224,0.025140751,-0.05614795,0.1852789,-0.09962694,-0.18863495,0.28547692,-0.13366114,-0.052982625,0.13686413,-0.009245081,0.39494014,sport
0.07776432,0.14163855,-0.105992414,0.059481222,-0.05540263,0.2731226,0.16461015,0.4465464,0.12038851,-0.082360044,-0.41698948,-0.030539025,0.17973417,0.35591823,0.1919076,-0.19388396,0.12848853,-0.34078172,-0.13764367,0.05704406,0.15671584,0.20271587,-0.16048434,0.30810207,0.28701466,-0.15599549,-0.09425906,0.09719362,-0.18763778,0.21102521,-0.14282872,-0.2151299,-0.00325071,0.18803522,0.37634414,0.12127106,0.2540574,-0.7002625,-0.097260684,0.10549066,0.265472,0.098591045,0.059555363,-0.24495187,0.25871286,0.30328473,-0.008066207,0.028111866,0.28054258,-0.012325159,-0.056689553,-0.5787638,0.0792288,-0.15796393,0.08703156,0.21066555,-0.15636697,0.26139408,-0.07508796,0.2915596,-0.06459918,0.18281817,-0.23815754,-0.07654778,0.16010211,0.17835957,0.1651653,0.053827178,-0.15536472,0.003380261,-0.08462753,0.13041568,-0.23050217,-0.049871713,0.13655742,-0.5025934,0.072160155,0.13126343,0.1654738,-0.11076994,0.05578316,0.00069277064,-0.023742024,-0.056200176,-0.33375996,-0.13187662,-0.28297716,0.039375935,-0.024302416,0.07818856,0.06980188,0.063882194,-0.15929918,-0.32984653,0.10479163,0.08647643,0.0878551,0.119579494,0.0064138984,-0.066097796,sport
0.18879277,0.13545795,-0.041604698,0.04126677,-0.040029462,0.19195071,0.19053283,0.14530225,0.23041646,0.02312282,-0.29000157,0.1031428,0.14398853,0.39883617,0.08437863,-0.028575638,0.022226753,-0.28423768,-0.05081023,0.13789906,0.09690619,0.12630114,-0.24021477,0.31708822,0.19138277,-0.2375492,0.07828056,0.19965369,-0.17424203,0.19353072,-0.070199125,-0.0881557,-0.13339387,0.16183646,0.3700305,0.11030966,0.35516796,-0.4402487,-0.062734865,-0.059015337,0.20566449,0.16927268,0.1649824,-0.18378724,0.24479926,0.21685012,0.031607386,0.07024853,0.36470717,-0.17333937,0.10712311,-0.535366,0.04292104,-0.13640524,0.10646658,0.08496804,-0.19019017,0.07178881,0.014947758,0.22653066,-0.029978538,0.06882268,-0.4274645,-0.053829826,-0.013048966,0.18385743,0.15808213,-0.061690215,-0.07899978,-0.11733249,-0.06711027,0.14756805,-0.13438502,-0.021032803,0.07545525,-0.28382683,0.12959579,0.17936283,0.09359314,-0.21810564,0.17484316,-0.29895315,-0.16482559,0.11259017,-0.22260675,-0.042914838,-0.23717573,-0.07384239,-0.138504,-0.018326579,0.08058855,0.10471926,-0.0129090445,-0.252873,0.20140277,0.10181037,0.049534965,0.072370164,-0.012467001,-0.14266148,finance
0.0343581,-0.13755623,-0.13391967,-0.027232712,0.07039571,0.36889318,0.28374174,0.33452967,-0.14045697,0.07564503,-0.290714,0.08553093,0.33662394,0.29708564,-0.07446022,-0.14737235,-0.18433543,-0.66672987,0.08938616,0.15451013,0.4102943,0.22923136,-0.17147146,0.1484903,0.5871039,0.015946291,0.17890915,0.057243653,-0.04509763,0.01704217,-0.053071007,-0.3262316,-0.19277191,0.36945692,0.03181069,-0.10616929,0.22708872,-0.5925591,-0.25484124,-0.17648715,0.24852827,0.028098682,0.06452873,-0.23295456,0.124168396,-0.0138824815,-0.15520757,-0.036026184,0.51018244,-0.18472528,0.054750666,-0.48508334,0.023834508,0.023417274,0.19923529,0.2803803,-0.07268212,0.3179537,-0.2186246,0.18416652,0.13210341,0.03632857,-0.22698258,0.060380396,0.34951797,0.4549757,0.29400307,0.0941843,-0.15945959,-0.06535757,-0.07833456,0.2123505,-0.31086987,0.05756448,0.19878459,-0.36981392,0.21158914,0.16120277,0.0020597833,-0.16033258,0.056711096,-0.3188484,-0.1010989,-0.09345545,-0.28979135,0.047420867,-0.2268242,-0.03358846,-0.1978541,0.06929901,-0.07074862,0.06424862,-0.0878282,-0.29405826,0.25209263,-0.1511253,-0.06964577,0.1610654,-0.0059943786,0.40112123,sport
0.04461778,-0.04623235,0.21026473,-0.07195311,0.042657647,0.24267606,0.2716501,0.24873391,-0.07387873,-0.07487745,-0.2533813,-0.05028553,0.41142854,0.37422115,-0.16794367,-0.17958021,-0.06937139,-0.58057475,0.22415754,0.05141239,0.11199502,0.10723038,-0.04713157,0.32068264,0.53135526,0.06416484,-0.14700921,-0.066473566,0.046898965,0.1884037,-0.1969415,-0.10542968,-0.177652,0.32761532,0.19269536,-0.17485629,0.15439086,-0.4931972,-0.3265679,-0.018868791,0.17796132,-0.123902045,0.19640397,-0.17169292,0.21858656,0.07481971,0.004643475,0.1350669,0.39969543,-0.32740265,-0.0900899,-0.5554424,0.13572104,-0.22303611,0.18631169,0.0073263296,-0.049778804,0.2926648,-0.115273684,0.07019223,-0.07698549,0.042850923,-0.33126456,0.035636477,0.15845042,0.05922727,0.26592728,-0.070466794,-0.29531047,-0.18215175,-0.29945627,0.10794439,-0.25528368,-0.004037701,0.20216466,-0.27191544,0.31004694,0.09555159,0.10319375,-0.0641856,-0.03297597,-0.2339999,0.0039169323,-0.07110132,-0.33581194,0.19141658,-0.18757859,-0.14201209,-0.1029935,0.010439514,0.02676831,0.13572833,0.015049822,-0.3577761,0.32390788,-0.22254892,0.12015772,0.056208152,0.017597403,0.060284458,sport
0.029734366,0.17847726,-0.109321274,0.049748957,0.015667,0.18865255,0.07410218,0.1893486,0.017440252,-0.14127766,-0.31391367,0.09996372,0.2928029,0.18340485,0.031570047,-0.31181818,-0.04728972,-0.5054322,-0.12584145,0.015243427,0.17328782,0.18540762,-0.09610896,0.14722215,0.3853613,-0.2750736,0.09912214,0.16053717,-0.04185984,-0.038223922,-0.038083587,0.03180291,-0.107031204,0.1044581,0.11173886,0.018417833,0.30909345,-0.16732496,-0.23002863,-0.07923283,0.042431593,0.08341964,0.25947595,-0.169007,0.14886846,0.18474859,0.066176064,0.25395826,0.15490983,-0.11357816,0.2031319,-0.5313187,0.097220786,-0.10842403,0.24910508,-0.12650812,-0.089304894,-0.030037804,-0.20293514,0.0015630681,-0.01166713,0.057449084,-0.28139275,0.09704482,0.242166,0.33203748,0.22594272,-0.19585744,-0.17988983,-0.092734374,-0.06420551,-0.0037243085,-0.24792196,-0.15377618,0.13171484,-0.22561151,0.11666877,0.0912692,0.24395134,-0.36934528,0.2881348,-0.3052347,-0.0934096,0.10192186,-0.15601212,0.056916278,-0.26653847,-0.30165496,0.017012753,0.05357199,-0.008678187,0.31790957,0.21117368,-0.0016876057,0.1465585,-0.15212238,-0.024957921,-0.12053974,-0.1670613,-0.1426557,sport
0.123265244,0.0411056,0.064926185,0.34728655,0.041279662,0.19127771,0.20250839,0.23682728,0.37769973,0.17846046,-0.20362143,0.05987477,-0.015442509,0.27732372,0.08452602,-0.2510394,-0.025901059,-0.20300283,-0.18993387,-0.009209096,0.13248432,0.0503764,0.14391974,0.4100281,0.35780206,-0.12425783,-0.17349842,0.27150622,-0.042670906,-0.06749485,-0.0354535,-0.006726003,-0.3227241,0.14195274,0.43885452,0.10982838,0.20826577,-0.5586191,-0.1574997,0.15844889,0.16858199,0.115477584,0.19876926,-0.07974669,0.28034058,0.29537284,0.08851491,0.2550449,0.30010602,-0.40800244,0.06600237,-0.7038483,0.035476226,0.02342924,0.09777219,-0.0014986692,-0.17089574,0.1335251,0.06913357,0.023738481,-0.03882709,-0.009799503,-0.4387187,0.027051872,0.08683411,0.32238495,0.14952628,0.16459237,-0.22090323,-0.07222568,-0.30254158,0.20752743,-0.18046014,-0.038266458,-0.09464067,-0.30419675,0.11708493,-0.00067140633,-0.015558626,-0.22559828,0.042592045,-0.16885024,-0.10714461,0.089449346,-0.27790704,0.17054003,-0.14999652,-0.09525907,-0.25703782,-0.16100734,0.07958185,0.18921946,-0.029837947,-0.3407287,0.20819673,0.17804793,-0.09335194,-0.016645724,-0.26488075,-0.13303678,sport
0.08574591,0.08387848,0.0026322654,-0.12082706,0.009034803,0.3286288,0.1502731,0.315965,-0.057687636,-0.18846226,-0.22990185,0.0979673,0.34891167,0.19666888,0.014582448,-0.28908703,0.014541312,-0.41112816,-0.1264866,-0.08851258,0.10190899,0.10962275,-0.13286628,0.30671513,0.40686247,-0.022167025,-0.05976945,0.10955776,-0.078369185,0.11308216,0.013084169,0.015524515,0.051785454,0.2344804,0.2495971,-0.1117937,0.20612548,-0.42217693,-0.15760712,0.007087615,0.1540397,-0.105068624,0.28861853,-0.05768131,0.1438168,0.29559943,-0.036662403,0.29483268,0.23478773,-0.07337974,0.04908983,-0.45961294,0.20464279,-0.03528188,0.20008785,-0.06888807,-0.20294891,0.1764623,-0.021889016,0.08625067,0.090318896,0.09159462,-0.15053216,0.054966316,0.13599208,0.080670975,0.19882447,0.055892307,-0.17190982,-0.07304753,-0.12910847,0.06403079,-0.25225067,-0.15315907,0.18333614,-0.297073,0.1335547,-0.015658813,0.17533997,-0.1207903,0.18975602,-0.15800725,-0.22785804,-0.09919956,-0.12673451,-0.09849342,-0.4018703,-0.06581208,0.00573546,0.06951424,0.025673935,0.15328503,0.0064862184,0.040908966,0.17555445,-0.1411864,0.118161894,0.014936764,-0.17888801,-0.005831112,sport
0.11395935,0.044865977,0.1637914,0.10561961,0.0105898995,0.15875259,0.20598754,0.35596877,0.06338405,-0.17324404,-0.23773769,0.19849485,0.16908278,0.33348268,-0.016798154,-0.2427326,0.014759005,-0.34353933,-0.14542307,-0.048735537,0.16772746,0.120068766,0.00023366234,0.29987073,0.32629073,-0.06762883,-0.083636574,0.078882284,-0.11967322,0.08675968,-0.1259367,-0.15774815,-0.15552053,0.15895489,0.2265546,0.019592233,0.20222832,-0.41212535,-0.084111065,0.066690385,0.15328202,-0.13709597,0.2596275,-0.093894646,0.15909705,0.24880359,-0.04844609,0.22159545,0.38097098,-0.3020819,0.108765095,-0.511024,0.0039261924,-0.0063887937,0.18270393,0.11463604,-0.06046447,0.12169592,0.0017117667,0.065960556,0.061626475,0.101249896,-0.25881508,-0.10739357,0.1221981,0.25094262,0.2889622,-0.16040291,-0.17816977,-0.059845753,-0.17796817,0.19555908,-0.2130872,-0.16493322,0.13167837,-0.2811722,0.14451604,0.03400603,0.049326874,-0.20664509,0.06245979,-0.1350783,-0.106024995,-0.0023180735,-0.16315986,0.0073561817,-0.15902066,-0.25358114,-0.12670481,-0.13760732,-0.109955795,0.3002597,-0.056051224,-0.11602903,0.29733667,-0.14579813,-0.053800043,-0.06894051,-0.14771473,0.0074111535,sport
0.10429412,0.14989363,0.097450644,-0.012101976,-0.014271712,0.3374112,0.04925972,0.3889865,-0.17908438,-0.101255566,-0.4024972,0.12319225,0.28260604,0.21523754,0.0029421507,-0.26554257,-0.014304868,-0.39927724,-0.11113753,-0.066695295,0.10977347,0.13446184,-0.047878575,0.23437338,0.4972738,-0.010206686,-0.09881561,0.11712039,-0.050935004,0.11692986,-0.008170216,-0.01852915,-0.059356235,0.15981868,0.28694436,-0.10661557,0.19920696,-0.5626703,-0.13010758,0.0009167627,0.24912871,-0.0806681,0.383051,-0.18224968,0.13267086,0.2255585,-0.078260355,0.32978082,0.26312223,-0.12872857,-0.060208436,-0.5044141,0.08188378,-0.0041271974,0.32172465,0.021919817,-0.12866102,0.15694618,0.025007002,0.057641525,0.05631423,0.19653167,-0.12678742,0.040971827,0.232941,0.13067003,0.13179162,0.051629886,-0.23209013,-0.1325353,-0.17902112,0.16632988,-0.27096775,-0.106719956,0.08998506,-0.35458747,0.12775204,-0.0760907,0.22551848,-0.042687748,0.08697261,-0.21199563,-0.32084975,-0.011778224,-0.13567391,-0.048609737,-0.45361048,-0.05694302,0.0072469693,0.040615022,0.010688076,0.21099268,0.10814767,0.0004577293,0.09659096,-0.20086583,0.08150014,-0.01912024,-0.19040266,0.053923436,sport
0.11489033,0.058808643,0.1104057,0.07119143,0.060848992,0.17815493,0.098745435,0.20705333,0.13298032,-0.030725585,-0.27524957,0.14489411,0.18058719,0.2972099,0.018533917,-0.28668535,-0.03038284,-0.27875385,-0.07037909,0.008822529,0.18700817,0.17946795,0.03834085,0.36010522,0.38036487,-0.020748373,-0.1270048,0.1138621,-0.053431753,0.06941027,-0.10763726,-0.09111103,-0.30143788,0.10756444,0.3845362,-0.019774755,0.30293548,-0.51764876,-0.046846554,0.105843395,0.16324684,-0.07819463,0.31825686,-0.07205158,0.14206642,0.26604345,0.0031825332,0.2317746,0.3885547,-0.26086754,0.04882371,-0.5538297,0.04654253,-0.07963229,0.2214111,0.062903926,-0.019027399,0.19544896,-0.0626342,0.0640327,0.1104766,0.040658727,-0.34894657,-0.036825296,0.12533914,0.1866094,0.15536764,-0.018829426,-0.18774724,-0.12419968,-0.2501726,0.14316931,-0.17390588,-0.1296188,0.04084113,-0.3157169,0.25417387,0.028375974,0.07213042,-0.21805337,0.06982604,-0.20487149,-0.14313596,0.030397415,-0.2243273,0.11067366,-0.21020734,-0.15557893,-0.18938717,-0.088618666,0.045826115,0.1618662,0.03408129,-0.17031157,0.09010311,-0.04682812,-0.059830703,0.02344633,-0.20129868,-0.07482791,sport
0.039434552,0.042868223,-0.11103592,0.13615051,0.07393429,0.33238983,0.038630147,0.46877587,-0.0978275,-0.09669984,-0.28083432,0.056509994,0.25021425,0.15351108,-0.08992956,-0.33876747,0.023363793,-0.38578314,-0.08174463,-0.11380652,0.21296634,0.19361943,0.10916119,0.18227842,0.48427445,-0.08085839,-0.2462128,0.12903325,-0.14277709,-0.0019732176,-0.15654097,0.00048448174,-0.1430034,0.031723227,0.13587384,-0.11139593,0.19201438,-0.58719677,-0.20228513,0.17099427,0.30598575,-0.15993951,0.2784317,-0.23364912,0.21337847,0.101182915,-0.049247526,0.3579022,0.30930996,-0.2037029,0.065888934,-0.414309,0.16865292,0.06095129,0.15501983,0.05982124,-0.038388286,0.22922897,-0.09726398,0.05881574,-0.011972813,0.17731497,-0.2489113,0.044801254,0.4396131,0.25497338,0.23025823,0.089643136,-0.07241903,-0.06102859,-0.2254511,0.13663487,-0.1770993,-0.08605005,0.022321802,-0.27171916,0.1867771,0.0066030365,0.22818214,-0.13499011,0.12296788,-0.14139163,-0.1498574,0.03237027,-0.31358805,-0.008694391,-0.22408447,-0.1884099,0.054608345,-0.03755269,0.18377702,0.26246795,0.06993335,-0.195499,0.35368648,-0.12227861,0.1017613,0.06579553,-0.3244451,0.08143016,sport
0.052395426,0.050715595,0.013608444,-0.013001888,-0.0053589796,0.30546376,0.04792227,0.4145976,-0.1345647,-0.06637696,-0.31783536,0.091044076,0.24287,0.22154322,-0.09515461,-0.21876779,-0.07527758,-0.5408195,0.010036857,0.018930629,0.12353206,0.11419101,-0.03138562,0.098391615,0.59143484,-0.003005567,-0.014451694,0.035422154,-0.015466068,0.035497423,0.05227473,-0.18424073,-0.008763355,0.1632395,0.16198538,-0.035792492,0.18403932,-0.3745219,-0.26808327,-0.08926961,0.04051786,0.0050185896,0.3793797,-0.14424433,0.09834931,-0.06294287,-0.051451582,0.21071164,0.25078493,-0.09087117,0.012503273,-0.47552964,0.090900555,0.015882924,0.2308421,-0.038387302,-0.029332288,0.0757464,-0.11125186,0.027467046,0.040289406,0.117647655,-0.29046753,0.020922992,0.29705518,0.16391006,0.15715373,-0.062304933,-0.26668236,-0.08649897,-0.1863737,0.016336124,-0.25982043,-0.09109321,0.22355734,-0.15938605,0.15000594,-0.037989333,0.10792364,-0.09434065,0.17408903,-0.29654425,-0.13669655,0.073985115,-0.13385262,0.021993652,-0.35199705,-0.14668168,-0.06555526,0.0825593,0.04688367,0.28951725,0.3459382,-0.075697035,0.1343334,-0.23998617,0.10305963,-0.12493101,-0.15921475,-0.11662167,sport
0.009411443,0.009915355,-0.20800732,0.17701069,-0.038092505,0.36715138,0.13835886,0.33689368,-0.038226217,-0.14370552,-0.25593045,0.19406223,0.1952282,0.17058589,0.04652252,-0.12658039,-0.048794884,-0.36445522,-0.17235386,-0.053103536,0.11524162,-0.023839094,0.005088385,0.19509323,0.32152024,-0.18420997,-0.00062205753,0.027040709,-0.1471119,-0.13890618,0.006245356,0.049869556,0.025767362,0.21063621,0.14707059,0.06123534,0.112891115,-0.298633,-0.16452232,0.06485865,0.11118541,-0.04980986,0.46348685,-0.2061681,0.14507891,0.114221536,0.10595927,0.58003175,0.13643332,-0.19340321,0.13910389,-0.5815723,0.03698614,0.033149276,0.15365872,-0.03123181,-0.07438698,0.107173316,-0.09388547,0.03425398,0.10604858,0.086711295,-0.35254252,0.16040164,0.22067814,0.26006034,0.2086077,0.016988633,-0.32691193,-0.06928868,-0.042459324,-0.059347413,-0.3013385,-0.19429232,0.16555426,-0.042078935,0.03774378,-0.095814824,0.03569616,-0.36485943,0.32856077,-0.3974892,-0.19760886,0.020218955,-0.13266923,0.040455986,-0.38781533,-0.24819331,0.011595999,0.09855338,-0.13568725,0.3906998,0.15429643,0.013809018,0.21784185,-0.21342504,0.15898079,0.03905398,-0.19031644,-0.15253897,finance
-0.0752963,-0.06759354,-0.026119838,-0.043743193,-0.098895796,0.32706207,0.3118324,0.4138407,-0.15474205,0.20303188,-0.29890484,0.14701547,0.5304558,0.2714055,-0.042041246,-0.08571821,-0.1803018,-0.76717323,0.063083485,0.044317756,0.4534679,0.17068955,-0.24041604,0.30434087,0.5439954,-0.011032714,0.19350043,0.035167266,0.033856276,-0.09821525,-0.09343265,-0.277254,-0.17562282,0.44359583,-0.20195112,-0.22486848,0.15231094,-0.5933792,-0.28089258,-0.20419152,0.29577518,0.23508842,0.12801474,-0.19345838,0.06319402,0.014351915,-0.261442,0.08670727,0.44306642,-0.20091465,-0.0013533173,-0.5204157,-0.04958128,-0.056743577,0.28674138,0.31181723,-0.09874932,0.31808448,-0.3464884,0.10031068,0.09038666,-0.059117492,-0.3204469,0.23443434,0.32989362,0.647346,0.2366669,0.20486125,-0.27385625,-0.031508062,0.016054958,0.18493645,-0.29693353,0.08627892,0.3281677,-0.28457302,0.22117418,0.2183415,0.13404015,-0.1613308,-0.18386066,-0.4180545,-0.13447092,-0.087942064,-0.2839998,0.017350575,-0.15123685,-0.053189848,-0.2836701,0.1819565,-0.091158636,0.0529239,-0.14815648,-0.1897731,0.24751668,-0.15762453,-0.024128111,0.23680475,0.07546896,0.40575546,sport
0.08628063,0.14410245,0.13799372,0.15764685,0.063381225,0.19325824,0.085863754,0.15787603,0.12491962,-0.035453547,-0.3902577,0.1576679,0.2204982,0.1689506,0.07792177,-0.33699846,-0.063790835,-0.30378446,-0.1399717,-0.053083792,0.23204055,0.23662,0.013833269,0.26155084,0.44716263,0.0073424713,-0.10466709,0.06266936,0.012834383,0.018355947,-0.19080527,0.067282505,-0.28478217,0.11344863,0.28868285,-0.08582625,0.3682131,-0.42663878,-0.1351186,0.23881218,0.22075975,-0.16015026,0.32276687,-0.20187834,0.13082747,0.2318148,0.03438371,0.19244665,0.3068145,-0.2757247,-0.021436784,-0.59659684,0.054619208,-0.094061606,0.34969217,0.09509967,-0.060139783,0.06311667,0.015437365,0.04714276,0.0836271,0.054936357,-0.24129802,-0.07593927,0.12022932,0.2762344,0.19845542,-0.01941812,-0.16881019,-0.19053237,-0.27997234,0.0785194,-0.21959156,-0.10753819,-0.033110816,-0.3402788,0.1738137,0.10415323,0.043659512,-0.1469479,0.15909904,-0.2762926,-0.07462278,-0.10681324,-0.1777229,0.06373416,-0.31426078,-0.14950709,-0.16987446,-0.07480433,0.085312136,0.30325112,0.06946654,-0.09137425,0.20270373,-0.0033275245,-0.1177458,-0.08444715,-0.36164346,-0.15012892,sport
0.075939305,-0.16882212,-0.109758675,0.20651989,-0.05725849,0.2071995,0.18133444,0.3488104,-0.005852788,-0.22461274,-0.23938933,0.18018615,0.18169382,0.3048877,0.043097854,-0.20288393,-0.15220377,-0.49861023,-0.08513598,-0.02216892,0.12793864,0.015671272,0.029266635,0.20991713,0.37932193,-0.35562488,-0.07475367,-0.02163618,-0.16514282,0.04284471,-0.03483413,-0.071152106,-0.117773525,0.066061206,0.2522587,0.09973783,0.24263562,-0.4159109,-0.038048714,-0.14738718,0.0951521,-0.056097854,0.5964676,-0.10366444,0.10028519,0.017294057,0.016761761,0.45781094,0.22009714,-0.15303135,0.089504726,-0.4317135,-0.121656194,0.08031166,0.22365677,0.06599757,0.068835326,0.16446432,-0.11488181,0.24093477,0.10411418,0.09743505,-0.35523573,-0.085175164,0.18399358,0.10199833,0.21418002,-0.12507798,-0.22437985,0.0023768025,-0.17232889,0.1144779,-0.23190233,-0.2513978,0.24467662,-0.028011076,0.09126104,-0.13561606,-0.016434385,-0.29555094,0.20055184,-0.29677835,-0.16229054,0.08507036,-0.15393977,0.114580914,-0.21014887,-0.3244843,-0.088236794,-0.08817812,-0.3238594,0.22992767,0.169937,-0.15502997,0.21485199,-0.23520382,0.100297935,0.09041869,-0.112543926,-0.29018798,finance
0.0099681495,-0.09088716,-0.09725934,0.20254147,0.05240174,0.26712275,0.21416713,0.33140358,-0.032353014,-0.21035938,-0.23472686,0.13478707,0.24946615,0.30732432,0.036225826,-0.20658629,-0.13193654,-0.49883246,-0.08114018,-0.08635512,0.17650053,-0.05682219,0.048583504,0.26862752,0.44647262,-0.25519925,-0.071507566,-0.041866966,-0.15437818,-0.041941818,-0.063627616,0.010595392,-0.07725942,0.092346124,0.19765277,0.065995485,0.28166866,-0.33515838,-0.10424078,-0.12633,0.08601459,-0.098334044,0.58181274,-0.13805516,0.06915542,0.029519629,0.106813416,0.5307559,0.15980199,-0.09267973,0.04156997,-0.41786733,0.002692311,0.06037791,0.19343485,-0.03146527,0.02912374,0.16298711,-0.14868951,0.19656084,0.1422444,0.06600134,-0.37365955,0.019491125,0.12944455,0.07075375,0.23878002,-0.018226983,-0.3325553,-0.083889745,-0.16430257,-0.020984007,-0.25245306,-0.1826435,0.27131715,0.00040999483,0.10402778,-0.061819986,-0.013839083,-0.26645255,0.16582862,-0.291278,-0.18526249,0.058185607,-0.14409639,0.07441394,-0.25237462,-0.36325294,0.01571541,-0.027904067,-0.23167735,0.17689388,0.15173048,-0.0901925,0.15745287,-0.1833728,0.101777926,0.082330205,-0.19881667,-0.23838471,finance
0.15346159,0.03696665,0.027430031,0.0986366,-0.0028772615,0.26076758,0.13416275,0.40827107,-0.06238841,-0.18073384,-0.21525407,0.13961683,0.1798591,0.28188267,-0.12643388,-0.21160236,-0.023193255,-0.33716646,-0.17731634,-0.17475416,0.08383834,-0.104489036,0.042624097,0.21795279,0.32493624,-0.18307328,-0.11677413,0.053212125,-0.087102614,-0.067256376,-0.09083851,0.013137403,-0.03822622,0.10603967,0.19032276,-0.047867406,0.17943528,-0.41800782,-0.16645157,0.0508602,0.18011692,-0.07775848,0.3805982,-0.18873252,0.101545654,0.08471068,0.12888443,0.53343815,0.18899465,-0.28639877,0.05045961,-0.43708137,0.06660252,0.066968024,0.23539978,-0.012357653,-0.09173349,0.21619473,-0.15219943,0.09459337,-0.045253273,0.050601576,-0.22134987,0.04220339,0.14574729,0.036456373,0.21467172,-0.09295691,-0.29096392,-0.06223953,-0.10929276,0.1566256,-0.17295913,-0.17747813,0.19350183,-0.15831181,0.07982134,-0.037902065,0.11915932,-0.23669408,0.122672066,-0.26986378,-0.15764126,0.09635329,-0.24232641,-0.018555667,-0.3040938,-0.18956234,0.026194233,0.11166466,0.006160867,0.34939972,0.1340128,-0.13983971,0.2507553,-0.20169705,0.07130377,-0.026981039,-0.16090576,-0.08603169,finance
0.059644863,-0.01930375,0.14821182,-0.10039182,0.031590063,0.308178,0.016525026,0.3751851,-0.2965315,-0.15225297,-0.28115305,0.036966935,0.35952047,0.20322128,-0.22337508,-0.22138827,-0.00069731387,-0.6005863,-0.053756237,-0.04131959,0.13481964,-0.0016386475,-0.09521653,0.2314813,0.5698315,0.13818921,-0.13221623,0.018675033,-0.046256054,0.01894152,0.0075606606,-0.08631335,0.035044923,0.30841935,0.10996314,-0.16442655,0.13792591,-0.44662008,-0.35944715,0.06171033,0.11569878,-0.088506706,0.25801337,-0.21958025,0.16890672,0.012801934,-0.2134188,0.24748605,0.34273833,-0.2505358,0.009842582,-0.45696473,0.17139989,-0.046118915,0.28389317,0.021443544,-0.101320505,0.27072182,-0.11047024,-0.023027102,0.05834242,0.2356029,-0.3559993,0.00045143947,0.25014853,0.04748234,0.0992177,0.08378821,-0.33406967,0.051435523,-0.2697787,0.05461346,-0.27198687,-0.1792259,0.27965713,-0.34035045,0.31707925,0.08155358,0.3408525,-0.12635054,0.13543817,-0.35892546,-0.15757068,0.15968779,-0.2190536,0.0085061025,-0.33708453,-0.07959993,0.005196457,0.1413141,-0.01835834,0.27588636,0.3068615,-0.23178013,0.25660628,-0.21775123,0.17709303,-0.07999187,-0.3516425,-0.12575552,sport
0.11040835,0.036504645,0.08814288,0.20989737,0.12712716,0.22371705,0.29548144,0.35798174,0.04210778,0.00020130698,-0.32711574,0.04823243,0.19566499,0.2417925,-0.10358646,-0.23760273,-0.007660903,-0.38933852,-0.091911815,-0.07220577,0.17595568,0.16344665,-0.0020879314,0.23891714,0.43332043,-0.012475514,-0.13369013,0.10454157,-0.067132115,0.04914395,-0.0455773,-0.074826285,-0.17933197,0.08591214,0.18810287,-0.06697946,0.20571594,-0.5158219,-0.21432558,0.010662127,0.17299812,-0.07022855,0.24213782,-0.21663694,0.19367257,0.052168287,-0.048433907,0.2261404,0.23915431,-0.20644382,0.043196026,-0.48268375,0.08047599,-0.009328363,0.22078925,0.17336437,-0.14711897,0.14889508,0.06177919,0.05924367,0.071374245,0.14982861,-0.22552012,-0.06869057,0.20407669,0.24723786,0.20973091,0.06729162,-0.21308479,-0.06203689,-0.23732546,0.18450753,-0.23430003,-0.07249717,0.0069932668,-0.2009908,0.2101796,0.023696356,0.11652284,-0.16974483,0.06740382,-0.22420391,-0.11202846,-0.0026421358,-0.19892675,0.057929605,-0.22226068,-0.20044295,-0.116511434,-0.053732168,0.089356445,0.18562376,0.040031202,-0.2383336,0.27483943,-0.022561317,-0.0548359,-0.013367121,-0.24808988,0.052356213,sport
0.024655977,-0.092530735,-0.015570168,-0.1958786,-0.024701016,0.4368326,0.26929963,0.38512704,-0.1947949,-0.061411623,-0.22988428,0.14838387,0.33037275,0.17186187,-0.14159645,-0.18355086,0.013802522,-0.5144528,-0.045775816,0.00018847492,-0.047859836,-0.069009684,-0.07071685,0.13546379,0.5204304,-0.049495265,0.025072899,0.12647116,-0.013960159,0.019595664,-0.06656034,-0.21783209,0.016093802,0.27076292,0.14065757,-0.15620342,0.067215525,-0.71053016,-0.22098374,-0.1273978,0.0840801,0.028015438,0.26083702,-0.12008809,0.15265465,0.03851745,-0.13378347,0.29337037,0.34503973,-0.24546504,-0.024527125,-0.6246494,0.1427676,-0.045981843,0.1631732,0.11015648,-0.1486251,0.1643418,0.014521505,0.07872633,0.054159325,0.2538092,-0.25441778,0.16909099,0.30372515,0.18268353,0.15268265,0.08976494,-0.27382728,-0.025934424,-0.16266252,0.23032305,-0.3252084,-0.07788662,0.21350372,-0.1993914,0.18354045,-0.0682874,0.18702732,0.060423236,0.059426345,-0.166278,-0.22265893,-0.069788694,-0.30474344,0.08345675,-0.3024392,0.04946404,-0.024503943,0.084930666,0.1166467,0.06803749,0.10854504,-0.16728427,0.25347558,-0.20107108,0.10104138,0.048430193,0.0050835125,0.32134086,sport
0.06501821,0.053179592,-0.1121818,0.076736726,-0.0126225175,0.27312848,0.08759298,0.2844158,-0.100749716,-0.11988015,-0.1312752,0.27802593,0.26266,0.21292989,0.012762604,-0.12651616,-0.079271816,-0.37255824,-0.29891926,-0.17232196,0.1365896,-0.076125756,-0.13841006,0.2840104,0.24902235,-0.22364864,0.005897294,0.16866133,-0.29782933,-0.06327543,-0.06659455,0.072095595,-0.14131291,0.13249405,0.13544571,-0.013077079,0.19333003,-0.36261928,-0.049537547,0.067978255,0.09097377,-0.060534697,0.4572725,-0.16751043,0.24945828,0.11734908,0.029516159,0.53492403,0.20568937,-0.36135584,0.15719639,-0.54514164,0.118008405,-0.11101,0.16620892,-0.031072192,-0.18813784,0.15247847,-0.06186807,0.058585223,0.15118752,0.08304958,-0.3627591,0.07965653,0.3000685,0.071933135,0.19891788,0.060566667,-0.1646862,-0.07418569,-0.09418468,0.13520709,-0.15423422,-0.18512921,0.16163185,0.013388862,0.084741384,-0.124195,0.18583122,-0.37034217,0.24270254,-0.40057307,-0.19358733,0.09556257,-0.17781425,0.028299438,-0.298184,-0.16961601,0.041979432,0.15915872,-0.08883426,0.29128563,0.17872074,0.10737105,0.08548586,-0.22140458,0.110204875,0.099967614,-0.23561577,-0.07046006,finance
0.11968301,-0.07880401,-0.07980411,0.26642457,-0.09118293,0.20482229,0.11433244,0.13466598,0.08909154,-0.115498774,-0.32803875,0.06500974,-0.016298195,0.43858963,-0.034593076,-0.12616782,-0.18930326,-0.54681593,-0.116618514,0.121660516,0.10445381,0.010286755,0.08339044,0.14615229,0.25274324,-0.30877534,-0.12442393,0.03386547,-0.053560864,0.07146511,-0.12590955,-0.074882895,-0.2658788,0.07058263,0.4155419,0.026810162,0.3541379,-0.48425928,-0.18534975,-0.054885283,0.23539706,0.17266381,0.25278938,-0.025120132,0.052065838,0.01364582,0.13585736,0.5693901,0.14417562,-0.128365,0.011105634,-0.5202282,-0.05052382,-0.025730945,0.33910313,-0.13099071,0.1553145,0.26485914,-0.34534463,0.046492998,0.000819163,0.0065688337,-0.15487878,-0.09427225,0.07657452,0.13628647,0.14476986,-0.18945709,-0.26266456,-0.08954732,-0.12865588,0.16138116,-0.13635771,-0.1630635,0.049016964,-0.28125495,0.19109091,0.158972,0.049189888,-0.4100044,0.087468766,-0.12770429,0.036134433,0.02555795,-0.20941837,0.24566822,-0.20651834,-0.20797375,-0.15952961,0.15887113,-0.28358677,0.17073846,0.20901307,-0.2769531,0.1739744,-0.13379398,0.042481557,0.09725961,0.01798821,-0.19401088,finance
0.09037328,-0.010152837,-0.13188896,0.09079547,0.034032423,0.3271379,0.07311561,0.48587084,-0.106573306,-0.13229564,-0.37916338,0.038341925,0.27540445,0.18260664,-0.037437186,-0.30387613,-0.05802464,-0.44099244,-0.10119884,-0.02018937,0.26949474,0.24226205,0.048024826,0.1293206,0.47995862,-0.0974898,-0.16343485,0.12838045,-0.13618112,0.029416569,-0.06562659,-0.049218457,-0.09455617,0.07719511,0.18468724,-0.087428026,0.17022446,-0.6440206,-0.14399083,0.08552883,0.31465444,-0.058233716,0.28670138,-0.264415,0.25643945,0.05935035,-0.12915549,0.23261099,0.31753325,-0.14158224,0.08850349,-0.40892896,0.10017166,0.05394822,0.14098153,0.11600189,-0.028182369,0.2066194,-0.11881739,0.15841489,-0.031414006,0.17728463,-0.2310317,-0.03505016,0.43490577,0.37438393,0.26207405,0.08499139,-0.05012078,0.04498178,-0.22332239,0.18174502,-0.1999372,-0.053062584,0.047630977,-0.33700535,0.17169656,0.029054686,0.19194683,-0.124027096,0.13565159,-0.20448679,-0.13527775,-0.0065446314,-0.32547358,-0.03062513,-0.22921789,-0.1385394,0.06349102,-0.02404218,0.117005266,0.21165791,-0.031310447,-0.25849584,0.31655017,-0.09525627,0.11336728,0.04130548,-0.2636133,0.17657152,sport
0.07538724,0.03903794,-0.018957961,0.29197678,-0.060138702,0.2101431,0.13096008,0.47829726,0.14094108,-0.28927267,-0.31429943,0.15747002,0.20609623,0.39879152,-0.009159328,-0.081500396,-0.15635228,-0.548338,-0.17529786,0.0060250973,-0.0748098,-0.14689396,0.003289041,0.09688658,0.35051534,-0.40028286,-0.040835213,0.25837573,-0.19480567,-0.1161756,-0.11126649,-0.019303964,-0.29652968,0.28551224,0.45474136,0.06698981,0.124055654,-0.6709912,-0.033022463,-0.1992364,-0.15035476,0.017105047,0.7372691,-0.29695135,-0.077021636,0.3314536,0.21379974,0.45807183,0.19368057,-0.4230162,-0.04584791,-0.7028134,0.013227272,-0.0065875384,0.4186263,0.051787544,0.007818438,0.117456384,-0.021072008,0.19565819,0.03470157,-0.031669833,-0.26916596,-0.14305015,0.07447372,-0.0375859,0.16675831,-0.15011184,-0.38603565,-0.09957129,-0.32495624,0.37263772,-0.08065192,-0.40427878,0.2208588,0.082168326,0.1388766,-0.24820727,-0.04691112,-0.4029401,0.20600574,-0.4166855,-0.15055834,0.21475598,-0.26758444,0.18124527,-0.30693635,-0.15106244,0.21788305,-0.04563074,-0.24851544,0.27634266,0.18341237,-0.3564566,0.06369843,-0.23877434,0.12694374,-0.04439306,0.08090923,-0.16531399,finance
0.12689374,0.03757142,-0.041688267,-0.13151939,0.18161295,0.3379416,0.35541815,0.38487574,0.035914116,0.16867529,-0.25489503,0.1088543,0.39591634,0.33156407,-0.15047374,-0.21956137,-0.12582794,-0.74045575,0.08409372,0.10082832,0.28864834,0.037636783,-0.11221444,0.06644166,0.61905015,0.044393096,0.1899292,0.025412805,-0.017863257,0.0059892302,-0.18796696,-0.29768363,-0.1486313,0.3056327,0.02581894,-0.009875725,0.17536835,-0.50903946,-0.26721692,-0.09517592,0.09718016,-0.057035256,0.20934588,-0.14375447,0.07323823,0.0048665246,-0.27300057,0.0542399,0.5538954,-0.16854179,0.16782466,-0.43643427,0.17876105,0.011678019,0.21036531,0.06880527,-0.15418029,0.27937213,-0.111233026,0.13014932,0.14233118,0.063337065,-0.36676416,0.21309169,0.21103805,0.4767171,0.33348218,0.071982756,-0.24227123,-0.15317309,-0.14269382,0.21108161,-0.3099804,0.046371266,0.28103593,-0.19067112,0.26246077,0.14192864,0.0810105,0.0072870576,0.009970844,-0.2665976,-0.1945426,0.0440116,-0.21411766,0.010084965,-0.1753901,-0.05353594,-0.23459612,0.06419937,-0.03723218,0.107840255,0.07183588,-0.25524676,0.3618585,-0.07639595,0.003071835,0.116307564,-0.11907228,0.4738587,sport
0.058967944,0.07201312,0.17618996,0.19794172,0.10315755,0.27873737,0.15343279,0.3614668,-0.08704801,-0.015670545,-0.298255,-0.082996026,0.38468847,0.23643358,-0.17849939,-0.28888667,-0.08043997,-0.52139354,0.03468199,-0.08586151,0.09269161,0.09927617,0.031330317,0.252309,0.4843913,0.06487479,-0.17626695,0.08578495,-0.009483145,0.069323815,-0.1593621,-0.024608051,-0.23655161,0.25969163,0.18830629,-0.1373298,0.24120496,-0.428633,-0.32521343,0.031872418,0.06295974,-0.060909025,0.26682895,-0.23004185,0.09443852,0.1310074,-0.06447057,0.25322214,0.25019944,-0.24123244,0.0073819817,-0.4533519,0.13070793,-0.03921987,0.23308048,-0.012397191,-0.042155676,0.15246059,-0.18656899,-0.014801159,0.009073388,0.09188216,-0.24628352,0.027759109,0.21871859,0.12993363,0.18987872,-0.011102443,-0.33040175,-0.18460974,-0.22760724,0.0076981033,-0.24731252,-0.07527092,0.10623122,-0.31059578,0.2321303,0.16272531,0.21349218,-0.124172926,0.029226895,-0.24011369,-0.08449902,0.05547952,-0.241019,0.15729165,-0.18063705,-0.23675357,-0.0598,-0.10498247,-0.06502534,0.29620472,0.19521137,-0.32365257,0.25132668,-0.116562754,0.07611651,-0.038062695,-0.29308283,-0.04351615,sport
-0.012451512,0.11525689,-0.094120555,0.091272555,0.009988011,0.35000587,0.074509196,0.44554168,-0.08532036,-0.27972174,-0.35488823,0.074434966,0.27700028,0.16944863,0.04983718,-0.38153976,0.06606784,-0.3126225,-0.15181044,-0.12552357,0.22209878,0.11834215,-0.022207074,0.19796225,0.38135463,-0.08697261,-0.2553993,0.20960872,-0.15940769,-0.029687315,-0.10927592,0.12265176,-0.033215698,0.045372814,0.16434588,-0.038617868,0.15480144,-0.5638527,-0.105126575,0.18646656,0.2509535,-0.02290279,0.38621718,-0.30748236,0.26599395,0.18282157,-0.022174666,0.3103903,0.27216366,-0.23558682,0.0007976468,-0.44633073,0.13235609,0.008590657,0.16042794,0.15023881,-0.10850047,0.153785,-0.015554509,0.14406843,-0.05667553,0.16074176,-0.23511936,0.06415512,0.45044258,0.12381338,0.21087293,0.12984222,-0.10313743,-0.07301733,-0.17962487,0.21019556,-0.1789069,-0.13748753,0.06492963,-0.25491393,0.09769442,-0.06267917,0.2107719,-0.19370927,0.18053629,-0.2517047,-0.16068366,-0.00070458674,-0.2965362,-0.15941882,-0.21679786,-0.20590249,0.06503479,-0.023297912,0.084857814,0.37054065,-0.012066891,-0.18757497,0.3128123,-0.12669359,0.052460253,0.0868986,-0.25488487,0.015013968,sport
-0.0031630297,0.08758372,0.030770699,0.16919269,0.09165621,0.2953175,0.23353119,0.29334018,0.12554711,-0.06862076,-0.3170369,0.0039775334,0.14666097,0.16375941,0.021034563,-0.38670224,0.026328558,-0.21000525,-0.13717848,-0.1064073,0.18475337,0.24757819,0.031666584,0.29997733,0.29535758,-0.117004804,-0.2895364,0.16075775,-0.0258644,0.020029822,-0.16964075,0.049090117,-0.18649732,0.08496083,0.2364973,-0.117309086,0.24693157,-0.5544578,-0.12238451,0.17561297,0.27247837,-0.00037101726,0.18885155,-0.2578262,0.36882865,0.078720436,-0.039515425,0.14147049,0.34749746,-0.3684886,0.02327917,-0.5519791,0.050091326,0.05731687,0.23838928,0.13285056,0.04611151,0.16949789,-0.082038336,0.04747806,-0.064374864,0.06917213,-0.26278135,-0.043104745,0.39965963,0.33681688,0.26322505,0.03862589,-0.26638287,-0.17473671,-0.2777304,0.2175473,-0.12216286,0.009517713,-0.15264095,-0.40191808,0.21525508,0.14083393,-0.029785208,-0.16110796,0.05671611,-0.19283661,-0.043373484,-0.055736594,-0.28913203,0.038889125,-0.14129841,-0.22043614,-0.22705224,-0.17025809,0.068352856,0.36422366,-0.02055074,-0.31499705,0.32897523,0.011715765,-0.19529444,0.11965555,-0.28184652,-0.06530423,sport
0.012248335,0.010172772,0.17764214,-0.0807028,-0.014982163,0.32425514,0.11728647,0.3600721,-0.25879517,-0.15507317,-0.36279845,0.06146933,0.3475395,0.26361704,-0.18906277,-0.110202186,0.015647838,-0.6398223,-0.018436534,0.07140225,0.14730571,0.0008191068,-0.05654206,0.23355465,0.5852789,0.14326915,-0.13597606,0.025648242,-0.068084605,0.028100695,-0.035961814,-0.22635332,-0.055440504,0.29712033,0.12409048,-0.118521295,0.19598977,-0.41513005,-0.32925352,0.016152253,0.12877254,0.05207377,0.25331917,-0.27485174,0.16361193,-0.008502002,-0.23702513,0.14195026,0.35493425,-0.2855039,-0.019380802,-0.5277572,0.15319994,-0.06672434,0.26535237,-0.030009758,0.009379281,0.2088404,-0.10495683,0.023346687,0.037242312,0.190018,-0.3136061,0.008225927,0.23615465,0.10445136,0.16934676,-0.033139933,-0.29042205,-0.041562136,-0.2519168,0.05069013,-0.2620397,-0.1830727,0.24633402,-0.32449514,0.26364824,0.083121166,0.28919408,-0.035603687,0.15338352,-0.28475904,-0.11341189,0.13532759,-0.22612105,0.008273475,-0.32647747,-0.10404703,-0.050787866,0.06645905,-0.06509024,0.1794214,0.1951001,-0.24075828,0.24805844,-0.21917725,0.17083214,-0.09715799,-0.22859623,-0.08035266,sport
0.12928203,-0.045024708,-0.093435,0.08706435,0.022206131,0.18033855,0.1537362,0.24808855,-0.040936377,-0.11757953,-0.27613398,0.17437617,0.21009342,0.2954385,-0.061507016,-0.10337631,-0.010990902,-0.3193787,-0.122109555,-0.011641934,0.07772362,0.08078859,-0.026948137,0.23072259,0.4759555,-0.18647702,-0.2228007,0.08156505,-0.19936204,0.051705424,-0.01931432,0.0071929684,-0.109028526,0.11933405,0.23699456,-0.0058649573,0.27657217,-0.37527427,-0.054571558,-0.016272526,0.13978998,-0.0029020964,0.4125033,-0.077670984,0.23476286,0.10997414,0.18795648,0.51206875,0.20415595,-0.11995778,0.045322593,-0.5975338,0.0027611756,0.027927896,0.11841338,-0.07341885,-0.057138804,0.1318896,-0.085041195,0.20344722,0.10111446,0.046380136,-0.29580048,-0.041495766,0.14599484,0.013128618,0.28824517,-0.02569829,-0.1995685,-0.015892096,-0.16765295,0.12448243,-0.22075976,-0.059275907,0.15170473,-0.028939703,0.08252405,-0.10072627,0.038590506,-0.27624795,0.24765287,-0.4281874,-0.19203408,0.16481161,-0.20908637,-0.056191146,-0.26592514,-0.27758393,0.025640737,0.022857111,-0.04134903,0.18956026,0.10418809,-0.103806145,0.20355797,-0.15429996,0.061493088,0.09231602,-0.19170016,-0.16959214,finance
-0.073595695,0.027296059,0.14072347,-0.14006077,-0.14895788,0.4670111,0.14938073,0.32511663,-0.2386153,-0.19506465,-0.3022851,-0.045184985,0.32828057,0.47735068,-0.11855845,-0.057643265,0.023168834,-0.69148356,0.14906007,0.09819535,0.19982879,-0.013756995,-0.1743354,0.2183443,0.5415786,0.16427742,-0.05563933,-0.06109588,0.07171919,0.16763625,0.02513724,-0.38427088,0.039897174,0.45978394,0.27769202,-0.15645602,0.20298724,-0.39530978,-0.38209686,-0.17791666,0.16890068,0.18337558,0.15987006,-0.3150518,0.25781405,-0.023182243,-0.1951036,-0.038825173,0.41719636,-0.3598116,-0.13874798,-0.70267725,0.11214591,-0.2212003,0.23976442,0.06234112,0.077769294,0.4883106,-0.108963855,0.10439997,-0.013403228,-0.047796354,-0.35389468,-0.025141392,0.1482355,0.09245149,-0.02184286,0.031371076,-0.31812966,0.043630905,-0.33533964,-0.062444504,-0.28400394,-0.1707393,0.19538952,-0.41179904,0.31486475,0.2030635,0.31284222,0.024321599,0.219113,-0.16815004,-0.003304579,0.044068895,-0.27369365,0.1266608,-0.35843542,0.061907034,-0.16476896,0.16635843,-0.12997,0.1832571,0.16423938,-0.41473198,0.25442058,-0.24646927,0.21825981,0.010588146,-0.16977414,-0.17523776,sport
-0.022902425,-0.015679998,0.09639318,-0.19100519,0.016191987,0.3184931,0.33022553,0.23939332,-0.05522496,-0.07389049,-0.13746588,0.12789024,0.3978273,0.22605745,-0.13566598,-0.124054484,-0.05785145,-0.59898007,0.07356499,0.008535233,0.17240891,-0.031979747,-0.06152426,0.24066916,0.44188967,-0.042266566,0.02075087,0.012800629,-0.11808823,0.1714412,-0.14919342,-0.2515304,-0.1327756,0.27477846,0.23205854,-0.3440975,0.18987505,-0.47010326,-0.32818213,-0.0018650696,0.12402522,-0.13397428,0.25109264,-0.09670956,0.07959761,0.21045025,-0.23970187,0.18651702,0.39812514,-0.1409996,0.049107175,-0.55034846,0.18268993,-0.11016924,0.20376734,0.0028718433,-0.12556092,0.25255504,-0.0109180985,0.071251586,0.00617428,0.053344503,-0.19004747,0.123848714,0.1661065,0.15347078,0.13154793,-0.07701729,-0.18803462,-0.11575974,-0.22086667,0.20018533,-0.26792014,-0.14219454,0.15327251,-0.29984006,0.24451166,0.09527157,0.3031547,-0.11286703,0.07063845,-0.23939435,-0.20823528,-0.03128335,-0.25246707,0.10020702,-0.23127182,0.0021077972,-0.20999172,0.14050873,0.03913101,0.18987025,-0.06403568,-0.29852524,0.29221794,-0.24184339,0.14268515,0.04752545,-0.06765413,0.115096785,sport
0.080460116,0.09669107,-0.15728705,0.17184523,0.031664893,0.18973964,0.19043879,0.2651991,0.024644217,-0.15067174,-0.11596726,0.09785197,0.1785345,0.21368437,0.026912153,-0.1933309,-0.06687512,-0.3815582,-0.27058083,-0.091504335,0.09602712,-0.029015584,0.02110888,0.1952269,0.35268968,-0.31053796,0.01739529,0.017250448,-0.09050178,-0.09354688,-0.09340964,0.14109223,-0.10064061,0.0038518282,0.1747491,0.003053713,0.3799787,-0.29595557,-0.24816246,-0.008674554,0.065254,-0.13012904,0.41973522,-0.17683734,0.18818812,0.07889791,0.06919508,0.6122794,0.15624917,-0.09247625,0.12556459,-0.520868,0.1396777,0.08118603,0.14648668,-0.16080904,-0.054644138,0.03364486,-0.17817302,0.11150259,0.028602313,-0.019669687,-0.29017007,0.084782764,0.09083254,0.27295816,0.26602557,-0.09886883,-0.33095744,-0.0035798464,-0.07756064,-0.09359127,-0.23277448,-0.07490551,-0.00942001,-0.14154422,-0.039592553,0.0039271438,0.115915276,-0.23329107,0.2953542,-0.4880928,-0.23265101,0.07119712,-0.11266953,0.013560197,-0.36064282,-0.23387183,-0.056078825,0.11685413,-0.15693617,0.44136474,0.19641228,-0.05696422,0.25767133,-0.029600084,0.111980736,-0.014733325,-0.21801719,-0.28201064,finance
-0.022291366,0.03056196,0.00399648,0.19106834,0.026515102,0.27142745,0.15380295,0.4048205,-0.06284696,-0.16557762,-0.34612995,-0.02479517,0.20687667,0.27156028,0.0008473313,-0.3289067,-0.026512507,-0.31245425,-0.07792614,-0.0070204185,0.31079736,0.31368932,0.023144158,0.28715822,0.44755724,0.06946023,-0.25654483,0.17263713,-0.07480904,0.052274298,-0.15959829,-0.03493171,-0.2659336,0.029817877,0.14707214,-0.08246282,0.2593884,-0.48408294,-0.23414332,0.15109093,0.29512793,-0.0669297,0.22605097,-0.26888862,0.23258196,0.0721622,0.054603208,0.15328175,0.3612872,-0.1949012,-0.013526045,-0.46487176,0.024578791,-0.018494003,0.13341972,0.1243672,-0.09684723,0.17288591,-0.15285072,0.15904391,-0.06754793,0.106169604,-0.19454844,-0.101494074,0.342631,0.28623262,0.26452097,-0.062346574,-0.14582603,-0.09146255,-0.14928843,0.15545209,-0.19926769,-0.10774275,-0.0037850526,-0.27280134,0.20623718,0.1347563,0.14932717,-0.20037471,0.07826621,-0.19630745,-0.008575379,-0.088198066,-0.29047447,0.045602154,-0.13335192,-0.3171121,-0.12593077,-0.10006074,0.02777101,0.32241428,-0.039052337,-0.28009835,0.3032566,-0.09262804,-0.056827232,0.05148547,-0.2840896,0.10227387,sport
0.14635912,0.053589847,-0.10894867,0.028303651,-0.009726152,0.17809333,0.24822195,0.29186654,-0.004472751,-0.16799545,-0.26797202,0.05239288,0.291646,0.3299737,-0.02606754,-0.11798506,-0.0002058319,-0.36914515,-0.03023083,-0.038209725,0.113964595,0.1726016,-0.026745621,0.17283006,0.37301463,-0.2675853,-0.041664578,0.06657531,-0.22030419,0.063873105,-0.036567707,-0.023065768,0.007241634,0.17716761,0.2719117,-0.051253367,0.2500162,-0.32259557,-0.09749597,-0.091054715,0.08617314,0.028978068,0.4551845,-0.08533982,0.16095231,0.12771721,0.08781704,0.41650698,0.134268,-0.025280511,0.12882116,-0.6031525,0.043839622,-0.05949389,0.1855032,-0.09464734,-0.009501505,0.12368085,-0.039130274,0.13317458,0.067818716,0.05679968,-0.2424772,0.0065005063,0.16343713,0.14290708,0.21443132,-0.041680466,-0.24080434,0.0077356133,-0.10747651,0.10718082,-0.20496969,-0.051861227,0.17859383,-0.17568451,0.10859638,-0.04624594,0.13272595,-0.2533875,0.26543856,-0.46929967,-0.2515344,0.12571514,-0.18919004,-0.14215732,-0.2873187,-0.20727241,0.05793771,0.06641941,-0.014964336,0.21712755,0.033699457,-0.11394183,0.22540233,-0.12267342,0.1936181,0.045392208,-0.11106515,-0.1307194,finance
0.064668715,0.08680415,-0.01219695,0.28078347,0.022996498,0.20578203,0.2147602,0.3230479,0.17105351,0.012546479,-0.2644272,0.070728205,0.09169484,0.14260224,0.03918428,-0.35515004,-0.025596458,-0.23377863,-0.11459537,-0.09188452,0.18583803,0.23815283,0.03648365,0.3050841,0.3920169,-0.010525437,-0.19254504,0.17918372,0.0073698387,0.028302561,-0.11021464,0.057871416,-0.27491415,0.046127643,0.25313342,-0.03448752,0.24957527,-0.43050957,-0.17325777,0.23427185,0.1954578,-0.09254301,0.19347347,-0.17059761,0.32419246,0.20149337,0.05906987,0.22393014,0.2918358,-0.3828058,0.062492486,-0.617006,0.06788083,0.0388496,0.17014037,0.15388054,-0.053747788,0.07090608,0.024173198,0.03408482,-0.058546267,0.050677013,-0.28688785,-0.023897218,0.20039487,0.30133197,0.22628988,-0.03867845,-0.15812743,-0.115023464,-0.2895023,0.14416848,-0.17619641,-0.058460657,-0.14248912,-0.2600563,0.1311765,0.0601124,0.028214883,-0.15915364,0.14167035,-0.20785485,-0.09297576,-0.060978297,-0.19686185,0.11988463,-0.20105915,-0.18187541,-0.2095082,-0.14438923,0.021395473,0.35048792,0.042104475,-0.2217276,0.3924465,0.039035756,-0.0955757,-0.044876162,-0.26055682,-0.082344435,sport
0.12034924,0.037347533,-0.044467025,-0.11545507,0.14961831,0.39381787,0.3161361,0.3840329,0.06796865,0.096668504,-0.28368545,0.074792325,0.3260802,0.23177725,-0.1237202,-0.23729585,-0.20812249,-0.7041127,0.044660147,0.14109118,0.2285715,0.030740848,-0.14045627,0.038882494,0.5959427,-0.07277512,0.19812441,0.010511053,-0.066347726,-0.0022431125,-0.22684586,-0.26721,-0.10985664,0.33321768,0.05411808,-0.019146731,0.2234918,-0.52837926,-0.24018441,-0.0060041603,0.11849845,-0.073938526,0.24090226,-0.14083104,0.11018062,0.0398072,-0.2372507,0.06834579,0.5532359,-0.20509014,0.1640997,-0.48767656,0.14032768,0.021612238,0.2046439,0.12629291,-0.16612926,0.18355447,-0.07268501,0.1822579,0.13194488,0.08572217,-0.35493067,0.17120987,0.1907984,0.46452114,0.33781743,0.035572827,-0.250946,-0.1514165,-0.15941474,0.22344919,-0.33407784,0.072165556,0.22529778,-0.21993822,0.25815853,0.1921325,0.087393284,0.008714776,0.03218704,-0.27182284,-0.13927487,0.062872194,-0.23753431,-0.04882865,-0.15950756,-0.026292378,-0.1290889,0.020929974,-0.018462146,0.15147997,0.009735713,-0.24845164,0.31400517,-0.0019904333,0.024388926,0.100311354,-0.1329251,0.4491062,sport
0.11765544,0.04326001,-0.13632143,0.008145836,-0.08073599,0.33211175,0.13700141,0.25887883,-0.077055976,-0.15729062,-0.24402514,0.30930936,0.14341567,0.29078045,-0.08017186,-0.166488,-0.21794178,-0.4877846,-0.10875299,-0.0164874,0.22652051,0.11942419,0.049590245,0.111605205,0.3236974,-0.2799885,0.0059746965,0.22961065,-0.11717249,0.121052854,0.002707827,-0.16437341,-0.19574207,0.177134,0.23515208,0.12008139,0.1853127,-0.27857664,-0.1115247,-0.0358672,-0.014913716,0.0078382455,0.35711172,-0.13300574,0.042115606,0.067872554,0.10957961,0.2762232,0.2845981,-0.15626131,0.070547044,-0.46280447,-0.05462884,0.064513825,0.053458806,-0.13200834,-0.053563353,0.18920119,-0.1875243,0.10029918,0.04742566,0.055863377,-0.3114537,-0.059597258,0.09944079,0.083069906,0.12942454,-0.28037605,-0.1150093,-0.09143883,-0.15347968,0.14902855,-0.1352156,-0.108853236,0.14741245,-0.1981165,0.13550031,-0.008603679,-0.004275677,-0.37113425,0.3184061,-0.32155713,-0.18923526,0.001210806,-0.14423732,0.1056535,-0.22802249,-0.09131796,-0.0048258347,0.12405803,-0.09907387,0.15251863,0.072546326,-0.10285031,0.15375389,-0.19129832,0.029257229,0.0050856736,-0.09226152,-0.10747879,finance
0.06280085,-0.047016345,-0.21595821,0.2246297,0.08611619,0.18715277,0.18432179,0.16362746,0.025987,-0.07866643,-0.13131222,0.17174712,0.1815894,0.19996151,-0.045753192,-0.18492559,-0.09475204,-0.44676214,-0.21397272,-0.07174389,0.1722869,-0.03067818,-0.056267004,0.3665445,0.5284213,-0.1998174,-0.27576756,0.016262503,-0.23614323,0.030016808,-0.052892778,0.062546544,-0.21380767,-0.018176483,0.24807246,0.037630256,0.3143408,-0.3787417,-0.046687167,0.1731073,0.124548964,-0.12304165,0.46940225,-0.09448999,0.21225937,0.14604011,0.04879811,0.54669386,0.23281136,-0.15568751,0.044215944,-0.58553386,0.1607403,0.09041192,0.13170283,0.0013440793,-0.09691345,0.13776237,-0.102040924,0.1323512,0.097452246,0.0609532,-0.39659306,0.06411039,0.09319252,0.18830626,0.27665883,-0.057047375,-0.20135105,-0.005556483,-0.24247015,0.0059368573,-0.23252365,-0.0009541427,0.061835494,-0.10063099,0.11269382,0.0760729,0.13344575,-0.24610518,0.20915084,-0.28731298,-0.16041432,0.06969166,-0.16017872,0.11510032,-0.31973323,-0.29877287,-0.06753321,0.06740409,-0.25035983,0.19775234,0.31186903,-0.039373744,0.2860879,-0.1139879,0.16500145,0.08887181,-0.33796138,-0.30331033,finance
-0.031906288,0.13222116,-0.12337125,0.04474022,0.067772545,0.23592123,0.12541406,0.14265744,-0.073788725,-0.08966601,-0.26621088,0.15391314,0.2534299,0.27859664,-0.06868856,-0.27404588,-0.105175704,-0.52130747,-0.1602412,-0.07348494,0.27727225,0.24203138,-0.08156054,0.27027285,0.3981823,-0.24810785,-0.003009613,0.0793257,-0.115355685,0.07934746,-0.2273564,-0.09377471,-0.28914762,0.006281724,0.14803186,0.01936133,0.34299892,-0.22295357,-0.17245619,0.009785143,0.09568508,-0.017193353,0.2152623,-0.1169255,0.018564127,0.18344963,0.25512,0.4025106,0.31028083,-0.037739288,0.052232534,-0.434898,0.06597526,-0.007749879,0.12380297,-0.12823701,-0.06036124,0.19511399,-0.38046902,0.06642433,0.13967086,0.01167445,-0.26701608,0.010714049,0.24976707,0.15329036,0.32475516,-0.23058242,-0.2051352,-0.12798116,-0.043785363,-0.033684157,-0.24923915,-0.062748544,0.19947971,-0.20656158,0.14975911,0.12578641,0.1521417,-0.3596138,0.21403897,-0.17814215,-0.018712541,0.06110394,-0.19514681,0.16799846,-0.15931493,-0.3137714,-0.09183879,0.111857034,-0.07520854,0.2624126,0.32448608,-0.04803332,0.03681119,-0.17660075,-0.07531057,-0.02138961,-0.21232149,-0.06593921,finance
-0.101020515,0.056815207,-0.16148728,-0.24462439,0.017221753,0.30535775,0.29602382,0.31536326,-0.005127843,-0.060866687,-0.08724573,0.24385078,0.29432148,0.12518759,0.009141186,-0.13107245,-0.05380027,-0.5466819,-0.11160129,-0.050380725,0.12520453,-0.035944276,-0.13168225,0.22295064,0.42692998,-0.21111579,0.08480859,0.08236576,0.06438269,0.010576052,-0.043011464,-0.15271987,-0.028795201,0.20500359,0.041988313,-0.095616676,0.10484669,-0.5331199,-0.17987207,-0.0469325,0.055662684,0.020359574,0.14744833,-0.09111452,0.18444015,0.20097697,-0.11968192,0.26738778,0.33379555,-0.11109026,0.08276545,-0.48825762,0.22820488,0.016516456,0.16452417,0.09397508,-0.183976,0.089328274,-0.025599213,0.16712241,0.07517665,0.12702048,-0.28780583,0.1841581,0.21907392,0.301095,0.16772982,0.019195873,-0.079327196,-0.071279414,-0.040270112,0.17609715,-0.30661693,-0.10359576,0.25085452,-0.17718117,0.098598294,-0.044991344,0.17523512,-0.014224498,0.10803117,-0.16974053,-0.29319727,-0.06243764,-0.16621795,0.06191665,-0.35886064,0.08000469,-0.103907354,0.14710918,0.121127084,0.10036621,0.038700085,-0.06756043,0.29651827,-0.18615943,0.050040446,0.040201306,-0.103049845,0.17983076,sport
0.034439877,0.0001977734,-0.038835466,0.24268949,0.011602006,0.27394456,0.10948554,0.3604889,-0.012467504,-0.14326383,-0.38309145,0.055887762,0.17664695,0.21313956,0.019067341,-0.3175674,0.030370643,-0.309476,-0.08687154,-0.077581376,0.22549935,0.3088816,0.10972909,0.2796869,0.40614447,0.039328482,-0.33808935,0.14237905,-0.097235784,0.03560261,-0.09751414,-0.0017774572,-0.17784126,-0.067494,0.18765576,-0.056975257,0.26012412,-0.547474,-0.1658642,0.15629086,0.29599008,-0.061322663,0.3367565,-0.32745463,0.331522,0.07749939,0.028892882,0.21088558,0.3280158,-0.28566596,0.021200255,-0.52672535,0.08442041,-0.029343974,0.19418515,0.15531023,0.015529741,0.12865615,-0.036558054,0.08936057,-0.09607641,0.13018724,-0.2620395,-0.009121389,0.43732777,0.23833306,0.3063266,0.064285636,-0.11482338,-0.10140262,-0.252857,0.16494323,-0.25712618,-0.10344101,-0.077085935,-0.22014737,0.13590154,0.055491555,0.11612021,-0.20585538,0.12924539,-0.20716205,-0.026997823,-0.027142499,-0.3092244,-0.038153548,-0.201327,-0.24447052,-0.14882249,-0.12693478,0.09272854,0.3755738,0.022969974,-0.29198557,0.36156914,-0.06427256,-0.032658238,0.06814004,-0.32624435,0.03617061,sport
0.123595424,-0.035001293,-0.048376158,0.1385435,-0.01336097,0.21249503,0.12908606,0.371317,-0.03979908,-0.1289108,-0.22757427,0.037942804,0.12752165,0.25393766,-0.08774212,-0.16868722,-0.1264163,-0.28748828,-0.17284417,-0.06172976,0.07605218,-0.07256291,-0.06434989,0.12540564,0.35618234,-0.23018308,-0.08913931,0.14595892,-0.15029429,-0.01968302,-0.12661394,0.089899994,-0.1846224,0.093863904,0.25264245,0.01375819,0.27201727,-0.46354344,-0.21220012,0.011325723,0.19287135,-0.038552955,0.4092418,-0.12255172,0.17458619,0.013700866,0.14090176,0.597298,0.18596525,-0.2025557,0.031035107,-0.55288297,0.084231265,0.0038762155,0.20612538,-0.063891985,0.021048803,0.22477147,-0.13862431,0.091907196,0.07303619,0.028055672,-0.18809223,-0.008163641,0.19119373,0.057638198,0.22465394,-0.010371898,-0.3586232,-0.11844375,-0.11529782,0.07896779,-0.15152761,-0.14792626,0.16970155,-0.087803744,0.04373685,0.023168309,0.076527454,-0.3535688,0.16940261,-0.41214082,-0.076932766,0.09310939,-0.18406758,0.051424794,-0.28985688,-0.16183992,0.1075191,0.14661612,-0.06171353,0.29794922,0.14178434,-0.14969024,0.14632668,-0.2055613,0.10615206,0.03536099,-0.19445363,-0.09294125,finance
0.11435761,-0.037382375,-0.095960654,0.18418063,-0.079920605,0.3167724,0.14437704,0.28142053,0.042430803,-0.011324896,-0.20804182,0.108482435,0.09217331,0.249805,0.055045463,-0.16271497,-0.17704526,-0.34234622,-0.08625304,-0.03442243,0.17124915,-0.08102113,0.0076207356,0.1807369,0.40768868,-0.18145463,-0.04630784,0.11926291,-0.036214113,-0.06400062,-0.18741117,0.040752016,-0.38110316,0.094039455,0.16585934,-0.002489282,0.34551865,-0.4789093,-0.27906254,0.11175264,0.1579422,-0.07622645,0.29935354,-0.11207439,0.19391434,-0.10279062,0.08949629,0.5872318,0.24678563,-0.30361104,-0.00083599845,-0.5405611,0.1095766,-0.02862543,0.265326,-0.04836004,-0.16584493,0.33112997,-0.13776389,0.09968158,0.08583053,0.0034274857,-0.3115473,0.04143399,0.2400597,0.17580436,0.1884634,0.042954993,-0.22109303,-0.16413751,-0.15019561,0.050112646,-0.14759097,-0.18135601,0.07899684,-0.09735611,0.17963345,0.1717104,-0.012713764,-0.30084622,0.3157993,-0.29204467,-0.006762535,0.078189634,-0.17051868,0.10303118,-0.34066123,-0.1635654,-0.039830927,0.16924335,-0.072898105,0.11844404,0.16693051,-0.1482048,0.22024745,-0.09823316,0.048552755,0.095518395,-0.35535526,-0.19470839,finance
0.12975529,-0.049940437,-0.093470976,0.1971037,-0.08353068,0.29768762,0.1484816,0.2858744,0.050903313,-0.011312793,-0.21478896,0.11865018,0.098935716,0.24192597,0.042789865,-0.14963451,-0.18735223,-0.33985376,-0.09188185,-0.036126554,0.17659037,-0.072773606,0.005747987,0.17920078,0.41073748,-0.19938318,-0.055669826,0.12155527,-0.0560901,-0.056433097,-0.19593173,0.036907498,-0.36952522,0.09323985,0.17494866,-0.0074524255,0.3328573,-0.497069,-0.27042097,0.10894859,0.14370716,-0.08470961,0.30230236,-0.10205704,0.1963195,-0.099575125,0.07521988,0.59091234,0.23686466,-0.2999615,-0.002882224,-0.5349829,0.11333613,-0.02367698,0.2733103,-0.027785188,-0.16444442,0.3210064,-0.14076531,0.0948441,0.0786115,0.004753818,-0.32059193,0.0389155,0.22740518,0.17551672,0.18580624,0.04455261,-0.22382785,-0.14832868,-0.14457677,0.061565924,-0.15575951,-0.17421632,0.07672526,-0.10518997,0.18043306,0.17874922,-0.016814193,-0.30808878,0.309087,-0.30859494,-0.021055324,0.08032863,-0.16268001,0.09744215,-0.3507415,-0.16394223,-0.022957282,0.1531487,-0.060382307,0.13159078,0.15438764,-0.1451687,0.22832604,-0.079270266,0.072077714,0.09022769,-0.3449847,-0.1849304,finance
-0.07452018,0.024984775,-0.18758468,0.217943,0.03903633,0.3177689,0.11372999,0.22516721,0.08784664,-0.0026865052,-0.23683262,0.17827623,0.14821993,0.13244301,-0.07269584,-0.18159764,-0.18679577,-0.48769793,-0.102772,0.009627863,0.06991959,0.043383077,-0.08829019,0.23332912,0.44223937,-0.40036672,-0.005310312,0.10816511,-0.09418652,0.11685303,-0.01815242,-0.031601638,-0.16838863,0.104397565,0.1051357,0.12423208,0.2709993,-0.34141788,-0.15578738,0.12337622,0.19944417,0.013443831,0.3901831,-0.11218239,0.0716783,0.12682599,-0.008976946,0.49697623,0.31278145,-0.047299385,0.22172408,-0.48820135,0.052824445,0.1531086,0.1064012,-0.022559177,-0.024568656,0.12715688,-0.18432501,0.040096994,0.068837516,0.01144601,-0.30003893,0.12390488,0.26065147,0.32187086,0.22804707,-0.17078182,-0.24400061,-0.03803015,-0.13156569,0.014361026,-0.23599349,-0.008861008,0.058373615,-0.3612045,0.00083084725,-0.034333788,0.18009211,-0.40464714,0.19288501,-0.23512673,-0.07116477,0.19889659,-0.13861434,0.23196286,-0.2393358,-0.15595597,-0.26407254,0.11370126,-0.1793825,0.2498827,0.30944437,-0.09445522,0.134404,-0.2291709,-0.047179963,-0.088856086,-0.2623603,-0.20205298,finance
0.14670488,-0.017068047,-0.116929114,0.20076115,0.045958653,0.34411412,0.05363683,0.31204957,0.016605143,-0.116557665,-0.33217433,0.24960327,0.11297598,0.23769979,-0.012433699,-0.18609205,0.0070666303,-0.2853181,-0.12007463,-0.07213142,0.13443346,0.004528674,0.14235422,0.21263365,0.32354793,-0.12686189,-0.07832417,-0.0055510565,-0.08126745,-0.0073957457,-0.006843109,-0.0042905137,-0.033616677,0.06675948,0.23295832,0.041808695,0.2746542,-0.37246752,-0.10655544,0.03701801,0.061060328,-0.060389873,0.3689687,-0.21201135,0.15368892,0.053860813,0.07980038,0.4202277,0.21963161,-0.18460643,0.081016414,-0.5491219,0.07442685,0.028950186,0.14344254,-0.048577797,0.08408339,0.051798537,-0.14526044,0.03673989,0.027260343,0.03461389,-0.28745294,0.10081075,0.21593653,0.20779204,0.25040978,-0.042740725,-0.30292723,-0.06715539,-0.16504794,-0.0045391116,-0.26671353,-0.16445626,0.042658143,-0.08216263,-0.01824207,0.025632676,0.049263913,-0.2851388,0.319836,-0.37077743,-0.07967432,0.014016284,-0.21551263,0.1646335,-0.31928116,-0.32715017,-0.045394763,-0.0017095824,-0.013117027,0.3844341,0.21115643,-0.113740854,0.28397578,-0.1256046,-0.07960836,-0.03333658,-0.256184,-0.19135298,finance
0.0022224206,-0.01732059,0.087260514,-0.14957659,0.015997095,0.3430613,0.20089115,0.32880974,-0.10528186,-0.03632119,-0.18998384,0.021557149,0.386337,0.31866485,-0.1350426,-0.25663474,-0.05059323,-0.62559736,0.1594805,0.02437441,0.1569071,-0.07253543,-0.12214621,0.17148225,0.42338943,0.00369219,-0.03209639,0.07395623,-0.0034991335,0.11204869,-0.092140146,-0.20579585,-0.16569443,0.37381768,0.21363203,-0.26412073,0.15921393,-0.4606712,-0.35803184,-0.099690676,0.09520235,-0.10024878,0.14130308,-0.12339154,0.07451843,0.16085462,-0.20827958,0.19663814,0.3072279,-0.17871611,0.022968495,-0.49449655,0.19223893,-0.13093795,0.21225762,0.014730218,-0.15041645,0.37326837,-0.105457105,0.09601891,0.054997835,0.12049001,-0.17805053,0.03404202,0.18939163,0.14173776,0.102474794,-0.021873908,-0.23960209,-0.08090959,-0.21228407,0.17685996,-0.22188507,-0.113524124,0.1571778,-0.33304682,0.2571653,0.12154774,0.21119715,-0.052778874,0.10508844,-0.18134627,-0.25011957,-0.058750633,-0.30555806,0.13997357,-0.2342925,0.036867935,-0.1402011,0.18465792,-0.003164974,0.12367338,0.05129778,-0.35168698,0.29848796,-0.25069782,0.10834367,0.045393895,-0.1206303,0.05717077,sport
-0.016144611,0.034092687,0.08162808,-0.03624968,-0.07191503,0.37547177,0.01841846,0.37294188,-0.18977056,-0.14146239,-0.38970503,0.074348666,0.38583127,0.17745559,-0.086344674,-0.091347575,-0.07503302,-0.53750706,-0.026255298,-0.08398284,0.110429585,0.06687081,0.021189883,0.19594926,0.5397651,0.027526531,-0.1874628,0.051078726,-0.0058183344,0.0036427653,-0.04531413,-0.080490306,0.02942222,0.25509536,0.11235062,-0.11398954,0.17674638,-0.37421015,-0.37517074,0.05105545,0.06940937,0.008609526,0.2785156,-0.20411648,0.066093765,0.07054295,-0.12486283,0.24982624,0.2735456,-0.11904666,-0.036639675,-0.4554448,0.052942738,-0.035459988,0.22264548,-0.09406795,-0.050787196,0.2232525,-0.19390962,0.012102119,-0.003936158,0.12254701,-0.36292872,0.107113145,0.22416909,0.20744897,0.17046046,0.026652347,-0.3058521,-0.101995684,-0.14000203,-0.07832555,-0.26166528,-0.12414101,0.2384519,-0.3558946,0.19377887,0.02190632,0.17347643,-0.04580467,0.1475938,-0.23271097,-0.13230394,0.06996575,-0.19975957,0.03591867,-0.28290224,-0.075184435,0.0016957527,0.08669152,-0.0038373685,0.35675558,0.28508586,-0.16417801,0.2675103,-0.2085779,0.23703717,-0.0686186,-0.23069346,-0.08572551,sport
0.080054566,0.030382084,-0.14274086,0.084367335,0.00742476,0.37218738,0.12516479,0.30808434,-0.07625914,-0.10065887,-0.10453858,0.17443328,0.05956244,0.27726558,0.042661007,-0.24738248,-0.0051886304,-0.26616603,-0.20966236,-0.11722825,0.1258275,-0.13861336,0.071968175,0.21858382,0.29472265,-0.296396,0.037761103,0.0051915743,-0.18294756,-0.075881965,-0.091746025,0.018722532,-0.05084436,0.09854316,0.25583547,-0.029017596,0.20668,-0.38167092,-0.11776239,0.12074717,0.23171608,-0.04822577,0.41122606,-0.18123741,0.24201532,-0.085852064,0.072889544,0.6000315,0.17419563,-0.36354148,0.21321078,-0.55986065,0.1614743,0.006911347,0.19455896,-0.050866082,-0.024354644,0.21115379,-0.051860493,0.047285944,0.101264276,0.13378195,-0.29580766,0.10272521,0.29748443,0.1313955,0.16819096,-0.009584197,-0.14878625,-0.11280192,-0.12362804,0.08882612,-0.14327522,-0.23532504,0.11586312,-0.07511227,0.12730332,0.024456553,0.116633505,-0.25926837,0.23905219,-0.3286821,-0.107503034,-0.008715714,-0.25056377,0.0070856106,-0.36705163,-0.16105647,0.035606448,0.25646088,-0.07414343,0.29083773,0.096811704,-0.023757422,0.25792113,-0.15700045,0.07896007,0.10831831,-0.23633976,-0.14598824,finance
-0.026647752,0.314963,-0.07453241,-0.009210632,0.07753984,0.10960693,-0.028567156,0.14720868,-0.02319425,-0.10166486,-0.21789137,0.32750177,0.29031676,0.6413876,0.05405056,-0.53301024,0.18455511,-0.5593215,-0.29995355,-0.058205258,0.14773881,0.050796937,-0.07844943,0.3427604,0.4647244,-0.23354645,-0.16998586,0.21364819,-0.13478422,-0.1464047,-0.2225447,0.22399111,-0.35422003,-0.21389045,0.1668973,-0.16757086,0.6114188,-0.37469724,-0.31054157,-0.14597325,0.1776265,-0.020495264,0.14961544,-0.25794315,0.08010516,0.1805264,0.30477783,0.36708727,0.19279289,-0.24948536,0.108527295,-0.36706272,0.16006061,0.014833246,0.26363194,-0.09001132,-0.11519426,0.30431336,-0.12043633,0.107133806,0.073381156,0.0037476863,-0.3137603,-0.14774033,0.3574176,0.10152539,0.35879683,-0.060187075,-0.23544465,-0.08753898,-0.08569367,0.022013709,-0.12423196,-0.25113428,0.31347933,0.049349643,-0.014440268,0.08138029,0.11434732,-0.25147218,0.28573623,-0.12779388,-0.24916628,0.19310883,-0.07936403,0.045855034,-0.30819803,-0.2656935,-0.1489001,0.007187897,-0.23566975,0.24104881,0.2939878,0.039106365,0.31894565,-0.11322945,-0.08708257,-0.034307435,-0.24979445,-0.31493777,finance
-0.034227792,0.022067001,-0.15565379,0.18615307,0.05052854,0.30392474,0.11971273,0.26259854,0.0775852,-0.04522912,-0.21640973,0.1885709,0.13722956,0.1487513,-0.091837846,-0.26987815,-0.19054817,-0.50415397,-0.053922035,0.0039417646,0.0501969,0.06816638,-0.07102666,0.21181223,0.466238,-0.38379642,-0.0070116366,0.113910064,-0.09672891,0.12185286,0.014721679,-0.022001794,-0.14172131,0.09352165,0.13839447,0.122758746,0.20765309,-0.31489512,-0.15280892,0.07899827,0.18519796,-0.08130698,0.43001416,-0.11217431,0.12149704,0.16321337,0.0074994294,0.4232385,0.31071684,-0.09147237,0.223092,-0.4995385,0.06747406,0.13347119,0.08700772,-0.044346854,0.013626865,0.12888649,-0.16447413,0.03399093,0.047538325,-0.0389925,-0.30718815,0.1320717,0.26839638,0.28704596,0.23536839,-0.18585539,-0.21251868,-0.04994443,-0.15437673,0.015747763,-0.23804618,-0.018615602,0.072259784,-0.30060777,0.04359995,-0.07584945,0.1587397,-0.4406926,0.1811647,-0.24588855,-0.07279406,0.17081705,-0.10829982,0.15969996,-0.2649964,-0.18743086,-0.30203792,0.07933328,-0.18249728,0.27580145,0.31116378,-0.17366815,0.14154729,-0.21167117,-0.07477872,-0.1251394,-0.25398365,-0.20324245,finance
0.13858289,0.110887975,0.06714245,0.13641395,0.13572821,0.22921713,0.156536,0.30779234,-0.01951998,-0.022668503,-0.2916912,0.10407969,0.22040194,0.26252306,-0.06753485,-0.32185468,-0.13105692,-0.34101763,-0.05703992,-0.0644534,0.20084013,0.2139096,-0.043266013,0.29758087,0.43455043,0.03980916,-0.11106253,0.057793487,-0.012811865,0.07076101,-0.19352338,-0.027038123,-0.28805798,0.110879816,0.25033867,-0.09088662,0.2644735,-0.39340886,-0.18086953,0.038688056,0.17658935,-0.2296591,0.2285708,-0.1676052,0.17630668,0.15876798,0.059027106,0.29011765,0.2877755,-0.28535074,-0.04729367,-0.45402682,0.04375119,-0.02375418,0.25088328,0.03804371,-0.10030149,0.20771265,-0.100729406,0.11985548,0.087667175,0.061848983,-0.26364326,-0.102591075,0.15322618,0.2077865,0.25339127,-0.024886403,-0.21562062,-0.10458177,-0.2088193,0.0758203,-0.19943155,-0.08842785,-0.025241602,-0.20599249,0.21589178,0.2148848,-0.016350403,-0.14983363,0.06872758,-0.18604662,-0.11335172,-0.015292871,-0.16098444,0.1430146,-0.21968153,-0.2310835,-0.13099766,-0.0069722375,0.002611509,0.23735589,0.028344171,-0.15773588,0.23748778,-0.04457208,-0.07960572,0.076638535,-0.29475504,0.0002466265,sport
0.11244677,-0.099747226,0.046354905,-0.118165806,-0.0608941,0.1492954,0.52476496,0.20159999,-0.14134379,-0.45017007,-0.6015651,0.12468744,0.13072869,0.499536,-0.071530364,0.031722765,-0.12552848,-0.37156242,-0.32645378,0.0705495,0.25300032,-0.18691213,-0.36756673,0.28637734,0.24448857,-0.5355885,-0.30977932,0.29200825,-0.49065673,-0.051357575,-0.25981215,-0.056009006,-0.081194825,0.38180438,0.12974134,0.097677596,0.15995105,-0.3860878,0.02045925,0.11660347,0.3585417,0.4959645,0.66759235,-0.36632913,0.3091314,0.1905972,0.07623995,0.5550022,0.2894092,-0.18796788,-0.09236664,-0.73311186,-0.3120389,-0.15316217,0.31987083,0.4053048,-0.075170085,0.25691932,-0.057262838,0.6652201,-0.0906334,0.092794634,0.006856258,-0.04700373,0.1768625,0.039232392,0.39219615,-0.20447038,-0.18575929,0.08944343,0.2020445,0.51597553,-0.026464324,-0.023822986,0.24806646,-0.27248555,0.088199064,-0.18669294,0.40239716,-0.26306212,-0.01663382,-0.6839527,-0.24737762,0.23389497,-0.43124542,-0.13609591,-0.13271274,-0.42201635,0.14802969,0.025819832,-0.24059086,0.3380069,-0.1446055,-0.64415306,0.27117562,-0.20229918,0.12121798,0.14749177,0.020841789,0.11869701,finance
0.102200225,-0.049192764,-0.08823585,0.13339292,0.08341404,0.2188444,0.08777136,0.20831119,-0.008458745,-0.055027638,-0.21663012,0.100390784,0.2246325,0.18409343,-0.096477345,-0.102064826,-0.054562636,-0.37017074,-0.15372932,-0.032512963,0.13073792,0.021128036,0.02917807,0.17903732,0.48569566,-0.17548051,-0.3027859,0.06778458,-0.23262547,-0.12073799,-0.111247756,0.09297306,-0.17077655,0.022090577,0.12459898,0.02630479,0.34235308,-0.39106223,-0.121921,0.054107904,0.25144988,-0.0002302242,0.42050913,-0.11564252,0.2100701,0.13821486,0.095350385,0.53039575,0.22383055,-0.10532644,0.11815832,-0.5333536,-0.016293459,0.04316382,0.10621471,-0.0456285,-0.04142062,0.14402372,-0.123096295,0.17862847,0.15394299,0.068242066,-0.29123354,0.061670728,0.14445536,0.19179897,0.31914276,0.035701655,-0.24830683,-0.06886021,-0.06683198,0.04998421,-0.22826105,-0.10963384,0.20354219,-0.065061316,0.044199944,-0.014112092,0.123998255,-0.3464699,0.21264902,-0.36701903,-0.13334605,0.20598888,-0.19125952,-0.088395685,-0.2603875,-0.25494376,-0.035418097,-0.027934175,-0.047601003,0.3264671,0.11899306,-0.12296559,0.22572449,-0.13343011,0.08713495,0.03887184,-0.34925345,-0.17536964,finance
0.080955595,0.18327948,0.30530578,0.07966026,0.041425824,0.18977967,0.08266643,0.2356972,0.013986729,-0.1667228,-0.36664334,0.17423823,0.3052676,0.31066662,0.03766063,-0.40199214,0.08718416,-0.31316614,-0.07170169,-0.04557634,0.13815743,0.28187042,-0.024647618,0.3479597,0.43049958,-0.045505024,-0.045270562,0.06095845,0.0022376769,0.0759753,-0.12503846,0.05862382,-0.3084091,0.13694525,0.27318496,-0.13228367,0.38969988,-0.36545122,-0.054924134,0.055155773,0.22279887,-0.082819976,0.30633625,-0.14308715,0.13442774,0.25478616,0.04331919,0.2884521,0.31414115,-0.23413782,-0.006866136,-0.57747406,-0.026552076,-0.10130965,0.34896544,0.009026253,-0.07405294,0.117466666,-0.04540413,0.051603686,0.12523167,0.07210774,-0.22477043,-0.10576571,0.14616713,0.18036933,0.14604552,-0.07207766,-0.19006616,-0.1662761,-0.10503578,0.055263914,-0.21935855,-0.119825184,0.10115553,-0.23671564,0.1963994,0.18162657,0.089619644,-0.17552586,0.04168363,-0.19975308,-0.08585045,-0.051658552,-0.13590777,0.021442104,-0.29654598,-0.24422328,-0.1602915,-0.011816645,-0.03390404,0.18921645,0.058312908,0.039356325,0.07526063,-0.15505952,-0.10819567,-0.05316536,-0.22974502,-0.17982501,sport
0.0018013449,-0.04414338,-0.23807251,0.20741703,0.029722068,0.2841611,0.18984094,0.31145865,0.0648205,-0.06439527,-0.018067757,0.1951898,0.10931387,0.20419171,0.056976262,-0.16144717,-0.11382927,-0.3096653,-0.20043138,-0.1811423,0.20854513,-0.19691715,0.10723377,0.24781291,0.3968765,-0.2657866,-0.1549226,-0.020930616,-0.09947136,-0.12156009,-0.1739545,0.0817662,-0.18327989,0.005701612,0.1574145,-0.030451829,0.3733467,-0.32335564,-0.16568168,0.19184154,0.2926842,-0.05152624,0.47125924,-0.13233505,0.28031945,-0.013517106,0.12711202,0.7412866,0.19734378,-0.28914717,0.13246182,-0.5541692,0.13578986,0.0422922,0.11774078,-0.1436251,-0.054701976,0.2854098,-0.19640978,0.13660292,0.013657476,-0.0012303111,-0.39288348,0.16622992,0.23042363,0.24655044,0.19266921,0.023567462,-0.18835169,-0.027027614,-0.2447117,-0.060405787,-0.21560983,-0.15809648,0.09771277,0.007870888,0.09905457,-0.042026103,0.10341425,-0.28436333,0.23385999,-0.3284204,-0.06441124,0.13476358,-0.25757524,0.09236655,-0.2910354,-0.16079077,0.0086370325,0.21397609,-0.04029835,0.22826722,0.1017935,-0.01642221,0.31666577,-0.15562344,0.09506706,0.11832291,-0.29680613,-0.20608613,finance
0.04018422,0.017314173,-0.16231196,0.27466166,-0.054216895,0.22894582,0.18674852,0.32801756,0.24661942,-0.1768507,-0.25436687,0.24148598,0.087810166,0.28824636,0.02313581,-0.0335236,-0.15903524,-0.49909738,-0.1620161,0.099194236,0.10532959,-0.10942607,0.079612926,0.09647053,0.27377874,-0.46781808,-0.019148644,0.21113144,-0.091972224,-0.13677938,-0.108352244,-0.11860867,-0.25948468,0.16071653,0.40758947,0.10573552,0.13866384,-0.5638176,-0.03431187,-0.025099885,-0.06975072,0.028856732,0.59877723,-0.20905568,0.025918867,0.21819726,0.07843015,0.41151956,0.31083894,-0.4462476,0.0553178,-0.6538742,-0.061232753,0.0091063045,0.3483572,0.0621762,0.06677881,0.17382577,-0.08256264,0.2026756,0.034574497,-0.051547077,-0.32726264,-0.067572474,0.09394036,0.22325599,0.17705108,-0.1483209,-0.2548976,-0.056260005,-0.28425282,0.32181925,-0.06369629,-0.32910097,0.16006526,-0.040028796,0.15138671,-0.2121184,-0.06738781,-0.4875063,0.27909553,-0.39883745,-0.08733285,0.19519292,-0.2691365,0.23205906,-0.24252833,-0.13297834,-0.040546346,-0.0778026,-0.17596382,0.27763978,0.14678024,-0.34149012,0.1339404,-0.17423168,-0.011776678,-0.009218461,-0.0055214902,-0.26215887,finance
0.039316587,0.015803382,-0.08392456,0.17271319,0.061360814,0.30453333,0.06552442,0.4508079,-0.09754326,-0.12434593,-0.30896395,0.083507866,0.30054688,0.13870145,-0.058404185,-0.23764168,0.012519869,-0.3590251,-0.084326565,-0.116936006,0.20322442,0.21690816,0.067748696,0.22185335,0.46622697,-0.009871374,-0.25766093,0.13406953,-0.1816534,0.04529284,-0.065715395,-0.03421501,-0.11747957,0.038934726,0.14618492,-0.036034726,0.242799,-0.5666143,-0.13414557,0.14775996,0.25078127,-0.094457634,0.36463803,-0.2215088,0.23319398,0.1294389,-0.041968547,0.28670442,0.28083387,-0.1443097,0.071249835,-0.4566578,0.09496082,0.06049131,0.20672148,0.08851856,0.00260301,0.16548388,-0.11661377,0.04323723,0.01427694,0.19082466,-0.2505161,0.0025425681,0.3962938,0.21050748,0.20992696,0.03341305,-0.12533146,-0.05557915,-0.21883596,0.1711572,-0.19264503,-0.09888929,0.043815173,-0.29546016,0.12190069,-0.0486157,0.16392787,-0.22081889,0.18344648,-0.23282495,-0.14895856,0.042813692,-0.29576024,-0.02321439,-0.21666493,-0.14670874,0.023754641,-0.04078059,0.10349921,0.2543704,0.101629436,-0.12520988,0.26553994,-0.11309058,0.02170551,0.0015419848,-0.3207844,0.07620192,sport
0.07217951,0.18971026,0.04812452,-0.0020025303,0.06317996,0.277611,0.16312447,0.25836617,-0.09076555,-0.17906703,-0.21612439,0.13131152,0.40100676,0.3254506,-0.0037873345,-0.31009188,0.023613822,-0.47697264,-0.15949574,-0.102349035,0.11664485,0.11999904,-0.11750807,0.3039528,0.4353517,-0.016069967,-0.07479547,0.043968514,-0.10507056,0.028038552,-0.06350847,0.112259895,-0.11540663,0.08255616,0.19239876,-0.14028789,0.29488546,-0.3423158,-0.195738,-0.14095753,0.1733243,-0.10695379,0.3248541,-0.17149258,0.1173089,0.24131405,0.110076696,0.3722877,0.24425806,-0.12831211,0.027941676,-0.34081054,0.12273174,-0.012660387,0.19890438,-0.15467983,-0.15912037,0.18957013,-0.029018406,0.11940584,0.158049,0.057869095,-0.23381943,-0.040844776,0.13015546,-0.004238332,0.26438195,0.12032549,-0.26268953,-0.11123648,-0.06287931,-0.035338156,-0.17630306,-0.18091637,0.24121797,-0.019416966,0.046933904,0.025951905,0.13706233,-0.1707922,0.21567106,-0.21923225,-0.24109784,0.017466389,-0.060073834,-0.097259544,-0.3701264,-0.2890381,-0.014757923,0.040670272,-0.031400464,0.20977598,0.0996553,0.033022717,0.100266635,-0.087528884,0.08757056,0.01890615,-0.33490786,-0.21304692,finance
0.059189256,0.09039881,-0.09329673,0.20278211,-0.035209842,0.20919,0.14612389,0.43695247,-0.0432103,-0.19854912,-0.38095546,0.061665576,0.091453604,0.20126149,0.020233976,-0.32370594,0.045652784,-0.23462155,-0.24476196,-0.054020163,0.1606677,0.061603066,0.04449153,0.13537034,0.41785055,-0.23143925,-0.25938565,0.17903315,-0.22370274,-0.18905617,-0.13234323,0.1293822,-0.07536045,-0.04322555,0.17347026,-0.024444507,0.14036596,-0.5940441,-0.20140588,0.24077067,0.29295138,0.031617556,0.37594888,-0.32055917,0.3241598,0.08260259,-0.0713631,0.38409808,0.24153617,-0.2922684,0.028062277,-0.53160256,0.054379173,-0.01449012,0.24833882,0.09190152,-0.08828532,0.13374077,0.016241457,0.21312527,-0.10566351,0.13390169,-0.19147114,0.11975175,0.342707,0.2554599,0.28995255,0.064123854,-0.20353417,0.059916474,-0.025232144,0.24960002,-0.27441132,-0.15874016,0.051738385,-0.14353196,0.13466747,-0.04356215,0.16922995,-0.26970947,0.22791646,-0.27999657,-0.16362172,0.11623874,-0.26622388,-0.13281024,-0.33608145,-0.22857614,-0.027111355,-0.0008524513,0.117980026,0.37410998,0.016684894,-0.25225493,0.30160883,-0.028628206,0.044194143,0.07039447,-0.24917303,0.013647291,finance
0.004656613,0.06604176,-0.08290498,0.08015889,-0.10921893,0.33508372,0.07600429,0.43273184,-0.1496702,0.018318959,-0.2766273,0.18182649,0.13365011,0.36225784,0.033818208,-0.22628622,-0.12907888,-0.31480625,-0.11278508,-0.053510647,0.22058047,-0.12636837,-0.04102548,0.18192694,0.25980467,-0.22270405,0.03464172,0.053478204,-0.12203281,-0.15084076,-0.17395696,-0.010990135,-0.21127577,0.17595501,0.20334868,-0.011338262,0.19349182,-0.34103194,-0.20856826,0.14976107,0.21462579,0.03860832,0.43669164,-0.06387049,0.12693778,-0.10839169,0.055135626,0.50506514,0.18268733,-0.27248517,0.060672548,-0.604647,0.08684257,-0.12906778,0.1364256,-0.10530349,-0.08301961,0.17179541,-0.13032758,0.16012993,0.009734138,-0.09509302,-0.25294027,0.020053364,0.3328804,0.12901707,0.107017666,-0.0272223,-0.17001735,-0.019789493,-0.18925418,0.0807587,-0.2405714,-0.18063901,0.18719077,-0.14059961,0.13031052,0.051167093,0.11924229,-0.20625079,0.23395945,-0.48653895,-0.23017712,0.04702885,-0.2401579,-0.011877686,-0.31307265,-0.1139374,-0.03768372,0.24768415,-0.039419502,0.22295119,0.18311605,-0.15629922,0.28614375,-0.20815715,0.09493012,0.12527816,-0.16452467,-0.10304535,finance
0.022104867,-0.033267137,0.12195107,-0.1375918,0.013313814,0.27932712,0.28852227,0.3097322,-0.105598144,-0.09987259,-0.26837456,0.09369649,0.4343298,0.21705058,-0.20664175,-0.1132174,-0.04130129,-0.6020968,0.05825392,-0.010648205,0.09273029,-0.032165684,-0.09975087,0.22748534,0.5620206,0.02967995,-0.03031,-0.025117282,-0.14200237,0.12834229,-0.040988773,-0.18024352,0.035984937,0.38442516,0.17965972,-0.23266703,0.12462601,-0.50122076,-0.31336194,-0.029172469,0.072484516,-0.058071062,0.28253278,-0.13598298,0.11022283,0.12729727,-0.2985002,0.14369711,0.3214647,-0.18187201,0.02978698,-0.5368607,0.090496704,-0.036668196,0.31486574,0.038682867,-0.10456633,0.2217089,0.017864533,0.06717584,0.097865716,0.18080407,-0.2568371,0.13669206,0.13807115,0.15232551,0.16271201,0.010974449,-0.3211278,-0.046699204,-0.20741065,0.15364462,-0.33926016,-0.10014776,0.20766723,-0.3470575,0.2618186,0.05008288,0.21349458,-0.100035466,0.09772079,-0.2833249,-0.21926409,0.08220021,-0.24639899,0.0011002038,-0.3079871,-0.0074141184,-0.055860486,0.1272602,0.014583824,0.14861314,0.06495483,-0.23879677,0.25411278,-0.19638957,0.21191356,-0.05598322,-0.10829844,0.13192366,sport
0.13167854,0.0177612,-0.30195907,0.10214571,-0.033061046,0.2853415,0.13766931,0.29591277,-0.014904854,-0.10030148,-0.23296076,0.16616103,-0.019467121,0.2486836,0.03581429,-0.32461423,-0.025886076,-0.3228723,-0.25509983,-0.07995112,0.09943739,-0.10647957,0.042062193,0.036511954,0.4098578,-0.35640308,0.006600007,0.051134985,-0.18648891,-0.20062846,-0.12446626,0.07972288,-0.080372676,-0.07469432,0.32670963,-0.05445436,0.18651736,-0.58797705,-0.15428033,0.057404835,0.3028016,0.0029967048,0.4248375,-0.22432105,0.29056773,-0.014462522,0.09774614,0.63737243,0.0816355,-0.41273427,0.18835418,-0.57547075,0.22407335,0.017617833,0.15984452,-0.063129395,-0.12374398,0.27877483,0.0026593665,0.1759961,-0.010179073,0.16477719,-0.3139969,0.123721324,0.44730604,0.19877082,0.22837092,0.030289866,-0.115432285,-0.01666624,-0.30480596,0.061556485,-0.1700831,-0.27235767,0.014551609,-0.017777862,0.12660527,-0.02430402,0.06898684,-0.2635094,0.4518737,-0.22647776,-0.04956115,0.10033416,-0.18360168,0.060187027,-0.39388198,-0.06161078,-0.015888479,0.16783504,-0.010824133,0.30425596,0.15667494,-0.09646982,0.39096498,-0.0772508,0.13815317,0.03575511,-0.2789661,-0.14819264,finance
0.12108915,-0.03552742,-0.025774717,0.07267741,-0.05605529,0.21339205,0.17527802,0.26441035,-0.032292522,-0.16415633,-0.2653925,0.057529863,0.06316306,0.40791062,-0.04905823,-0.1577774,-0.08630923,-0.49467334,-0.11475138,0.14655483,0.09414211,-0.05474598,-0.09362813,0.18119605,0.23940071,-0.24470991,-0.11543869,0.060828634,-0.15067403,0.076816656,-0.11863339,-0.06049092,-0.2933354,0.11952769,0.27307874,0.07089575,0.22846888,-0.380733,-0.12945783,-0.07318233,0.23303741,0.1564733,0.3116697,-0.091531925,0.09870185,0.079963386,0.23107274,0.4842595,0.25387844,-0.2257589,-0.030630102,-0.4741542,-0.13356106,0.027829753,0.2228026,-0.08515457,0.04302649,0.23882729,-0.28716746,0.19571856,-0.0062535526,-0.040141087,-0.12263119,-0.10614647,0.06161767,0.01998096,0.27270046,-0.22416584,-0.25699005,-0.10472602,-0.078642614,0.205568,-0.104857445,-0.118755884,0.16514477,-0.12994562,0.07024159,0.06669352,0.05612037,-0.32047054,0.09599637,-0.2901851,-0.10650529,-0.006497583,-0.27138034,0.09412382,-0.25959688,-0.25168702,-0.013170913,0.10150005,-0.23025888,0.2998245,0.17895679,-0.30362326,0.21835575,-0.16620784,0.08423127,0.051497582,0.03275718,-0.08456201,finance
0.11642987,-0.086763956,-0.0018557176,0.04784601,-0.074741416,0.11261329,0.34437388,0.21411315,-0.042195152,-0.16554235,-0.38538113,0.003975131,0.15965594,0.4191972,0.007473188,0.14925824,-0.17783925,-0.47187272,0.023268519,0.22283976,0.07816897,0.021274751,-0.318929,0.29994294,0.21092741,-0.21261317,-0.19171222,-0.089560084,-0.3933763,0.18167251,-0.20066203,-0.2430145,-0.29904336,0.4285906,0.2023699,0.20715001,0.0054503917,-0.37185112,-0.016627662,0.047694664,0.22379145,0.091838054,0.41762343,-0.11925455,0.07866331,0.13651222,0.14690486,0.5597726,0.28636992,-0.36752632,-0.048805974,-0.5346862,-0.26679835,0.019063769,0.1765314,0.21520092,-0.060911004,0.2906394,-0.372096,0.39410946,0.16881151,-0.008722773,-0.16770507,-0.09882862,0.02884682,-0.002803144,0.28786036,-0.26495397,-0.19597955,-0.1051039,-0.0036422992,0.25639662,-0.0887995,-0.09716472,0.26992148,-0.12076346,0.05398708,-0.08012904,-0.021451678,-0.41875476,0.059173204,-0.5937222,-0.15849148,-0.08260687,-0.36898512,0.02205119,-0.36607757,-0.29731363,0.08504836,0.13150123,-0.382395,0.3600548,-0.04767682,-0.58040786,0.23537086,-0.10053975,0.3126155,0.102731586,0.065786906,0.099682696,finance
-0.009599412,0.029876249,0.047789235,-0.1833239,-0.018148582,0.32685882,0.27382028,0.31886178,-0.13088809,-0.09665673,-0.1688675,0.06752035,0.41605955,0.24385795,-0.12617224,-0.17713805,-0.035034914,-0.62114036,0.14623965,0.007566245,0.18518458,0.014919658,-0.109581664,0.2242371,0.41027066,-0.04350903,0.026873467,-0.004266723,-0.061643828,0.18010001,-0.13318864,-0.22364517,-0.11262097,0.34646192,0.23681682,-0.27370313,0.1482999,-0.42068535,-0.28908655,-0.10841753,0.06802472,-0.12027914,0.21309173,-0.115279876,0.087107524,0.1676616,-0.22565627,0.2059542,0.32220107,-0.09193,0.022455024,-0.48905873,0.22355,-0.10139972,0.21819976,-0.035522338,-0.13077833,0.29022193,-0.047985684,0.105329864,0.038245212,0.072862044,-0.23141997,0.116246216,0.2002182,0.10590455,0.17100112,0.0024160359,-0.19820265,-0.12373708,-0.19583629,0.11280273,-0.26928923,-0.079834744,0.1575744,-0.34631604,0.22960539,0.09215546,0.23091103,-0.0604131,0.079699196,-0.2385785,-0.21853365,-0.010062775,-0.24312983,0.0665289,-0.24879,0.02482514,-0.06285404,0.12888247,-0.019341351,0.16839889,-0.025675075,-0.27560982,0.28682044,-0.2369456,0.20732774,0.05071236,-0.09188598,0.07791688,sport
0.12970617,0.026915036,-0.06677744,-0.14767091,0.17277423,0.39480168,0.33828226,0.3982674,0.08111416,0.09685083,-0.23805924,0.07387355,0.303359,0.26052997,-0.14047252,-0.24315521,-0.19586024,-0.73472935,0.070421875,0.10960909,0.22934595,-0.012895369,-0.13551576,0.094127655,0.53042716,-0.052697618,0.19027731,0.02699444,-0.020511711,0.08405106,-0.20152487,-0.30336982,-0.09204783,0.3206433,0.11357166,0.005401766,0.19773795,-0.5319669,-0.22212893,-0.08479174,0.09343813,-0.08082086,0.20107967,-0.1549589,0.15637137,0.0952739,-0.23742539,0.04533804,0.536906,-0.21138264,0.14244972,-0.48890123,0.17473732,0.0078065186,0.18493263,0.12524271,-0.15672046,0.20745942,-0.06598761,0.19764349,0.071951315,0.10457017,-0.3600286,0.14793204,0.16815507,0.430665,0.34822512,-0.0031041808,-0.177937,-0.1532722,-0.21681415,0.27050045,-0.35022992,0.07842628,0.1821343,-0.2549442,0.23866361,0.14617324,0.10317926,0.04161947,0.012541159,-0.17252317,-0.16617276,0.026163846,-0.28447935,0.049191568,-0.19165257,0.01188993,-0.17128356,0.026566653,-0.016131366,0.15061384,0.01152882,-0.3111393,0.3531828,-0.053154632,-0.0033297448,0.13569608,-0.06224673,0.4621572,sport
0.13939118,-0.019233966,0.009302328,0.05368245,-0.1075365,0.06800108,0.26517618,0.23572718,-0.07097758,-0.1322639,-0.40482816,-0.06839768,0.22055146,0.50494945,0.037839945,0.10000615,-0.20130488,-0.54515254,-0.025588978,0.17784406,0.08724008,-0.030991526,-0.31447777,0.3057368,0.2132751,-0.2590737,-0.18209052,-0.1124123,-0.3897365,0.15366799,-0.15789893,-0.21342385,-0.27566043,0.39923337,0.15001093,0.19309404,0.098116815,-0.4347757,-0.037367184,0.002378299,0.25251848,0.113477215,0.4105235,-0.07150591,0.072736986,0.19891186,0.108320184,0.5467436,0.27179554,-0.290248,-0.00684357,-0.48749003,-0.207017,-0.015371839,0.21766493,0.20673962,-0.07057312,0.29194927,-0.39675245,0.40935013,0.14728168,-0.057399094,-0.18911642,-0.12176109,-0.00473506,-0.044893008,0.30641833,-0.18933307,-0.19596572,-0.13355412,-0.05350326,0.2886663,-0.05383208,-0.09269619,0.28927815,-0.20805727,-0.008498616,-0.041644458,0.027471976,-0.39317173,-0.0028905596,-0.57143646,-0.19801417,-0.07734982,-0.34478733,-0.040364068,-0.3828794,-0.25875148,0.09460652,0.1581407,-0.2733802,0.3706608,0.049197204,-0.51918155,0.23554108,-0.061471965,0.317257,0.07333539,-0.002387222,0.038854163,finance
0.18371627,0.14585446,0.07835407,0.11198098,0.059547745,0.2568662,0.070281014,0.29065996,0.032655858,-0.11945781,-0.3179153,0.19742112,0.2829601,0.26665926,-0.07263925,-0.3650217,0.019266687,-0.35600153,-0.1206157,-0.11652524,0.114052,0.2767808,0.08077993,0.3078366,0.5000202,0.06308224,-0.21964596,0.13146418,-0.112002134,0.009041184,-0.073788024,0.052922685,-0.109330505,0.12536366,0.22081065,-0.13303988,0.21875633,-0.5513839,-0.16532102,0.0988302,0.18416956,-0.19711863,0.30917448,-0.11132141,0.11058429,0.2311947,-0.07511586,0.22766042,0.35729292,-0.2318565,0.054107837,-0.48223323,0.07600877,0.032647394,0.19163348,0.02456426,-0.14460823,0.18023117,0.07013785,0.0068027596,0.11618006,0.17856756,-0.23508611,-0.038989972,0.15552615,0.2503302,0.19257297,0.051441927,-0.19764423,0.017134711,-0.16773899,0.1750406,-0.17826927,-0.09626782,0.057247598,-0.256661,0.15593491,0.034397084,0.07619068,-0.051990118,0.11389569,-0.14572929,-0.17340922,-0.021066112,-0.22565874,0.007431761,-0.1910282,-0.10892912,-0.12806895,-0.13985793,0.07732547,0.3194936,-0.013367113,-0.1525083,0.32079417,0.0189854,0.053810462,-0.047573883,-0.2618627,0.042985912,sport
0.1137084,0.061519608,0.043381725,-0.13703373,0.15854663,0.34472263,0.26298067,0.41585013,0.026237458,0.07308684,-0.24383375,0.11941573,0.3173422,0.28594786,-0.13981366,-0.29695132,-0.09905776,-0.6279243,0.03228654,0.07784584,0.19693583,0.04313433,-0.15975495,0.13784976,0.5144455,0.018615274,0.08418637,0.07263964,-0.035918877,0.09358565,-0.17631288,-0.22782531,-0.14463337,0.34663174,0.10069023,-0.015590013,0.19745536,-0.5092894,-0.20746195,-0.050165277,0.097430475,-0.10367363,0.1532985,-0.14767002,0.15315405,0.13132346,-0.21798679,0.04156923,0.5529926,-0.26595342,0.062581465,-0.54855126,0.10014667,-0.0076809404,0.13493349,0.09814728,-0.16772655,0.1982542,-0.06619717,0.15434761,0.045212843,0.13279834,-0.40579093,0.061578494,0.14157051,0.33144066,0.3381995,-0.027416518,-0.20667055,-0.12351787,-0.21576491,0.23484911,-0.283815,0.055046007,0.18971561,-0.26799116,0.2153214,0.16734181,0.076650865,0.007643138,0.05059757,-0.21629094,-0.14823832,0.046059668,-0.27666715,0.06773643,-0.14550021,0.011262901,-0.15936534,-0.023573093,-0.04076132,0.16102824,0.021977538,-0.24037863,0.35584077,-0.06812745,0.000662775,0.13843614,-0.08175151,0.27756116,sport
0.10153987,-0.018539429,0.007668229,-0.032789037,0.15273751,0.29002607,0.1956107,0.37512085,-0.17741929,0.06950554,-0.24473119,0.07143931,0.4115218,0.26988012,-0.18619923,-0.27627176,-0.011057617,-0.62565243,-0.009060762,0.03665555,0.24599783,0.12339151,-0.074419454,0.17061542,0.58512115,0.13765927,0.0015107132,0.09105012,-0.018918252,0.009682447,-0.14915103,-0.20484331,-0.16340663,0.19401217,0.005224084,-0.0751713,0.14652453,-0.58028424,-0.23274747,-0.1339349,0.23416853,0.051807597,0.201403,-0.22541335,0.11562065,0.00120225,-0.1731363,0.13555056,0.43941647,-0.19872299,0.031273555,-0.40613294,0.09540441,-0.03422582,0.21170671,0.14780863,-0.07492476,0.2320412,-0.20640157,0.09348372,0.09480864,0.03607021,-0.3048918,0.17471002,0.37566823,0.34086338,0.29764813,0.032727763,-0.1346463,-0.10989241,-0.14881438,0.1826469,-0.26522297,0.027858585,0.25108433,-0.3053741,0.21631308,0.12210347,0.15178534,0.011754684,-0.013488711,-0.2313392,-0.15610875,-0.060805198,-0.29481566,0.06516976,-0.17827435,-0.072426446,-0.13117869,-0.04905162,-0.023863414,0.1742552,0.027136868,-0.23837246,0.33993465,-0.109636135,0.031378776,0.10903346,-0.17800182,0.38393843,sport
-0.017004145,0.07862163,0.13568729,-0.013740689,0.08138835,0.14007385,0.16736288,0.2585336,-0.12989776,-0.2772503,-0.25297147,0.3154313,0.35051188,0.4023131,-0.06213334,-0.35817298,-0.1371646,-0.563655,-0.29725817,0.03184967,0.34244356,0.22257778,-0.103403166,0.35441765,0.570152,-0.11872235,0.001458706,0.065020435,-0.10204689,-0.057581574,-0.20147133,0.15746585,-0.44345737,-0.022608576,0.3330147,-0.19822757,0.43816614,-0.3758958,-0.121818475,-0.20164306,0.18167278,-0.23177496,0.34847704,-0.2281109,0.17062294,0.20723805,0.22666955,0.3320171,0.34988213,-0.17504254,-0.026883632,-0.33458912,0.07203961,-0.06528396,0.35155082,-0.11594933,-0.0028530452,0.14465027,-0.059108406,0.22084285,0.21154211,0.0051504895,-0.13654956,-0.29759502,0.2799843,0.12024077,0.40470055,-0.048827562,-0.2045279,0.00617535,-0.16058469,0.028469201,-0.13229354,-0.18601489,0.22709468,0.017816812,0.15474027,0.118972495,0.08359599,-0.3629153,0.11208781,-0.27759087,-0.10464741,0.041882735,-0.09951761,0.098709315,-0.29841074,-0.4399547,0.07274974,0.08042342,-0.1376501,0.082187995,0.1712557,0.09306038,0.042590164,-0.14662398,-0.11954368,-0.078917384,-0.3013737,-0.054280847,finance
0.15112017,0.033049464,-0.088749684,-0.10099511,0.12725613,0.37809172,0.28324908,0.38420248,0.044232853,0.055716246,-0.2899444,0.12904713,0.2863038,0.28676882,-0.15983541,-0.27912182,-0.20124869,-0.6931779,0.03955667,0.117927596,0.26289958,0.057829488,-0.12062707,0.09240932,0.533125,-0.061938472,0.15504766,0.032619968,-0.045068312,0.041899227,-0.20217814,-0.24652033,-0.16595663,0.26366663,0.10817026,-0.019731788,0.21663614,-0.4797386,-0.2510058,-0.067055516,0.13438146,-0.1382159,0.20610288,-0.14426716,0.09546183,0.049383055,-0.22882093,0.09574109,0.55956715,-0.1664004,0.12170758,-0.43589503,0.16913863,0.012921093,0.18627346,0.09120493,-0.12367793,0.20531374,-0.114254884,0.1506111,0.09404188,0.06087704,-0.3132586,0.10057101,0.22288938,0.46593952,0.340944,-0.06324437,-0.20660722,-0.16026282,-0.19656825,0.21910742,-0.28847784,0.06267522,0.13882299,-0.26270503,0.23735632,0.23346844,0.068463996,-0.014260274,0.0717838,-0.26554295,-0.17521688,0.055520166,-0.21986747,0.049684893,-0.1860184,-0.06565507,-0.19646849,-0.00082378805,-0.064061895,0.1793477,0.017673668,-0.34142303,0.39020917,-0.04598096,-0.023902128,0.11270964,-0.10218364,0.41676512,sport
0.043881837,-0.024607798,0.032560866,0.08323649,0.058462597,0.28354725,0.17662114,0.2599822,-0.070139416,-0.16448055,-0.19927321,0.06170423,0.22104082,0.22095461,-0.090445325,-0.18571837,-0.047087155,-0.34034503,-0.07798435,-0.015404044,0.23801975,0.26305392,0.019540992,0.18179639,0.536369,-0.0008754303,-0.15748271,0.037262898,-0.11029746,0.09864196,-0.12718193,-0.09689924,-0.2182838,0.11327956,0.14836642,-0.09206695,0.26489207,-0.5266902,-0.117405206,0.07392148,0.3154201,-0.20498559,0.17225777,-0.090079725,0.21022877,0.046997476,0.018512819,0.17102161,0.41580424,-0.21547073,0.07170197,-0.43569356,-0.00979811,0.10354047,0.0800228,0.037876748,-0.110118456,0.30974424,-0.070791595,0.08891338,0.094413176,0.118213296,-0.2719964,-0.06666914,0.25966385,0.22957096,0.20360689,-0.010949894,-0.17237344,-0.02741432,-0.1601457,0.08109826,-0.17110138,-0.07143601,0.098723136,-0.26859564,0.24008802,0.103298664,0.1309418,-0.19980294,0.16413702,-0.13107777,-0.04784456,0.00222651,-0.21272197,0.064388,-0.09817981,-0.2318812,-0.11421216,-0.055468604,0.06593249,0.23646758,0.012084598,-0.17472328,0.18287776,-0.07666835,0.013059108,0.066741616,-0.2906212,0.14271769,sport
0.2527051,-0.008578762,-0.109763615,0.019359084,-0.087680325,0.3490445,0.08881107,0.41862872,-0.111533426,-0.11450401,-0.28038466,0.11110416,0.1533481,0.3753401,-0.027072133,-0.17512363,-0.11521336,-0.29838344,-0.15119042,-0.10624242,-0.009013909,-0.23156075,-0.10591325,0.15302446,0.24353713,-0.333058,0.004873582,0.062273704,-0.072617896,-0.07240278,-0.023806596,0.009888836,-0.07364044,0.10574465,0.15236746,0.0763149,0.2740599,-0.3840091,-0.11627129,-0.12678915,0.14695704,0.029940877,0.38420406,-0.18871965,0.24500665,-0.044072233,0.17763977,0.5768842,0.18620503,-0.20933644,-0.06367113,-0.6208629,0.005341532,-0.09261612,0.19637117,0.009825433,0.021883313,0.06274155,-0.20477557,0.23261252,0.0016899535,-0.11018363,-0.25161734,-0.0450733,0.18446264,-0.038936716,0.2650216,-0.06569449,-0.39240783,-0.102999814,-0.1638767,0.14272955,-0.16118863,-0.107218266,0.16377531,0.063962564,-0.09082818,0.018116428,0.011442782,-0.25415477,0.40365782,-0.48313308,-0.21934782,0.118326694,-0.26494578,0.041891504,-0.3522201,-0.154172,0.066021346,0.1421501,-0.080996424,0.25323114,0.3332351,-0.29613352,0.3246873,-0.1534235,0.018153314,0.112810925,-0.22270073,-0.2863527,finance
0.1723727,-0.049427286,-0.24606913,0.28307003,-0.013259392,0.3764443,0.19340418,0.3355185,0.14026141,-0.08588204,-0.14487027,0.09131354,0.03451018,0.2987561,0.11577733,-0.1522144,-0.08000935,-0.3636957,-0.0942037,-0.07278795,0.2067865,-0.09470456,0.03223607,0.20266974,0.3377186,-0.21976653,-0.12492091,0.011234244,-0.1516693,0.01681539,-0.047316924,0.1506286,-0.12758653,-0.002562948,0.20673198,0.1592762,0.26768246,-0.46487576,-0.13283667,-0.02543204,0.19125104,-0.08148224,0.456314,-0.09078212,0.14169995,-0.03254036,0.036397826,0.61213857,0.16313519,-0.19598553,0.04740095,-0.4949685,0.08049827,0.20713088,0.12110002,-0.05335927,-0.22749239,0.24031764,-0.105949625,0.12722722,-0.021052694,0.016026365,-0.40962395,0.09380754,0.14644665,0.18764524,0.16482833,0.015503133,-0.22549531,-0.012433861,-0.17498069,0.06727608,-0.19765717,-0.09189046,-0.02069046,-0.09154596,-0.038054146,-0.098461375,-0.0023756388,-0.28901562,0.3533654,-0.3501249,-0.07699598,0.03478653,-0.15533133,0.096615575,-0.34985888,-0.13508996,-0.13882467,0.14779723,-0.11669877,0.27272573,0.17126667,-0.073799744,0.35167366,0.10187808,0.110940315,0.08958074,-0.2643211,-0.28524104,finance
0.062905125,-0.08351447,-0.11897853,0.20908454,-0.025099818,0.28245506,0.3059684,0.52162635,-0.037572194,-0.10927655,-0.27912152,0.25911376,-0.07784485,0.24833444,-0.099351905,-0.3453277,-0.092324,-0.43597913,-0.3079378,0.074738875,0.14477515,-0.31616616,-0.1457045,0.24131954,0.044089213,-0.3833263,0.02540375,0.08858331,-0.033219602,-0.16109027,-0.0655558,0.07524266,-0.094216645,0.08982593,0.17433089,0.14762855,0.1721321,-0.30991817,-0.10972548,0.1263894,0.30617544,0.09767373,0.652395,-0.037893847,0.19856533,-0.05220621,0.0007028931,0.7546822,0.3486468,-0.4013682,0.27445427,-0.5593,0.0040592263,0.00749459,0.2585041,-0.16027494,0.19195755,0.20040241,-0.20612177,0.22487822,-0.10214198,-0.02332004,-0.13978373,0.010634513,0.23178671,0.2749176,0.29023504,-0.1665395,-0.413037,0.039632436,-0.10367914,0.08279546,-0.10470926,-0.20559107,0.2155826,-0.15935771,0.0677804,-0.030723246,0.17695644,-0.2511604,0.049747426,-0.45233914,-0.109787874,0.1862901,-0.173463,0.034854382,-0.27508926,-0.2675774,-0.07050279,0.29104137,-0.14573592,0.2677209,0.22813816,-0.28308564,0.23601224,-0.1986616,0.014466791,0.0009616266,-0.009430885,-0.24645759,finance
0.12929529,-0.07404897,-0.12923734,0.21128602,-0.0095948065,0.2587396,0.1760496,0.3911561,-0.10873025,-0.11190499,-0.23022105,0.29140812,0.037769984,0.25681385,-0.08311715,-0.21854417,-0.099524975,-0.36033633,-0.29300302,-0.086534224,0.18332712,-0.262822,-0.055331558,0.3004777,0.32193863,-0.27853385,-0.10137821,0.044488117,-0.1999118,-0.06430883,-0.004533631,0.08236677,-0.013270315,0.107493676,0.240689,-0.019348534,0.11620484,-0.40019196,-0.12654199,0.1874842,0.28246358,-0.06491482,0.531816,-0.13608748,0.15446018,0.042173095,-0.020795971,0.704074,0.123798884,-0.33481827,0.19017284,-0.60350126,0.17050497,0.044884186,0.14301816,-0.16412194,-0.019750005,0.23317575,-0.08673239,0.06311055,-0.09355725,0.14999688,-0.2301193,0.063027926,0.25105074,0.18410604,0.18131873,-0.036161073,-0.29037228,0.012572207,-0.22733174,0.02741824,-0.17340314,-0.110619284,0.14039902,-0.17080253,0.041805137,-0.043220963,0.1934054,-0.19156629,0.14859694,-0.42685625,-0.19121997,0.09372897,-0.18269356,0.072703004,-0.43891987,-0.17936431,0.08063812,0.22845633,-0.085876405,0.17652015,0.28437254,-0.118309125,0.39126626,-0.21896094,0.21543302,0.052574914,-0.13026863,-0.19813813,finance
0.04555404,0.12436656,0.16268298,0.15496375,0.08167704,0.16392177,0.046380386,0.2128752,-0.09076474,-0.083483785,-0.20779882,0.11553594,0.3080755,0.3629282,-0.13676281,-0.27634403,-0.114103675,-0.45627204,-0.17955431,-0.020875974,0.14545728,0.08673829,-0.083627135,0.2511939,0.5517372,-0.10418011,-0.1304083,0.129729,-0.03050925,-0.05196889,-0.1597156,0.19699302,-0.36203465,0.06388346,0.1893967,-0.040730007,0.394578,-0.24406992,-0.2725595,-0.061988022,0.15900427,-0.039642803,0.445967,-0.3186386,0.11709225,0.17191222,0.21509084,0.41039804,0.2227187,-0.11784271,-0.030821795,-0.50016063,0.043066423,-0.0044842605,0.28026107,-0.1643392,-0.032148037,0.003232814,-0.10886414,0.08645487,0.028127968,-0.009023781,-0.10406361,-0.0039371946,0.20838198,0.19489525,0.36473072,-0.08386693,-0.4039281,-0.17298558,-0.10009825,-0.056834556,-0.19390552,-0.107422955,0.1866677,-0.05409348,-0.030704096,0.07408475,0.099559925,-0.25081077,0.11575918,-0.45348713,-0.1588553,0.2111684,-0.088115305,0.10036226,-0.33030424,-0.36944714,-0.041196954,-0.0452643,-0.24181998,0.3089576,0.29769728,-0.092365764,0.16578071,-0.2673319,0.0037217527,-0.050386533,-0.21593754,-0.09239673,finance
0.09763276,0.20850167,0.19122167,0.14264467,0.111113094,0.20017909,0.1040063,0.247099,0.053991955,-0.087872505,-0.3723137,0.08610095,0.29863548,0.26856142,0.009649573,-0.3335068,-0.07253188,-0.39143243,-0.09219435,-0.15870091,0.21033627,0.33346167,-0.044117767,0.28230727,0.47773942,0.055874355,-0.11579579,0.026719192,0.039722014,0.15555966,-0.103854194,0.06466885,-0.25879797,0.13268805,0.24584296,-0.11829316,0.30645904,-0.4009886,-0.13381465,0.0805648,0.15264782,-0.22526437,0.32219294,-0.16308893,0.14529459,0.24917357,0.0036282665,0.2172509,0.26576862,-0.19696444,-0.044997357,-0.47027054,0.07490011,-0.062102105,0.33257827,0.038013197,-0.14135163,0.09801486,-0.0037274205,0.07781228,0.124419756,0.100998186,-0.17962676,-0.10443463,0.13464391,0.21657258,0.217329,-0.02426663,-0.23104219,-0.17765585,-0.16126421,0.063578054,-0.18810643,-0.080375515,0.017915571,-0.24421327,0.1269425,0.088615336,0.05993787,-0.08984318,0.0795884,-0.23083273,-0.10185282,-0.10447422,-0.080685355,0.105303116,-0.32922152,-0.2205979,-0.15764044,-0.05983805,0.015654285,0.3114993,0.13012409,-0.035957783,0.117959924,-0.043452248,-0.0791679,-0.086844355,-0.3314313,-0.08111984,sport
0.06470461,-0.025995009,-0.16545555,0.080687664,0.0065560387,0.2775957,0.12603185,0.3941632,-0.057771616,-0.067370586,-0.20632412,0.24860567,0.12104506,0.24840562,-0.023220858,-0.22761704,-0.022130297,-0.33548066,-0.23629524,-0.04897952,0.1600918,-0.1373241,0.02461934,0.2901292,0.30303314,-0.2031409,-0.024116466,0.05518446,-0.16587171,-0.111062214,0.027128091,0.026298838,-0.040092766,0.10930475,0.24628067,0.033461116,0.20070276,-0.3189143,-0.19536866,0.13614716,0.23516425,-0.026220463,0.5302702,-0.119299665,0.15575776,0.039131396,0.020074436,0.5664342,0.2004975,-0.23131171,0.19472037,-0.549795,0.12644264,-0.011623625,0.10714812,-0.23715343,0.0035507039,0.16281837,-0.079459086,0.051267475,-0.012677686,0.10050018,-0.33467507,0.10888172,0.3051584,0.21727885,0.1565918,-0.04973398,-0.3043397,0.00085376523,-0.24269575,-0.007963577,-0.22376026,-0.21341537,0.19227175,-0.1250604,0.06240015,-0.092852786,0.1209614,-0.2029246,0.2255109,-0.47110394,-0.25314015,0.15667199,-0.15478715,-0.001875361,-0.35689193,-0.1524442,0.0169229,0.22552013,-0.010225206,0.20730115,0.20188755,-0.048231624,0.28157046,-0.19036143,0.11929441,-0.00060908875,-0.12716621,-0.24453908,finance
-0.0099241305,0.096524484,-0.05654608,-0.041333787,0.065816924,0.20248643,0.14936432,0.37877372,-0.19279926,0.009754727,-0.36052534,0.064990416,0.40852407,0.36443228,-0.065225504,-0.20809546,0.033936758,-0.49765792,-0.04873299,-0.02876847,0.15867278,0.1670373,-0.07481,0.22693044,0.54180723,-0.0012856808,-0.12343861,0.15510638,-0.1424909,0.09384723,-0.13452071,-0.11738231,-0.090567954,0.08066304,0.065520585,-0.06057881,0.20495716,-0.64363074,-0.13425443,-0.15811971,0.2128083,-0.015195623,0.24791956,-0.21882878,0.14874019,0.0311404,-0.13657081,0.10462909,0.40593866,-0.14877571,0.10566301,-0.3836917,0.123842426,0.027820844,0.17338903,0.0232663,-0.13708982,0.15065575,-0.06968548,0.08986117,0.08930006,0.18217994,-0.31706652,0.083341144,0.37678054,0.3439203,0.22349295,0.067935795,-0.11931971,-0.08640123,-0.15649143,0.18149135,-0.25208858,0.037680306,0.19599035,-0.27716786,0.18766268,0.068817295,0.1218615,-0.037261285,0.054209646,-0.21341711,-0.23396745,-0.04422213,-0.294306,-0.016025798,-0.18836088,-0.19253911,-0.035550006,0.00091002765,0.05420364,0.18114488,0.10515831,-0.16606052,0.36386088,-0.08151681,0.10449472,0.067880824,-0.15027568,0.29750398,sport
0.13264723,0.01229535,0.01959602,0.053681783,-0.031829976,0.22500867,0.13587923,0.3142841,-0.15592076,-0.15048185,-0.2517318,0.07964824,0.19240855,0.32538542,-0.092338935,-0.13194516,-0.06526696,-0.41060272,-0.10232834,-0.07541372,0.09392302,0.07545717,-0.02850453,0.25502,0.34945473,-0.11547585,-0.14220916,0.094550714,-0.12997137,0.13349624,-0.0256591,-0.11142222,-0.09575456,0.1370066,0.19021702,0.04899296,0.15973866,-0.28904998,-0.16256274,-0.027253518,0.15681125,-0.02315095,0.30036002,-0.1244723,0.20030287,0.08244108,0.17378207,0.43599775,0.21585079,-0.17607757,-0.06584596,-0.53942037,-0.031511895,-0.06433315,0.12636259,-0.067724936,-0.008887214,0.19450097,-0.24208182,0.13748406,0.013461867,-0.055131156,-0.23164992,-0.010591728,0.15232845,-0.017826194,0.26755643,-0.08890464,-0.26198572,-0.05747765,-0.0983754,0.021369325,-0.1678013,-0.10053851,0.21624832,-0.091354094,0.08364164,0.03751981,0.12555379,-0.22935617,0.16943996,-0.33664507,-0.13706453,0.007563482,-0.19764382,0.06946671,-0.32149604,-0.2579133,-0.0072381957,0.044387426,-0.09826643,0.2989324,0.13974239,-0.2192818,0.1523516,-0.13236935,0.12579972,0.053162903,-0.16497074,-0.07318868,finance
0.08008945,0.15343614,-0.059850805,-0.07736705,0.037692394,0.22753054,0.24816956,0.21690997,-0.09866863,-0.22652178,-0.11937882,0.094870955,0.4123683,0.21281259,0.097468816,-0.2086219,-0.14893581,-0.38590038,-0.16483754,-0.0030204563,0.053601377,-0.0017582147,-0.209277,0.3267086,0.31211472,-0.15019089,0.11278968,0.046353575,-0.075810626,0.14198993,0.00748495,0.05596457,-0.051712427,0.21476331,0.30066553,-0.15474188,0.26286757,-0.3392954,-0.18885621,-0.06887862,0.1528876,-0.1586505,0.22760534,-0.17577131,0.19487698,0.2530676,0.04135412,0.3222125,0.105410375,-0.2345167,-0.022848701,-0.42047298,0.13750999,-0.062007062,0.24104784,-0.0785821,-0.22480635,0.09813121,-0.09320498,0.28781208,0.09513631,0.056661267,-0.17340617,-0.04280714,0.06403384,-0.041815754,0.2743531,0.010881438,-0.21712044,-0.12358094,-0.16199364,0.053177714,-0.1900079,-0.1591756,0.11536643,-0.24191716,0.050640326,0.19003962,-0.028612249,-0.19371024,0.19765365,-0.32730314,-0.37103143,-0.10257045,-0.045900058,-0.073511675,-0.45534605,-0.1256916,0.06675015,0.28344977,-0.117704004,0.07768041,-0.016449627,-0.0101565635,0.13954698,-0.110418245,-0.034200374,0.10343086,-0.1950965,-0.1342577,finance
0.10755625,-0.16721578,-0.27869096,0.20638745,0.061243422,0.24565555,0.19314778,0.2719197,0.028393935,-0.030939374,-0.15268181,0.20709427,0.13359208,0.1398454,-0.03250023,-0.07807738,-0.106061436,-0.37935346,-0.13430947,-0.06359408,0.17111266,-0.06857447,-0.022246258,0.33281842,0.5625281,-0.19418508,-0.31409714,0.03424841,-0.26036686,0.05808024,-0.010317749,-0.06638599,-0.0833702,-0.03021113,0.32703534,0.01559266,0.23426344,-0.4553403,0.017260516,0.18216501,0.1290733,-0.05831294,0.5232726,-0.05488041,0.294039,0.07839268,-0.0462386,0.5619275,0.19359763,-0.20451635,0.0848715,-0.6125697,0.20958391,0.14047995,0.039686073,0.024189597,-0.09395848,0.15408292,-0.016786143,0.11979391,0.023713639,0.14797743,-0.41376123,0.12497388,0.20760648,0.20613107,0.2229819,0.054270774,-0.13387522,0.04113917,-0.35669076,0.014687711,-0.22807604,-0.06779588,0.050749093,-0.05400677,0.06452171,-0.050924852,0.09534939,-0.19602334,0.20233268,-0.29207572,-0.18264237,0.07651245,-0.15405513,0.0459765,-0.37807158,-0.23171398,-0.0049655084,0.077153556,-0.14379424,0.17317432,0.20347127,-0.055005323,0.34808725,-0.11950265,0.23712286,0.072995044,-0.25893626,-0.2430586,finance
0.19712181,0.038530085,-0.24893065,0.09087701,-0.020544738,0.13917856,0.0237975,0.21175374,0.019848118,-0.066649444,-0.2533077,0.10290638,-0.013240745,0.26687017,0.051376197,-0.3619209,-0.06440174,-0.34385332,-0.31219238,-0.044763234,0.09757665,-0.12980124,0.06794033,0.00095954526,0.4630385,-0.33588392,-0.0010806959,0.0444112,-0.15305868,-0.32958227,-0.10378623,0.14184389,-0.18646838,-0.12248868,0.24425125,-0.05847376,0.24517448,-0.55259544,-0.22616994,0.10172492,0.37476856,0.04444536,0.35831028,-0.3054746,0.3354345,-0.027248513,0.0726761,0.5129351,0.074375734,-0.5024412,0.18037643,-0.6004997,0.24763055,-0.091521055,0.15369192,-0.049560763,-0.07638874,0.18234068,-0.026531044,0.15850131,-0.020021716,0.11286532,-0.23018685,0.1138318,0.43344855,0.26511058,0.2814669,-0.040960748,-0.09327214,-0.016845666,-0.28839165,0.08018085,-0.14989334,-0.32455486,0.008748755,0.002041711,0.11599612,-0.03739593,0.10973343,-0.3324988,0.49942058,-0.24211434,-0.04972284,0.14350718,-0.1964954,0.015987178,-0.45940492,-0.03879788,-0.09932517,0.12689601,-0.022180527,0.4113298,0.14652443,-0.16945931,0.46109396,-0.07527014,0.095244884,-0.013889436,-0.26094326,-0.15488315,finance
0.0060878103,0.045919515,0.094063014,-0.10774774,-0.083631344,0.32786706,0.099832185,0.41863242,-0.27963814,-0.16936763,-0.3408733,0.114071704,0.36640063,0.274317,-0.14283982,-0.20772757,-0.011747538,-0.6219056,-0.10044788,-0.067399986,0.08826794,0.113368794,-0.09206531,0.16330671,0.59272593,0.07516627,-0.10497339,0.06271201,-0.046163235,0.046200275,0.015363243,-0.17296608,0.1054996,0.2141447,0.13851087,-0.1633948,0.2126758,-0.4498857,-0.33850318,-0.09200186,0.056623783,-0.014511522,0.32231423,-0.1894527,0.12158327,-0.018333554,-0.19549812,0.1914682,0.30118668,-0.14834514,-0.037530158,-0.4728615,0.12998754,-0.02735619,0.2657085,-0.052045625,-0.08636574,0.18994497,-0.100949556,0.056597218,0.01620679,0.17950897,-0.27153876,0.039668374,0.25530353,0.086724356,0.15889278,0.07521587,-0.3175807,0.037391786,-0.19984068,0.0045854556,-0.28823152,-0.19116218,0.2606285,-0.24059366,0.17899317,0.0023402285,0.26694503,0.020336324,0.2061857,-0.28924018,-0.124743894,0.082469486,-0.13072039,0.015105284,-0.35517323,-0.04182511,-0.053128622,0.05142844,-0.023509886,0.2619219,0.260979,-0.1588508,0.22312726,-0.14448163,0.21956061,-0.07471455,-0.20477912,-0.061888725,sport
0.056912962,0.05894892,-0.12754866,0.15535858,0.029407037,0.28452867,0.169761,0.30539474,0.007080162,-0.15235828,-0.2613183,0.104090735,0.14240494,0.21516947,-0.034276336,-0.2476741,-0.061642334,-0.3790198,-0.13735573,-0.057571076,0.13906352,0.022089412,-0.061509278,0.20740612,0.35953674,-0.23815654,-0.047403123,0.04832503,-0.12096201,-0.018068185,-0.03239034,0.045891125,-0.05210394,0.10336757,0.12852469,-0.026985236,0.18136221,-0.35872057,-0.09694776,0.075326264,0.1663417,-0.025866728,0.4304088,-0.13271907,0.17666332,0.0347546,0.048084754,0.49765185,0.1489102,-0.18488194,0.13140564,-0.48491973,0.11651593,0.031288628,0.17266446,-0.07427669,-0.06892123,0.11109797,-0.0686394,0.075948454,0.007783291,0.06373813,-0.25855768,0.06134293,0.2274535,0.17114921,0.19379419,-0.04603075,-0.20120099,-0.039502487,-0.14919376,0.05775058,-0.18841378,-0.10546328,0.121763706,-0.14136207,0.10832764,0.07248243,0.12785792,-0.25419575,0.20608482,-0.26951537,-0.0860257,0.0412247,-0.15442662,-0.05769283,-0.28070942,-0.22634195,-0.07152546,0.1187263,-0.04902892,0.2952944,0.14943385,-0.09556919,0.23309208,-0.111887835,0.087187104,0.04364438,-0.1495802,-0.14130597,finance
0.10560031,-0.080541976,-0.10351533,-0.0046457583,-0.058654994,0.23290801,0.29159498,0.11168611,0.08072941,-0.1120859,-0.35713568,0.14768884,0.092858426,0.5591096,0.12888868,0.053725474,-0.018090492,-0.33050016,-0.1426277,0.14961348,-0.004912756,-0.082628615,-0.30031332,0.3498084,0.16922395,-0.321115,-0.055284075,0.07914304,-0.4460894,0.1336031,-0.2437617,-0.19743675,0.002575512,0.33031863,0.4761439,0.12801912,0.39072338,-0.43038914,-0.002868337,-0.015385427,0.28654116,0.3315075,0.34043312,-0.14479601,0.16691394,0.24837324,0.14891279,0.2733443,0.28134826,-0.17364602,-0.0044457195,-0.6679824,-0.11340047,-0.037240464,0.09512637,0.3178617,-0.15931766,0.2556654,-0.06421781,0.4923215,-0.07865299,-0.022496033,-0.28869078,0.09028214,-0.0057869228,-0.050857134,0.14460139,0.0065433932,-0.16246536,-0.030754441,-0.049150407,0.26551458,-0.15962467,-0.11289661,0.2261153,-0.2895967,0.047779135,0.065918714,0.1744977,-0.20405431,0.07514212,-0.35878813,-0.2029193,0.14415084,-0.34445107,-0.14742889,-0.20723335,-0.08930815,-0.007983673,0.09038845,-0.045742765,0.06563541,-0.17698309,-0.5015147,0.15537886,0.049425,0.2657567,0.20398208,0.16403459,-0.0895784,finance
0.02817212,0.043714833,-0.24357997,0.27247098,-0.05254502,0.30190557,0.27700448,0.34696794,0.15767772,-0.06439618,-0.045736384,0.15934,-0.07361382,0.32578477,0.037397183,-0.14439876,-0.10390469,-0.34209293,-0.08445085,-0.09994533,0.16091405,0.056778442,0.0047452594,0.26147,0.22139505,-0.13117452,-0.07118914,0.10002714,0.09545311,0.045719765,-0.06514313,-0.04264719,-0.030255841,-0.036610648,0.33827516,-0.044626944,0.1687092,-0.35466835,-0.1798038,-0.019808734,-0.025707046,-0.0900042,0.2801671,-0.13274118,0.28140047,0.057468727,0.15970346,0.4705349,0.13909315,-0.344029,0.0043612886,-0.5693635,0.13695595,0.054877177,0.0401007,-0.0064803725,-0.20599204,0.13186435,-0.09347254,0.20195234,-0.1581125,-0.043606825,-0.36634126,0.07760745,0.15488756,0.13387981,0.1432383,0.07388248,-0.23538834,0.015436899,-0.13187166,0.04636954,-0.2839653,-0.25053155,0.058785055,0.031811025,0.09555869,0.00083652337,0.01966844,-0.35802066,0.31424233,-0.23935974,-0.027215645,-0.037470613,-0.07346451,0.22540268,-0.194273,-0.16166876,-0.27845728,0.15153053,-0.10852189,0.4193102,0.033323675,-0.1646184,0.27599016,0.040562924,-0.01778587,0.19009049,-0.11802875,-0.21785223,finance
0.013513778,0.17948279,-0.0062367376,0.018043907,0.07486889,0.26035422,0.16389361,0.26730385,-0.062294707,-0.16219778,-0.15758336,0.09281541,0.2441692,0.27571154,0.09652553,-0.24251485,-0.039333794,-0.37254876,-0.1522662,-0.014434519,0.12926956,0.01575285,-0.16251345,0.25085676,0.26759607,-0.15241171,0.082722455,0.045893203,-0.1125855,0.069116466,-0.14336322,-0.008088277,-0.11554925,0.19570166,0.19311054,-0.10979826,0.23318045,-0.24539074,-0.14671654,0.055410963,0.16110744,-0.084685326,0.1795035,-0.22050166,0.21260351,0.14693736,0.07195325,0.35222572,0.21336025,-0.2816723,0.059880637,-0.4424255,0.084300384,-0.052321874,0.24628103,-0.008460319,-0.14349388,0.117723756,-0.11436973,0.12708768,0.19048308,0.08494449,-0.18097052,-0.08025043,0.1568409,0.15001337,0.24448252,-0.060977213,-0.20332855,-0.14096564,-0.011476622,0.086223625,-0.13767458,-0.13215381,0.078910954,-0.17063534,0.07813592,0.14391328,0.052127566,-0.25016317,0.14269975,-0.25682992,-0.2037769,-0.10714518,-0.16826734,-0.00016394795,-0.33168504,-0.22422801,0.0029868307,0.14791721,-0.13315858,0.3140907,0.050013606,-0.06687517,0.16699669,-0.15068337,0.012773219,0.0511059,-0.16149256,-0.101189986,finance
0.17948714,-0.039378904,-0.2516026,0.08981099,-0.10480316,0.2095641,0.20964125,0.40191934,-0.059588045,-0.123816125,-0.224427,0.16411611,-0.0692279,0.3589243,0.06575246,-0.4170321,-0.040817045,-0.29201633,-0.4636481,-0.06650857,0.12816587,-0.31740963,0.032337047,0.16913669,0.21070622,-0.39026204,0.035984825,0.161187,-0.20481671,-0.35473895,-0.06781496,0.10086587,-0.0638567,-0.049610257,0.32120714,-0.005386102,0.17208625,-0.5033169,-0.20782626,0.0854678,0.39906427,0.11939482,0.5615891,-0.2706053,0.2689598,-0.0014320598,0.10100232,0.71799266,0.102965616,-0.4935774,0.28032216,-0.64080137,0.20302641,-0.04813951,0.19454627,-0.13300478,-0.02318556,0.16940108,0.005629014,0.19406354,-0.1313442,0.06716879,-0.2307148,0.14449488,0.37231424,0.24318954,0.25312313,-0.1412168,-0.21275389,0.06339081,-0.2862078,0.14615153,-0.19238397,-0.39345777,0.10560609,-0.070869796,0.13226776,-0.065887146,0.1922233,-0.33778486,0.31222707,-0.43620807,-0.10658086,0.11318405,-0.18486044,-0.009253081,-0.40744784,-0.044499878,-0.061557915,0.3071438,-0.103474796,0.41211933,0.024440942,-0.19494618,0.55434245,-0.11928304,0.12376118,-0.005234045,-0.12612216,-0.17336363,finance
0.032283355,0.16403556,-0.13312966,0.14462183,-0.009100014,0.17088173,0.23206177,0.1832439,0.14596508,-0.2635428,-0.17089947,0.2338132,0.30288285,0.4024083,-0.063503675,-0.13884267,-0.11215071,-0.58119327,-0.18693098,0.001719514,0.22080249,0.14484026,0.078911245,0.1966878,0.39635834,-0.3060469,0.06713151,0.024161734,-0.090446085,0.038169052,0.0023631116,0.017372241,-0.1967586,0.28987283,0.17641896,-0.06220284,0.12745069,-0.2956352,-0.055406857,-0.012561606,-0.050922684,-0.13318555,0.42485562,-0.23294765,0.047402192,0.18864246,0.23109016,0.33411682,0.18586671,-0.26754624,0.11573836,-0.5074141,-0.11820894,-0.051788513,0.23605077,-0.08076654,-0.004762495,0.17131566,-0.22415645,0.11351123,0.15230553,-0.01450984,-0.22061217,-0.062464077,0.0029487645,0.14329249,0.24607262,-0.19812444,-0.20752437,-0.12121264,-0.13473968,0.14103316,-0.119915076,-0.17394902,0.26828104,0.050166797,0.14480062,-0.14340058,0.030880928,-0.5305811,0.24837653,-0.25601968,-0.14765629,-0.09745752,-0.15846494,0.17049216,-0.2593837,-0.21234545,0.045822073,-0.025416601,-0.25779942,0.2524069,0.04142852,-0.1528598,0.13497639,-0.20186682,0.008069529,0.023774795,0.006874537,-0.14493881,finance
-0.004458333,0.033390116,0.12441431,-0.08388443,-0.021496816,0.3634805,0.037905965,0.3038183,-0.29087448,-0.14953217,-0.28299147,0.039479923,0.34341377,0.23202741,-0.18117243,-0.14952356,-0.050424974,-0.6183697,0.024815317,0.00788251,0.16258976,-0.01026822,-0.074432135,0.16577126,0.6048558,0.14521468,-0.1809115,0.040491186,-0.04387629,-0.005709102,-0.005959762,-0.14101994,-0.046539728,0.3688935,0.13265434,-0.15602511,0.15780775,-0.3850073,-0.31906697,-0.028530814,0.14763597,0.0013403486,0.25055987,-0.20323892,0.1850444,0.017241692,-0.24766882,0.13436976,0.33740288,-0.26388463,-0.09128985,-0.5795936,0.12193391,-0.13541946,0.2441336,-0.047333118,0.022238057,0.3400728,-0.18007961,0.031512566,0.06408548,0.096900776,-0.35051084,-0.009677528,0.17023379,0.049700037,0.055244982,0.0060347044,-0.29322216,0.01969008,-0.28956288,0.024103794,-0.2547795,-0.14122438,0.15027782,-0.34638584,0.2962143,0.07394943,0.34069383,-0.01271024,0.20975524,-0.20295978,-0.1040614,0.11899495,-0.25911555,0.10698002,-0.31420884,-0.046391997,-0.08104856,0.05284273,-0.04636359,0.2438853,0.28621322,-0.26246786,0.2278421,-0.24510376,0.1986292,0.027465135,-0.3036125,-0.10043792,sport
0.07519118,-0.082371086,-0.084886804,0.2013227,-0.04378731,0.1924325,0.17484082,0.14619091,-0.0074179475,-0.13716725,-0.25480258,0.102721795,0.039224513,0.35615954,-0.047132783,-0.13738675,-0.23766692,-0.46070057,-0.23249847,0.09202296,0.15035522,-0.029646799,-0.06836017,0.19832183,0.36290336,-0.22284818,-0.14762448,0.08737373,-0.06334874,-0.006301341,-0.14002627,0.09813178,-0.29965413,0.027532158,0.28971726,0.048212443,0.33083948,-0.38170046,-0.22091113,0.08129212,0.23321046,0.044941574,0.3781361,-0.09000378,0.11461319,0.026497856,0.18711498,0.63382006,0.17789067,-0.19835912,0.035521418,-0.5372206,-0.03050851,0.09478463,0.25243345,-0.20140035,-0.061984133,0.1575954,-0.27304456,0.1554523,0.0028171116,0.10931507,-0.13010527,-0.049642447,0.012540047,0.2086259,0.2957583,-0.17668797,-0.37607798,-0.0583721,-0.08034811,0.05464409,-0.12284929,-0.1180847,0.059936244,-0.13511318,0.05743389,0.12988234,0.026002144,-0.40132993,0.14365204,-0.32679084,0.0017563503,0.054478016,-0.121645115,0.23607834,-0.26243114,-0.3130784,-0.10434051,0.20260091,-0.27695197,0.25094777,0.24564019,-0.10786801,0.20052753,-0.1144293,0.045906216,0.013594355,-0.113319226,-0.22963949,finance
0.10040198,0.0474664,-0.2399222,0.11695939,0.0014851616,0.22616494,0.05003396,0.2277654,0.0358262,-0.056919627,-0.17711963,0.12758979,0.018748475,0.2934664,0.08678923,-0.39892498,-0.05822174,-0.29737633,-0.25378284,-0.050797485,0.1404145,-0.15479676,0.07953156,0.11618855,0.4436547,-0.33336067,-0.026758615,0.029930882,-0.16876064,-0.2823987,-0.15162045,0.13470964,-0.17747833,-0.09461545,0.2515973,-0.0172486,0.3256879,-0.4407139,-0.22006047,0.15056245,0.37036854,-0.022472689,0.41487938,-0.25853458,0.2895229,0.012561779,0.12624155,0.53591377,0.122691534,-0.44587687,0.25472286,-0.5866938,0.22875968,-0.062437773,0.15846285,-0.07623249,-0.04320991,0.14449765,-0.017299326,0.11838765,-0.0108440025,0.0759095,-0.26028803,0.1322406,0.4037744,0.28424838,0.25035298,-0.08927602,-0.10821012,-0.08193631,-0.25493646,0.0009618765,-0.21952456,-0.28801182,0.05913219,-0.0087149665,0.12500226,-0.006026992,0.109941356,-0.32091978,0.41927373,-0.28329623,-0.04879435,0.117916726,-0.18365888,0.011940639,-0.42471552,-0.11464578,-0.115484804,0.13432567,-0.05127334,0.39501795,0.09059552,-0.1264208,0.4573408,-0.09119365,0.06104017,0.0043523097,-0.31109354,-0.18211272,finance
0.086037666,0.08973167,-0.02467301,-0.10321765,0.16912366,0.3610276,0.32381716,0.40171483,0.06882533,0.05518894,-0.24294138,0.09123161,0.27908894,0.25131503,-0.13907422,-0.3443064,-0.16126147,-0.677015,0.007933792,0.14858738,0.21221435,0.07112435,-0.12859595,0.0480701,0.52939475,-0.000163728,0.16380455,0.08416475,-0.04347347,0.006464995,-0.21899296,-0.21282658,-0.13752344,0.3409884,0.09152704,-0.031663146,0.1983539,-0.4722817,-0.26456958,-0.049873676,0.10596094,-0.118821695,0.1917071,-0.13450101,0.12139743,0.02396772,-0.19992608,0.08493946,0.5532315,-0.24061464,0.106317334,-0.4961715,0.11637556,0.03457082,0.20334908,0.091633864,-0.19949165,0.19326,-0.07343518,0.1914618,0.07266312,0.099150516,-0.36143047,0.088428654,0.12666059,0.3643324,0.31164232,-0.008928055,-0.25058237,-0.1185184,-0.18742846,0.23532426,-0.32256135,0.02325907,0.12631804,-0.21514553,0.24748658,0.16338009,0.09624959,0.033962592,0.05093066,-0.25585914,-0.18270065,0.067380734,-0.23119093,0.04663531,-0.13982308,-0.06304262,-0.20230234,-0.07561426,-0.0257878,0.18984663,-0.001353692,-0.27534953,0.3380839,-0.0143047245,0.05665466,0.15086386,-0.119521685,0.3392966,sport
0.016089339,0.14653231,-0.11456111,0.26967075,0.18803863,0.17609079,0.1371809,0.18961817,0.21816339,-0.1254148,-0.17587265,0.1592454,0.118446715,0.25159326,0.03780188,-0.20206784,-0.18433417,-0.39445332,-0.22405088,-0.014016147,0.21906021,-0.113426454,0.0554998,0.19813421,0.31196618,-0.28992686,-0.13289872,0.012236754,-0.06524731,-0.14852516,-0.2786274,0.094467446,-0.3170936,-0.074562564,0.21263273,0.06809691,0.5763624,-0.24280836,-0.17912641,0.1577036,0.17295066,0.024375876,0.27625966,-0.196391,0.02509067,0.20646861,0.043506466,0.5443259,0.1667153,-0.23038267,0.17331876,-0.5007447,0.062427193,0.092486836,0.08809499,-0.021541793,0.11874611,0.06927507,-0.31002036,0.1180509,0.06516275,-0.028461078,-0.2922577,0.035443146,0.05326431,0.39929807,0.23105827,-0.21195456,-0.27128518,-0.17493166,-0.16284333,-0.038268145,-0.21383256,-0.15488295,-0.004389907,-0.23550852,-0.009861791,0.08737535,0.06281696,-0.39462817,0.2225009,-0.2897867,-0.22245137,0.14786403,-0.121728845,0.05806289,-0.2537048,-0.31053331,-0.19012086,-0.01883685,-0.23652245,0.35039395,0.19161761,-0.23341928,0.28998062,-0.14785156,-0.0933626,0.004404742,-0.30788958,-0.30547652,finance
0.07897385,-0.0020954816,-0.30148044,0.18582678,-0.086308576,0.42063403,0.26941416,0.35677144,-0.015613135,-0.05368792,-0.26620477,0.037269004,-0.033896796,0.23583362,0.08983083,-0.32244548,-0.08782561,-0.24810126,-0.19640838,-0.1574405,0.07709308,-0.13740085,-0.0068382556,0.08059805,0.3518984,-0.3849012,-0.0152463615,0.10582706,-0.16224071,-0.16960861,-0.15248953,0.09691082,-0.08344475,-0.029729279,0.31440663,-0.0523771,0.19706476,-0.59616554,-0.08607718,0.14713416,0.29638544,0.027536765,0.4725772,-0.1712745,0.2628839,-0.09807526,-0.0004438265,0.7262392,0.051025778,-0.37835422,0.17403005,-0.6293998,0.2513909,-0.015606161,0.09985593,-0.059848275,-0.2168024,0.2568312,0.08121234,0.18254738,-0.06002128,0.1163416,-0.3287455,0.19701207,0.49152902,0.19494134,0.18994191,0.20026033,-0.17392147,-0.03224563,-0.34913447,0.08997709,-0.21106209,-0.17683321,-0.042387515,-0.081159,0.13089384,-0.0415319,0.078741536,-0.24693279,0.35175797,-0.25574517,0.021189071,0.047664974,-0.23783311,0.06026241,-0.34184015,-0.0825514,-0.047979303,0.19482206,-0.0029606374,0.26182848,0.093720764,-0.15796442,0.39561814,-0.09040951,0.11035654,0.13622478,-0.2585485,-0.12818381,finance
0.07821056,0.012198421,-0.10841548,-0.02300124,-0.062979996,0.19547017,0.14763413,0.34112164,-0.16124053,-0.2028738,-0.31347746,0.12670015,0.30176276,0.2661979,-0.015946342,-0.08668443,-0.085700326,-0.3583099,-0.12855147,-0.06860716,0.15659375,0.14972316,-0.04433382,0.14368442,0.36202997,-0.34166715,-0.04280449,0.11859253,-0.15104704,0.020625142,-0.062453702,0.022016067,-0.033161733,0.22246505,0.18761653,0.04195433,0.23058738,-0.30913872,-0.16566606,-0.012068178,0.12679933,0.091792844,0.45913672,-0.12755245,0.19820283,0.095886886,0.073318325,0.4765774,0.15045634,-0.028403012,0.14218277,-0.58053964,0.011829849,-0.044506963,0.15509059,-0.099843904,0.019127175,0.09677741,-0.16223611,0.1505668,0.006730405,0.06050925,-0.22882205,-0.01327615,0.21958815,0.21272153,0.22857037,-0.124009065,-0.22123648,0.01031611,-0.10317782,0.06404044,-0.19442073,-0.07485996,0.20921378,-0.20395829,0.098276205,-0.078138575,0.1771677,-0.27388814,0.28717557,-0.50599664,-0.24270946,0.13557234,-0.2330514,-0.028080259,-0.31093532,-0.25656298,0.17371616,0.054797772,-0.0023278564,0.23663892,0.11478935,-0.09690073,0.21172473,-0.19686767,0.19790052,0.013944999,-0.16177477,-0.16024473,finance
0.15325508,-0.0092193885,-0.17709371,0.020264667,-0.13710141,0.19910865,0.1505362,0.38599214,-0.06606431,-0.17407784,-0.26200086,0.1452317,0.020999638,0.31333083,0.04351882,-0.35217354,-0.020852689,-0.3277052,-0.41483673,-0.033239596,-0.003919143,-0.27730215,0.016367938,0.08699856,0.23985267,-0.46673936,0.005390091,0.101871595,-0.23973267,-0.2811474,-0.08026391,0.077982396,-0.05007416,-0.008333195,0.21988352,-0.010747703,0.17292759,-0.5395008,-0.12205969,0.04055316,0.3358156,0.10236119,0.516512,-0.27216792,0.21916807,0.045921218,0.055561878,0.6787207,0.10399836,-0.45035076,0.25960362,-0.626003,0.1495646,-0.10608468,0.19559424,-0.11488011,-0.02240617,0.14004909,0.021972336,0.19722249,-0.07546227,0.10183126,-0.20390344,0.12085384,0.35344952,0.21716821,0.295939,-0.07726533,-0.2212013,0.04485506,-0.19342318,0.1807448,-0.15242665,-0.31250697,0.12851456,-0.045997243,0.084508754,-0.061961897,0.24151206,-0.28744787,0.31281108,-0.30374414,-0.11531808,0.13712016,-0.24796458,-0.066205956,-0.36222467,-0.052248724,0.0025725816,0.23138332,-0.07217621,0.37030655,0.08799003,-0.20719261,0.4639153,-0.1694309,0.15719411,0.015956242,-0.107109785,-0.109865904,finance
-0.032017108,0.112242974,0.0062477617,0.23839433,0.019665247,0.20356975,0.06359841,0.3821499,-0.04837602,-0.1400339,-0.39651403,0.022802033,0.34128645,0.07777764,0.00038355173,-0.36229056,0.004721263,-0.35974348,-0.13047937,-0.04873222,0.1825149,0.24226852,0.083515644,0.2273045,0.44665092,0.0068130475,-0.33256343,0.13458005,-0.09007339,-0.026132673,-0.20758563,0.11270516,-0.24131383,0.0343071,0.11971597,-0.08138008,0.29723078,-0.49862584,-0.22768688,0.21593826,0.32225046,-0.078412995,0.31258857,-0.28076676,0.27849233,0.13192996,0.036116213,0.32607126,0.3036984,-0.18244687,-0.021773899,-0.4442231,0.09496107,0.037471127,0.24957238,0.08139444,-0.040209662,0.076415025,-0.13733274,0.10435273,-0.009523521,0.07586049,-0.22849473,-0.023887603,0.30896938,0.19603404,0.28921396,-0.018004563,-0.08940635,-0.119839765,-0.220719,0.11812861,-0.2639711,-0.1098605,-0.013250966,-0.29790854,0.09854332,0.04674157,0.21220252,-0.18638158,0.15283649,-0.26962364,-0.09160977,-0.034831703,-0.24477637,-0.07024349,-0.21114418,-0.28878453,-0.01994467,-0.14710186,0.055457648,0.41351244,-0.00046279037,-0.23292944,0.33922425,-0.05535691,0.037236664,0.002353587,-0.43710375,-0.03709298,sport
0.020240545,0.01436608,-0.17665625,0.2688096,0.10330365,0.17097595,0.10385081,0.077975325,0.031246658,-0.03607454,-0.21686257,0.2451018,0.21275145,0.18776232,-0.031264365,-0.21815881,-0.09972628,-0.4701034,-0.18529518,-0.0015835721,0.19265585,0.035608426,-0.040310897,0.40109196,0.50741524,-0.12521546,-0.2873546,0.009510348,-0.20791654,0.02195832,-0.113329984,0.08105615,-0.39613014,-0.07196149,0.2787468,0.019153671,0.42425013,-0.34019324,-0.07088841,0.21289816,0.1513058,-0.18154137,0.36211532,-0.036695704,0.16453817,0.21875094,0.15502845,0.47792643,0.27796105,-0.1516405,-0.022417398,-0.57931167,0.11831425,-0.013280054,0.13819693,-0.030470062,-0.06895968,0.15493408,-0.24446894,0.12299363,0.16596873,-0.0074478285,-0.43341777,-0.013811644,0.08118808,0.18379332,0.2876671,-0.041694786,-0.24508348,-0.08437981,-0.2495808,-0.0542629,-0.20520158,0.006377719,0.10097731,-0.10549599,0.16532886,0.26054245,0.09927814,-0.3456041,0.17417462,-0.17551717,-0.08155326,0.04222826,-0.17123637,0.19909453,-0.26732796,-0.3694041,-0.13918298,0.051478695,-0.26560855,0.13599822,0.45156398,-0.06445423,0.17354238,-0.14278519,0.06506003,0.070063405,-0.45098418,-0.39244902,finance
0.03025472,0.13387126,0.04814205,0.20888756,0.062045183,0.35363603,0.257627,0.3202467,0.18573615,-0.07589066,-0.23369317,-0.018612567,0.045973185,0.23530374,0.102712825,-0.28166783,0.07481673,-0.10465821,-0.09964089,-0.105031766,0.066223994,0.22944863,0.028332012,0.34089288,0.17417096,-0.19766341,-0.22558154,0.13485415,-0.05191071,0.13214435,-0.21390109,-0.09087648,-0.13741374,0.19582425,0.42146224,-0.049815528,0.23900448,-0.503322,-0.045152586,0.15497507,0.22529842,0.024364725,0.12938267,-0.27823952,0.41060418,0.08726408,-0.034882084,0.11285079,0.33591104,-0.40246648,-0.006645547,-0.65023017,0.017762475,0.024255823,0.21232289,0.12018419,0.17102152,0.16724879,-0.050561402,-0.006028254,-0.04957629,-0.020400105,-0.28495863,-0.10906753,0.38658175,0.42622823,0.1699665,-0.020170022,-0.35041684,-0.20482947,-0.28872037,0.16805315,-0.13780244,0.0043926206,-0.16554865,-0.4370436,0.19348253,0.19345383,-0.10924204,-0.2111836,0.08881276,-0.2078866,-0.054080486,-0.11750398,-0.2826183,0.15170832,-0.20477661,-0.11955754,-0.30093718,-0.11025335,-0.047633756,0.3853511,-0.10863496,-0.34457463,0.35675085,0.03365921,-0.2489582,0.12893766,-0.2790235,-0.16767961,sport
0.18493502,-0.019587668,-0.25824142,0.21695893,-0.11397957,0.19677983,0.089811,0.333805,0.12634343,-0.030432612,-0.3025231,0.06418698,-0.053430952,0.31521213,0.17146558,-0.2772212,-0.036775857,-0.33011174,-0.27637148,-0.0071243527,0.047012888,-0.16100533,0.13651817,0.080862164,0.4018393,-0.41289315,-0.08028255,0.11138601,-0.17041491,-0.364343,-0.12265626,0.10819919,-0.22384702,-0.14081398,0.21245849,0.006800387,0.29441243,-0.6698554,-0.19828045,0.066801704,0.31197017,0.11416248,0.43183967,-0.23561473,0.29449028,-0.04582531,0.11097595,0.5998754,0.08154038,-0.36979064,0.2094152,-0.63414866,0.15289432,-0.016294172,0.2030232,0.023951638,-0.08301894,0.2271182,0.035398263,0.18288228,-0.053152997,0.07246411,-0.31653526,0.046586867,0.35493004,0.37888306,0.22955605,-0.02864549,-0.15727104,0.042776715,-0.25021222,0.1430332,-0.19449414,-0.32126984,-0.043008994,-0.0014528487,0.10171761,-0.045647997,0.09644317,-0.36767977,0.4258241,-0.23794779,-0.08146459,0.20345688,-0.20375578,0.008023568,-0.39191055,-0.013274343,-0.20636927,0.11569693,-0.028124282,0.40039453,0.102647156,-0.16966605,0.48584455,-0.0070490227,0.14238937,-0.0067991614,-0.25104997,-0.24106807,finance
0.12647878,0.055973914,0.10065666,0.036968525,0.049273856,0.2144366,0.07986186,0.23587391,0.10353241,-0.08615255,-0.3486142,0.1853749,0.26876545,0.20741719,0.0050330684,-0.27127364,-0.06495653,-0.2923998,-0.10212198,-0.014101124,0.1081082,0.20870796,-0.04189492,0.25258318,0.4414814,0.017124241,-0.21755588,0.08635442,-0.044364408,0.030121868,-0.17427,0.019761682,-0.24684863,0.19758005,0.19248593,-0.0946193,0.24460149,-0.48138273,-0.10323328,0.18293309,0.095177434,-0.13951926,0.2583164,-0.0931953,0.15052468,0.23054561,-0.018913768,0.22693372,0.36626074,-0.31731313,0.037922636,-0.5654254,0.013668352,-0.037832122,0.21220402,0.094707355,-0.15364578,0.09860877,0.029841552,0.10285285,0.110403575,0.16992125,-0.28172457,-0.061603826,0.08876126,0.2761542,0.23920155,-0.03678404,-0.18707529,-0.07125135,-0.1863554,0.17071196,-0.19540586,-0.11418578,0.04361284,-0.214262,0.16417746,0.13851288,0.02978814,-0.18104967,0.17498043,-0.22706544,-0.05728878,0.019371673,-0.22603431,0.038998455,-0.230658,-0.18386437,-0.14880179,-0.08694792,0.03297496,0.27605215,-0.00026998235,-0.08867767,0.2744993,-0.044624556,-0.046689864,0.00052911224,-0.2509825,-0.07105635,sport
0.014913477,0.038105987,-0.21873046,0.17465994,0.018173972,0.30399778,0.06574076,0.26703537,0.08643525,-0.10962518,-0.1921513,0.11025231,0.14015953,0.16007803,-0.0009370017,-0.15396588,-0.07336192,-0.3587176,-0.084387146,-0.023135133,0.077825785,0.0063344645,-0.030023912,0.16263004,0.43363854,-0.25258872,-0.03645829,0.09836015,-0.09266366,0.05090482,0.0031820752,0.043704327,-0.076279156,0.12922502,0.19615823,0.05293395,0.24407707,-0.42923385,-0.088985965,0.01629441,0.14027806,-0.04931395,0.36310574,-0.20109308,0.20253143,0.12687784,0.080951326,0.47472283,0.18703747,-0.1964702,0.15581936,-0.5163418,0.19283754,0.12981603,0.16002142,-0.1350952,-0.010082142,0.09752097,-0.07941882,0.028119653,0.043757677,0.045530643,-0.35494098,0.1671521,0.31342933,0.19122484,0.15419039,-0.01629606,-0.24326238,-0.11578934,-0.15790223,-0.008011394,-0.29636884,-0.046766296,0.051548187,-0.16792624,-0.00054598117,-0.023714457,0.015226176,-0.3740853,0.35508642,-0.32500008,-0.14537045,0.1477345,-0.12658675,0.050501533,-0.33280107,-0.12837142,-0.057740085,0.14260872,-0.054001056,0.30484474,0.19111165,-0.04796691,0.20427454,-0.1970235,0.022568537,-0.0030584112,-0.23458101,-0.14000598,finance
-0.079869434,0.20364282,-0.007476607,0.25775263,0.010526288,0.19401716,0.07414344,0.3441061,-0.050333187,-0.1122534,-0.3185773,0.09632438,0.25496465,0.11443466,0.032620158,-0.34516138,-0.06263228,-0.42754954,-0.17156999,-0.07458925,0.196022,0.21235414,0.052895267,0.20441051,0.45186514,0.014789489,-0.20795636,0.14579962,-0.01908457,0.012246996,-0.19775368,0.15296777,-0.30224723,-0.005302857,0.14709984,-0.085251525,0.3150723,-0.5039864,-0.30399582,0.23435946,0.25896284,-0.16865595,0.30185497,-0.28093982,0.20500778,0.16685078,0.11718996,0.34971496,0.31638128,-0.19141574,-0.096860655,-0.44933265,0.08102418,0.090250745,0.33507508,0.04315141,-0.0037351816,0.084263936,-0.14414717,0.06969908,-0.012927079,-0.009067715,-0.16373754,-0.06704367,0.30190548,0.24297443,0.33204558,-0.06108794,-0.20364723,-0.23465316,-0.19521043,0.096016645,-0.17671058,-0.10552863,-0.020119667,-0.26660582,0.048137676,0.017178824,0.083421506,-0.15738696,0.18306695,-0.25638163,-0.12737554,-0.03629107,-0.14640379,0.13798966,-0.28384182,-0.23300292,-0.09903703,-0.14882787,-0.013688994,0.4385016,0.18016596,-0.13964532,0.21781081,-0.09652627,-0.061352145,-0.07971077,-0.36124402,-0.07257485,sport
0.024851967,0.013667056,0.03517158,0.03894653,0.059289508,0.33367923,0.067003675,0.4210781,-0.17555726,-0.1761988,-0.36337566,0.048375424,0.27245674,0.1921353,-0.06147029,-0.2706169,0.03924369,-0.38040957,-0.13944367,0.0009661944,0.19665422,0.11060958,0.03779566,0.18259104,0.48365209,-0.015836392,-0.22797048,0.1481778,-0.18717895,-0.053741664,-0.06931517,-0.046734393,-0.11752237,0.10158695,0.12662832,-0.09335023,0.13705157,-0.54765445,-0.20180234,0.08452054,0.31583256,-0.06866755,0.22027047,-0.30780742,0.1913597,0.104197405,-0.053161696,0.20947608,0.32409883,-0.18148658,0.026002485,-0.45403606,0.08464176,-0.030303845,0.13576427,0.088931136,-0.06986466,0.2365022,-0.055309944,0.07098893,0.006407977,0.18987288,-0.16714406,-0.08896506,0.35119393,0.22787191,0.20906885,0.006940681,-0.1550588,0.027854148,-0.1436056,0.16131201,-0.25421372,-0.14149924,0.12599242,-0.2689672,0.17575951,-0.014135999,0.22339404,-0.1476463,0.0947173,-0.17014644,-0.15542728,-0.024203906,-0.28658864,-0.053554732,-0.24510302,-0.16933297,-0.0059691546,-0.060186036,0.0899922,0.33097357,0.023857558,-0.1964572,0.2994245,-0.14769511,0.111781776,0.031144489,-0.21003196,0.11539913,sport
0.08100666,0.18209402,-0.056867834,-0.045008484,0.08005983,0.2537395,0.2349158,0.19527669,-0.08196969,-0.19660662,-0.12478107,0.10792285,0.43340945,0.22560632,0.10922028,-0.24441461,-0.15608354,-0.38012135,-0.1586814,0.037614986,0.049183723,0.025078613,-0.16036887,0.2907078,0.3287422,-0.124436334,0.16078952,0.05051897,-0.049934637,0.12279195,-0.013455283,0.09488314,-0.0979423,0.20115353,0.3145211,-0.15859632,0.2658714,-0.31632513,-0.20311373,-0.06067692,0.10772482,-0.1745935,0.23189624,-0.19736719,0.16619189,0.22149146,0.03590151,0.29854944,0.107762516,-0.23954752,-0.025427066,-0.4525971,0.14096951,-0.09035875,0.266891,-0.087182745,-0.20253266,0.08547151,-0.09750739,0.28600356,0.13772768,0.07351021,-0.17571975,-0.061881214,0.068884075,-0.014867179,0.2786305,-0.0034400953,-0.24138723,-0.15306558,-0.17917332,0.06778485,-0.21146853,-0.14954336,0.06434143,-0.22366574,0.08382282,0.21107021,-0.060386572,-0.19728602,0.17944421,-0.306149,-0.34124812,-0.121481486,-0.07344277,-0.027582211,-0.44468117,-0.15195502,0.02481445,0.28642207,-0.13168317,0.06639158,0.014197634,-0.008895592,0.123530015,-0.10702341,-0.086128324,0.13472869,-0.17063121,-0.13740355,finance
0.022051532,-0.006699358,-0.19521542,0.16750707,0.051893458,0.29382408,0.24982397,0.34203798,0.010481328,-0.13586651,-0.15438358,0.23410672,0.08771359,0.24822682,0.016521886,-0.33843866,0.02267039,-0.33984396,-0.2888272,-0.0655422,0.22588962,-0.14769039,0.018875917,0.27555087,0.30804175,-0.29050332,-0.054833334,0.027625171,-0.17054714,-0.06167315,-0.007540689,0.16591412,-0.11955193,0.045195404,0.22400928,0.00971679,0.2595741,-0.27845123,-0.15896583,0.10949198,0.41640952,-0.10905276,0.5200541,-0.12792614,0.15889323,0.048335016,0.13246751,0.68200845,0.18417957,-0.23211022,0.16744083,-0.5665316,0.13565217,0.06193186,0.12415265,-0.32128346,-0.027232144,0.23302907,-0.069291,0.058806304,-0.010364148,0.061337925,-0.2789139,0.10834858,0.2862498,0.17978624,0.24434513,-0.06779373,-0.23607212,-0.00887154,-0.27458084,-0.051056046,-0.21071656,-0.1778393,0.15490097,-0.059477784,-0.011347541,-0.067553386,0.1480782,-0.22650951,0.26530498,-0.37389758,-0.11982464,0.0087630525,-0.12170736,0.02814941,-0.38407153,-0.2339374,-0.0014510535,0.21528517,-0.070877835,0.20587169,0.16761938,0.055343524,0.2837317,-0.16862833,0.017212495,0.008561736,-0.20772584,-0.26487666,finance
0.07841769,0.07749113,-0.19158919,0.18828483,0.0668533,0.29320157,-0.0064061997,0.53123564,-0.09860217,-0.10993904,-0.35947046,0.091538705,0.18278742,0.21701488,-0.009824554,-0.30436844,0.03851342,-0.3655213,-0.1301004,-0.064104326,0.25226787,0.22176488,0.13039444,0.17175283,0.41879663,-0.06838066,-0.17675385,0.09538167,-0.13297962,0.011666239,-0.094141416,-0.036028847,-0.04016677,0.01968774,0.19437052,0.03468277,0.28700468,-0.5882906,-0.1556691,0.17823349,0.29321775,0.00027393186,0.313359,-0.30165905,0.33295327,0.034413062,-0.014880759,0.34873158,0.23167945,-0.18626454,0.06958065,-0.45757347,0.14002937,0.05345262,0.19189812,0.014083512,0.007698032,0.070541434,-0.16079201,0.09644634,-0.083463274,0.23677208,-0.24329023,0.01083141,0.4829762,0.33239663,0.22006494,-0.0050511807,-0.09303645,-0.0054303645,-0.22083712,0.08471555,-0.23929052,-0.11389214,0.06879818,-0.27957493,0.10053253,0.0488375,0.18550394,-0.17113657,0.19801013,-0.22162536,-0.14588226,0.026253691,-0.29172394,-0.054570574,-0.2695653,-0.18229179,0.08077155,0.078158066,0.14846961,0.29090196,0.0057263635,-0.16712195,0.3103366,-0.026218789,0.019046491,-0.0031425427,-0.3064229,0.025982345,sport
0.057445973,-0.10229314,-0.09332086,0.06067077,-0.08007279,0.28159222,0.40814355,0.47638956,-0.16169772,0.15432516,-0.3256321,-0.0072887274,0.46622673,0.2997431,-0.11669361,-0.095303036,-0.0975371,-0.80468607,0.19749814,0.057368662,0.43205363,0.20803437,-0.20511225,0.1274527,0.60080165,-0.05796243,0.22911432,0.0017020112,-0.10711083,-0.08366747,0.046512272,-0.3362711,-0.2401752,0.5168528,-0.13551201,-0.31691426,0.2270997,-0.63988084,-0.31620136,-0.34687254,0.25329107,0.2607169,0.101039,-0.13159384,0.037529223,-0.09066203,-0.23071387,0.05137807,0.4404433,-0.16818914,-0.0069453754,-0.53757054,-0.051502585,-0.04472487,0.34036314,0.27116302,-0.07557172,0.39161405,-0.24991935,0.10684883,0.1485818,-0.041323982,-0.3706923,0.10754795,0.359526,0.5799149,0.27613404,0.2471719,-0.27653325,0.017961139,-0.021272194,0.29170874,-0.23999402,0.094323665,0.35787526,-0.15825635,0.25826272,0.19382004,0.049997382,-0.26065728,-0.10022436,-0.5348147,-0.1698071,0.0041544777,-0.25608712,-0.025334194,-0.18647258,-0.03686554,-0.25802046,0.1786316,-0.0473476,0.06347197,-0.11639763,-0.18526997,0.23233823,-0.21375723,-0.041846216,0.18594603,0.017279156,0.33138928,sport
0.08937777,0.13522771,0.09359816,0.1666598,-0.008400098,0.21954656,0.05721041,0.3065612,-0.02072814,-0.079181716,-0.2842777,0.10021634,0.21659468,0.11621405,0.012079247,-0.18685685,-0.22288164,-0.40031663,-0.16876578,0.04400943,0.026683314,0.11462412,-0.11371595,0.17735721,0.48137692,-0.1917751,-0.004077544,0.14647056,0.0586503,-0.055892188,-0.14567666,0.15872884,-0.46684766,0.14947936,0.07985473,0.076695815,0.22570518,-0.26136044,-0.18243903,0.13086286,0.12455465,-0.081841074,0.33892235,-0.16291681,0.21689269,0.1163445,0.13651599,0.42768,0.2613092,-0.20325191,-0.18793985,-0.6210862,-0.0012180522,0.0016686837,0.16672029,-0.16322494,-0.13958016,-0.029756112,-0.30280972,0.2022434,0.03896086,-0.075629435,-0.24086945,-0.06911235,0.1290451,0.11605572,0.31997454,-0.09144277,-0.36501127,-0.16138399,-0.1599258,-0.054593932,-0.18909441,-0.008773233,0.08489063,-0.122572035,0.0327839,0.13024686,-0.0029500653,-0.28082287,0.22885412,-0.45045197,-0.1582044,0.05537015,-0.11566419,0.099772476,-0.32881984,-0.30315706,-0.041856166,0.0072202454,-0.19420068,0.33631313,0.29817784,-0.1679879,0.119296275,-0.18941446,0.03905975,0.0032925394,-0.24339552,-0.22181208,finance
0.14277697,0.08904734,0.19858249,0.038221505,0.11535346,0.20789416,0.16719408,0.20632997,0.050902177,-0.17867951,-0.28033373,0.15330218,0.33155987,0.31507236,-0.033422325,-0.3500981,-0.006891714,-0.35185546,-0.16358699,-0.098008715,0.21645337,0.16711052,0.016392974,0.38619238,0.445377,0.057836927,-0.17592874,0.06644249,-0.0690101,0.09495215,-0.14712913,0.0617774,-0.21883643,0.05625994,0.23200731,-0.08886611,0.29721895,-0.33749968,-0.10909125,0.18131976,0.09517564,-0.2634315,0.3314606,-0.12428295,0.15438402,0.32701585,0.050873034,0.18238759,0.3229409,-0.25098574,0.079010844,-0.48570272,0.027810495,-0.11903581,0.19813883,-0.03461449,-0.15664043,0.07667277,0.07988894,0.10683421,0.11480716,0.14479998,-0.21958788,-0.06297569,0.02529683,0.19269669,0.25464883,-0.09787007,-0.25571012,-0.12704512,-0.21717727,0.043550394,-0.25202173,-0.16503917,0.07602075,-0.20608225,0.15819323,0.14956534,0.10199988,-0.17778695,0.122214876,-0.15941355,-0.13483828,-0.0730859,-0.07344123,-0.033835035,-0.24185242,-0.30696616,-0.19841492,-0.057485253,-0.089203715,0.28346562,-0.020989802,-0.019594451,0.25704715,-0.112294495,-0.032408737,-0.028072644,-0.33132586,-0.07242306,sport
0.060219046,0.04402467,-0.039234962,0.2861093,-0.054475162,0.22771302,0.12768795,0.4432347,0.14271075,-0.2638914,-0.29859862,0.17345092,0.18629047,0.3945101,-0.004003011,-0.064663954,-0.16435187,-0.5391574,-0.17221737,0.027357945,-0.056885872,-0.13102289,-0.00089480233,0.10338216,0.3500209,-0.38246438,-0.045929004,0.25038746,-0.15669258,-0.10336185,-0.1269315,-0.029358825,-0.28511557,0.2756438,0.420343,0.06375636,0.12332612,-0.64129454,-0.045659617,-0.15273352,-0.13574257,0.024067119,0.67817956,-0.287024,-0.05708914,0.32173026,0.19972722,0.44951245,0.20901415,-0.42310703,-0.0416983,-0.6774272,-0.00053684186,-0.0057104263,0.3854613,0.041036136,-0.003824829,0.11508995,-0.02283223,0.18966866,0.029055933,-0.03031559,-0.25635755,-0.13095532,0.07688806,0.005580335,0.15785754,-0.149992,-0.36870065,-0.091125146,-0.28807652,0.35417798,-0.08888388,-0.3848273,0.19809832,0.07383726,0.120240524,-0.23997743,-0.035431303,-0.40417606,0.22837006,-0.3937769,-0.13817488,0.20833734,-0.26251578,0.20357244,-0.3035627,-0.13914213,0.15352958,-0.044164017,-0.23392318,0.27777314,0.17708232,-0.33197623,0.06756306,-0.22872698,0.1063086,-0.034755144,0.07517323,-0.16214556,finance
0.0021009606,-0.023264648,0.12173553,-0.19682452,-0.0034133673,0.38793564,0.22776191,0.27707678,-0.1322435,-0.08017984,-0.16365921,0.047552235,0.3757399,0.33456495,-0.11133207,-0.20412345,-0.009423744,-0.60700357,0.14086166,-0.008114764,0.22208491,-0.04698445,-0.06579487,0.21905302,0.43196553,0.023749124,-0.04738691,0.086875044,0.005165304,0.13822712,-0.0861127,-0.24030183,-0.1481781,0.350153,0.25994164,-0.28380743,0.11587607,-0.4018817,-0.31548822,-0.07128768,0.08848309,-0.063922666,0.19541653,-0.12240693,0.10692898,0.19881903,-0.18738459,0.2095871,0.34446138,-0.09758229,-0.01165414,-0.4982898,0.16010621,-0.19233862,0.16631575,-0.0609098,-0.10842417,0.35511878,-0.08113667,0.04287447,0.061559062,0.06098847,-0.17739399,0.070908315,0.14341779,0.15469864,0.0860588,-0.04694438,-0.19258882,-0.07102862,-0.1412195,0.09910001,-0.25860488,-0.131894,0.17581256,-0.28955686,0.25883225,0.11543344,0.25826755,-0.057686586,0.12176099,-0.16550249,-0.22090131,-0.054949723,-0.26808098,0.15275925,-0.2576765,0.022721,-0.16219339,0.14995176,0.020739427,0.17424278,0.012730332,-0.27811608,0.24607694,-0.26537982,0.15422839,0.04383326,-0.12810601,0.048078604,sport
0.022928277,0.08444458,0.099742934,0.025393747,0.0076208003,0.25916582,0.16075619,0.23295812,-0.03982138,-0.13115469,-0.34320533,0.11840104,0.24975874,0.26822296,-0.073551856,-0.179337,-0.065630406,-0.40469936,-0.19568454,0.007301847,0.18989956,0.091292195,-0.08016089,0.19267826,0.41230968,-0.08540967,-0.09692598,0.06860794,-0.059026238,0.018086161,-0.1500853,-0.056334566,-0.20373137,0.13445537,0.1877485,-0.07969197,0.28411844,-0.27667195,-0.19239514,0.1118431,0.20754565,-0.0010788736,0.29588687,-0.25145364,0.17544027,0.08063862,0.0083384095,0.26935408,0.30599687,-0.2523122,0.01671561,-0.51664996,0.069466755,-0.11248055,0.19786948,-0.029411552,0.01188477,0.13080175,-0.089053325,0.114732035,0.08833375,0.047551066,-0.15305755,-0.043843277,0.1899536,0.21970496,0.22646855,-0.12714587,-0.23123027,-0.091610216,-0.1850374,-0.003841597,-0.22501408,-0.1326499,0.10690582,-0.24854353,0.11176885,0.10626861,0.17839924,-0.18689561,0.17678396,-0.29300356,-0.044816557,0.012383158,-0.14768,0.038912196,-0.2573481,-0.22194076,-0.14120507,0.015469692,-0.11339137,0.26853395,0.11953857,-0.2021815,0.2667282,-0.2020983,-4.7430538e-05,-0.07685999,-0.21763176,-0.07299732,sport
0.02277248,0.058011662,-0.14123608,0.014908158,-0.08414371,0.3595779,0.13231096,0.29380313,-0.14073592,-0.25142956,-0.171716,0.28440994,0.21484609,0.18424875,0.062684074,-0.17015752,-0.021509312,-0.42405766,-0.31124476,-0.12881081,0.0871624,-0.16331956,-0.07162751,0.21769185,0.2277363,-0.3885388,0.024147803,0.124251395,-0.2861975,-0.13694358,-0.013331219,0.12584417,-0.037257418,0.19323243,0.1111416,-0.052843843,0.10562865,-0.43620172,-0.028694779,0.014501745,0.17180552,-0.010670765,0.5343792,-0.23266697,0.21456803,0.083897114,-0.024349654,0.6123139,0.18908906,-0.3965585,0.14804941,-0.59897316,0.11272209,-0.055452377,0.22449096,-0.013419633,-0.15869781,0.1677602,-0.050033446,0.11938554,0.094666615,0.113983646,-0.38777035,0.12084195,0.31992,0.061032202,0.21388285,0.099897504,-0.086918056,-0.06990526,-0.0807088,0.20326316,-0.10820432,-0.19374664,0.14729501,-0.038435567,0.08948018,-0.15681376,0.22105674,-0.3077411,0.21431722,-0.4209202,-0.24361512,0.07903378,-0.2308368,-0.0021750636,-0.29133734,-0.15648971,0.15842673,0.1557385,-0.12655826,0.3373135,0.12997697,0.041384473,0.16077541,-0.23855394,0.22789279,0.17208211,-0.158068,-0.08136838,finance
0.06263545,-0.0420481,0.07356352,-0.1257157,-0.012785053,0.34689707,0.08878417,0.3232517,-0.2070742,-0.12042457,-0.32466656,0.13394907,0.3201783,0.2127193,-0.22221997,-0.09846161,-0.0025548863,-0.5278567,-0.118740454,-0.056514468,0.15156098,0.033525735,-0.093406975,0.23733342,0.52384716,-0.0059632063,-0.14234577,-0.05118857,-0.079285435,-0.009537629,0.015382844,-0.15881442,0.09152373,0.2536465,0.17803438,-0.14059754,0.084976465,-0.40979266,-0.32454085,0.07525149,0.077805296,-0.073540404,0.29649335,-0.18084478,0.10195203,0.044115376,-0.21497898,0.31394616,0.30258068,-0.20540917,0.040215395,-0.42907512,0.13862583,-0.04261162,0.22786959,0.02339292,-0.07529803,0.29738477,-0.032996986,0.009770559,0.10923953,0.20281164,-0.28466067,0.07001733,0.21752425,0.14462511,0.12881987,0.059462354,-0.27526602,0.0617264,-0.1987326,0.046961047,-0.23346226,-0.18004009,0.24816275,-0.32123578,0.2432658,-0.042707212,0.25550205,-0.09937583,0.19691414,-0.3198304,-0.20181894,0.112684794,-0.20813948,0.017817758,-0.37747905,-0.058094993,0.014753721,0.13313015,-0.038895506,0.27898166,0.24822076,-0.1771346,0.2874492,-0.22364858,0.17523795,-0.112278,-0.29162058,-0.047318794,sport
-0.07023284,-0.07417244,-0.04623068,-0.039990414,-0.10415428,0.2515845,0.34119037,0.3936517,-0.15310965,0.12158756,-0.3016849,0.012550489,0.493174,0.3283157,-0.123572156,-0.117489986,-0.0839322,-0.78225124,0.13142404,0.09576546,0.4661714,0.21952017,-0.30253807,0.14571667,0.5483566,-0.077018246,0.24478786,0.050530557,-0.027593972,-0.10888046,0.038880855,-0.2362701,-0.3317635,0.5509237,-0.19602478,-0.32190797,0.2501087,-0.6206061,-0.33797398,-0.3204524,0.27290848,0.38816363,0.09711092,-0.17602491,0.07687809,-0.10196681,-0.22937387,0.019820675,0.493834,-0.16872753,-0.0047904896,-0.5507458,-0.13631827,-0.05051042,0.3438931,0.30557168,-0.06233066,0.3016349,-0.27875617,0.12469662,0.14988749,-0.041062202,-0.2852649,0.106984325,0.35225692,0.48116052,0.20555055,0.21001202,-0.26768944,0.0025015913,0.07109521,0.31389007,-0.21045785,0.07050687,0.3632186,-0.2624287,0.2070895,0.18444182,0.13647887,-0.30741757,-0.10234777,-0.5710146,-0.14029805,-0.013498319,-0.31450582,0.042426832,-0.14826699,-0.031892415,-0.24802299,0.17628069,-0.052521,0.1292254,0.0066244206,-0.13738696,0.12922055,-0.27651465,-0.107372716,0.18410416,0.019600417,0.2565561,sport
0.06652779,-0.056119084,0.055985443,0.21999845,0.11153588,0.2340708,0.18446557,0.35919148,-0.14031026,-0.13497177,-0.23140956,-0.024019852,0.1873539,0.3123659,-0.06809859,-0.31775248,-0.09339102,-0.34147978,-0.035833396,0.013537609,0.28108397,0.3643957,0.0473234,0.17593153,0.57994837,0.1787048,-0.09665967,0.14736962,-0.051233467,0.1445628,-0.16292547,0.03209817,-0.28547728,0.008997716,0.17684332,-0.12980245,0.2523251,-0.41936114,-0.34999025,0.00019343468,0.3421531,-0.2998733,0.21758299,-0.15477125,0.19074938,0.0028834557,0.16269499,0.16855098,0.41141155,-0.24823028,-0.050901018,-0.4603518,-0.050655946,0.10673886,0.020886492,-0.022133593,-0.15336622,0.29656062,-0.077684015,0.11578639,-0.077645995,0.04194664,-0.23908511,-0.1258154,0.2921071,0.13091005,0.2528351,-0.021552935,-0.25473502,-0.013103342,-0.18118535,0.050901573,-0.14602885,-0.118955605,0.049183816,-0.13098301,0.24290209,0.13714553,0.089409284,-0.17016655,0.08318181,-0.25630227,-0.01636574,-0.053686816,-0.13403875,0.13821305,-0.052581158,-0.3392138,-0.23337731,-0.066800214,0.036904853,0.3681507,0.03361477,-0.28719947,0.30301544,-0.07271233,0.09523845,0.10205273,-0.2616671,0.13797002,sport
0.021700954,0.14417265,0.15868373,0.12354452,-0.0032906965,0.22738415,0.1706621,0.26989543,0.13532092,-0.096514925,-0.25034112,0.023307035,0.18733688,0.37172467,0.08840442,-0.28363028,-0.012935677,-0.3676409,-0.0104563115,-0.050184414,0.2063943,0.29972094,-3.0757932e-05,0.31002638,0.43727124,-0.022826651,-0.17288731,-0.05096551,0.090825774,0.17830424,-0.10179136,-0.038613163,-0.3570414,0.0920449,0.3092387,-0.021685265,0.23713931,-0.43120068,-0.12057849,0.05037088,0.19932754,-0.19413452,0.16745727,-0.20813133,0.20501499,0.2361795,0.13525134,0.085414745,0.355358,-0.2626227,-0.09918859,-0.578221,-0.026686704,-0.09056307,0.1833899,0.067815624,-0.024300177,0.19685458,3.2417186e-06,0.104566865,0.0804243,-0.011188199,-0.30414224,-0.18126059,0.09300946,0.22864972,0.15536365,-0.1127984,-0.14175996,-0.2187879,-0.19251035,0.055488486,-0.17686987,-0.06288373,-0.004800288,-0.26781815,0.17975686,0.16647148,-0.03720735,-0.12782401,0.12931621,-0.09793712,-0.03376178,-0.19278325,-0.18826127,0.12855853,-0.26659566,-0.138173,-0.27384555,-0.058501087,-0.039794978,0.23256946,0.10727395,-0.18946657,0.2504138,-0.09817856,-0.17433858,-0.061266754,-0.21722502,-0.12048617,sport
0.12192247,0.033534296,-0.060497023,-0.11952953,0.115588024,0.36562887,0.25998282,0.37430924,0.038074523,0.10092753,-0.30930498,0.11632655,0.40116745,0.27628228,-0.1408548,-0.26145294,-0.14970878,-0.72861373,0.05148369,0.06321886,0.26087925,0.013999829,-0.11677731,0.07302626,0.5648743,-0.031103116,0.18919489,0.028093161,-0.03977114,-0.010110609,-0.17509082,-0.22089672,-0.14154328,0.29373303,0.038712796,-0.041591454,0.2010629,-0.51952547,-0.28608862,-0.04190977,0.12990665,-0.03986416,0.23991963,-0.13789804,0.07643515,0.031859756,-0.266425,0.13750616,0.55843115,-0.18904075,0.15284763,-0.4181858,0.18096876,0.022117529,0.23506092,0.094475865,-0.13817474,0.22433001,-0.08016704,0.12902556,0.14621897,0.08967886,-0.357593,0.20918633,0.24768154,0.43769324,0.3029376,0.08629064,-0.22216111,-0.18814088,-0.11635726,0.20895782,-0.30794895,0.05951601,0.21155374,-0.2562191,0.23223512,0.1700446,0.091766685,-0.025140945,0.01690267,-0.2672339,-0.18138582,0.10530637,-0.23069616,-0.009582868,-0.2109238,-0.03012197,-0.1495112,0.06505136,0.06559244,0.16536835,0.08215448,-0.23904972,0.3136882,-0.08252971,0.032860875,0.069013886,-0.14367323,0.39670104,sport
0.069572695,-0.03420896,-0.034135696,-0.033982437,-0.16263951,0.083972126,0.2492051,0.20043534,-0.06388915,-0.2584587,-0.37937036,0.23117615,0.1627257,0.537466,-0.013947561,-0.073442966,-0.2497942,-0.41104192,-0.25643548,0.3510888,0.05028183,0.04269693,-0.23902547,0.25948325,0.2177305,-0.34291038,-0.07186988,0.15600194,-0.17853548,0.09988919,-0.042772975,-0.120978154,-0.036337964,0.6704434,0.016292918,0.08384072,-0.11859868,-0.3624506,-0.027585408,0.28263173,0.16247588,0.06145964,0.37164703,-0.17756853,0.07885844,0.1370797,0.17530659,0.50969666,0.32810038,-0.543884,0.091014184,-0.5703338,-0.39462852,-0.029622957,0.109009884,0.024164356,-0.023485234,0.088493116,-0.37912706,0.38937595,-0.119510785,-0.044196825,-0.13346419,-0.021008657,0.04258399,0.1078688,0.28197205,-0.42843798,-0.19922642,-0.044487286,-0.039840072,0.38766578,0.09469814,-0.14857475,0.29785898,-0.17190145,0.0058844355,0.033668403,0.038953584,-0.35503432,0.28556746,-0.6082183,-0.2534031,-0.1417938,-0.43431288,0.16120394,-0.32605538,-0.2075425,0.16308808,-0.08339339,-0.39573082,0.29880536,-0.20944783,-0.475567,0.39856622,-0.082908206,0.2524038,0.13634364,0.29517934,0.1190641,finance
0.062234733,-0.101099044,-0.14444876,0.10448127,-0.080377534,0.31234947,0.13185497,0.44847938,-0.11234472,-0.057092406,-0.17318173,0.25828218,0.08524651,0.341252,-0.07398382,-0.17584473,-0.12940694,-0.29692018,-0.19388507,-0.10855611,0.15113549,-0.27674973,-0.02135508,0.32926205,0.25958344,-0.27015188,-0.08560298,0.043383088,-0.19215868,-0.109313,-0.04472514,0.026769476,-0.09500189,0.09960873,0.24830113,0.006778041,0.18716957,-0.41444027,-0.19805717,0.09104827,0.19718309,-0.04848924,0.5640278,-0.09244666,0.1483039,0.0133409975,0.037363544,0.6864216,0.21573463,-0.3271471,0.2156762,-0.5583094,0.12842928,-0.018925417,0.15134364,-0.15210466,-0.078320734,0.2573429,-0.001220264,0.09924688,-0.013161278,0.08699885,-0.3239657,0.041374106,0.27645698,0.14140292,0.15786967,-0.04207331,-0.3384795,0.027734507,-0.23130387,0.118368246,-0.1695092,-0.25425923,0.13278387,-0.080403,0.11725444,-0.06189938,0.14317346,-0.2186477,0.14175612,-0.38859987,-0.24593693,0.23211311,-0.24106163,0.04259284,-0.32502252,-0.11694079,0.06608976,0.31875575,-0.054716982,0.09502456,0.19177814,-0.09647581,0.3034697,-0.22553,0.10609879,0.05176232,-0.12688135,-0.15989599,finance
0.05486221,0.11093046,0.12476557,0.206304,-0.014613072,0.25916278,0.14746103,0.3806583,-0.03910933,-0.11918569,-0.32849386,0.11613057,0.20528603,0.12090231,0.075264685,-0.2825284,-0.041514814,-0.33312944,-0.13804135,-0.17560874,0.21129148,0.26906273,-0.0018418877,0.28807175,0.41383678,0.08692562,-0.1719693,0.11556804,0.045019183,0.015033943,-0.10192373,0.052274875,-0.15554345,0.04990087,0.27323684,-0.12189465,0.23012443,-0.4013633,-0.18525857,0.07935018,0.17657357,-0.11293388,0.29493627,-0.19374114,0.23734365,0.19101943,0.057920724,0.21516632,0.25905338,-0.14690407,-0.09357456,-0.5350157,0.096853666,-0.001712769,0.32747215,0.08836468,-0.13413116,0.03418993,0.07915969,0.028573202,-0.012670014,0.044682518,-0.16567253,-0.11629181,0.21574937,0.25604758,0.24873155,0.004067968,-0.2152474,-0.1442429,-0.22736196,0.0961405,-0.21178818,-0.14292258,-0.044350635,-0.23290648,0.11904006,0.015917446,0.019950897,-0.07212777,0.14854598,-0.260082,-0.1368589,-0.09921818,-0.07547477,0.004819597,-0.3091024,-0.15683496,-0.11666824,-0.10344491,0.006843899,0.4032959,0.08710984,-0.017853318,0.26224318,-0.102168106,-0.05641338,-0.052378688,-0.33099282,-0.14245096,sport
0.13573635,-0.011378216,0.20701411,0.036753908,0.15555277,0.26169363,0.13442253,0.3303664,-0.08216769,-0.015462985,-0.30980083,0.0115378825,0.3522637,0.2355472,-0.297253,-0.33814597,0.00478252,-0.46312094,-0.06612411,-0.01999441,0.13702026,0.14168465,-0.054685775,0.2830607,0.506533,0.16225882,-0.19330452,0.20557569,-0.08390778,-0.0061567514,-0.1567833,-0.112595744,-0.2974484,0.2482093,0.089305975,-0.118356094,0.17929885,-0.44414964,-0.32589963,-0.08126602,0.13427278,-0.07361862,0.18553737,-0.17460202,0.09970198,0.12222565,-0.09049786,0.21853001,0.439317,-0.25246748,-0.03836595,-0.4709436,0.122813635,-0.088764526,0.19243865,0.09192059,-0.14638864,0.269074,-0.14369106,0.03270796,0.059008427,0.09301219,-0.2934638,0.004271328,0.19788903,0.06925442,0.22397763,-0.06455272,-0.26043785,-0.06169057,-0.21091674,0.15100558,-0.20880465,-0.14035738,0.15619242,-0.32814837,0.26309413,0.19633679,0.20816323,-0.12210638,0.06835647,-0.24021491,-0.09994537,0.19871387,-0.22106946,0.10753542,-0.10903422,-0.14984918,-0.15310955,-0.151959,-0.029254375,0.26944637,0.022952508,-0.37671965,0.2528485,-0.0790893,0.092134275,0.09138108,-0.30492643,0.041268386,sport
0.04950859,0.07091026,-0.08611807,0.14973325,0.015460007,0.20737919,0.11340074,0.23623501,0.029876875,-0.10625649,-0.18837553,0.1628677,0.12838724,0.24262622,0.0067410087,-0.1908802,-0.087946676,-0.39394867,-0.15526104,0.016768692,0.13101345,-0.032261107,0.02559,0.2204289,0.31778824,-0.18761258,-0.08507772,0.06115902,-0.09941053,-0.091494076,-0.07832127,0.06089077,-0.16368212,0.10745498,0.14208348,0.000558356,0.20863895,-0.28704515,-0.14764494,0.12168358,0.030975638,-0.030746516,0.33537734,-0.14630498,0.22200586,0.10083656,0.08034689,0.4254055,0.20665199,-0.2951447,0.13715117,-0.5522201,0.036566075,-0.0243803,0.183687,-0.073621094,-0.07051315,0.069396,-0.089697435,0.13887674,0.03289755,0.06355362,-0.271183,0.029239476,0.12100488,0.15241688,0.26042616,-0.13720296,-0.23112908,-0.05158718,-0.094189346,0.055184662,-0.25682163,-0.1527681,0.06506095,-0.04282958,0.06472416,0.07209898,0.055018913,-0.3248307,0.27171695,-0.31834307,-0.18615167,0.11436306,-0.11727383,0.035906382,-0.30121645,-0.2801319,-0.19438802,0.07650616,-0.10037704,0.3877495,0.11464563,-0.11633701,0.22591554,-0.11642434,0.039590593,0.094093606,-0.24142034,-0.23242955,finance
0.13065821,0.05108948,-0.0687731,-0.15924498,0.13861525,0.3781064,0.33938614,0.40021345,0.10460335,0.016082875,-0.22417863,0.14063796,0.18670416,0.26488468,-0.1649457,-0.29035723,-0.2345936,-0.72170997,0.03743415,0.17929918,0.24261726,-0.015817018,-0.2072384,0.06899298,0.51126987,-0.116506524,0.19820954,-0.005071377,-0.042978633,0.07039072,-0.20426992,-0.2660907,-0.14903633,0.3306341,0.1584115,-0.04510487,0.14551136,-0.45647812,-0.21181181,-0.030502073,0.028612183,-0.18662116,0.16498907,-0.13394575,0.21341343,0.04414901,-0.201165,0.05949356,0.58909,-0.29308632,0.075031094,-0.48819625,0.17244318,0.038142476,0.21534197,0.08492604,-0.20164108,0.20864955,-0.031012874,0.22323586,0.038129825,0.054062083,-0.36679864,0.023603318,0.13010985,0.355859,0.3703373,-0.09058896,-0.15532124,-0.1087089,-0.23999181,0.29853192,-0.26364878,0.07196809,0.063985586,-0.21265858,0.29306784,0.22419006,0.06235649,0.018116986,0.067748256,-0.22681269,-0.15279028,0.08534245,-0.27044383,0.055160835,-0.17085618,-0.08323734,-0.11458691,-0.015174545,-0.046334922,0.21328714,0.009186859,-0.3415605,0.35751334,-0.00536933,0.008263733,0.14665551,-0.014868525,0.3610259,sport
0.09425115,0.035393093,0.05054718,0.052550018,0.06693396,0.189067,0.12887429,0.27487123,-0.111216396,-0.17345357,-0.24552077,0.19955665,0.29889506,0.26101565,-0.051948313,-0.21105531,-0.13417011,-0.46226826,-0.1551387,0.023186803,0.13746895,0.024498388,-0.024254356,0.19441594,0.41213718,-0.0858222,-0.063592374,0.004919802,-0.16519411,-0.009202305,-0.1303798,0.03920341,-0.17600897,0.12520586,0.2163436,-0.10134646,0.25648284,-0.42436507,-0.18255551,-0.053961124,0.124468505,-0.11870165,0.3265902,-0.13335204,0.04040616,0.19522832,0.03408691,0.3186502,0.1680742,-0.13865781,0.05336286,-0.447793,0.05495003,0.011387035,0.2477601,-0.100211054,-0.05484139,0.1351222,-0.123019196,0.113646455,0.1265625,0.098242976,-0.19757283,-0.07725484,0.10019236,0.13116585,0.26723456,-0.04602025,-0.30165532,-0.053843647,-0.10907326,0.11090317,-0.20294581,-0.1219413,0.17672916,-0.12748347,0.08434457,0.095457636,0.07211718,-0.24217215,0.08658617,-0.27068508,-0.22472847,0.0011073945,-0.106175505,0.02769633,-0.30128056,-0.22284994,-0.0026961118,0.11393861,-0.057582524,0.18692693,0.122425646,-0.028326998,0.19107354,-0.12653834,0.055524223,-0.00071299064,-0.20636678,-0.0074814707,finance
0.060719647,0.14622876,0.27081817,0.05637859,0.0664552,0.20046891,0.116904594,0.26247966,0.065128945,-0.09343247,-0.32935277,0.18007055,0.28179923,0.30910105,0.045610137,-0.41862518,-0.016374681,-0.33185703,-0.0021016572,-0.0067263586,0.16213003,0.22713326,0.016394159,0.28095686,0.37659895,-0.09649389,-0.026071409,0.11469946,0.017104344,0.13970982,-0.18663268,-0.050370384,-0.3188169,0.14862536,0.37552753,-0.06651308,0.34042135,-0.41860718,-0.04209301,0.085775524,0.17689025,-0.049896117,0.3655077,-0.10582025,0.087006316,0.23878512,-0.0021972137,0.24844246,0.3912555,-0.25475928,0.080728404,-0.5564162,0.005887022,-0.12120947,0.28206202,0.04702141,-0.0038042988,0.09531031,-0.039756596,0.08328914,0.10062172,0.057375927,-0.23761714,-0.08099927,0.15268603,0.18352167,0.0728183,-0.17098351,-0.15888436,-0.13918959,-0.14070931,0.08505953,-0.21251355,-0.12481537,0.047041442,-0.32810864,0.24584357,0.089379996,0.13622731,-0.19895566,-0.016900359,-0.20520069,-0.10058034,-0.029417098,-0.17270714,0.10615658,-0.22351187,-0.22668682,-0.19464277,-0.009962191,-0.07944842,0.22737288,0.013168509,-0.07964637,0.094582886,-0.13387868,-0.13158463,-0.08497899,-0.21347132,-0.11516486,sport
0.11467641,0.014441109,-0.20992212,0.18671753,-0.04923174,0.18882357,0.061755493,0.21349373,0.07532069,-0.062800504,-0.3051761,0.07942364,-0.0054855687,0.29876325,0.082488135,-0.25861776,-0.06771025,-0.4038335,-0.23885535,0.011803112,0.11902216,-0.11735053,0.11606066,0.07645935,0.4342159,-0.2987158,-0.08979153,0.085434645,-0.12243423,-0.15577286,-0.12533444,0.1234281,-0.27326453,-0.11949325,0.21013103,-0.049350265,0.31829557,-0.5815044,-0.24127954,0.0613758,0.3376157,0.051488686,0.3532604,-0.2349535,0.2178224,-0.022564776,0.037364148,0.50900704,0.13762408,-0.3140263,0.123571545,-0.50938076,0.17826173,0.03962716,0.18694964,-0.08636886,-0.09079529,0.17388266,-0.052652832,0.12676826,0.0042236415,0.08726099,-0.22225966,0.048453726,0.3812947,0.28893957,0.22046566,-0.039646372,-0.09977265,-0.068891026,-0.18956152,0.12001152,-0.19398943,-0.22711906,0.0070765386,-0.09196407,0.05835556,-0.00623202,0.07328997,-0.33672568,0.3714367,-0.25841892,-0.051559415,0.121186994,-0.17129973,0.06627602,-0.38287508,-0.090633005,-0.15585998,0.092670344,-0.034961354,0.3275754,0.11719184,-0.13988407,0.42000693,-0.030398725,0.106612615,0.009489239,-0.27229095,-0.18333405,finance
0.06239098,0.014278502,0.18572696,-0.030427951,0.07931773,0.28820306,0.20010512,0.34751448,-0.01696618,0.018007634,-0.22416902,-0.06036693,0.41461465,0.20763811,-0.17353858,-0.30364278,-0.00410882,-0.44848317,0.083011314,-0.034628447,0.018406186,-0.0005028309,-0.033054866,0.2717687,0.4900794,-0.006873011,-0.10681335,-0.02181748,-0.061553966,0.0021266872,-0.17993626,-0.042259175,-0.058454126,0.3477959,0.21156149,-0.20004581,0.16527566,-0.56707925,-0.35346192,0.027113924,0.14766742,-0.16047671,0.21151948,-0.120282926,0.20475705,0.070244394,-0.10969038,0.19412038,0.26387584,-0.26510864,-0.014491468,-0.55713457,0.20048101,-0.12671001,0.1709707,0.08177252,-0.17040008,0.22498976,-0.04856029,-0.0053386115,-0.039089687,0.11185342,-0.25072372,0.06644281,0.2584068,0.110508755,0.19958468,0.09723792,-0.36009774,-0.087940864,-0.30307734,0.10337391,-0.33719304,-0.01929815,0.17543945,-0.35624188,0.22213277,0.02673038,0.13519691,0.015426024,-0.030218458,-0.2108123,-0.15937823,0.025096294,-0.3074242,0.061543547,-0.2157458,0.018598907,-0.08009952,-0.02732452,0.06134083,0.22466072,0.04539226,-0.27480114,0.30165717,-0.14810918,0.13450539,0.029474495,-0.070573166,0.08682584,sport
0.10232239,0.030836683,-0.061858863,0.115809694,0.019647233,0.1876488,0.20191738,0.14651524,0.055065837,-0.09131718,-0.16140348,0.028036289,0.11086374,0.35085958,0.02706165,-0.15088603,-0.0984569,-0.3784044,-0.14642492,0.0955157,0.18642826,0.06660156,-0.07181436,0.2555665,0.37389416,-0.1291398,-0.15829694,0.052473426,-0.15228799,0.07569581,-0.107667215,0.08167619,-0.29406747,-0.013825431,0.23172839,0.078871764,0.27707013,-0.3004465,-0.102413125,-0.047034275,0.23038658,-0.07350449,0.3164067,-0.14644592,0.19958805,0.087307505,0.21575408,0.37905785,0.22246502,-0.25225657,0.044191066,-0.4841456,-0.062821195,0.07832989,0.13373038,-0.12876348,-0.17573187,0.074823715,-0.15503226,0.23995532,-0.005484324,0.011251165,-0.22531533,-0.038779035,0.015614628,0.08458492,0.3019651,-0.12919417,-0.1908,-0.042259715,-0.10097826,0.10166426,-0.1842772,-0.084720485,0.060536638,0.026997719,0.0014217101,0.07613677,0.054890916,-0.3578057,0.24746008,-0.32790497,-0.07195369,-0.061001174,-0.16229805,0.071757406,-0.29181898,-0.35873798,-0.1581304,0.11368022,-0.19032297,0.3298362,0.11741398,-0.16484505,0.25271738,0.06300323,0.0077963714,0.06500446,-0.28641257,-0.11291508,finance
0.07262296,0.057049677,-0.021106513,0.0947929,0.038823154,0.2688337,0.051684782,0.49633092,-0.03182122,-0.11211318,-0.30386978,0.009132601,0.33737856,0.14847906,-0.05387337,-0.18534835,0.009165432,-0.4559848,-0.13177848,-0.022134602,0.17762595,0.11946264,0.12963395,0.1873068,0.5142108,-0.009546933,-0.3190992,0.044253897,-0.1265509,-0.017553225,-0.07723808,-0.09603037,-0.029727954,0.10585118,0.17429924,-0.070823066,0.19879843,-0.68270916,-0.20029615,0.17651929,0.25917366,-0.04590086,0.31040782,-0.24741374,0.16894928,0.20100555,-0.13830186,0.23709412,0.2595673,-0.14975272,0.069472305,-0.47155708,0.17617995,-0.003939734,0.16611855,0.036334045,-0.07932722,0.16473968,-0.10190191,0.08377002,-0.00995916,0.24787644,-0.22263591,0.02588159,0.31379363,0.34505174,0.20673402,0.08078709,-0.1409058,0.03703089,-0.23439589,0.16626577,-0.25837344,-0.15611266,0.16939443,-0.2800752,0.15004207,-0.0972798,0.27795509,-0.19258249,0.06069825,-0.17918088,-0.20036599,0.06174479,-0.32478064,-0.116083,-0.33470824,-0.11217743,0.11528213,-0.03277493,0.14915842,0.15447159,0.014795406,-0.23593765,0.28566748,-0.1366635,0.1411527,-0.025085488,-0.2822057,0.116709106,sport
0.011215499,-0.046712045,-0.15570751,-0.25181165,-0.01674347,0.43083626,0.34051043,0.31202582,-0.039348044,0.03358651,-0.19758572,0.15461591,0.26834106,0.2215596,-0.027149715,-0.15515365,-0.078890435,-0.50132346,0.02044212,0.004117985,0.054021172,0.022360342,-0.085297294,0.13301961,0.4839451,-0.08097322,-0.03600559,0.15748918,0.05425798,0.10591751,-0.042968523,-0.25728744,0.0011163449,0.22384015,0.19487423,-0.11281113,0.033846203,-0.6317063,-0.20417777,-0.06677964,0.0051915133,0.08190577,0.19153833,-0.06254913,0.20367157,0.13431449,-0.12000967,0.15884113,0.3318315,-0.11368815,0.011186476,-0.6224839,0.11577008,-0.07885553,0.049051803,0.17344177,-0.23068897,0.097860835,0.066811964,0.21837474,-0.025592316,0.20004945,-0.24189143,0.11318306,0.22443295,0.28880757,0.15426089,-0.012053613,-0.10814511,-0.0046041165,-0.20117413,0.24299337,-0.2596592,-0.076124854,0.2340206,-0.145921,0.18299066,-0.042994816,0.13844797,0.11461568,0.13278192,-0.10527785,-0.24095508,-0.1285292,-0.23115708,0.1692514,-0.27633458,0.118064396,-0.11332617,0.08530316,0.12951149,0.06999479,0.026439315,-0.22660355,0.36002722,-0.14073302,0.11513469,0.083680816,0.027954016,0.24456136,sport
0.11490946,0.032040846,0.086616255,0.0756678,-0.0035428207,0.22606827,0.08625927,0.2621401,0.03543982,0.007884719,-0.24862957,0.18748873,0.15956081,0.2721645,-0.010828363,-0.19538876,-0.06680505,-0.37087014,-0.041100927,0.009040131,0.17061658,0.0704672,0.019471629,0.23696372,0.50379074,-0.15770411,-0.090773724,0.049078703,-0.08088611,0.14875244,0.014321774,-0.093318425,-0.24893019,0.05735889,0.28832173,0.04365978,0.27417544,-0.39611864,-0.045856107,0.12039626,0.22606319,-0.018078692,0.43863082,-0.063455924,0.18198532,0.1291058,0.018770719,0.31248128,0.34513512,-0.14515094,0.1159809,-0.5650624,7.3636744e-05,-0.07023653,0.16863397,-0.04364121,-0.0690887,0.096832186,-0.018397827,0.042249404,0.043352153,0.115391314,-0.29542857,-0.017487904,0.15783237,0.2367745,0.14315219,-0.13098526,-0.07880904,-0.11965019,-0.14179921,0.06006891,-0.1286537,-0.041632436,0.099858575,-0.16777284,0.16679369,-0.014317537,0.1565356,-0.20429279,0.10263912,-0.21690583,-0.06878928,0.07853416,-0.19666444,0.09956875,-0.32537365,-0.17692828,-0.15065402,0.07766873,0.0071870806,0.1709405,0.20984592,0.025768695,0.11564907,-0.14461948,-0.035126798,-0.100967824,-0.22818594,-0.21156281,finance
-0.021202026,-0.007200612,0.02780598,0.24430934,0.04373154,0.286611,0.35254973,0.419372,0.18170859,-0.05609948,-0.218767,-0.014328372,0.16577214,0.27955619,-0.020635106,-0.23755953,-0.04526349,-0.4422939,0.00031853793,0.06116876,0.21445519,0.30842513,0.055910833,0.25364646,0.43260822,-0.06450711,-0.07376493,0.1520872,0.0045212125,0.045587894,-0.102854475,-0.13303952,-0.19359551,0.2394041,0.27880275,0.04872105,0.15339093,-0.5234561,-0.22728607,-0.009364699,0.17998636,-0.020123739,0.14844051,-0.11799876,0.22787525,0.115485325,-0.049547035,0.02427474,0.41402102,-0.28663626,0.051236544,-0.5831629,-0.064422786,0.016383484,0.15561135,0.14302072,-0.12537535,0.24325827,-0.09051489,0.07800008,-0.065624565,0.06560883,-0.35822052,-0.03412883,0.19223736,0.38970846,0.15282387,0.075915806,-0.18601331,0.013364835,-0.1961268,0.18960463,-0.24893412,-0.046104766,0.091994986,-0.31552976,0.24277237,-0.007362117,0.08278998,-0.21234547,0.028571209,-0.09102822,-0.014742912,-0.003050862,-0.2508763,0.11761561,-0.048931543,-0.12740882,-0.22976927,-0.21142289,-0.011859943,0.20959389,-0.0941023,-0.33252162,0.26568967,-0.017718133,-0.031669024,0.029691149,-0.16281433,0.05137793,sport
0.043631706,0.036194433,0.13649525,-0.121478684,-0.058991823,0.38748354,0.08427525,0.38440862,-0.23137015,-0.17287424,-0.31170002,0.024549462,0.37404343,0.21136351,-0.21966626,-0.21881096,-0.0040251347,-0.6263865,-0.006656253,-0.02307148,0.03359082,-0.00042602763,-0.11868559,0.15450084,0.62210643,0.11424441,-0.12522227,0.041937456,-0.017641654,0.04857491,0.018666696,-0.11380281,-0.0020382255,0.3580712,0.075205594,-0.18512146,0.19801961,-0.4518964,-0.33399734,-0.095343165,0.117617115,0.03542255,0.30266193,-0.2495153,0.1626504,-0.08745883,-0.2298272,0.17928126,0.35292423,-0.28395873,-0.10922071,-0.58154047,0.14701323,-0.018049072,0.25905862,-0.018013922,-0.04633199,0.2578912,-0.10999296,-0.014939894,0.07958057,0.14818026,-0.31186256,0.066061415,0.22897333,0.052645348,0.13128836,0.13277918,-0.31360242,0.007344259,-0.2519874,0.05035924,-0.32611743,-0.09266657,0.21558559,-0.24490722,0.21356338,0.04379826,0.2728955,-0.0333277,0.15766455,-0.25882798,-0.07773758,0.12393804,-0.25366202,0.00072700606,-0.310322,-0.028641362,0.0029759924,0.12946469,-0.014622181,0.25962418,0.27284932,-0.23668437,0.22660913,-0.1874609,0.21520983,-0.044711675,-0.27529848,-0.037480906,sport
0.06174679,0.03354903,-0.015743837,0.12149776,0.12378988,0.2646512,0.15539931,0.38995677,-0.0646608,-0.100805625,-0.3225766,0.020072555,0.2266248,0.24174052,-0.10282769,-0.31873062,-0.075176686,-0.4136155,-0.03865343,-0.04267233,0.2739141,0.1179891,0.036663793,0.193354,0.4603779,-0.065079905,-0.24172007,0.079334445,-0.08796684,-0.009851785,-0.12759233,-0.09330587,-0.22123481,0.02778407,0.13983062,-0.12199564,0.1985641,-0.49231791,-0.1469988,0.10645952,0.23058511,-0.10088317,0.23862141,-0.23573914,0.2336602,0.043317284,-0.08713081,0.24319044,0.2834107,-0.20584247,0.0038794088,-0.38457382,0.10811767,0.053321682,0.16557749,0.107942075,-0.11276029,0.24556272,-0.14674516,0.13843402,0.027038174,0.15971589,-0.17617528,-0.05811881,0.3420847,0.30856127,0.24236095,-0.003512638,-0.09929327,-0.060552496,-0.1906017,0.19655429,-0.19460738,-0.040649194,0.029688867,-0.24762288,0.21382903,0.11674047,0.123126805,-0.13919103,0.042584836,-0.103703745,-0.10182793,-0.053925388,-0.316415,0.020360505,-0.18139796,-0.24929488,-0.05559104,-0.0227513,0.07776266,0.2646801,0.011283201,-0.26358956,0.26400027,-0.12713625,-0.029011728,0.054200977,-0.19838454,0.14680703,sport
