dim_1,dim_2,dim_3,dim_4,dim_5,dim_6,dim_7,dim_8,dim_9,dim_10,dim_11,dim_12,dim_13,dim_14,dim_15,dim_16,dim_17,dim_18,dim_19,dim_20,dim_21,dim_22,dim_23,dim_24,dim_25,dim_26,dim_27,dim_28,dim_29,dim_30,dim_31,dim_32,dim_33,dim_34,dim_35,dim_36,dim_37,dim_38,dim_39,dim_40,dim_41,dim_42,dim_43,dim_44,dim_45,dim_46,dim_47,dim_48,dim_49,dim_50,dim_51,dim_52,dim_53,dim_54,dim_55,dim_56,dim_57,dim_58,dim_59,dim_60,dim_61,dim_62,dim_63,dim_64,dim_65,dim_66,dim_67,dim_68,dim_69,dim_70,dim_71,dim_72,dim_73,dim_74,dim_75,dim_76,dim_77,dim_78,dim_79,dim_80,dim_81,dim_82,dim_83,dim_84,dim_85,dim_86,dim_87,dim_88,dim_89,dim_90,dim_91,dim_92,dim_93,dim_94,dim_95,dim_96,dim_97,dim_98,dim_99,dim_100,label
-0.021049002,0.16503023,0.10152035,-0.0056754276,-0.1560895,-0.08721137,0.021023316,0.19608839,0.18451758,-0.13429838,-0.5215812,0.060474567,0.14779028,0.10002134,0.16501424,-0.20106702,-0.02528162,-0.6027292,0.07978205,-0.016059479,-0.17696196,0.16499707,-0.07452113,0.31949323,0.05289493,0.0057100384,-0.34323508,0.26822802,-0.38298732,-0.11344834,-0.030212358,-0.0672851,0.15051125,-0.04025453,0.22895575,0.023990963,0.27012184,-0.6231718,-0.047827266,0.25459483,0.07514046,0.19379127,0.33604515,-0.014719149,0.0039775977,0.10067679,0.103169076,0.43040603,0.2203278,0.050718974,-0.04682811,-0.26944882,-0.07035803,-0.23895061,0.16184886,-0.121734746,-0.12200465,0.10892523,-0.09008392,0.31212056,-0.036026575,0.32635158,-0.13528652,0.1458791,0.13161927,-0.10667887,-0.11722178,0.110527396,0.059519988,0.1061583,-0.10892116,-0.046501033,-0.022757329,-0.09156727,0.24409188,-0.19025578,0.007848107,-0.19243148,-0.11293198,-0.34937397,0.03381705,-0.05435705,-0.36780134,0.06909309,-0.31731725,-0.048223224,-0.37772712,-0.2995853,0.04419783,0.027239239,-0.49672702,0.30257258,0.25714356,-0.2058993,0.07397476,-0.3649728,0.02979439,0.25437993,-0.0030220568,-0.029304903,sport
0.113128155,0.40785754,0.48498175,-0.14093894,0.3225993,-0.1502222,0.10020365,0.33424714,0.17308599,-0.3900362,-0.23176396,0.065885626,0.24834889,0.08383699,0.114497125,-0.033889666,0.39795735,-0.6270346,-0.21001495,-0.29393822,0.026435534,0.008854821,-0.1605254,-0.017866317,0.24963874,-0.16234384,-0.0754222,0.26335806,-0.39466476,0.21762429,-0.10984319,-0.040557414,0.06739518,0.02827067,-0.021549331,-0.140337,-0.18120568,-0.6593331,-0.13079388,0.022119485,0.014953219,0.2940749,0.2693731,-0.2834456,-0.04673419,-0.033335444,0.3584129,0.21389502,0.32016042,-0.18454206,0.04004457,-0.30423072,0.24757966,-0.3583286,0.3157717,0.15216292,-0.09405752,0.01798394,-0.2507094,-0.08092373,-0.046880342,0.4709605,-0.34236374,0.09275922,-0.11554057,-0.03642173,0.27453065,-0.14315319,-0.22734097,-0.31097275,-0.4699381,-0.01773185,-0.35209394,-0.117214486,0.10142177,-0.063172996,-0.05347662,-0.011967892,-0.41243732,-0.31233475,0.03299779,-0.06012695,-0.2475827,-0.12219292,0.011144594,-0.12966658,-0.68133575,-0.094322495,0.08038431,0.118003264,-0.47421607,0.3309414,0.035468806,-0.23607041,0.03311687,-0.08758386,0.31392798,0.05983736,-0.33321875,0.03605128,finance
0.013931945,0.03586868,0.06535421,-0.12965412,-0.09181008,0.038873695,0.110909656,0.2511068,0.095489725,-0.063280545,-0.3934061,0.13733913,0.17938183,0.18043977,0.0015922792,-0.07786475,-0.031507067,-0.5872727,-0.013601593,-0.05834122,0.057019945,0.17306216,-0.09142532,0.17159356,0.20216969,-0.078885846,-0.21223804,0.20801148,-0.23453246,-0.007344942,0.018358022,-0.13515872,0.027665846,-0.0996306,0.017127605,-0.15816529,0.050925888,-0.3503233,-0.0015962763,-0.047302477,-0.08647651,-0.0047776415,0.22456837,-0.03228932,0.03348258,-0.046875957,0.23912084,0.42579165,0.20320669,-0.10708204,-0.055177793,-0.3028538,0.14039725,-0.13410667,0.1982257,-0.011871221,-0.19783275,0.17585878,-0.12352361,0.11756953,-0.08601904,0.31179258,-0.24549139,0.1093584,0.05362221,-0.109693855,0.093320906,0.035937935,-0.07849048,0.0052628657,-0.30963787,-0.025801435,-0.060051627,-0.097808175,0.22901158,-0.02339231,-0.08421171,-0.028312258,-0.2624132,-0.24163176,0.041536883,-0.22735716,-0.2988047,0.062450547,-0.16228442,0.10757471,-0.37558106,-0.13799831,-0.0033805084,0.036519315,-0.5139978,0.3376545,0.13860114,-0.18556449,0.1966007,-0.22950338,-0.0011392618,0.25807777,-0.25599903,0.012981807,finance
-0.043448117,0.14453603,0.09638134,-0.042058572,-0.17986421,-0.03676922,0.12920524,0.26122582,0.1765662,-0.07703584,-0.41632065,-0.043787785,0.10036693,0.066442184,0.08679181,-0.24814555,-0.012474098,-0.68937254,0.113945484,-0.11973913,-0.11835271,0.12231434,0.0048320023,0.20299943,0.14948563,0.036955554,-0.37123516,0.32392818,-0.3883056,-0.12386415,-0.074513905,-0.06877506,0.16161245,-0.20730808,0.25085622,0.009744462,0.17584832,-0.58324105,-0.11329776,0.22739509,0.14506404,0.01722752,0.3007094,0.009987193,-0.04227271,0.120205425,0.15469083,0.35985932,0.26100418,0.005245334,0.0014757619,-0.2772729,-0.09452724,-0.16603209,0.15691525,-0.04267601,-0.14285138,0.09966451,-0.07623636,0.4167202,-0.04624752,0.21711934,-0.048621695,0.15571858,0.16608645,-0.008288856,-0.066151954,0.0699053,0.063018724,0.12577114,-0.116478615,-0.21075432,-0.19198066,-0.06681742,0.23784253,-0.18302493,-0.021007642,-0.31742728,-0.122878686,-0.34145993,0.021905601,0.031307813,-0.29346108,-0.028426066,-0.2445576,-0.09672296,-0.36419436,-0.27497476,0.09481739,-0.06102678,-0.56591433,0.34329674,0.15877327,-0.26209006,-0.008515033,-0.3899483,0.18651275,0.31577346,-0.07238357,0.14926878,sport
0.066632174,0.07316359,0.0709601,-0.043855555,-0.1405345,-0.12773216,0.24356544,0.28659245,0.16455619,-0.09853778,-0.2978868,-0.012060588,0.23709962,0.20299417,-0.024312079,-0.25177604,-0.009131817,-0.41825545,-0.22788645,-0.21726179,0.23968674,0.16693883,0.002397698,0.31735364,0.12575638,0.046980362,-0.27044865,0.29708666,-0.20624846,0.27687618,0.08708326,-0.14137328,0.24297209,-0.14743324,0.13424347,0.022011857,0.1312086,-0.5106376,0.105436705,0.10105911,0.051210616,0.21208319,0.08270695,0.038105607,0.24157985,0.3462704,0.40025538,0.3730117,0.2507035,0.0920311,-0.102810845,-0.37861413,0.008107547,-0.21175471,0.29517576,0.037212715,-0.2505213,0.38394266,-0.19972256,0.27278063,-0.27013186,0.32826483,-0.067508,0.24677685,0.10286585,0.09817696,0.24091119,0.06371344,-0.042467926,-0.08568888,-0.23816815,-0.15731335,-0.26469395,-0.0011235533,0.19892988,-0.117041625,0.088286914,-0.039422397,-0.2717272,-0.3685181,-0.060460825,-0.1694283,-0.039398186,-0.10881143,-0.2977772,-0.0034740053,-0.43201503,-0.1965042,-0.1499038,0.034406934,-0.4765307,0.33530533,-0.018092912,-0.20979244,0.022109522,-0.041769676,0.116471566,0.114578955,-0.02975211,0.06538574,finance
0.16705228,-0.067909375,0.102418534,-0.011740732,-0.06314207,-0.13775548,0.09081564,0.17803419,0.14643016,-0.04407368,-0.36892003,0.038317088,0.30544308,0.22157551,0.18429555,-0.18970175,0.10280712,-0.54279244,-0.2186455,-0.18334612,0.07733357,0.2877966,0.015734501,0.2873696,0.12929575,0.07060438,-0.23351082,0.11677058,-0.24130107,0.22299057,0.19677594,-0.07806478,0.18942732,0.11833741,0.021997496,-0.045741715,0.11071059,-0.5204769,-0.019407827,0.072699055,-0.17256236,0.084248394,0.14522263,-0.021266446,0.09807837,0.2006918,0.24304791,0.48457298,0.23014967,-0.024365433,-0.09226367,-0.31847897,0.048318453,-0.146602,0.25423846,0.013962714,-0.23820224,0.32060212,-0.11012709,0.10349887,-0.08818739,0.2921087,-0.041879576,0.24227005,0.034265805,0.081301376,0.107572146,0.042852867,-0.0054267636,0.002482029,-0.33153495,-0.10442983,-0.050302748,-0.19276233,0.32461888,-0.19926935,0.057107322,0.0831768,-0.22786584,-0.28337112,0.044083532,-0.17170271,-0.2613148,-0.030416245,-0.29590988,-0.002844971,-0.4240189,-0.28165185,-0.08963884,0.21203381,-0.294261,0.4015612,0.08392861,-0.22757767,0.06680726,-0.044789974,0.12529634,0.19076824,-0.039245028,0.030714337,finance
0.3314245,-0.13033101,0.17187756,-0.11604608,-0.16163057,-0.0700576,0.058023717,0.2031818,0.20299058,-0.17246607,-0.5152665,-0.0739833,0.40036014,0.030420655,0.074945614,-0.0837282,-0.07351147,-0.5110407,-0.10015357,-0.15333414,-0.06684363,0.01599732,-0.012655361,0.25374562,0.21215078,-0.050931226,-0.2162575,0.249962,-0.39498997,0.04890628,0.23038952,0.06786724,0.3093086,0.056354728,0.115043744,-0.0073192413,0.10523392,-0.6565636,0.033917043,0.22401237,-0.21218173,0.22125477,0.074317336,0.07831841,0.19687538,0.18556748,0.15268928,0.50696963,0.19213076,-0.06577226,-0.025130069,-0.4187237,0.16986018,-0.08821075,0.35586125,-0.07205281,-0.18474348,0.4769598,-0.18736497,0.2955168,-0.032989305,0.37568843,0.02722089,0.21232378,0.1763357,0.07284433,0.09133733,0.19113958,-0.0843335,0.0085654715,-0.30230907,-0.090904206,-0.09875405,0.02957786,0.30957475,-0.25397235,0.039472386,-0.173044,-0.17467314,-0.45023444,-0.0009110862,-0.15832943,-0.14389229,-0.0540001,-0.2558968,0.017557835,-0.3659206,-0.18916994,0.17824508,0.07988863,-0.44028154,0.20645323,0.12264689,-0.44453102,-0.021353,-0.13629425,0.19687848,0.107411265,-0.11951642,0.06987798,finance
0.07999546,0.18505575,0.02121909,-0.101357535,-0.08346812,0.0829758,0.18577142,0.31481782,0.08430038,-0.12420165,-0.39827982,0.13354984,0.008733494,0.12975961,0.101801075,-0.18882984,-0.015541337,-0.6731426,0.045770567,-0.11590718,-0.072895676,0.18565246,-0.07948036,0.2069929,0.0632104,-0.06631941,-0.25169516,0.14364924,-0.34890035,-0.1647936,-0.053163752,-0.062061563,0.1988801,-0.055370405,0.2662533,-0.050104536,0.22019441,-0.45616123,-0.106695205,0.12789726,0.101094045,0.12267362,0.28626823,0.023019485,-0.055759527,0.030726068,0.07501002,0.39091352,0.08396702,-0.07420042,0.0057292385,-0.26897135,0.021355227,-0.17671971,0.20336084,-0.032742605,-0.1872781,0.040604725,-0.07633967,0.2928633,-0.008571588,0.2184486,-0.19561514,0.09415042,0.1090145,-0.018678458,-0.12803726,-0.008839663,-0.00019852696,0.07389883,-0.1425411,-0.092533305,-0.07067268,-0.009640937,0.25706607,-0.14842206,-0.020852033,-0.20931016,-0.09574123,-0.3818581,-0.12002546,-0.03157206,-0.38190237,0.02958361,-0.30805174,-0.021834664,-0.28342545,-0.33673084,0.1384608,0.089541525,-0.470023,0.22176161,0.33046043,-0.24890052,-0.004935308,-0.44418487,0.121788196,0.24390586,-0.065919325,-0.026622804,sport
0.08927844,0.11835191,0.14807144,-0.16272801,-0.07754722,0.10575636,0.033785563,0.4160363,-0.03888321,0.09336807,-0.40555218,0.13665326,0.18135962,0.4040846,-0.1589647,-0.09922851,0.023555312,-0.6762259,-0.10222408,0.20660841,-0.026455373,0.1733363,-0.039404,0.15511623,0.34186554,-0.21754313,-0.1208835,0.3550002,-0.2229263,-0.33699146,-0.0071158176,0.051257815,-0.26162657,-0.045087013,-0.10947831,-0.07808004,0.12615827,-0.36699155,-0.17616938,-0.0031859903,0.075410224,-0.22435057,0.29388395,-0.052299198,-0.1630135,-0.2918418,0.48006615,0.44760945,0.20696035,-0.037528418,-0.08167603,-0.5287238,0.3373556,-0.047582835,0.12063741,0.009304941,-0.2743004,0.30781993,-0.16934222,0.09635637,-0.26575348,0.24787478,-0.40580353,-0.04744163,0.0460683,-0.22352025,0.007014872,0.14002974,-0.08050327,0.031392336,-0.16206041,0.02425896,-0.19166254,0.038001917,0.19716543,0.17099403,-0.2721688,0.12225639,-0.36676186,-0.30586442,0.12506583,-0.34878734,-0.4472133,0.2228671,-0.11335796,0.085356824,-0.3462826,0.03578532,0.12282998,-0.081253655,-0.5910526,0.28058344,0.12605837,-0.054507934,0.35240984,-0.32728168,-0.11741374,0.16656992,-0.520224,-0.15753414,finance
0.17022724,0.097789966,0.085877255,-0.037932355,-0.11234846,-0.008832393,0.12850405,0.18261069,0.1150229,0.02018778,-0.4918268,0.12619673,0.18069853,0.250536,0.00706444,-0.19657326,0.05951829,-0.48873585,-0.05580344,-0.09145267,0.0016460428,0.18973234,0.00033028045,0.21287195,0.18843244,-0.035218194,-0.25921324,0.1186794,-0.3180682,-0.021290202,-0.0012846385,-0.037905347,0.21173026,-0.028414514,0.060883857,-0.14749022,0.12036971,-0.42284718,-0.064622864,0.0074600196,-0.09255723,0.029801851,0.23816375,0.03503016,-0.08229065,-0.023724234,0.17268787,0.46977088,0.17219266,-0.058446135,-0.051635306,-0.3166867,0.1524729,-0.10649813,0.29157788,0.026693989,-0.2043767,0.22230765,-0.09055293,0.16580375,-0.04739569,0.2945159,-0.20711148,0.11160582,0.040831394,0.0053176987,-0.007740041,0.06849896,-0.068027146,0.090786554,-0.2718357,-0.13712795,-0.010203712,-0.05252603,0.33675346,-0.1025016,0.0053914147,-0.09553146,-0.16266257,-0.36046782,-0.054962277,-0.08673709,-0.1904284,0.10217169,-0.18851571,-0.028925054,-0.4179383,-0.23440836,0.018004397,0.1477891,-0.35946408,0.2502923,0.21363172,-0.21374598,0.15686119,-0.16001609,0.10766605,0.29867968,-0.1570847,-0.11208858,finance
0.062427744,0.1614528,0.05054962,-0.050850987,-0.08334129,-0.03840821,0.03046531,0.37466782,0.081616096,-0.075903036,-0.49800262,0.09281437,0.09332211,0.13056193,0.098555356,-0.22113685,-0.0795448,-0.60453564,0.07336108,-0.16506262,-0.12255163,0.19647735,-0.034772046,0.2514849,0.06338129,0.02037564,-0.36183622,0.22889921,-0.3330952,-0.12907615,-0.14779845,-0.07032902,0.19623733,0.009008557,0.23524208,3.5068104e-05,0.31550765,-0.48041272,-0.087273136,0.25265867,0.09147213,0.12757541,0.34962845,0.053758167,-0.014981932,0.09493229,0.08989154,0.5073237,0.14480709,-0.0046506925,-0.003602101,-0.3484015,-0.021454303,-0.12160107,0.21099353,-0.041523512,-0.14642695,0.053205065,-0.08283883,0.30764836,-0.016619336,0.29221892,-0.11295759,0.10516141,0.15437758,-0.027736126,-0.13103558,0.053835616,0.011024111,0.123064,-0.105191596,-0.06934879,-0.032583237,-0.0019332907,0.24492414,-0.23667626,0.08980854,-0.306819,-0.00610603,-0.41458818,-0.05070258,-0.13965099,-0.32070842,0.010156838,-0.30954668,-0.0031274066,-0.28060818,-0.26663524,0.13764891,0.035307307,-0.5055278,0.26363912,0.33647043,-0.20596202,0.015848203,-0.34932375,0.17394546,0.33726323,-0.00046030735,-0.0031962006,sport
0.08630337,0.057800744,0.12267612,-0.19375336,0.027275002,0.053401288,0.031780455,0.1682845,0.1329682,-0.059678428,-0.26187676,0.059020054,0.19178024,0.32111636,0.087543935,-0.16708335,0.021476265,-0.43880412,-0.256923,-0.07787245,-0.043400586,0.07427312,-0.009677134,0.07553058,0.198402,-0.060657978,-0.10790869,0.24806294,-0.11558716,0.014714989,0.08200193,0.060177118,0.035436936,-0.017362151,0.1403243,-0.15590553,-0.050283916,-0.56171674,0.0074513694,0.12750654,-0.029676158,0.13391751,-0.008531283,-0.016150823,0.031918287,0.10535094,0.09802313,0.40642354,0.13401662,-0.09760428,-0.055060837,-0.4665508,0.10280648,-0.14095025,0.279903,0.033604696,-0.08440883,0.32768014,-0.13132232,0.13596275,0.16463375,0.31796572,-0.36125365,0.028546147,0.037755214,0.07468511,0.16137981,-0.021841558,-0.008665791,0.018876404,-0.1674976,-0.0703776,-0.01825357,-0.13311498,0.29858726,-0.003871838,-0.050886232,0.007424798,-0.17794572,-0.39303634,0.024822496,-0.2221772,-0.27663118,0.07804348,-0.24913427,0.060169477,-0.36594495,-0.15974982,-0.15460056,0.18509659,-0.46932557,0.17468852,0.12296887,-0.23137125,0.17235869,-0.118714936,-0.0037431868,0.012922576,-0.19832009,-0.10367329,finance
0.00877463,0.03226314,0.044373985,-0.0478243,-0.1126311,-0.04674637,0.22115439,0.10351601,0.17333123,0.031975087,-0.1466271,0.16538596,0.26261377,0.24597177,0.074324645,-0.27870306,0.10057027,-0.520206,-0.13106766,-0.037421465,-0.056396183,0.078230664,0.09501921,0.27909943,0.12682319,-0.0886736,-0.15237735,0.20114258,-0.13517365,0.13543138,0.090091206,-0.0074400012,-0.008042642,-0.115140446,-0.11793619,-0.15095294,0.013878498,-0.5277895,-0.0015842454,0.073233835,-0.03807458,0.0034254405,-9.793692e-05,-0.025918288,-0.04518981,0.054147262,0.24714348,0.53255355,0.042205602,-0.06670656,0.04877345,-0.44134495,0.041264668,-0.12612505,0.21291454,0.03479037,-0.20878445,0.45465565,0.01647741,0.22656552,-0.14427058,0.21901436,-0.24232672,0.07031677,-0.005499975,0.106036045,0.12602226,-0.045891523,0.0042601777,0.13227709,-0.22460161,-0.090605825,-0.24285056,-0.05841676,0.2824985,0.015092538,-0.20304206,-0.01949536,-0.29493046,-0.44437483,-0.008586404,-0.29149392,-0.2572817,0.09148992,-0.26268333,-0.04386363,-0.46364847,-0.21399832,-0.22032736,0.21329576,-0.5085759,0.040946353,-0.008070121,-0.13798895,0.19919589,-0.12498136,-0.02049752,0.08177221,-0.2653842,-0.08653932,finance
0.1759591,0.027833013,0.15826054,-0.035580132,-0.045019552,0.0050411643,0.16995943,0.1848736,0.05584178,-0.10494154,-0.39991087,0.20352833,0.23628938,0.19543503,-0.035921443,-0.12947823,0.12983678,-0.5906462,-0.13425079,-0.07987562,-0.0014574394,0.17635846,-0.0484982,0.22690216,0.19571015,-0.10721199,-0.1811525,0.14554349,-0.33110902,-0.051283423,0.030738084,-0.06484156,0.13929604,0.15830034,0.0027213113,-0.09809846,-0.0213815,-0.40829572,-0.079162195,0.06764871,-0.13942876,0.089946926,0.2518422,0.004780647,-0.053992696,0.034739774,0.3662172,0.45840982,0.19528121,-0.11736584,-0.092328615,-0.25566307,0.14175196,-0.118307866,0.34471753,-0.052581348,-0.17621975,0.26429534,-0.15034136,0.05710075,0.0033732138,0.33764505,-0.15266964,0.17529346,-0.0063934177,-0.0011831739,0.06081827,0.11691453,-0.068212725,0.07845974,-0.25499135,-0.024734354,-0.078513615,-0.062006433,0.3096157,-0.07940201,0.044964332,-0.048307583,-0.14103507,-0.3181323,-0.040311612,-0.1886299,-0.1818556,0.030462578,-0.26223487,0.026506899,-0.47805613,-0.18058889,0.028984638,0.09958383,-0.40899628,0.25827634,0.115638554,-0.24615006,0.111542076,-0.11463485,0.054607414,0.29501283,-0.3044766,-0.011292608,finance
0.08881065,-0.059113204,0.06647493,-0.12986599,0.08880813,0.48262003,0.30819356,0.55580235,-0.049685497,0.10877303,-0.39206707,0.17240518,0.0065336195,0.21024962,0.11112372,-0.14649585,0.12432848,-0.5749235,0.037597384,-0.01064389,-0.101387836,0.27918544,-0.05319801,0.14012282,0.32375467,-0.29590654,-0.21436046,0.33544368,-0.23184511,-0.14249423,0.013370714,-0.004268213,-0.08688913,-0.04478004,0.12079851,-0.21713683,0.3736992,-0.48240486,-0.12880446,0.022570824,0.22752078,-0.07726839,0.12705822,-0.0067785108,-0.21048193,-0.16115585,0.17264608,0.22369517,0.293191,-0.26566792,-0.10713317,-0.56364226,0.22737958,0.033242457,-0.04168171,0.27721816,-0.47389895,-0.13111913,-0.09144526,0.0070846137,0.038757656,0.23638207,-0.35041195,-0.05368312,0.044166695,0.14661627,0.10495076,-0.14965558,-0.05511835,-0.13338003,0.0022168553,0.13718262,-0.29346612,-0.10809888,0.25791168,0.15251316,-0.10393933,0.0037897935,-0.21307047,-0.26982257,-0.06965444,-0.45326242,-0.42446673,0.010834049,0.09434003,0.12420644,-0.10479806,-0.11547358,0.29462713,0.12856364,-0.3955272,0.43924132,0.2561441,-0.009212254,0.23310919,-0.31178042,-0.021651117,-0.0191278,-0.42562562,-0.184257,sport
-0.014046625,-0.01711226,0.091672845,-0.021174988,-0.1440464,-0.04739644,0.19147679,0.27678782,0.0016876779,-0.0044623734,-0.38247487,0.1952421,0.23099734,0.116489984,0.16549617,-0.124378726,0.03151463,-0.5112213,-0.16626932,-0.23783307,0.14556134,0.17324813,-0.059628807,0.15089777,0.18586414,-0.20269853,-0.2631908,0.11774489,-0.16688095,0.2052923,0.018409641,-0.2158458,0.12310968,0.0020165332,0.056948937,-0.027829243,-0.06358854,-0.49298573,0.034942836,0.069845185,-0.029176094,0.08257906,0.23963982,-0.043720156,0.19688179,0.1362553,0.23329794,0.6122151,0.104680456,-0.026566902,-0.12770163,-0.38415185,0.059613768,-0.01661956,0.19629207,-0.13253061,-0.09365257,0.2354458,-0.20132111,0.17967562,-0.16791677,0.2851275,-0.20330273,0.3870326,0.048239503,-0.05753996,0.2043799,-0.029304886,0.08026138,-0.023897834,-0.28080112,-0.22449468,-0.122257076,-0.07515447,0.070568785,-0.16466917,0.047640335,0.028492555,-0.17580798,-0.18616173,0.034421906,-0.14739673,-0.22867721,-0.008617091,-0.2991464,0.12828062,-0.37646317,-0.10161607,-0.024541184,0.10078464,-0.50408655,0.38169,-0.030980175,-0.12895823,0.18266618,-0.23443405,0.23000784,0.27648735,-0.3256384,0.09333316,finance
0.23185493,0.031258237,-0.035534322,-0.18411365,0.020415956,0.18092978,0.17251183,0.33636495,0.048203893,-0.088714376,-0.4294118,0.09863372,0.060111843,0.21006115,0.0009508633,-0.22166725,-0.07802381,-0.5569525,-0.11569212,-0.18049626,-0.018572286,0.2615387,-0.068848565,0.12848409,0.30003095,0.08717458,-0.30440837,0.19227697,-0.30726504,0.0010404182,0.049344186,-0.049073104,0.04294268,-0.08982304,0.29269865,-0.3045676,0.3567343,-0.48354205,-0.05288965,-0.005746802,-0.009895135,0.1400735,0.20998403,0.07542019,-0.018017255,-0.028483085,0.010885699,0.29941893,0.07150781,-0.1935096,-0.06847509,-0.39854276,0.050266147,-0.20589112,0.30902007,0.14191455,-0.27016935,0.10306986,-0.21156791,0.18408851,0.070468955,0.34927797,-0.38130814,0.047144577,-0.014541551,-0.07488979,-0.04484569,-0.12754518,-0.10048331,0.06377434,-0.08965901,-0.029556597,-0.09443811,-0.16872369,0.26540214,-0.13445064,-0.08603721,-0.15522482,-0.22166377,-0.3021521,-0.016790617,-0.17949025,-0.3096886,0.18526965,-0.257969,0.03738322,-0.21462841,-0.37573692,0.104759,0.103323445,-0.35839134,0.21971723,0.4041883,-0.2417351,0.0013863251,-0.23118128,0.12499651,0.28661665,-0.0067487815,-0.14999606,sport
0.10766949,0.15141533,0.09826967,-0.111063704,0.016921446,0.28786853,0.16580091,0.5217783,-0.08993011,-0.12446752,-0.6877301,0.16197224,-0.052474327,0.16552149,0.17220917,-0.09499317,0.031780392,-0.6835563,-0.10814827,0.0028713453,-0.075566046,0.26887926,-0.07724624,0.03901175,0.24701233,-0.28359288,-0.3060379,0.07272606,-0.25963032,-0.15041205,-0.192896,0.055605188,0.014901329,-0.110051975,0.09364579,-0.067864746,0.40896964,-0.44159192,0.2246857,0.14409946,0.32895485,0.03972153,0.34459764,-0.07915175,-0.1362279,-0.122793354,0.37788022,0.20445345,0.3008382,-0.094251335,-0.22303787,-0.61740136,0.18503064,-0.064601324,-0.084995285,0.03942384,-0.33850527,-0.025238147,-0.009717857,0.29889902,-0.035212643,0.19458291,-0.14617284,0.10276859,0.18422982,0.065782875,0.05641435,-0.19733785,-0.010233147,-0.067566305,-0.023458386,-0.057225145,-0.282647,0.030560205,0.18608089,-0.041605264,-0.24492471,-0.13033253,0.015232258,-0.4730012,-0.14607143,-0.40791896,-0.33460802,0.2547809,-0.15995255,-0.0072062626,-0.23977146,-0.27357703,0.26036018,0.08418532,-0.59591544,0.42624825,0.17499794,0.057602998,0.09973662,-0.3202481,0.04683959,0.053317815,-0.19171627,-0.13812478,sport
0.15227653,0.09354988,0.19480057,-0.073047765,-0.09048366,-0.1458525,0.078080475,0.2027436,0.080448925,-0.12282422,-0.6100986,0.07776121,0.3104736,0.12277541,0.21115422,-0.24583933,0.048771173,-0.5804643,0.0003332522,-0.03735287,-0.33215365,0.17782086,0.1375606,0.24730393,0.29260874,0.06130722,-0.24231711,0.22888769,-0.15477204,-0.13399835,0.19676232,-0.018687641,0.3113386,0.11677284,0.08144449,0.15062566,0.01600537,-0.49426872,-0.11897433,0.30956173,-0.057552837,0.14055014,0.23339951,-0.09107499,0.14081486,0.120702006,0.026761957,0.4323052,0.32159197,-0.110656396,-0.015455134,-0.3236739,-0.008533042,0.012423451,0.4475379,-0.09534401,-0.17492971,0.3228016,-0.18454267,0.26798716,0.05717951,0.18076935,0.0011361346,0.16854307,0.11776211,0.1054708,-0.013396201,0.2092175,-0.17494649,0.08821403,-0.3091549,-0.14260554,-0.12709916,-0.13530274,0.23076989,-0.16412169,0.17851461,-0.23872219,-0.14169334,-0.43622455,0.14242889,-0.12624288,-0.27378595,0.20033145,-0.3368143,0.0060690683,-0.647407,-0.29824665,0.09604761,0.1740957,-0.29232407,0.34561825,0.096020676,-0.40567046,0.010896817,-0.041912213,0.28598416,0.22664422,-0.021651084,0.008006175,finance
0.06608745,0.16895135,0.15618196,-0.14361297,-0.007919289,0.09976268,0.019108873,0.32176322,0.015933394,0.06727562,-0.38364607,0.20102796,0.22179969,0.43334502,-0.1337986,-0.08967893,0.07791186,-0.62305886,-0.15326165,0.14693646,0.12111711,0.122701116,0.00089802616,0.13094291,0.28111058,-0.2397348,-0.1071419,0.19300461,-0.2280881,-0.30498654,-0.0223788,0.039609015,-0.1800419,0.025347399,-0.118289635,-0.08163205,0.045190267,-0.33227795,-0.17923959,-0.024440596,0.009293743,-0.2783879,0.2938487,-0.07671912,-0.19937932,-0.30339423,0.5746009,0.5135892,0.21021588,0.0131354295,-0.18306592,-0.51526594,0.3905548,-0.03212435,0.121874206,0.027680652,-0.2863846,0.3844101,-0.25309706,0.10710484,-0.29278186,0.13724887,-0.30170166,0.026147751,0.06748725,-0.20040852,0.096873194,0.050939664,-0.049623825,0.07206305,-0.1841243,-0.084404655,-0.25300637,0.07123095,0.14187,0.10690351,-0.26892307,0.2130386,-0.38533044,-0.40605527,0.087640904,-0.30266792,-0.4459076,0.20320004,-0.116941944,0.074171364,-0.39153248,0.0989869,0.12926297,-0.010844664,-0.6258761,0.22474293,0.04511338,-0.105726674,0.37161705,-0.32037646,-0.15183163,0.09413228,-0.50587255,-0.08102868,finance
0.07221651,0.22433352,0.13669728,-0.091001794,-0.03802645,0.02677054,0.24771076,0.007329142,-0.011361122,0.14281075,-0.31456012,0.24911188,0.2989539,0.23616295,0.0132131195,-0.2914085,0.25710136,-0.7149786,-0.21589522,-0.031524636,-0.031154662,-0.009095486,-0.021970341,0.19753374,0.325088,-0.14918508,-0.11832564,0.11903491,-0.31233996,-0.04561444,-0.019599512,0.17673773,0.11981211,-0.017169273,0.007330457,-0.10080988,-0.12841162,-0.5967124,0.045950357,0.04712584,-0.0395045,-0.045228902,0.21142238,-0.01045795,-0.27093977,0.024097374,0.2525992,0.64745235,-0.0010206684,-0.13401212,-0.020377679,-0.39016223,0.16900513,0.00665279,0.40878266,0.113384366,-0.1921512,0.40161452,0.09945269,0.21991526,-0.019127522,0.29308414,-0.32690084,0.15552656,-0.08106835,0.16102466,0.24142334,0.118221596,0.0030062757,0.11887096,-0.14940251,-0.117546655,-0.047656763,-0.09824883,0.33166093,-0.016465439,-0.1465265,0.08446846,-0.25383642,-0.3670401,0.038563747,-0.15560423,-0.30160105,0.12942548,-0.22846311,-0.12721053,-0.37679902,-0.21799195,-0.05121234,0.21372719,-0.5863936,0.18130587,0.031481363,-0.25509065,0.25684166,-0.010410913,-0.08895946,0.34460008,-0.5038961,-0.10050058,finance
0.15883587,0.08273455,0.029634824,-0.09127316,0.06969079,0.25229827,0.2382942,0.52211374,-0.027531229,0.030562077,-0.46848357,0.13878943,-0.05867897,0.16470577,0.062959425,-0.12812653,-0.02689332,-0.55817956,0.024493288,-0.074744135,-0.049460497,0.24958938,-0.06655831,0.043730654,0.20602138,-0.0811692,-0.22629118,0.25446093,-0.2922805,-0.03304846,-0.09032107,-0.10521712,-0.0807834,-0.11866025,0.15852368,-0.23864228,0.23639528,-0.42083147,-0.028732033,0.048771977,0.19474855,0.08292678,0.15597163,-0.0023760058,-0.059842464,-0.07302379,0.12130742,0.28047252,0.17359214,-0.30962822,-0.10065133,-0.5340888,0.24140255,-0.04776883,0.1284154,0.2551451,-0.37802207,0.001475867,-0.10705863,0.16305111,0.05803155,0.24506997,-0.337465,0.03190741,0.13190886,0.12299325,-0.05187301,-0.13724402,-0.03471598,-0.010784341,-0.16609152,0.014178494,-0.132235,0.06665865,0.21766794,0.022333411,-0.11447355,-0.15600051,-0.16302682,-0.35391554,-0.06871784,-0.26877636,-0.31185478,-0.04708622,-0.08412093,0.05852837,-0.20592965,-0.2066008,0.11699347,-0.011321355,-0.42399868,0.27786848,0.34180853,-0.09711104,0.20817557,-0.34758502,0.04762909,0.08100901,-0.26873532,-0.15046854,sport
0.089070715,-0.029667247,0.06319966,-0.02107794,-0.08518958,-0.040609486,0.15712395,0.20279418,0.09953995,-0.065704435,-0.32992554,0.09752327,0.276066,0.1952383,-0.082513206,-0.29287255,0.17836615,-0.47006008,-0.25929826,-0.14318983,0.13602008,0.1536575,0.015450574,0.18623897,0.25519472,-0.16219993,-0.109977335,0.33719984,-0.15808636,0.08890108,0.014734203,-0.06583204,0.15600578,0.025030045,0.11030534,-0.074991055,-0.045007415,-0.46372434,-0.06922509,0.12123217,0.08486543,0.18668234,0.1454311,0.021646967,0.099720314,0.11495845,0.39753187,0.42097068,0.28876856,0.089885965,-0.02027773,-0.34466162,0.17510916,-0.15278983,0.3273381,-0.09328627,-0.27118298,0.40443742,-0.1516832,0.10909437,-0.13967714,0.29470795,-0.15513815,0.30492088,0.065283276,-0.025473347,0.1512693,0.1925529,0.009042692,-0.057875577,-0.2525884,-0.060245212,-0.099399075,-0.13060142,0.21235599,-0.05769237,0.122458376,0.10771499,-0.19486977,-0.20345403,0.049615342,-0.13183548,-0.22711746,0.025248028,-0.3101626,-0.013917635,-0.64909226,-0.096278794,-0.18978004,0.053897817,-0.46800607,0.39707,0.027597174,-0.12008192,0.14016144,-0.118559524,0.085931785,0.16272669,-0.124740556,-0.061409503,finance
-0.21025102,-0.041218776,-0.05563407,-0.15308149,-0.24475127,-0.074419126,0.31828254,0.20363064,0.32810217,0.009060638,-0.3234111,0.07173927,0.09830351,0.10320267,0.03574637,-0.3077199,0.06486243,-0.7363382,-0.03245621,-0.22795135,-0.10115781,0.23279196,-0.047414426,0.13683043,0.23177977,-0.02013119,-0.31762815,0.24213517,-0.037774205,0.13544787,-0.080802955,-0.18248782,0.09041285,-0.08227189,0.23480135,0.031585097,-0.008955904,-0.48767653,-0.015100554,0.34967023,-0.00097455754,0.056305025,0.012488772,0.08265312,0.008912423,0.30917227,0.28167698,0.45159382,0.23366657,0.0071736313,-0.006190005,-0.30026683,-0.07540435,-0.1822395,0.055932082,-0.12717564,-0.09998286,0.0533487,-0.05764443,0.3938096,-0.00055136415,0.08627463,-0.1130532,0.2406178,0.11060721,0.23599438,0.2884741,-0.0071289754,-0.07079695,-0.043361004,0.08905435,-0.2649683,-0.28935117,-0.16654925,0.1359229,-0.046981677,-0.039867714,-0.29837966,-0.11099264,-0.44436166,0.04503152,0.08610952,-0.15014578,-0.03236951,-0.14792323,-0.09086351,-0.37746856,-0.1908943,-0.061849296,-0.14296809,-0.50837797,0.3157162,0.059421763,-0.4005379,0.17404698,-0.3121071,0.0644606,0.18342172,-0.02715188,0.2685447,sport
0.10758524,0.091292165,0.1039828,0.047014467,-0.2271819,-0.05375401,0.12306639,0.219329,0.21801408,-0.057340264,-0.42892796,0.09091775,0.005754457,0.20552577,0.058686424,-0.3024567,0.04742037,-0.8992253,0.11243393,0.046810973,-0.12525533,0.22141345,-0.20275496,0.38398978,0.036368817,-0.07482002,-0.22825827,0.09706192,-0.40368664,-0.36347872,0.058268264,0.037732836,0.26238155,-0.11377232,0.030740792,-0.018572703,0.06059425,-0.46820334,-0.19491196,0.26195028,0.010557807,-0.053554706,0.3703734,0.04538752,-0.17126366,-0.11365714,0.22823834,0.5238595,0.2552634,-0.06456743,0.0047514546,-0.17939465,0.057878565,-0.26456767,0.22423798,-0.070833415,-0.16164865,0.030286925,-0.07140135,0.31882992,-0.1645477,0.08874363,-0.085076764,0.033622358,0.14425948,-0.0022962317,-0.07011233,0.15039031,-0.13734023,0.27833167,-0.16278714,-0.035570506,-0.028799547,-0.06105448,0.33983573,-0.06301477,-0.007530923,-0.08618729,-0.18859254,-0.38518223,-0.080101065,0.01915551,-0.33710107,0.0313237,-0.34193492,-0.1149784,-0.4053186,-0.24402608,0.10530586,0.12406806,-0.47736618,0.4154926,0.286783,-0.31422305,0.2585236,-0.39495263,-0.0029139456,0.30322403,-0.26430017,-0.043856338,sport
0.10818748,0.0037365863,0.16079879,0.029546736,-0.14160895,0.0053805113,0.23790264,0.30298153,0.062519774,-0.10798561,-0.35423803,0.1475078,0.19961232,0.12815455,0.035414778,-0.27383676,-0.027529262,-0.5882058,-0.09128939,-0.23001601,0.15262568,0.28996196,0.023110053,0.16395423,0.21449658,-0.14581484,-0.2760805,0.15289299,-0.22535284,0.2114811,0.023573333,-0.30613774,0.29920653,-0.1586171,0.030673778,-0.16490972,0.0075426367,-0.35970226,0.108559094,-0.01253261,0.004615784,0.09305205,0.154179,-0.102874875,0.22322515,0.22321999,0.3595301,0.46672502,0.09105938,-0.14622992,0.016721038,-0.31674126,-0.034574885,-0.16956936,0.35869923,-0.0635064,-0.23378275,0.27469617,-0.18692976,0.10147385,-0.1935685,0.28101158,-0.09491753,0.34574696,0.049061883,0.013259172,0.13246961,0.0167612,0.13237578,0.00084800815,-0.3295407,-0.05920538,-0.15933943,-0.068256326,0.08023682,-0.21946038,0.045212034,-0.010411679,-0.31525493,-0.25964475,-0.008356425,-0.07802168,-0.2989178,0.034247078,-0.21145043,0.031131687,-0.40726745,-0.297965,-0.036817107,0.15441908,-0.4698072,0.25956103,-0.007770094,-0.25965926,0.11211949,-0.21475974,0.08818023,0.2516837,-0.28387377,0.09999208,finance
0.026105369,0.025064588,0.10358353,-0.03888503,-0.14105228,-0.07604574,0.08907456,0.24429592,0.21070836,-0.06694789,-0.41774657,0.13720423,0.2814706,0.21308023,-0.055700283,-0.2712652,0.00026081048,-0.61104274,-0.15129463,-0.21914424,-0.063869044,0.349909,0.11569495,0.2409083,0.029752491,0.014086004,-0.22760114,0.04298202,-0.19965494,0.20355566,-0.0025301352,-0.12316471,0.16039984,0.015709557,0.02401449,0.0837989,0.06764301,-0.5101252,0.032545533,0.33967346,-0.031732764,0.025405046,0.039531406,-0.10737566,0.08223833,0.09125146,0.29039448,0.42715704,0.3882508,0.07676058,-0.11651754,-0.41664523,0.13594586,-0.24176519,0.16226354,-0.089236185,-0.18207802,0.37119702,-0.13541874,0.081062466,-0.1259234,0.2504609,-0.0054462827,0.14199209,0.16277434,0.2904512,0.24755885,0.17063548,0.048527535,-0.0012816963,-0.2431378,-0.16012552,-0.27771282,-0.10495533,0.19597931,-0.28642824,0.16119225,0.029897118,-0.21055573,-0.32775477,0.019658959,-0.046273023,-0.107659325,0.009239531,-0.18515387,-0.14746234,-0.47127563,-0.24178609,-0.08492293,0.08724207,-0.3093751,0.4093863,-0.10282107,-0.3766753,0.17337878,-0.08110996,0.17735451,0.014950992,-0.106233045,0.11749736,finance
0.073854,-0.012900777,-0.025868112,-0.26531246,0.08062552,0.38636947,0.38167876,0.3693356,0.07901241,-0.039693948,-0.3739174,0.17895195,0.047606353,0.011366821,0.0016936657,-0.26779017,0.02761532,-0.6418893,0.10394894,-0.22927721,-0.018171929,0.11552749,-0.050870147,0.211099,0.40984678,0.006709506,-0.30123112,0.31863415,-0.3167793,-0.17589055,-0.017030422,-0.13099612,-0.100265846,-0.12383346,0.48799244,-0.3822964,0.3696345,-0.630239,-0.079146706,0.113371536,0.044006858,0.19691014,0.2130726,0.06701063,-0.075445846,-0.06274817,-0.06696934,0.27620384,0.18878777,-0.25917333,-0.033781886,-0.324119,0.15740249,-0.15380861,0.18192227,0.14554498,-0.29171658,-0.05911455,-0.20537284,0.27744994,0.13843043,0.3635282,-0.4963513,-0.010899124,0.029277304,-0.062914364,0.07520508,-0.1805925,0.02268264,-0.067058444,-0.194139,-0.011709599,-0.09523127,-0.26801684,0.30112636,-0.102864504,-0.17404765,-0.073432304,-0.14814852,-0.13074744,-0.095992245,-0.22019346,-0.33325717,0.009067842,-0.27610758,0.095395386,-0.15682729,-0.38128233,0.10710781,0.12743278,-0.40687343,0.3225234,0.3737695,-0.2520991,0.027924167,-0.3690996,0.03357355,0.17677476,-0.13902724,-0.026016265,sport
0.10872511,0.14840753,0.084693514,-0.13028055,0.0137907285,0.2759447,0.16212465,0.5060779,-0.12649764,-0.10415345,-0.66977376,0.11911824,-0.07460287,0.14306045,0.20423056,-0.091787085,0.0352076,-0.6562849,-0.1252928,-0.06223022,-0.0010500014,0.25807345,-0.06952842,0.046256226,0.22951071,-0.2576359,-0.30042318,0.07095102,-0.23084603,-0.14442332,-0.16931146,0.031328887,0.08374818,-0.064296745,0.056443382,-0.083123736,0.46689153,-0.43767685,0.1714732,0.17850502,0.29357672,0.06954528,0.30428803,-0.03179976,-0.070282705,-0.06606894,0.3287116,0.25439945,0.27181336,-0.10997486,-0.20580181,-0.5963667,0.11570466,-0.081166565,-0.035079326,-0.0039422787,-0.31246027,-0.055624317,-0.0021886495,0.30802342,-0.06679628,0.15269512,-0.1550366,0.15253901,0.1856197,0.00997653,0.0387154,-0.20860367,-0.016984897,-0.07112715,-0.052748807,-0.05881988,-0.2553276,0.0033210833,0.1667928,-0.074809305,-0.20115705,-0.1488035,0.041838743,-0.425945,-0.11640185,-0.3573476,-0.34444064,0.24444936,-0.24047595,-0.040572524,-0.28194565,-0.2792255,0.18753026,0.10135411,-0.5525313,0.3735613,0.18577498,0.04471955,0.03286862,-0.39766043,0.08044681,0.047732305,-0.14353211,-0.10524849,sport
-0.089885905,0.029749284,0.06323742,-0.04841225,-0.08025714,0.05516671,0.28791815,0.15986118,0.18750125,-0.05760172,-0.23191804,0.06474608,0.299809,0.14696003,0.012432992,0.011841043,0.13261466,-0.68922156,0.0053315037,0.04634254,-0.0228956,0.059633136,-0.03131906,0.103873655,0.28528163,-0.082589485,-0.12500797,0.24155039,-0.098870605,-0.12569551,-0.030889083,-0.014606351,0.009469389,-0.019112714,0.15595499,0.04049741,0.19408329,-0.44914094,0.033696566,0.15609436,0.004606,0.035218008,-0.016754352,0.03490177,-0.12184282,0.13910083,0.28494516,0.23328428,0.26369533,-0.043675918,-0.07018294,-0.3279328,0.08294057,-0.07101942,0.11261528,-0.15579562,-0.13993,0.13929111,-0.07116261,0.19355063,0.0684797,0.18028328,-0.26948667,0.18788317,0.122773446,0.071293645,0.2057002,-0.019546334,-0.026717192,-0.10553345,0.13004775,-0.1310894,-0.3104166,-0.0520925,0.3134776,0.05945345,-0.087560266,0.036893915,-0.05838275,-0.38876542,-0.073985904,-0.21692364,-0.26752812,0.027846105,0.15210098,-0.03271704,-0.3656361,-0.20437126,0.059615973,0.0739768,-0.45321319,0.3949464,0.12746711,-0.30888698,0.023660183,-0.106509246,-0.06213658,0.05445774,-0.20408201,0.12298445,finance
-0.015785832,0.14116727,0.018684858,-0.045611914,-0.025201079,0.01902068,0.19852841,0.22257079,0.03446449,-0.0143941315,-0.32655874,0.21792461,0.33839616,0.2274372,-0.2530637,-0.20137265,0.19159104,-0.49520755,-0.19423015,-0.07914167,0.020275224,0.12281568,-0.022859134,0.15552934,0.2244584,-0.08533928,-0.08974539,0.38549578,-0.1845389,0.009777713,-0.1092699,-0.065730266,0.011365319,-0.029871987,0.19933079,-0.024226021,0.046330404,-0.55454904,-0.0579815,0.063385226,0.1921862,0.09158675,0.13306038,-0.032632835,-0.056684203,0.09163384,0.24250734,0.38546675,0.3516378,0.13271172,0.058137838,-0.35066593,0.31192437,-0.123035826,0.27150422,-0.0726586,-0.144528,0.34512103,-0.025770107,0.018648257,0.0065701,0.30977702,-0.23801571,0.1178352,0.026062978,0.08255335,0.17477661,0.112845905,0.009996442,-0.075580746,-0.148097,-0.034091122,-0.16076355,-0.09496897,0.21961492,-0.096323706,0.22743109,0.05955418,-0.19887039,-0.18951385,0.12719414,-0.15095863,-0.2295045,-0.050017405,-0.11372736,-0.024002578,-0.62778896,-0.17450926,-0.16020574,-0.037841205,-0.5342725,0.37991145,-0.02832415,-0.071294345,0.2088661,0.023931611,0.01686326,0.120156094,-0.1985622,-0.08614665,finance
0.16274759,0.00724511,0.15538916,-0.04956149,-0.13402677,0.021601785,0.13620676,0.21132779,0.103596725,-0.17131688,-0.29522127,0.07715317,0.30452687,0.19131187,-0.0134513425,-0.13705947,-0.07858925,-0.566774,-0.05063511,-0.19174655,0.057132732,0.2779102,0.016339643,0.21079254,0.16337241,0.00025023735,-0.22220251,0.086330816,-0.35168886,0.088021904,0.13582726,-0.103962004,0.203122,0.041714262,0.026979778,-0.08068935,0.06287082,-0.40552852,0.010826097,0.11593243,-0.15078892,0.0857868,0.14314204,0.035516586,0.16017742,0.10588168,0.35253355,0.47716522,0.1796457,-0.028105088,-0.11918992,-0.31514105,0.08331248,-0.16571744,0.37014538,-0.09287058,-0.2347589,0.37279662,-0.2221945,0.21449754,-0.10632882,0.36705473,-0.047102578,0.25662437,0.08441924,0.02065408,0.062257875,0.10557561,-0.08353377,0.056361668,-0.20116156,-0.08223867,-0.14803785,-0.06454005,0.23710711,-0.21076262,0.06689396,-0.091470376,-0.2262231,-0.29837942,-0.020958029,-0.17434697,-0.109114274,0.023069926,-0.30423144,-0.065960206,-0.36775023,-0.21904603,0.04756211,0.07422374,-0.38892168,0.27216175,0.11187501,-0.3762178,0.04858479,-0.21808155,0.16754496,0.1631286,-0.07908335,0.078971595,finance
0.057755254,0.105644286,0.037421864,-0.121667296,0.0014430826,0.24758278,0.2155315,0.46959546,-0.018715087,-0.15181705,-0.5835246,0.15975851,0.007416864,0.15381952,0.18262422,-0.0786812,0.008471066,-0.6586609,-0.082141444,-0.09153214,-0.045534745,0.23723838,-0.13392736,0.04165276,0.2823271,-0.25376508,-0.3213555,0.09794873,-0.17572156,-0.15957597,-0.16373079,-0.0011326872,0.017350387,-0.12299002,0.09978678,-0.07504982,0.33593324,-0.44114017,0.14903344,0.17593847,0.25298432,0.11944189,0.25797227,-0.01067845,-0.09800167,-0.042623397,0.3809097,0.2612001,0.24554218,-0.093897566,-0.17094986,-0.5523473,0.16350612,-0.07552026,-0.011960226,0.045987114,-0.26342428,-0.08660502,-0.05128181,0.28877252,-0.031038972,0.23265825,-0.16243179,0.10427042,0.14529903,0.06732919,0.087963134,-0.18712363,-0.06724015,-0.06634658,0.00076863676,-0.06904001,-0.250634,0.011117931,0.19711202,-0.030272529,-0.17836304,-0.15785754,0.021602605,-0.4532973,-0.15274745,-0.31928745,-0.2828236,0.17014357,-0.15788683,-0.014289905,-0.22535545,-0.19514032,0.20639348,0.08437446,-0.5660918,0.35416904,0.20126967,-0.09188263,0.092821866,-0.35744998,0.09880394,0.04215489,-0.18816897,-0.1145564,sport
-0.019543398,-0.06680483,0.18280187,-0.19130313,0.04642534,0.5910863,0.27038157,0.4426377,-0.09278631,-0.14446664,-0.33945486,0.24175155,0.12346742,0.22325651,-0.06440249,-0.18603508,0.12456638,-0.8262012,-0.133102,-0.08102001,-0.152926,0.28248695,0.1969358,0.20221584,0.16529651,-0.40573934,-0.45639247,0.30116928,-0.572846,-0.37240097,-0.18169825,-0.054721,0.20539802,-0.025531936,-0.08591162,-0.1632768,0.38916454,-0.4568504,-0.1890937,0.12263103,0.28600508,0.021658516,0.4336201,-0.1497097,-0.09758137,-0.11613676,0.3852815,0.02959698,0.22772294,-0.05422957,0.061684974,-0.65131545,0.1618918,-0.035141163,0.036418065,-0.061687514,-0.27687907,-0.20780167,-0.22435665,-0.013031586,-0.19410458,0.2830624,-0.416984,0.09293273,0.13759892,0.08115702,0.03927678,-0.03818275,-0.016226893,-0.11346843,0.23424628,0.20861745,-0.5520104,-0.09684469,0.28932625,0.031417646,-0.24358086,-0.1088281,-0.23933087,-0.34453547,-0.30869412,-0.43203357,-0.54929334,0.27762303,-0.089755945,0.20041288,-0.2934884,-0.2993083,0.4241594,0.08221054,-0.48080015,0.47504586,0.060913343,0.015833264,0.13681132,-0.40306297,0.23999046,0.06505483,-0.41956836,-0.15824059,sport
0.10888056,0.06489419,0.18308567,-0.07175655,-0.070077926,-0.09654942,0.10855162,0.26926044,0.083379716,-0.0745496,-0.43790686,0.04787182,0.22959894,0.18289635,0.11055091,-0.2765981,0.043740198,-0.5441543,-0.0765429,-0.08006081,-0.15289675,0.20996353,0.10940663,0.20157278,0.20453864,0.0017323573,-0.20335099,0.2547346,-0.22290292,-0.08757506,0.12560017,-0.043096416,0.22501259,0.06995193,0.13344778,0.121497445,0.050373014,-0.51986045,-0.12019565,0.28091276,-0.01907071,0.15487194,0.12616633,-0.047160763,0.052000612,0.14173804,0.1564325,0.42172778,0.31192327,-0.03641807,-0.03554152,-0.31028122,0.050723102,-0.018672159,0.31835836,-0.062590495,-0.21748966,0.32574508,-0.1513921,0.20283926,-0.02907544,0.18476915,-0.0658228,0.17250335,0.1372098,0.075296514,0.018015644,0.17158352,-0.026113825,0.018397082,-0.23958804,-0.078239486,-0.10330737,-0.073015414,0.22006598,-0.1592458,0.18933256,-0.13602363,-0.17963658,-0.3506517,0.10951862,-0.1056309,-0.27384973,0.09102701,-0.27814367,-0.034648277,-0.5947738,-0.27240396,0.0027604837,0.08802169,-0.3753465,0.29737145,0.105272986,-0.27138507,0.019069431,-0.106580794,0.1688115,0.20198496,-0.09859087,-0.02337406,finance
0.16133362,0.011560668,0.14271599,-0.1157625,-0.12447362,0.07396097,0.05718781,0.13535991,0.10658889,-0.07107824,-0.30450657,0.04980509,0.30338302,0.22405697,0.045201182,-0.069982864,0.010693592,-0.58067554,-0.0032703446,0.0059056804,0.012596925,0.15764193,0.008779973,0.25705025,0.1777007,0.014252436,-0.20168321,0.19199614,-0.3283509,0.01040866,0.15608618,-0.037135378,0.07028424,-0.0093329055,0.021974355,-0.14681292,0.105710454,-0.49536124,0.039114706,-0.0003281266,-0.088301584,-0.034162227,0.14281176,-0.05577651,0.01599949,0.18380652,0.25931415,0.4739725,0.12096179,-0.07230681,-0.06387658,-0.34135628,0.1355951,-0.20713311,0.30424836,-0.037478093,-0.19139603,0.17878243,-0.04439373,0.12600921,0.019912,0.27189887,-0.16535783,0.16310094,-0.010911236,0.038561784,0.036978804,-0.08456955,-0.023817983,0.071504086,-0.23949164,0.019156652,-0.07824359,-0.108523734,0.35511607,-0.032101415,0.00467628,0.03617384,-0.23382756,-0.2478087,0.11449952,-0.25511742,-0.3263541,0.030874718,-0.1824544,-0.051530343,-0.3267456,-0.25053442,0.0151104005,0.1412694,-0.41490212,0.23946455,0.2315756,-0.31759033,0.0091564935,-0.24632072,0.021299584,0.19247238,-0.12211951,-0.008698283,finance
-0.0809376,-0.04678468,0.07062372,0.020399127,-0.12241313,-0.18282871,0.24918227,0.23447631,0.11240025,-0.10140477,-0.2994233,0.10252405,0.20905404,0.045210615,0.18575187,-0.26989412,0.051208433,-0.53855866,-0.20571856,-0.27349743,0.07667331,0.24873711,-0.029748714,0.16629669,0.11932518,-0.07974992,-0.32964015,0.13616475,-0.19426611,0.32518694,0.06655803,-0.22428048,0.15510069,-0.14198549,-0.020702451,-0.020746838,-0.027839202,-0.52439684,0.088128425,0.18793526,-0.06533792,0.30528256,0.17846335,-0.025706107,0.12887926,0.28746167,0.32271048,0.5705206,0.24645212,-0.10971795,-0.12745932,-0.328027,0.04005139,-0.11609759,0.3118165,-0.09783151,-0.11578423,0.28605217,-0.28520566,0.19874097,-0.30066073,0.20220247,-0.09213459,0.38279006,0.07450026,0.08396209,0.23493518,0.046375167,-0.0076547964,0.018703606,-0.33344534,-0.2931314,-0.1310182,-0.08424902,0.029688254,-0.24997254,0.046856128,-0.03584731,-0.1300594,-0.31954232,-0.044433318,-0.18389033,-0.18071274,-0.013727055,-0.269871,0.09227157,-0.5339213,-0.30368596,-0.08873674,0.07480684,-0.4529582,0.2820042,-0.010954677,-0.21826835,0.16640118,-0.15710339,0.16766073,0.13063452,-0.28182566,0.108329035,finance
0.15560526,-0.04306069,0.05993349,-0.09298511,-0.035677902,-0.023258919,0.10554939,0.09480007,0.049424153,0.019932924,-0.42784917,0.09191912,0.26298803,0.19881064,0.11389753,-0.247707,0.06390405,-0.57434714,-0.13719383,-0.019893685,-0.005830179,0.16260435,-0.08679452,0.26993322,0.1798552,-0.079421505,-0.22014725,0.035040915,-0.2567095,0.0018649278,0.15386027,0.08865685,0.1868431,0.06370474,0.029470526,-0.035730377,-0.008825247,-0.52979726,0.002318378,0.09495192,-0.10180826,0.09342599,0.14786859,0.014733162,0.0020874946,0.15625925,0.26164263,0.5132951,0.13273425,-0.021481548,-0.12281326,-0.35792676,0.17063189,-0.17657031,0.36441192,0.020479783,-0.21507524,0.20407748,-0.03954764,0.13784248,-0.099462785,0.19072963,-0.07618977,0.09211022,0.04397499,0.07834763,0.058369644,0.068203,-0.08393777,0.11322921,-0.27772278,-0.11830557,-0.015393855,-0.07802522,0.37844047,-0.0906307,0.054872014,0.05460985,-0.18438832,-0.4109196,0.069073625,-0.14689362,-0.25350735,0.102312736,-0.19754985,0.08086268,-0.47740933,-0.15285513,0.04165078,0.23617445,-0.35503015,0.2113448,0.15119301,-0.2605846,0.12639101,-0.09198544,0.11380297,0.15880117,-0.3183103,-0.0025982163,finance
0.18658167,-0.018632388,0.039856408,-0.18040656,0.16165376,0.33337003,0.33728796,0.3951129,0.05410248,-0.028089479,-0.3763028,0.1816181,0.009133404,0.09887054,0.0009466318,-0.2738256,0.05163774,-0.6479764,0.052001305,-0.25675634,-0.018732097,0.16532794,-0.056674503,0.16405505,0.4224828,-0.04038026,-0.33836317,0.25662464,-0.21928637,-0.1306069,-0.0007492957,-0.11336425,-0.07415048,-0.18008882,0.37484458,-0.34293893,0.32084838,-0.5264406,-0.11886371,0.09617792,0.112947784,0.20357381,0.20512167,0.034905538,0.049664658,-0.045383412,0.026932571,0.3279281,0.1397075,-0.26893365,-0.06806133,-0.38985217,0.19303954,-0.110476375,0.23869462,0.13924949,-0.28032303,0.009380652,-0.22886853,0.21829152,0.05741917,0.3158144,-0.42628202,0.0192013,0.08938282,-0.08840953,-0.037318427,-0.17985761,0.01357243,-0.017772475,-0.1722918,-0.023019023,-0.09301692,-0.15262805,0.24286848,-0.12340604,-0.09955679,-0.10456983,-0.175298,-0.26308054,-0.033197578,-0.1475076,-0.32753316,0.117827825,-0.25556976,0.108707145,-0.22751707,-0.3630818,0.13179556,0.13043822,-0.33416525,0.13252437,0.37814867,-0.18945794,0.05033958,-0.32129863,0.07341889,0.16704234,-0.2067657,-0.12037048,sport
0.04107398,0.09989884,0.07328491,-0.043974273,-0.047587,-0.051792804,0.108669996,0.28723827,0.029376548,-0.0847248,-0.3712687,0.07328773,0.26773044,0.16890533,0.04179135,-0.11143808,0.085573524,-0.40830222,-0.106487155,-0.14415473,-0.025035024,0.15484113,0.011949738,0.1622651,0.16711713,0.017096436,-0.28687423,0.26758257,-0.23979877,0.0390812,0.00044315826,-0.07674671,0.09872926,0.058342654,0.12763384,0.015407494,0.034822486,-0.45064518,-0.11688105,0.15582035,-0.0649783,0.176292,0.22022866,0.011272482,0.034905333,0.13058154,0.28465706,0.41515923,0.23541555,-0.036197882,-0.13834454,-0.31271553,0.0774978,-0.031234909,0.2749463,-0.045688912,-0.15926887,0.3425242,-0.22047654,0.1618205,0.0020432186,0.25779256,-0.1550966,0.18836837,0.08365016,0.014996773,0.06717237,0.08854855,-0.0103030605,0.03923266,-0.18950017,-0.18523708,-0.1169375,-0.1078079,0.23710681,-0.1084787,0.13357167,-0.12481106,-0.11533392,-0.33015695,0.054096583,-0.17809804,-0.17537558,-0.0008823011,-0.30527207,0.04402627,-0.4002779,-0.18853271,-0.014888348,-0.003270621,-0.4317183,0.28939754,0.1033925,-0.17327365,0.047857273,-0.048424482,0.17518292,0.2526896,-0.18247966,-0.07529523,finance
0.06527638,0.16351075,0.25941658,-0.09583118,-0.052625652,0.06554054,0.10568139,0.40345946,0.023756392,0.121717244,-0.38503492,0.13355047,0.15423854,0.3751325,-0.15373226,-0.09628877,-0.007991301,-0.6413468,-0.09749144,0.1566185,0.11864604,0.15762432,-0.053583562,0.11896079,0.28986955,-0.21644504,-0.15047342,0.20263292,-0.2535691,-0.3347073,-0.002927971,0.037651803,-0.21402444,-0.012223951,-0.09368449,-0.039244395,0.11105074,-0.33446094,-0.07532042,0.004789943,0.054823857,-0.2271774,0.32445693,-0.04947716,-0.21091501,-0.30015555,0.59723926,0.53168607,0.2154148,0.0020305477,-0.17463194,-0.45761865,0.36291736,-0.062497735,0.21561652,0.02382923,-0.23744972,0.2812341,-0.23268701,0.078737035,-0.29982406,0.20110366,-0.3748758,0.037546664,0.029317146,-0.17681113,0.055912185,0.05630592,-0.0574672,0.046959437,-0.18625292,-0.053899776,-0.23574941,0.06522563,0.16284828,0.09724774,-0.26387194,0.1889383,-0.39447847,-0.33520678,0.06803289,-0.37774488,-0.357111,0.18228148,-0.09736163,0.079316214,-0.4003112,0.04760681,0.13130367,-0.022508059,-0.5471436,0.29261258,0.04298549,-0.10681314,0.34272647,-0.29865095,-0.1201673,0.15907948,-0.5500961,-0.13439763,finance
0.16344583,0.1321565,-0.043342985,-0.056811966,-0.16910946,0.09084427,0.13894418,0.32762963,0.17342591,-0.09190348,-0.47472477,0.009208512,0.0018829808,0.11829738,0.08196799,-0.08369442,-0.013891251,-0.5904281,0.061734386,-0.039611176,0.01035663,0.11189956,-0.26851332,0.28405622,0.06383314,-0.053294234,-0.2615888,0.1882965,-0.4854353,-0.0937453,-0.03413971,0.015432071,0.23085268,-0.111676104,0.26190463,-0.10989632,0.4129905,-0.4828141,-0.025147548,0.10619038,-0.006846472,0.15967488,0.25696585,0.07372161,-0.04899005,0.030260121,0.090493195,0.3835736,0.108564064,-0.1046885,-0.1465347,-0.3799332,0.01616812,-0.20187728,0.19486742,0.021244911,-0.22639912,0.08101721,0.020738125,0.26622555,-0.027444633,0.25258523,-0.2253002,0.12155325,-0.01545468,-0.10997017,-0.108993016,-0.07180714,-0.08349879,0.15445176,-0.060664427,-0.079350665,0.0066122375,-0.05199269,0.30616587,-0.1116549,-0.07340801,-0.17141844,-0.09156245,-0.31462425,-0.09032537,-0.050364297,-0.30337605,0.11593494,-0.29884395,-0.045399718,-0.27377602,-0.34963086,0.1022828,0.14993627,-0.48813912,0.20714237,0.36486632,-0.20766184,-0.033334542,-0.35722467,-0.0048197224,0.33291444,-0.122069195,-0.14199103,sport
-0.013267173,0.024144227,0.051691495,-0.19698417,0.18461993,0.44060808,0.34895504,0.4663325,0.07508705,-0.082636215,-0.3749346,0.30671513,0.14101642,0.12411954,-0.10914696,-0.2294275,0.193067,-0.86523944,0.09380564,-0.11194934,-0.12686491,0.20517373,-0.08721612,0.10556642,0.46510652,-0.20157693,-0.30798513,0.35208085,-0.24900994,-0.35079965,-0.13840277,-0.11417815,-0.14459375,-0.22595477,0.23582649,-0.2814619,0.33636025,-0.5419151,-0.21563779,0.030505165,0.18235554,0.044475164,0.31742418,-0.049843926,-0.2505564,-0.27349278,0.12806457,0.16406298,0.27491292,-0.28074998,0.01919566,-0.40028012,0.27437776,-0.09819541,0.06827084,0.1045129,-0.32306543,-0.0866618,-0.18729195,0.1496528,0.025413303,0.4044222,-0.49979872,-0.07276928,0.14782186,-0.05517334,0.10288671,-0.1099264,-0.008960128,-0.14580524,-0.15708604,0.17047058,-0.2991351,-0.18607189,0.2694401,-0.014419805,-0.1539767,-0.017486462,-0.19605102,-0.30818126,-0.09367811,-0.29920557,-0.42168272,0.0581309,0.0491171,0.17966461,-0.26247215,-0.20986858,0.27091363,0.094660506,-0.43112326,0.34298152,0.30538604,-0.118207894,0.24756712,-0.2827668,-0.014319864,0.083932236,-0.4063851,-0.07305715,sport
0.17127731,0.14275838,0.18049757,-0.0766644,-0.08631695,0.08153695,0.13307829,0.24233489,0.030690188,-0.0004926529,-0.5310777,0.09389411,0.35931614,0.20001745,0.055745013,-0.10669879,-0.036894925,-0.49455103,0.022904499,0.13161235,-0.173981,0.15766715,-0.06893402,0.13118272,0.27518648,-0.19004627,-0.1992863,0.08074049,-0.28816915,-0.2598177,0.050917134,-0.112669975,0.0461519,0.024804657,-0.058379848,-0.05293895,0.02719469,-0.55841756,0.04620383,-0.04420032,-0.08025105,-0.14156745,0.44193023,-0.07808103,-0.1096002,-0.009318793,0.10640216,0.591093,0.26949733,0.03798118,-0.08607536,-0.33037663,0.16792627,0.03141172,0.2111581,-0.07101642,-0.059730936,0.24967325,-0.12704495,0.037669446,-0.10973824,0.3941141,-0.28095055,0.12336187,0.059720416,0.08961732,0.15431781,0.114992216,-0.09356276,0.06374148,-0.28881186,-0.17607567,-0.09985917,-0.10198474,0.24947293,-0.04136636,-0.026446471,0.045952983,-0.11446564,-0.19965124,0.071970515,-0.30573303,-0.2957467,0.051163476,-0.2260785,0.093359984,-0.40940863,-0.08804511,0.10123494,0.17934178,-0.51775855,0.45879227,0.095745824,-0.31108877,0.15196216,-0.031665374,0.14238341,0.29122293,-0.5052326,-0.1428025,finance
0.027107343,0.13699263,0.028683376,-0.09890744,-0.025581075,0.015001104,0.05439011,0.38135627,0.08866536,-0.11148715,-0.44818187,0.17347957,0.072560616,0.15679717,0.077654816,-0.23587148,-0.06478449,-0.62764955,-0.009983383,-0.13062245,-0.14412574,0.22305831,-0.098533355,0.26974922,0.016647328,-0.06976202,-0.30222943,0.2552748,-0.30915943,-0.16676854,-0.16617024,-0.023064375,0.21919599,-0.017640108,0.25948521,-0.0087080365,0.26507553,-0.52157885,-0.029454606,0.24055478,0.18733609,0.17226113,0.2932114,0.014516423,-0.0040405863,0.11554755,0.10765705,0.34369513,0.14026977,0.018053051,0.03711215,-0.37542462,-0.010053766,-0.17157724,0.1409164,-0.021962235,-0.14717163,-0.0031414987,-0.048257425,0.36395404,0.0010994432,0.308799,-0.1168122,0.07860945,0.24047309,-0.006332098,-0.13595219,0.04189357,0.030445067,0.08325898,-0.08328934,0.023292316,-0.058083206,0.03140105,0.21411076,-0.13963585,0.025818221,-0.24875996,-0.025959795,-0.42683792,-0.071528435,-0.09525127,-0.4545193,0.060915187,-0.3268207,0.05299697,-0.26411653,-0.23569974,0.11919218,0.05202168,-0.47602463,0.26437926,0.37990442,-0.16802132,0.029853148,-0.3896229,0.075630516,0.266991,-0.006964487,-0.03845196,sport
-0.013570111,0.0968627,0.057013977,-0.16358572,-0.1277511,0.0012225746,0.13547044,0.25777912,0.040418703,-0.10457098,-0.30409724,0.017968876,0.1027321,0.1521132,0.08537555,-0.21989435,0.00858032,-0.6243897,-0.09067121,-0.113470495,0.02819884,0.23819755,-0.10960175,-0.02050695,0.20757256,-0.11019031,-0.28634128,0.16370559,-0.17642242,0.049434196,-0.057546854,-0.044499103,0.088939264,-0.1421774,0.10964264,-0.0069298223,0.14801365,-0.42992368,0.029327575,0.19543788,0.08744707,0.079998136,0.14667605,0.065732874,-0.08415038,0.15809211,0.30353588,0.37030548,0.124066375,-0.06728669,-0.057174552,-0.35234082,0.046041846,-0.14047492,0.19265758,-0.049624924,-0.13994709,0.06923886,-0.17802283,0.2922464,-0.044809397,0.19816358,-0.19508755,0.28974083,0.050756276,0.027762543,0.09350015,-0.05940788,-0.08207212,0.033852782,-0.024445754,-0.271082,-0.23800328,0.010702226,0.2261142,-0.12074085,-0.07209798,-0.15922739,-0.07142507,-0.39767894,0.11757247,-0.08738941,-0.16734463,0.03750388,-0.14497897,-0.056712586,-0.35163668,-0.15443179,0.0714139,-0.010593738,-0.47971565,0.17757903,0.23873056,-0.3120516,0.038108397,-0.3219866,0.25328735,0.1028813,-0.12731646,0.06423738,sport
0.18157145,-0.0009142903,0.06652822,-0.1379803,-0.085049756,0.08544951,0.2331814,0.19289085,0.11653743,-0.012416341,-0.3442321,0.0968616,0.21316907,0.14514129,0.038100403,-0.12941335,-0.1331766,-0.5227729,-0.16146694,-0.13650395,0.024742577,0.09237745,0.025227126,0.14627276,0.27960962,-0.09111146,-0.22051056,0.31068924,-0.2056772,0.10127543,-0.026801093,0.028359897,0.2259166,-0.024580609,0.2033868,-0.094754025,0.04960339,-0.48798895,0.13510604,0.20336966,0.042929173,0.11531501,0.123167,0.039605565,0.17257692,0.22718067,0.19703905,0.32821366,0.12424485,-0.050348263,-0.081942275,-0.3772021,0.04331358,-0.22428761,0.34536207,-0.09376345,-0.11240955,0.29213122,-0.13607031,0.30475563,0.07575806,0.24732552,-0.261126,0.19140787,0.11340118,0.07589177,0.108855955,-0.06499169,0.017917266,-0.07292368,-0.009348723,-0.12091896,-0.07795485,-0.027330523,0.28042498,-0.13113518,0.05577575,-0.2127352,-0.16422106,-0.350541,0.053109504,-0.093095325,-0.12234758,0.01480296,-0.08538163,0.07032716,-0.32580307,-0.23668197,-0.04967629,-0.09322152,-0.40914792,0.28154436,0.16710153,-0.23166801,0.07020914,-0.10279266,0.08771178,0.15312083,-0.14087133,0.043929372,finance
0.06028086,0.05250907,0.043423157,-0.12717868,-0.03727128,0.054304503,0.14978975,0.22070403,0.08646492,-0.060150657,-0.14638548,0.20107642,0.282157,0.39566705,-0.054166954,-0.33994105,0.0075074057,-0.50465184,-0.2600405,0.075880975,0.12033772,0.13588975,0.022611775,0.35027698,0.18545075,0.022860087,-0.16388547,0.20501845,-0.36020377,-0.0069241,0.05983735,-0.03218672,0.14160958,-0.13844518,0.036580466,-0.06595871,0.02393154,-0.50521415,-0.0004367924,0.026805464,0.028905578,0.044259425,0.1461225,-0.08188253,-0.024230005,0.04300025,0.30952767,0.42427942,0.21953656,0.0337347,-0.06457525,-0.36946067,0.13719694,-0.099934354,0.2692241,-0.0046055885,-0.3204296,0.3491131,-0.07156521,0.3705665,-0.09999899,0.22432087,-0.15390803,0.015613102,0.07760265,0.09892536,0.24112998,0.025848133,0.010068695,-0.015920248,-0.21055315,-0.072144404,-0.04870562,-0.10515995,0.32027817,-0.10682187,0.050297555,0.08183801,-0.32249358,-0.2554126,-0.010268505,-0.15172008,-0.2810774,0.042800333,-0.33998853,0.01469341,-0.23462833,-0.14888763,-0.036959335,0.19343588,-0.43144858,0.28736976,0.07724037,-0.3016731,0.31921506,-0.05783996,0.015601481,0.13412361,-0.11184583,-0.08854713,finance
0.22185849,0.07502335,0.15650818,0.02397587,-0.027479814,0.055439025,0.059321884,0.28372473,0.07319709,0.0049584247,-0.3601107,0.17626636,0.1513595,0.42442358,0.031145332,-0.26981002,-0.15237263,-0.52900213,-0.32761028,-0.14284785,-0.007844733,0.18499333,0.21567412,0.30645648,0.27674794,0.00040499278,-0.23153736,0.22243889,-0.13384347,0.20681389,0.021782806,0.0031015526,0.12314541,0.17334878,0.16718513,-0.025140056,0.09560214,-0.5498592,0.105941735,0.09976297,-0.0059321322,-0.014904779,0.040149976,-0.058625646,0.18323463,0.16433594,0.1850388,0.28716356,0.2710652,-0.032996252,-0.020030024,-0.49976096,-0.10190128,-0.1941738,0.29489917,-0.038223375,-0.17990625,0.32305163,-0.057442658,0.22958656,0.033566985,0.35324767,-0.36463186,0.14936337,0.09205763,0.057090458,0.24821709,-0.0103534665,0.015063061,0.043134753,-0.10036332,-0.01725431,-0.1133294,-0.17513216,0.22627841,-0.12481086,0.08987027,-0.11874007,-0.22253881,-0.2564076,0.101970606,-0.16491814,-0.141334,-0.0010258296,-0.22168133,0.008302983,-0.3499049,-0.24523005,-0.048771016,0.10196125,-0.4039318,0.33845273,-0.002869377,-0.20853117,0.18472068,-0.036156863,0.16540208,0.24778804,-0.11298974,0.06039172,finance
-0.006029667,0.15513371,0.14671344,-0.021198882,0.000114066184,-0.0820548,0.17180333,0.2272633,0.18309812,-0.044399127,-0.2555111,0.079648174,0.20266873,0.2115107,-0.056446813,-0.15213948,0.1224102,-0.48663047,-0.2761041,-0.23616056,-0.0021127863,0.1739886,0.0054184836,0.095452234,0.15839352,-0.073719144,-0.14918889,0.20579046,-0.10097795,0.22662269,-0.04139648,-0.06446875,0.048380077,0.0870488,0.07579335,-0.07819901,0.07051612,-0.48632774,0.07493007,0.12955818,0.03502906,0.11131111,0.044878498,-0.09440212,0.036516108,0.13301225,0.2986057,0.28160942,0.29572317,-0.012881207,-0.10258856,-0.3464241,0.0092997635,-0.20255318,0.27858827,0.05221288,-0.14703318,0.26010048,-0.13927004,0.0077287364,-0.030282473,0.29887325,-0.23861432,0.20353894,-0.03385659,0.117329694,0.24506316,-0.0017091754,-0.039357398,-0.0895256,-0.17891484,-0.07310241,-0.30059007,-0.119029805,0.12904459,-0.06892786,0.07111503,0.026954483,-0.2949266,-0.2487967,0.035876933,-0.13087872,-0.15052074,0.050269116,-0.14603923,-0.005290782,-0.49688986,-0.15439956,-0.110458106,0.0475572,-0.41426355,0.3212612,0.020796172,-0.19196415,0.10341112,-0.052988395,0.1509553,0.0807197,-0.1316895,-0.0025176837,finance
0.022197401,0.024709946,0.09732232,-0.058643,-0.04257787,0.05828457,0.19082814,0.2571308,0.15739432,-0.07379151,-0.3326964,0.13851255,0.09645456,0.1486253,0.03157541,-0.2628898,0.0442186,-0.6840888,-0.09129585,-0.13188365,0.015313263,0.2421633,-0.03726465,0.12850522,0.20326433,-0.070796564,-0.2591491,0.15288766,-0.21560612,0.03638499,-0.044585504,-0.14277145,0.047174484,-0.11377567,0.09028527,-0.16265249,0.08114686,-0.4834691,-0.048482385,0.15246503,0.05136122,0.09714825,0.1407229,-0.049091954,0.082908496,0.048971616,0.21685506,0.33532476,0.1906109,-0.13662818,-0.04332813,-0.32390967,0.08647645,-0.22187382,0.14689629,-0.020759398,-0.18481794,0.1363154,-0.16378468,0.21482553,-0.039338637,0.21557496,-0.15683198,0.15292466,0.13570152,0.023067966,0.0615161,-0.04965978,-0.0008689143,0.0059340326,-0.21885414,-0.11269185,-0.21114771,-0.046972584,0.13428935,-0.16987167,-0.014613926,-0.053174533,-0.18933569,-0.36132422,0.036311816,-0.079981685,-0.2701488,0.04442767,-0.13848154,0.08340405,-0.41600627,-0.2182259,0.0069198757,0.038906597,-0.38857493,0.24559082,0.15123713,-0.25467303,0.107154824,-0.28233257,0.10551406,0.10847549,-0.14664549,0.034780655,sport
0.012546397,0.17334293,0.053699333,-0.09684425,-0.056031838,0.044844814,0.118324794,0.31153882,0.15331408,-0.06801245,-0.31305513,0.068366304,0.034281563,0.1404844,0.09765826,-0.23019688,-0.0072517954,-0.6241646,0.022997627,-0.074690595,-0.09342796,0.23272735,-0.059011444,0.22997864,0.025021128,-0.117476664,-0.29518756,0.192868,-0.3059243,-0.12770247,-0.116616614,-0.07707248,0.17470722,-0.09488698,0.13981724,0.050928906,0.19600406,-0.4858038,-0.12047201,0.18618804,0.16517973,0.12946163,0.28402457,0.05029434,-0.048311558,0.010686085,0.14758654,0.33149815,0.13803077,-0.07243693,-0.0016475142,-0.28924176,0.0060933256,-0.17945762,0.12970202,-0.04032908,-0.19622184,0.08711157,-0.07437381,0.27764595,-0.0909546,0.19929683,-0.1745219,0.12242381,0.2012215,0.033044662,-0.091422066,0.014180936,0.011598733,0.071564175,-0.098836295,-0.0564836,-0.11876673,0.03060822,0.19259083,-0.053022407,-0.057200175,-0.21645068,-0.05583118,-0.40187705,-0.08502297,-0.03700227,-0.36467117,0.045300454,-0.3371644,0.048820324,-0.26367387,-0.25878623,0.04674738,0.02930576,-0.48656777,0.32019594,0.3241647,-0.14071715,0.098437615,-0.41087058,0.07411918,0.26483852,-0.15370326,-0.0070082075,sport
0.1441818,0.097708076,0.08463553,0.006870285,-0.1208289,-0.0027333063,0.27360743,0.27408224,0.07883911,-0.1824709,-0.28357032,0.06328397,0.1505284,0.20082138,0.06896789,-0.13166255,-0.07181365,-0.48777938,0.0093672285,-0.13084807,0.1295776,0.2845222,-0.005836481,0.24582146,0.17497982,0.0066572106,-0.2569716,0.1557326,-0.2776272,0.1407932,0.017259045,-0.18037787,0.18969406,-0.15949196,0.07904596,-0.19969533,0.10610368,-0.32258737,0.1201362,-0.08759346,-0.09383059,0.2744035,0.15384394,-0.06761466,0.16137597,0.20510553,0.307073,0.43921056,0.024261946,-0.18036367,-0.03747037,-0.24565959,0.03427335,-0.09660664,0.32869396,-0.0332083,-0.06673405,0.18532336,-0.13239345,0.16843794,-0.14298081,0.246489,-0.2083871,0.3097562,0.092589036,0.04237862,0.1346468,-0.0909691,-0.07098009,0.018497216,-0.21613023,-0.081700325,-0.12622939,-0.082344614,0.33939782,-0.10077878,0.039520208,-0.16118792,-0.20562004,-0.29002845,-0.028858222,-0.20552173,-0.15835747,-0.09380455,-0.23660249,0.058703203,-0.27155095,-0.34143332,0.039460443,0.19502693,-0.36538565,0.17797066,0.2910946,-0.3581679,0.011384472,-0.13296998,0.14964318,0.3019442,-0.11825085,-0.082357846,finance
0.16938302,-0.009147511,-0.034743905,-0.087623656,0.040303826,0.23294593,0.21356048,0.39460325,-0.017214848,-0.024326604,-0.46284163,0.19540653,-0.05562875,0.1123958,-0.00850704,-0.19555275,-0.048684433,-0.56472695,0.006039936,-0.18834177,-0.026143929,0.17810667,-0.05178623,0.10078622,0.315171,0.007195167,-0.29982987,0.15780094,-0.34373987,-0.14126451,-0.00066625467,-0.04701392,-0.09993071,-0.05559549,0.31740955,-0.32946163,0.31978837,-0.52179635,-0.023006324,0.029049538,0.03316608,0.22135898,0.1933542,0.028723374,-0.019965593,0.02090385,0.06735089,0.38749543,0.04540121,-0.25376558,-0.030481119,-0.4760983,0.22141905,-0.10543608,0.27039328,0.14206499,-0.26283804,0.056542855,-0.20655523,0.18905388,0.09970856,0.3528324,-0.40403768,0.119035296,-0.014355283,-0.04687144,-0.09729678,-0.11659115,-0.06975583,-0.037932597,-0.13678123,-0.049731456,-0.06955647,-0.07501988,0.3481072,-0.12210015,-0.04145568,-0.14644445,-0.13381119,-0.2470598,-0.0036445684,-0.14406545,-0.2251132,0.07894709,-0.26492897,0.11506321,-0.15797828,-0.29214278,0.15582368,0.042042043,-0.3616079,0.060195826,0.4100454,-0.228851,0.061333872,-0.27194053,0.1334814,0.20436195,-0.10752079,-0.13149041,sport
0.18186243,-0.027047912,0.13579452,0.05041633,-0.10469233,-0.1548894,0.23277208,0.15857014,0.04836925,-0.063460834,-0.36374754,-0.0024295326,0.25356174,0.11643886,0.10243408,-0.27338395,0.151658,-0.43281308,-0.22873828,-0.10069926,0.2146936,0.10605368,0.058781967,0.19570069,0.37666103,-0.080441155,-0.23075622,0.3187497,-0.13817886,0.08203444,0.14497691,-0.072439075,0.18162696,-0.004139235,0.16312115,0.104654215,0.058418024,-0.4525528,-0.061892726,-0.0017393698,-0.029159237,0.23019485,0.19270054,0.032886226,0.08957604,0.21711043,0.3553702,0.344691,0.30258077,0.055370357,-0.06191532,-0.31237334,0.13019304,0.029744446,0.28558,0.026371654,-0.24155155,0.3631496,-0.2824054,0.1715873,-0.15194109,0.34137464,-0.110265665,0.34562698,0.09631048,-0.008832471,0.19887845,0.039266527,-0.02710837,-0.031299617,-0.2891397,-0.12261142,-0.09399999,-0.0040160087,0.3362013,-0.014800498,0.039201964,0.0021880483,-0.10503587,-0.33986333,0.014137248,-0.18641043,-0.186133,-0.044154465,-0.17227615,-0.033081353,-0.5231125,-0.22321145,-0.09441616,0.11450956,-0.47921345,0.43643814,0.108175546,-0.12334909,0.03171881,-0.02555462,0.1380348,0.2143482,-0.08219778,-0.00792662,finance
0.14079435,0.041283228,0.075517096,-0.00663551,-0.09983084,-0.114393845,0.029169103,0.18104708,0.038793292,-0.15137842,-0.5482901,0.11902989,0.2741136,0.21998948,0.121546865,-0.18190412,0.07376772,-0.42104584,-0.07954261,-0.0423853,-0.15194485,0.18453476,-0.009999815,0.24603277,0.1204466,0.035359196,-0.27821422,0.21560447,-0.32435203,-0.03566329,0.024984617,0.02891465,0.24320547,0.10679484,0.0802835,-0.06484441,-3.0699357e-05,-0.52612996,-0.03087797,0.086080514,-0.123501405,0.11662078,0.31050205,-0.026705664,-0.0603426,0.09212641,0.13219064,0.4099935,0.23671713,0.005550387,-0.024814166,-0.33146223,0.055873334,-0.1780505,0.27024594,-0.0033258311,-0.18919863,0.2847592,-0.07582011,0.16894759,0.03260985,0.33009768,-0.12232763,0.02526403,0.08114966,-0.033869386,-0.021780644,0.12940873,-0.14268717,0.02999554,-0.23880762,-0.112111,-0.02250835,-0.16451076,0.3749677,-0.1262913,0.062373254,-0.09098962,-0.1781394,-0.4619654,0.088813566,-0.15847638,-0.24378753,0.13602637,-0.26021585,0.09196849,-0.4282658,-0.2289448,0.0071193473,0.1571817,-0.36086035,0.24363065,0.18439509,-0.22782896,0.14267342,0.030965326,0.12415356,0.25763857,-0.112809844,-0.004113176,finance
0.15239339,0.14604089,0.13517839,-0.1712023,-0.008632963,0.33227107,0.1795479,0.5498285,-0.13356893,-0.16360268,-0.6863631,0.13657717,-0.07568349,0.1876926,0.14917134,-0.06692262,-0.0645372,-0.6153803,-0.10889201,-0.03458571,-0.045010418,0.30551335,0.018051958,0.10725111,0.17829004,-0.30575198,-0.33268648,0.08337205,-0.303038,-0.14213662,-0.20194022,0.0049816924,0.07526372,-0.14945984,0.03088378,-0.10173544,0.39563537,-0.43572128,0.23754373,0.1496215,0.37768385,0.051317923,0.39312243,-0.07597531,-0.06623755,-0.085477464,0.39527166,0.1459711,0.257943,-0.09167354,-0.22291586,-0.6125854,0.1323035,-0.08955455,-0.050122455,0.03738182,-0.2784266,-0.041230213,-0.10969682,0.2368578,-0.113540985,0.14538322,-0.17290136,0.120180845,0.15344407,0.0782713,0.04374017,-0.19798861,0.029219713,-0.04723647,0.0038384455,-0.05058124,-0.3312018,0.007070225,0.14378707,-0.081237756,-0.2260971,-0.13097167,-0.017991163,-0.3880981,-0.1506495,-0.41243625,-0.33088621,0.2709767,-0.19363146,-0.014411826,-0.2567505,-0.30578884,0.21197508,0.11420223,-0.54203093,0.47561988,0.18811296,0.009784924,0.054919437,-0.38044965,0.10751282,-0.022620713,-0.21428864,-0.21743152,sport
0.12806694,-0.007123297,0.0041432553,-0.073060974,-0.19529746,-0.055165283,0.06980334,0.2411285,0.065625675,-0.09238094,-0.55786526,0.1299469,0.17405123,0.16907391,0.07592219,-0.12197226,-0.011731528,-0.45039368,-0.028102145,-0.14120355,-0.0026370008,0.25060645,-0.066390544,0.22553027,0.105921604,-0.038986318,-0.30969647,0.18086213,-0.26749682,0.09371166,0.035604876,-0.050170004,0.24633147,0.07792292,0.107896745,-0.18038465,0.1202214,-0.41554096,0.05473403,0.043955475,-0.082932904,0.15298547,0.30391222,-0.04033085,0.068052895,0.1195042,0.10695101,0.48391947,0.15418841,-0.07561147,-0.024726398,-0.36348006,0.019681256,-0.10770632,0.24952793,-0.050213512,-0.2506973,0.20616779,-0.1707238,0.15036443,0.011703527,0.28127503,-0.14881597,0.18599644,0.029357426,-0.063694626,-0.02593546,0.018022286,-0.025688292,0.018616775,-0.2379968,-0.13640156,0.020677324,-0.111327544,0.2947501,-0.17279124,0.00657343,-0.08506174,-0.18657963,-0.32130864,-0.0042034304,-0.14762011,-0.28687555,0.18058085,-0.2341711,0.10738102,-0.32301152,-0.2664281,0.012013081,0.14628486,-0.40714815,0.2147064,0.27761936,-0.23714797,0.06615908,-0.1602428,0.119108856,0.2720207,-0.09499209,-0.025381958,finance
0.31486535,-0.07725522,-0.14501156,-0.26787713,-0.018283535,0.2546318,0.14134872,0.36247984,0.024742445,-0.10046322,-0.54993117,0.13684201,-0.009978448,-0.006231125,0.11853381,-0.14479835,0.002865626,-0.53876436,-0.012375899,0.0010652433,-0.07497024,0.14297764,-0.17933598,0.13874024,0.3116821,-0.14384004,-0.24990562,0.15596576,-0.36968768,-0.16148701,-0.080982976,0.021950433,0.00027605722,0.06628219,0.17265694,-0.17489254,0.37059265,-0.586504,0.10491461,-0.030230148,0.0493392,0.19116867,0.09269696,0.0649586,-0.09302657,0.09684198,0.14646082,0.30089885,0.032802768,-0.18572971,-0.064818226,-0.51600707,0.15526773,0.065047294,0.109352596,0.20846906,-0.3822937,-0.05581752,-0.14397575,0.19444618,0.05107532,0.2700052,-0.2812116,0.024869477,0.039195944,-0.05283811,-0.07769032,-0.08267639,-0.105382815,-0.098362066,0.03116025,-0.023695124,-0.033668354,-0.07532222,0.40429026,-0.013586369,-0.14869085,-0.26782084,-0.056394827,-0.39099884,-0.15274693,-0.10226732,-0.29500487,0.23269066,-0.21588944,-0.056802996,-0.15357217,-0.24590167,0.18120787,0.06260326,-0.46498033,0.1908055,0.3642182,-0.1448814,0.03320669,-0.248528,0.121422976,0.22596137,-0.13317479,-0.1688458,sport
0.0031165231,0.14624012,0.077772155,-0.074582435,-0.004105028,-0.038075652,0.12043516,0.35406232,0.14462087,-0.037380774,-0.3978103,0.047268614,0.03150477,0.14234205,0.03901515,-0.24660447,0.043425906,-0.53995824,0.053251535,-0.08342819,0.008616325,0.21732876,-0.093197174,0.2543578,0.036255788,-0.09282775,-0.40259787,0.22453035,-0.25230712,-0.11097438,-0.20591521,-0.06532989,0.1935005,-0.115943134,0.18458529,0.09294397,0.23518898,-0.4786822,-0.12150553,0.20830265,0.21269375,0.14686339,0.24175431,0.094657235,-0.026388526,0.00624939,0.18144828,0.34645212,0.1656698,0.0033835908,-0.06417527,-0.31767276,0.071009755,-0.12615202,0.14832518,0.022232866,-0.19988616,0.050398435,-0.043195795,0.3257571,-0.11514792,0.19386677,-0.102871574,0.11926458,0.2548797,-0.027617268,-0.11003529,-0.0041658445,0.029303392,0.07123756,-0.13492876,-0.13079269,-0.07114665,0.10831475,0.14919256,-0.13671365,-0.016675413,-0.25171834,0.025849964,-0.4246585,-0.067172125,-0.0786225,-0.29026452,0.06166019,-0.3047462,-0.007059082,-0.2928493,-0.21978012,0.086999714,0.06914865,-0.507524,0.26596877,0.26107198,-0.14966843,0.04164334,-0.3534193,0.11029286,0.23792455,-0.10184328,-0.01595008,sport
0.14141311,0.002504514,0.105014585,-0.12818049,-0.08494316,-0.03632328,0.0829907,0.18696095,0.09672793,-0.1069344,-0.2604527,0.06469447,0.35116854,0.17161807,-0.04513017,-0.050303783,-0.041125756,-0.54059345,-0.028373886,-0.09039752,0.03227071,0.12973464,-0.037863854,0.23574407,0.26364478,-0.0554073,-0.22225022,0.23045139,-0.30713102,0.03962263,0.13880455,-0.06269084,0.13314763,-0.0652921,0.07731562,-0.12424443,0.006870714,-0.46311212,0.041588146,0.020661049,-0.11343797,-0.008844722,0.13075644,0.018721454,0.09801013,0.22484043,0.30531514,0.49380678,0.13692355,0.031665415,-0.045143533,-0.32712433,0.12161244,-0.06917651,0.3381125,-0.065997876,-0.18149152,0.3149166,-0.08923037,0.1515657,-0.05834764,0.34064135,-0.14559956,0.13564537,0.017926954,0.005203275,0.082254626,0.06408675,-0.017279526,0.067171775,-0.2698773,-0.08732601,-0.08625997,-0.072209716,0.34311473,-0.060575377,0.035842735,-0.06925203,-0.19886087,-0.3391751,0.041602384,-0.19997087,-0.2073645,0.0082347905,-0.26028186,-0.03005667,-0.3477891,-0.20356691,0.039554346,0.09557803,-0.42302796,0.20991029,0.15516672,-0.35597166,0.0064098444,-0.24206795,0.09166314,0.17356828,-0.17710117,0.005556094,finance
0.08899839,0.05388405,0.007866204,-0.031415697,-0.09189411,-0.06411468,0.15421821,0.25684574,0.09645739,-0.11307523,-0.2156474,0.15092286,0.24004956,0.2957022,-0.051813394,-0.22425468,0.025828283,-0.40641555,-0.19354449,-0.027366051,0.18772009,0.17945309,0.03902081,0.34538397,0.11340672,0.05586436,-0.23413348,0.21378739,-0.39946598,0.08600686,0.036908485,-0.095038466,0.08482567,-0.11020862,-0.023804026,-0.1495229,0.07492607,-0.52671325,0.05694629,0.016079308,-0.013263983,0.1379314,0.18719664,-0.10661528,0.055921353,0.10952745,0.32182628,0.46547934,0.13322154,-0.04646422,-0.06988196,-0.35556588,0.13274734,-0.12749702,0.2700927,0.024831269,-0.30785626,0.37826392,-0.13119286,0.31973475,-0.13832332,0.3063576,-0.16849953,0.119059496,0.09738261,0.053606678,0.1929103,0.013932773,-0.013935157,-0.010905693,-0.29272965,-0.090666085,-0.033532802,-0.12365471,0.28896996,-0.1461649,0.017764496,0.090680085,-0.3090005,-0.24105896,-0.06736161,-0.2015158,-0.191527,0.03269851,-0.38966298,-0.030818818,-0.21429703,-0.30717257,-0.07416156,0.17661604,-0.4370937,0.22061053,0.07202826,-0.23944204,0.24133307,-0.030302478,0.016065016,0.19315682,-0.09919806,-0.1321544,finance
0.025714302,0.121384874,0.048395406,-0.17085408,-0.037065685,0.02605176,0.09490897,0.3756494,0.1045608,-0.1001355,-0.3815868,0.11159156,-0.013282882,0.118613586,0.047270063,-0.22305124,-0.10709811,-0.5786914,-0.030598106,-0.07851017,-0.031937804,0.21055202,-0.122000396,0.17156003,0.10898474,-0.055476855,-0.30726224,0.16196978,-0.33130312,-0.13605386,-0.108322114,-0.0539535,0.13461335,-0.13065173,0.16275738,0.0135939345,0.29194018,-0.46434674,-0.027345307,0.21191764,0.13622245,0.14799222,0.2792338,0.10504637,-0.01680742,0.059980527,0.16616732,0.359199,0.11922065,-0.023084711,-0.05749769,-0.37225866,0.03882194,-0.13297169,0.19517903,0.017029544,-0.17453092,0.01840412,-0.17543486,0.30711988,-0.043377724,0.26957428,-0.14959645,0.079573154,0.111402355,-0.062082455,-0.05385416,-0.0048993947,-0.08323911,0.08617418,-0.08288609,-0.11096894,-0.11340754,0.03732485,0.17056608,-0.1598873,-0.060019296,-0.20297606,-0.05951582,-0.41456833,-0.052927177,-0.13667232,-0.32124627,0.119136766,-0.23773044,-0.0038302056,-0.30650923,-0.26611012,0.08116542,0.058588065,-0.4670049,0.2472969,0.28120574,-0.2757894,-0.0222074,-0.4055937,0.08425323,0.18796222,-0.07447378,-0.018210156,sport
-0.1783089,0.12917118,0.017858658,0.046198882,-0.14323372,-0.053890888,0.2653016,0.19668388,0.07435141,0.20646743,-0.37074596,0.00096554443,0.2587861,0.06389949,0.007889171,-0.029026374,0.17716677,-0.639288,-0.041900344,-0.14393549,-0.15959385,0.041206516,0.07046818,0.070065565,0.24715815,-0.064415336,-0.2778783,0.30611634,-0.23980898,-0.034490496,-0.03576502,0.08482203,0.12810542,0.1942992,0.39263883,0.14300087,0.06471397,-0.7342801,-0.08106245,0.33719692,-0.022999829,-0.018440261,0.11180027,0.12833793,-0.14891294,0.21941744,0.2621303,0.23172422,0.23657523,-0.033054408,-0.11169367,-0.30584112,-0.01611948,-0.056552146,0.08684692,-0.07192885,-0.11862433,0.18611668,0.0010569767,0.21913329,0.02502383,0.17802691,-0.23152696,0.31765115,0.1230635,0.19526339,0.20149486,0.046973787,-0.052372124,-0.10794475,-0.10307955,-0.35454568,-0.35377452,-0.0561888,0.09281526,-0.06205718,-0.03316871,-0.1671756,0.034059953,-0.38510516,0.13509594,-0.03753114,-0.09292638,0.011498302,0.13485248,-0.17212279,-0.28989014,-0.3188213,-0.021282576,-0.21088856,-0.55957156,0.32626703,0.25402012,-0.32616034,-0.03460014,-0.17800635,0.015229266,0.24571843,-0.17129427,0.087192945,sport
-0.15906769,0.020977678,-0.06452537,-0.09057346,-0.22680725,-0.12123897,0.19457604,0.20385027,0.3053225,0.035042036,-0.36335695,-0.028616711,0.087754235,0.0922687,0.1101162,-0.32070774,0.11220914,-0.6894707,0.0209684,-0.17681485,-0.0805634,0.15328932,0.0021813887,0.16610168,0.21729605,0.0057535064,-0.38396308,0.2675592,-0.10688476,0.07171876,-0.03365655,-0.1281997,0.10669959,-0.001001793,0.27573457,0.066184886,0.0591242,-0.5579639,-0.11531795,0.34313753,-0.027703373,0.04199452,0.09503016,0.13166456,-0.0009067409,0.24384655,0.23705292,0.39594772,0.19686995,0.011997089,-0.038620934,-0.31245,-0.03668475,-0.16642955,0.043412425,-0.06863935,-0.1388848,0.028778106,-0.058743674,0.32668367,0.023419214,0.11398308,-0.105161525,0.24546589,0.15301608,0.16104269,0.18150349,-0.008189669,-0.033085935,0.004680078,-0.014843925,-0.2653112,-0.2523179,-0.15108775,0.18454769,-0.07490536,-0.019124145,-0.3181154,-0.03823997,-0.45932057,0.06807999,0.07211508,-0.13424599,-0.017164819,-0.16321209,-0.1302268,-0.39460158,-0.21952021,-0.012997022,-0.1272938,-0.49807623,0.23171492,0.10283937,-0.3602781,0.059288885,-0.31250253,0.105248116,0.23163266,-0.027968418,0.23610324,sport
0.017091146,0.043478884,0.15188473,-0.087720096,-0.12215184,0.036308415,0.07749007,0.278523,0.0048245033,-0.020262728,-0.5710082,0.11638025,0.21051309,0.2705648,0.05095901,-0.10657393,0.009577805,-0.48769078,-0.03115381,-0.07478868,-0.12159141,0.27708107,-0.07089165,0.121278085,0.099084854,-0.0773754,-0.30048823,0.13743103,-0.31897599,-0.07218655,0.033792913,-0.05708092,0.16998965,0.10537368,0.055767223,-0.110636175,0.02206913,-0.47771394,-0.007869381,0.117170654,-0.059503026,-0.0039045594,0.4891399,-0.07585014,-0.123606816,0.036065895,0.1632212,0.49747708,0.2995132,0.031044228,-0.033451717,-0.36081403,0.056494277,-0.05872319,0.23568405,-0.0792271,-0.19338782,0.24563174,-0.1295371,0.032083973,-0.04267208,0.25432697,-0.18759143,0.095559835,0.037046555,0.013569732,0.05029712,0.055896685,-0.08794471,0.11247013,-0.24060701,-0.0558543,-0.06285348,-0.15853272,0.24534461,-0.079350404,0.029889932,-0.0060097114,-0.18771254,-0.37361264,0.04220131,-0.23476861,-0.36070463,0.2102638,-0.2429947,0.25289392,-0.37418336,-0.1346435,0.059779912,0.0789814,-0.4034532,0.36791292,0.21373232,-0.19118193,0.22167103,-0.10360822,0.079505645,0.25746003,-0.33049956,-0.05746823,finance
0.047694616,0.008836876,0.27236587,-0.18750127,-0.07630569,0.4414761,0.22648188,0.57410324,-0.09922465,-0.11894073,-0.29039523,0.12963475,0.02931892,0.1639243,-0.01821327,-0.20726897,0.14175607,-0.7737795,-0.1392985,-0.042346176,-0.047199924,0.26213086,-0.035278786,0.1478507,0.17891641,-0.33301368,-0.5136942,0.29960105,-0.6066437,-0.25059512,-0.20874462,-0.05249878,0.167554,-0.08721696,-0.122872494,-0.0014355076,0.4724725,-0.44052094,-0.18161353,0.13658276,0.3812738,0.19470723,0.4978157,-0.19495848,-0.12426207,-0.12613323,0.4015275,0.0776897,0.26347804,-0.121412024,0.0820708,-0.7520445,0.14459799,0.04350499,-0.013014102,-0.08814684,-0.33722642,-0.24583985,-0.3204525,0.13084497,-0.21022218,0.3035267,-0.38568717,0.22821109,0.19541252,-0.06980172,-0.040804587,-0.08993254,-0.012512881,-0.21614204,0.25780144,0.18815464,-0.6193815,-0.11322904,0.29616633,-0.038129166,-0.32163036,-0.10947484,-0.25838813,-0.30258608,-0.40033025,-0.43382925,-0.530736,0.33643606,-0.032662187,0.018637694,-0.28580552,-0.43022788,0.2857347,0.029339448,-0.44475403,0.46946672,0.11331651,0.08651888,0.11098478,-0.3706574,0.2780613,-0.06821911,-0.43521982,-0.19000491,sport
0.12176676,0.0279855,0.013001983,-0.18035002,0.042863887,0.3045158,0.31235567,0.379333,0.03595167,-0.076120794,-0.4340709,0.19276704,0.026057981,0.07905568,0.0579294,-0.25090355,-0.02157963,-0.644516,0.018502383,-0.22539881,-0.00564464,0.18303986,-0.076939866,0.14989388,0.37273228,-0.010208633,-0.29444015,0.26510456,-0.3109322,-0.07532938,-0.025142286,-0.17570692,-0.047086857,-0.23215064,0.3705184,-0.30973503,0.35883245,-0.54997456,-0.08339932,0.11998765,0.10709206,0.23067047,0.18220727,0.02158043,0.12089088,-0.039589215,0.082570486,0.30983683,0.1192607,-0.2044178,-0.08895955,-0.41879255,0.14356525,-0.22305433,0.28917542,0.11904991,-0.26738834,-0.0139450785,-0.173195,0.24978954,0.020518387,0.34251246,-0.36448926,0.0066387984,0.06529961,-0.12044784,-0.08477585,-0.1371802,0.0016376564,-0.018379452,-0.16812214,-0.048421133,-0.05415059,-0.18087657,0.1731737,-0.19629815,-0.071057335,-0.1255735,-0.21460539,-0.21026985,0.029828316,-0.17628859,-0.3487273,0.08877993,-0.16525243,0.05622299,-0.28524527,-0.3370979,0.10985464,0.10532541,-0.32000744,0.2262279,0.30238962,-0.23259783,0.021572938,-0.36814505,0.041318778,0.120348014,-0.16124229,-0.086580336,sport
0.15705922,0.023326837,0.06784596,-0.15454467,0.0757953,0.24081664,0.19580917,0.4743851,-0.023884753,0.005939898,-0.45109203,0.22684515,-0.06131476,0.21785127,0.0768101,-0.15915248,0.018731248,-0.6383215,-0.072607175,-0.031847388,-0.02485756,0.24402514,-0.08364195,0.101083666,0.22279474,-0.17187268,-0.23889346,0.22397956,-0.18072341,-0.113490105,-0.11314341,-0.017200792,-0.06144971,-0.14234914,0.070597865,-0.1859486,0.24598688,-0.3582977,-0.028028267,0.042452235,0.19027483,0.017998762,0.15628332,-0.026659781,-0.057260048,-0.10138771,0.15400882,0.3120856,0.14246723,-0.2558437,-0.06819956,-0.5218055,0.24032499,-0.025896462,0.07708434,0.15166058,-0.3417449,-0.03014527,-0.043368362,0.21703133,0.09791719,0.18729179,-0.3038956,0.041000817,0.13164404,0.08822751,0.013619454,-0.19298822,-0.026065098,-0.022888388,-0.09314179,0.091569304,-0.13808215,0.060739066,0.2516485,-0.038057804,-0.09702457,-0.15066761,-0.110148735,-0.36864263,-0.053758718,-0.24494027,-0.34564695,0.06247955,-0.023363937,0.006919124,-0.1988707,-0.25072262,0.13081221,0.07815078,-0.44137198,0.20007835,0.30501413,-0.10889292,0.20894909,-0.32424918,-0.010900579,0.11405735,-0.24694224,-0.14813972,sport
0.066988,0.14637762,0.04736411,0.09882392,-0.21392529,-0.04892365,0.047550097,0.13585606,0.15684772,-0.118376665,-0.4403568,-0.033096362,0.1858586,0.17652455,0.0942286,-0.2741604,0.04189994,-0.7180431,0.029718397,-0.121146955,-0.14240913,0.19035153,-0.055286463,0.34528622,0.09845238,-0.04656698,-0.29677898,0.110361315,-0.43803355,-0.2327869,0.13109986,0.057727516,0.30740932,-0.033263475,0.12290476,0.0339812,0.11100115,-0.54812926,-0.18789122,0.24390453,-0.024134448,0.06933686,0.3137169,0.10968752,-0.08864957,0.034588136,0.18081772,0.47181135,0.17617022,-0.0144134825,-0.007642561,-0.23669197,-0.05237465,-0.17620192,0.25931835,-0.08511606,-0.17669602,0.14702879,-0.063262776,0.30382392,-0.13767587,0.177091,-0.03905917,0.16897471,0.050991092,-0.028056309,-0.08214391,0.12839216,-0.15992875,0.17830977,-0.10032653,-0.18139243,-0.06767802,-0.124037914,0.30525962,-0.073387,0.044402007,-0.20109029,-0.14932576,-0.39523658,0.0067674285,0.040837545,-0.3304674,0.09146137,-0.37035942,-0.17341562,-0.3995219,-0.28822944,0.11367532,0.10167703,-0.3909996,0.40646148,0.26729915,-0.19559138,0.05908096,-0.31552893,0.11067604,0.34311217,-0.11304873,0.023817852,finance
0.21725905,0.08109581,0.04033162,-0.08428212,-0.15400682,0.026717033,0.10261843,0.33646393,0.11632013,-0.106420554,-0.38303274,0.021824237,0.0021423462,0.20299922,0.08292329,-0.1015033,-0.073636,-0.52662176,0.057065044,0.015588112,-0.039622072,0.19111618,-0.12659639,0.20482808,0.15842518,-0.052630726,-0.2337304,0.13247219,-0.26892483,0.03938966,0.0015989452,-0.046423797,0.05212753,0.0061804736,0.20122778,-0.23566961,0.281376,-0.40431547,0.07737653,-0.049681947,-0.019471511,0.11641683,0.16554576,-0.02764977,0.0072101806,0.13553871,0.18487829,0.39744267,0.029509325,-0.22619009,-0.021331972,-0.38579658,0.011088615,-0.09229355,0.25763416,-0.059106603,-0.16675012,0.048152078,-0.056375265,0.21577562,0.030539498,0.24416475,-0.24533081,0.22470243,0.067362875,-0.032823477,-0.02119734,-0.14133461,-0.057579726,-0.0333803,-0.08911432,-0.042242985,-0.12215425,-0.02840299,0.42716867,-0.025971835,-0.039467,-0.16019474,-0.1773958,-0.32714918,0.043936264,-0.16856374,-0.20259137,0.0024854064,-0.20487553,0.057675295,-0.20752034,-0.2561014,0.1206171,0.12879845,-0.35490394,0.090701185,0.37065062,-0.24350193,0.028700098,-0.2514132,0.13327812,0.24075495,-0.111505546,-0.08326065,sport
-0.18104446,0.02845459,0.025410945,-0.019595029,-0.088704996,-0.08670638,0.13930303,0.050564304,0.11279807,-0.054869723,-0.41610193,-0.09184738,0.29126084,0.29148406,0.09865782,-0.20606777,0.17147051,-0.4783417,-0.009390314,-0.15670894,-0.08979626,0.22524814,0.09402229,0.23638687,0.15493216,0.13163804,-0.17480493,0.3726049,-0.211024,0.059275813,0.08998676,0.044682268,0.100154646,0.07908324,0.19311029,-0.023576649,-0.10764407,-0.5842051,-0.16683987,0.123640284,-0.12657697,0.07259256,0.16593662,0.14229998,-0.12327936,0.035594646,0.21909747,0.37717342,0.3212623,-0.01843183,-0.07521465,-0.37851563,-0.03486844,0.034197908,0.04986392,0.00805826,-0.2392291,0.3383268,-0.017479336,0.305789,0.023290869,0.17910768,-0.1506344,0.122380756,0.13569097,0.10713194,0.14632072,0.14110939,-0.08054157,-0.10194464,-0.14619166,-0.17177175,-0.06399832,-0.15220554,0.27057025,0.07768011,-0.08453178,-0.053660523,-0.16450478,-0.25820112,0.16860643,-0.052785493,-0.15136714,-0.050163656,-0.23183183,-0.029744165,-0.29040986,-0.12849186,-0.119148895,0.0552527,-0.43420255,0.46628228,0.08209239,-0.16085906,0.19842632,-0.10141404,0.075748354,0.30715266,0.07283112,0.054679837,finance
0.13201481,-0.015901286,0.10765556,-0.03306522,-0.1364782,-0.120509736,-0.013230602,0.1790767,-0.018635213,-0.130989,-0.6298825,-0.012326009,0.32275566,0.21200566,0.034459133,-0.18330944,0.10299024,-0.49864504,-0.08564371,-0.03373815,-0.25563684,0.130858,0.045673497,0.23021808,0.18855931,0.09812561,-0.3340144,0.28698346,-0.36653152,-0.12869754,0.07845191,0.13204582,0.15169339,0.23890261,0.1338088,0.069412924,0.010644688,-0.6310466,-0.14345948,0.17754517,-0.11031316,0.13084613,0.37129375,-0.033900693,-0.06706683,0.14596118,0.14435783,0.39982966,0.28042555,-0.061175022,0.013962477,-0.38855818,0.036090296,-0.00694808,0.27165067,-0.05173783,-0.19984429,0.35717583,-0.06145003,0.2382165,0.045343462,0.325682,-0.010387439,0.2164867,0.18907261,0.04751193,0.03790193,0.16637032,-0.19486149,0.06530187,-0.31703734,-0.09879131,0.013890756,-0.13272102,0.32688206,-0.15926063,0.13974588,-0.21187566,-0.00593334,-0.38384342,0.14709823,-0.15969257,-0.2456911,0.17696837,-0.3327963,0.026280852,-0.42920405,-0.18809502,0.12075742,0.06402737,-0.38442916,0.37186396,0.19711925,-0.23712587,0.09635507,0.019131975,0.25140837,0.3724234,-0.0879987,0.02646088,finance
-0.08003463,0.17773296,0.07932928,-0.060595177,-0.10571279,-0.0038917854,0.15909307,0.30044347,0.21163851,-0.08324982,-0.31854507,-0.014731236,0.027691476,0.11569427,0.06902748,-0.25655547,0.044241082,-0.66552985,0.0910377,-0.119582966,0.031941567,0.18672556,-0.070735745,0.14498739,0.11151518,-0.10042665,-0.3698687,0.26932502,-0.2635189,-0.087934464,-0.18185307,-0.18193941,0.1832469,-0.18825193,0.18291906,0.04709283,0.1712691,-0.438947,-0.21483819,0.22997262,0.1798037,0.07280128,0.2379661,0.029353466,-0.08338017,0.04435922,0.21549408,0.3433179,0.28306165,-0.02452767,-0.018702889,-0.23091303,-0.010144727,-0.21005881,0.0841295,-0.043205515,-0.22881265,0.05693366,-0.11459377,0.32112065,-0.12315656,0.13595803,-0.10393473,0.18344584,0.16871767,-0.061403237,-0.0074864086,0.022494074,0.07815877,0.07422975,-0.12654895,-0.15874217,-0.20454574,-0.017917065,0.19398259,-0.102122694,-0.033284295,-0.17807095,-0.060245022,-0.36695218,-0.04682964,-0.025159676,-0.31119168,-0.03623981,-0.29196283,-0.015572216,-0.40019935,-0.22754887,0.043158177,-0.028173802,-0.60510284,0.32135206,0.20743388,-0.19799393,0.047198016,-0.4396429,0.11709224,0.2039659,-0.13046274,0.13283002,sport
-0.01084147,0.028284151,0.019629974,-0.07390449,-0.05975206,0.055394735,0.23730914,0.26283377,0.17396127,0.04686677,-0.3187207,0.044110585,0.060800564,0.16783772,0.027023235,-0.24397871,0.102315135,-0.6210571,0.017976565,-0.054827288,0.004125586,0.12297241,-0.062909625,0.095063195,0.21108288,-0.111586034,-0.28422043,0.21344727,-0.1396704,-0.023828767,-0.09643994,-0.0072829407,0.102225885,-0.10874071,0.24429068,-0.037071597,0.052381586,-0.50926524,-0.1359308,0.15351151,0.12776369,-0.05884021,0.05019531,0.07395908,-0.11700451,0.08652055,0.213358,0.33335626,0.16220303,-0.055164177,-0.061274048,-0.29490322,0.09437008,-0.12558867,0.10638932,-0.041938327,-0.16995203,0.04261813,-0.03549195,0.25637418,0.038362395,0.08573095,-0.21353641,0.13830669,0.10020211,0.103954755,0.11547523,-0.12647568,-0.015121092,-0.0403145,-0.06890256,-0.25259903,-0.24858832,0.054556504,0.23568211,-0.06771204,-0.060691986,-0.10996126,-0.01046336,-0.40496096,0.040578797,-0.019283408,-0.14065473,-0.02312073,0.03804427,-0.0888655,-0.31747887,-0.19026732,-0.011067405,0.032171037,-0.48458698,0.20034568,0.23374239,-0.2795457,0.074547395,-0.31441632,0.15586825,0.13841848,-0.18401963,0.031129168,sport
0.18611312,-0.011738872,0.015179786,-0.07367384,-0.074873745,-0.104176775,0.076245636,0.2989794,0.077575214,-0.091849096,-0.4008974,0.010444562,0.27896273,0.18414742,0.0042484226,-0.1758203,-0.027643526,-0.4078815,-0.24019404,-0.19232823,0.1414856,0.10244103,-0.06681456,0.28201327,0.23585261,0.054790173,-0.29102504,0.3207113,-0.25871718,0.18009606,0.13469516,-0.02083438,0.2221337,0.0053093857,0.18769336,0.027644105,0.09199609,-0.57625437,0.040083177,0.12690954,-0.054021083,0.13102391,0.11685164,0.03866964,0.21958973,0.32098624,0.32960358,0.45399484,0.20483322,0.013643707,-0.13854186,-0.4639437,0.13409358,-0.15209585,0.37622166,0.035644192,-0.30580077,0.36146542,-0.2092442,0.30963138,-0.104492754,0.32076117,-0.06992752,0.2143932,0.09025793,0.04896604,0.18526484,0.10461475,-0.049045693,-0.041850485,-0.24097688,-0.14371191,-0.10449708,-0.083828576,0.21856025,-0.12895446,0.094596654,-0.033776868,-0.21045253,-0.360137,-0.0051424447,-0.21671672,-0.17162226,-0.017482381,-0.33308202,-0.0003285,-0.3245798,-0.16950014,0.018446922,0.0032252525,-0.42309555,0.3296264,0.07721783,-0.30283734,0.028844975,-0.033752277,0.11907223,0.17718565,-0.033084482,0.030176846,finance
0.31276688,-0.09125648,0.17143705,-0.067912005,-0.1566095,-0.12153291,0.07416319,0.23758474,0.17537726,-0.16157575,-0.4772264,0.011190834,0.33725193,0.0985947,0.024308506,-0.0843817,-0.09997505,-0.5605213,-0.032739498,-0.15569359,-0.10044675,0.122526936,-0.0060573383,0.3227794,0.14431208,0.041685637,-0.24717976,0.17991048,-0.3996761,0.051678967,0.20380251,0.01911426,0.22730744,0.12225173,0.06749887,-0.07490555,0.09119351,-0.576246,0.065426745,0.16150843,-0.23704958,0.124310896,0.17795496,0.04729794,0.16970623,0.14371061,0.20571741,0.5627513,0.18594694,-0.06823031,-0.04651383,-0.36164066,0.15551224,-0.099937126,0.3848857,-0.065207,-0.19236518,0.39422804,-0.17649707,0.23154572,-0.015828393,0.37019712,-0.010206629,0.14342557,0.12135652,0.065103166,0.0146794645,0.11671054,-0.09550613,0.08896301,-0.3369287,-0.027919568,-0.056229915,-0.011588278,0.31843543,-0.22349441,0.07125849,-0.1432504,-0.17736287,-0.3910716,-0.042910725,-0.21522371,-0.15155786,-0.019985886,-0.29627275,-0.0027258,-0.32880658,-0.26888317,0.13116278,0.15131368,-0.41066924,0.22011033,0.16756754,-0.4272337,0.034336727,-0.15291347,0.17640963,0.20798315,-0.13292624,0.015007827,finance
0.228971,0.07706425,0.12689087,0.0035800976,-0.13544814,-0.057469696,0.085691385,0.17176344,0.04098075,-0.032454163,-0.46125442,0.15603265,0.21989667,0.21639283,0.12968418,-0.23165773,0.008571843,-0.41544038,-0.16749811,-0.10024746,-0.07247431,0.14918019,0.15667337,0.29075992,0.19499305,0.040886294,-0.24115247,0.26697105,-0.25308853,0.11428152,0.1557584,0.108515956,0.110536575,0.15510596,0.18753053,-0.06263376,0.034775306,-0.5832526,0.0037482046,0.12977982,-0.07388465,0.030659813,0.13168022,-0.020044608,0.11693414,0.2248438,0.17324091,0.4068274,0.1750556,-0.03498204,-0.0876987,-0.37534443,-0.06820329,-0.10015706,0.29703358,0.01708738,-0.16396701,0.30673367,-0.17692024,0.17146863,0.004356581,0.33269152,-0.221164,0.15858993,0.06712466,0.015629884,0.08842199,0.0050993906,0.029609911,0.01711103,-0.20750684,-0.097773105,-0.061989706,-0.12364471,0.30412954,-0.14149144,0.096295334,-0.029656708,-0.242156,-0.26413813,0.11679835,-0.16347465,-0.1944429,0.043763146,-0.23268533,-0.06674114,-0.34366554,-0.29587626,-0.028325645,0.19233602,-0.386222,0.28496715,0.12484045,-0.22722143,0.089540385,-0.042212676,0.19772032,0.29299992,-0.1024076,-0.08127602,finance
0.20174146,0.08825649,0.20124769,-0.048777625,-0.10317175,-0.09675089,0.099757046,0.2002425,0.06838574,-0.06443081,-0.5821064,0.105096154,0.32161573,0.21974304,0.15852942,-0.2747766,0.061976377,-0.5259762,-0.0510926,-0.002612787,-0.249913,0.24249735,0.05562719,0.24031897,0.23455434,0.053691536,-0.24293445,0.14691238,-0.18667491,-0.08698061,0.1398703,0.008057247,0.2933277,0.09249643,0.030410836,0.081817344,-0.015427559,-0.46552423,-0.08674984,0.16176857,-0.09387421,0.15195028,0.22242838,-0.06744599,0.08742425,0.11545441,0.13504796,0.5181163,0.30656984,-0.04990003,0.009099171,-0.31973344,0.07438071,-0.073281504,0.36098805,-0.10414218,-0.17511974,0.33393002,-0.12077311,0.23872405,-0.0070713754,0.18120474,-0.045260083,0.12228974,0.115786284,0.13188972,0.019804824,0.23317285,-0.18122105,0.071984276,-0.2837502,-0.113372736,-0.06208057,-0.13057122,0.29830104,-0.12314207,0.13490446,-0.13304545,-0.13992426,-0.4802047,0.09361263,-0.13918681,-0.24909802,0.1378131,-0.2842087,-0.005124958,-0.571156,-0.28535256,0.043369737,0.19763726,-0.28096703,0.27158287,0.15974551,-0.36628738,0.12169729,-0.0036232786,0.1994118,0.21823859,-0.08485192,-0.0034637146,finance
0.04512992,0.12163841,0.12404377,-0.07624281,0.050382346,0.20514934,0.18419217,0.5021252,-0.1113409,-0.08609077,-0.6184511,0.15215434,-0.026945041,0.17970961,0.21137573,-0.10609986,0.13536187,-0.659432,-0.15643738,-0.034724433,-0.003849229,0.25638384,-0.12078625,0.05471491,0.30203062,-0.2622141,-0.31939578,0.119664595,-0.09142636,-0.1415229,-0.16773736,0.06754535,0.115590416,-0.12099401,0.059097596,-0.05649065,0.40173674,-0.44646034,0.107427,0.18395455,0.31477487,0.046784002,0.25696236,0.0296991,-0.05894291,-0.07381183,0.33565506,0.32094702,0.32239583,-0.014651995,-0.22334827,-0.5904404,0.13405627,-0.041843213,-0.08911511,-0.013026104,-0.28642792,-0.042781696,0.062031507,0.34431842,-0.03231997,0.111027434,-0.12943758,0.10381987,0.2641664,0.014498431,0.115891725,-0.2459731,-0.049657542,-0.08852235,-0.000880996,-0.10251014,-0.30482402,0.039038684,0.11935686,-0.027023004,-0.23702835,-0.14782381,0.096360944,-0.56247336,-0.10984991,-0.40225777,-0.34301427,0.20029347,-0.21229893,0.008605442,-0.29203686,-0.2503977,0.16063777,0.16214262,-0.5887223,0.36383334,0.14209041,0.06332637,0.031631418,-0.3283711,0.05208205,0.071021914,-0.1726276,-0.10940506,sport
0.13887821,-0.00913766,0.0049673896,-0.19826426,0.04361282,0.29205483,0.26493704,0.37943476,0.11499271,-0.019828437,-0.3522752,0.1140832,0.03431561,0.14626865,0.020647397,-0.2029062,-0.029797727,-0.49813843,0.0493426,-0.17701265,0.08775701,0.18228292,-0.023276532,0.1488374,0.27956808,-0.05640337,-0.32036752,0.2774238,-0.22084066,-0.093956575,-0.047615916,-0.17604998,-0.05301767,-0.13212168,0.23512013,-0.28879794,0.26035568,-0.47127697,-0.070522755,0.04661823,0.18706103,0.13364545,0.10942755,0.019210918,0.04883844,0.025471594,0.0972972,0.30992183,0.1336719,-0.16798696,-0.05359283,-0.40380976,0.20016201,-0.111710064,0.21006045,0.15070462,-0.30488753,0.013528692,-0.17724293,0.1979844,0.077226035,0.2703784,-0.3623634,0.07147568,0.074696094,-0.0143040195,-0.02188359,-0.19350262,-0.027454507,-0.021011267,-0.10747019,-0.04487764,-0.14389111,-0.10615121,0.26494193,-0.068653725,-0.08862724,-0.083362505,-0.16751432,-0.27831683,-0.053936172,-0.1970265,-0.28527898,0.06268937,-0.17699762,0.027626917,-0.17913027,-0.31631786,0.097314276,0.054739308,-0.4026185,0.24935669,0.28857192,-0.18527447,0.11390319,-0.32864857,0.0801767,0.06423384,-0.16346703,-0.122986116,sport
0.21287787,-0.07353349,0.1490001,-0.06728952,-0.11270203,0.17837003,0.14258079,0.19658172,0.09450637,0.03892554,-0.5397029,0.19635698,0.21313079,0.39615473,-0.10175564,-0.25610027,0.14017604,-0.6495969,-0.21003126,0.08518485,-0.18293267,0.24003808,-0.054139428,0.32157657,0.36543658,-0.15371245,-0.09045204,0.087482944,-0.33145615,-0.055749968,-0.032349132,0.05319931,0.24148783,0.12623084,-0.05333887,-0.1668632,0.0053449087,-0.56383777,-0.04013337,0.08928197,0.005491228,0.016381837,0.27965373,-0.018163115,0.0078531215,-0.14124472,0.2329201,0.42864454,0.43899328,0.18701911,0.0017583226,-0.36625722,0.15039304,-0.1915448,0.18135028,-0.1514821,-0.2591794,0.3454523,-0.015770454,0.06305991,-0.1082791,0.26575914,-0.060748227,0.11448707,0.13379608,-0.0007214837,0.15323052,0.18923874,-0.19056536,0.13798134,-0.1871393,-0.058569882,0.1263164,-0.23005256,0.25996715,-0.16843453,0.062257044,0.14677392,-0.04858696,-0.3392195,-0.03523785,-0.22749522,-0.27384475,0.18668245,-0.15486838,0.10812711,-0.5695191,-0.048573628,-0.024459511,0.17400804,-0.37733617,0.51834404,0.05567591,-0.19856615,0.37551466,-0.00077463913,0.046702404,0.2707146,-0.3569983,-0.07002839,finance
0.027021972,-0.061776668,0.16708605,-0.209159,0.026338339,0.5348427,0.29358009,0.56014997,-0.1424049,-0.17301512,-0.31046394,0.17099033,0.067627415,0.2225196,-0.016361902,-0.12809616,0.1738668,-0.7482516,-0.09093141,-0.033767585,-0.122619055,0.22930142,0.16214648,0.305539,0.21193624,-0.29550827,-0.5008925,0.38984883,-0.51031274,-0.31213543,-0.21463364,-0.036188234,0.17505053,-0.053988136,-0.15582295,-0.1329822,0.4467382,-0.46214002,-0.19983824,0.16471945,0.39911762,0.11526115,0.40598157,-0.11066974,-0.013137022,-0.10167982,0.42915624,0.09139522,0.16188283,-0.058522195,0.0104455445,-0.68362814,0.21906582,-0.005077507,0.021183508,-0.04206452,-0.27054694,-0.19114396,-0.21306497,0.08525633,-0.17096138,0.31961057,-0.34072617,0.12373314,0.15713415,0.0068068313,-0.008058543,-0.12090053,-0.04467534,-0.13638559,0.24932744,0.1889338,-0.4820623,-0.04072441,0.29014206,0.006253904,-0.24676022,-0.12579314,-0.16563681,-0.33784774,-0.26468086,-0.46583036,-0.5930415,0.23635466,-0.14983319,-0.022856155,-0.2307516,-0.38396782,0.3585847,0.05956485,-0.5191014,0.49616125,0.01174654,0.05458659,0.017330859,-0.45723343,0.22251132,0.06539115,-0.35396358,-0.23572905,sport
0.07472723,0.045563195,0.031917796,-0.051305547,-0.15407677,-0.08436397,0.23543228,0.2784929,0.14527856,-0.13387007,-0.3143043,-0.021790965,-0.013603929,0.1472045,0.09541715,-0.30189845,-0.00070060295,-0.6339996,-0.12764847,-0.15315121,0.1918409,0.2691658,-0.12076982,0.06919491,0.15485778,-0.055796,-0.28476638,0.21827406,-0.25125566,0.15761854,-0.08905862,-0.11498123,0.14273213,-0.25484288,0.1462607,-0.10717707,0.07433463,-0.36348176,0.069054425,0.1094163,0.05771651,0.11661531,0.100753054,0.055535458,0.02599119,0.22056434,0.2994993,0.35636184,0.09106453,-0.14605469,-0.065734394,-0.33345532,0.029281855,-0.26631,0.25120103,0.010333886,-0.11443282,0.15348047,-0.12313093,0.38737288,-0.08838225,0.072139196,-0.10464765,0.3139672,0.1370309,0.06465188,0.12370013,-0.1317048,-0.02688546,0.037494373,-0.17375612,-0.24047932,-0.19755672,0.058474313,0.2715429,-0.12830833,-0.13168263,-0.116177514,-0.1040121,-0.4217409,0.07811011,-0.072119944,-0.1467962,-0.080942646,-0.09685542,-0.041627184,-0.3541212,-0.279932,0.0017583823,0.030342523,-0.4234312,0.157423,0.20384319,-0.35937914,0.0080606425,-0.33189833,0.12457524,0.11186591,-0.043505415,0.09924999,sport
0.003213483,0.09544542,0.1365627,-0.11348841,-0.18591224,-0.028001575,0.016791571,0.24224325,0.10787627,-0.107710585,-0.4212828,0.13118686,0.14257713,0.12119152,0.08818942,-0.18210338,-0.04865881,-0.63204783,0.0030483068,-0.029220773,-0.13331683,0.08995516,0.008936831,0.2838182,0.052604135,-0.031787727,-0.304656,0.300943,-0.3664886,-0.09998104,-0.07399296,0.009191278,0.066879384,-0.054225873,0.18146367,-0.048239116,0.15923448,-0.5443883,-0.058209963,0.16623516,0.10387153,0.08815437,0.37566304,-0.04769092,0.0016263179,0.058093466,0.12084648,0.43665123,0.11879364,0.008310178,-0.011048654,-0.39802104,0.004564,-0.19718127,0.22256422,-0.119561695,-0.11022119,0.14104196,-0.038187116,0.35376102,0.05285782,0.3389802,-0.16023414,0.13145691,0.1432081,-0.04858048,-0.086148836,0.020230819,0.04627037,0.0920599,-0.12570535,-0.023881115,-0.018805193,-0.052418724,0.26953894,-0.18325756,-0.027943388,-0.27392882,-0.08389012,-0.34389898,0.025087183,-0.10407528,-0.36693326,0.04052418,-0.2105215,-0.0538121,-0.35066253,-0.27720392,0.092139535,-0.04970101,-0.44819322,0.25151476,0.23653087,-0.19773972,0.057916865,-0.35238138,0.06611049,0.24046795,-0.06561194,-0.0041353046,sport
0.10415126,0.05070361,0.09697547,-0.08461528,-0.04658417,0.00828434,0.20279072,0.2465576,0.051520653,-0.123695225,-0.2622147,0.12827855,0.090143874,0.1613963,0.028367903,-0.22101165,0.060831,-0.48615226,-0.17225495,-0.09176551,0.11095158,0.23562525,-0.052142,0.17690013,0.17066155,-0.043162815,-0.23628034,0.1282936,-0.22960629,0.13154751,-0.016246343,-0.0780635,0.103003554,-0.1310385,-0.0020912215,-0.12189308,0.085964724,-0.39352128,0.0735386,0.05369373,0.057131592,0.19677994,0.15269186,-0.030143665,0.04181146,0.170376,0.27355155,0.4432245,0.1239143,-0.10087888,-0.019992396,-0.3305293,0.16200799,-0.18737917,0.33415687,0.023994263,-0.13607861,0.16208318,-0.17391273,0.10220237,-0.091221094,0.26682004,-0.18253185,0.21335515,0.011515146,0.02533938,0.11753507,-0.026416104,-0.074488334,0.027625779,-0.13322438,-0.0806163,-0.10114609,-0.06883779,0.2362964,-0.072932236,-0.010325302,-0.044749845,-0.17460884,-0.33006784,-0.035876885,-0.19076551,-0.24574816,0.025473695,-0.22503729,-0.026007365,-0.38208577,-0.30728233,-0.029356206,0.1293974,-0.38214782,0.25338426,0.15331069,-0.23858096,0.060975153,-0.17330791,0.07349318,0.13371076,-0.17378168,-0.07522226,finance
0.1157418,0.028964555,-0.07468676,-0.094346434,-0.098801166,0.1881009,0.32725298,0.52568626,0.03926559,0.0035573235,-0.43879473,0.1441381,0.0278568,0.034601085,0.050375022,-0.114511766,0.01060671,-0.59573174,0.084596135,-0.090674564,0.12545072,0.12300021,-0.09228785,0.08114338,0.3527961,-0.22166617,-0.21277073,0.40302315,-0.22075444,-0.208928,-0.12850156,-0.27007383,-0.049443003,-0.20149355,0.19721907,-0.17657834,0.3081884,-0.41687697,-0.06812997,0.15784521,0.21529466,-0.0115287015,0.21520165,0.06328717,-0.081467986,-0.050696477,0.22719422,0.36178342,0.27509144,-0.19668646,-0.10477381,-0.47652435,0.22335576,-0.03717253,0.09614573,0.1270104,-0.37988588,0.005844598,-0.12960218,0.314577,0.036169752,0.18687724,-0.30623657,0.12347487,0.048663605,-0.0015871827,-0.063196495,-0.18152237,0.07978687,0.04266292,-0.20774151,-0.1401468,-0.18692335,0.1036224,0.07412221,-0.06959411,-0.07243474,-0.1028793,-0.030883942,-0.26895592,-0.09925946,-0.2367687,-0.24789874,-0.03758899,-0.07908305,-0.013684132,-0.33652276,-0.27006257,0.088243954,-0.08560218,-0.583748,0.2402405,0.27971503,-0.1345074,0.102930516,-0.35102046,-0.07848132,0.13081689,-0.25247478,-0.11793296,sport
0.104237996,0.14062443,0.09423296,-0.10777934,-0.007950796,0.28412715,0.14560452,0.5257833,-0.15324783,-0.1721681,-0.6520317,0.14649123,-0.046667848,0.13355324,0.17981607,-0.1005796,0.043842368,-0.66962135,-0.12452571,-0.03565066,-0.05663695,0.28780794,-0.042882062,0.05345775,0.2203199,-0.28840762,-0.29457802,0.057152998,-0.30536178,-0.17447059,-0.17695475,0.06620105,0.089768074,-0.08434847,0.0029886668,-0.10477088,0.4427413,-0.4763127,0.18222365,0.18783945,0.31799263,0.060317606,0.34792736,-0.05941982,-0.055728395,-0.0787161,0.37850034,0.20762889,0.29166636,-0.12523983,-0.19769253,-0.61208314,0.11024264,-0.15602997,-0.050054263,-0.024009857,-0.293104,-0.041144725,-0.032677926,0.27748674,-0.075606205,0.16037737,-0.16545936,0.15854749,0.154761,0.026915152,0.04707802,-0.19836263,-0.027531628,-0.0633052,0.016303793,-0.08409159,-0.29477602,0.006737395,0.13802157,-0.09772741,-0.23866478,-0.12661126,0.0064436076,-0.41583362,-0.1336486,-0.37936598,-0.31668252,0.24846283,-0.23999295,-0.027009374,-0.26684654,-0.28355756,0.22078025,0.12842229,-0.55935276,0.39475805,0.14124376,0.015267427,0.019119548,-0.34329924,0.101533175,0.03797949,-0.18745199,-0.111529484,sport
0.11128804,0.06400449,-0.034435254,-0.105316095,-0.057650335,0.13271295,0.20379247,0.28907707,0.053272534,-0.019544037,-0.41045773,0.18070658,-0.038089678,0.1384576,-0.048680816,-0.24347302,-0.06210535,-0.47070634,-0.038903277,-0.31813675,0.032718327,0.24350633,-0.02543108,0.09181994,0.2592895,0.07958016,-0.275813,0.23217948,-0.3515956,0.018272838,-0.01569236,-0.16380656,-0.053516787,-0.007950088,0.26885298,-0.28390843,0.31529215,-0.45770004,-0.016846642,0.122133434,-0.029266566,0.16418101,0.17265302,-0.013383461,0.04189887,0.033479493,0.014822942,0.42336044,0.11593061,-0.22259316,-0.0016967248,-0.3427788,0.052286625,-0.18093151,0.28620407,0.10421564,-0.29454827,0.09832901,-0.25930443,0.15764135,0.06615307,0.4211426,-0.41384435,0.21089596,-0.057275407,-0.07902341,-0.04635824,-0.12574957,-0.052540034,-0.04809179,-0.11403298,-0.08028347,-0.05905767,-0.178426,0.2137476,-0.2229262,-0.005831725,-0.070476614,-0.2598248,-0.18043445,0.011517095,-0.13571428,-0.2712613,0.09835117,-0.2665472,0.040956307,-0.19210333,-0.32292795,0.07779897,0.014875706,-0.44156575,0.27381378,0.30997154,-0.19886686,0.14481238,-0.301106,0.09539081,0.24739441,0.014392547,-0.07519787,sport
0.17390247,0.06305469,-0.024886012,-0.1568619,0.081718914,0.2993486,0.29969376,0.44951648,0.034631714,-0.06664966,-0.5086261,0.13533953,0.0130027905,0.12970345,0.031294756,-0.18689312,0.007596226,-0.5725896,-0.04268163,-0.27061468,-0.0007948457,0.23549926,-0.12049488,0.12793286,0.31999055,0.06473782,-0.34673476,0.18095513,-0.3669844,-0.021625008,-0.0010582084,-0.1684516,0.094255045,-0.1636216,0.35850233,-0.34857044,0.40925604,-0.4815008,-0.08893071,0.028387409,-0.029395197,0.20445842,0.23292655,0.1203801,0.016386922,-0.04524633,0.02062206,0.34713507,0.09963174,-0.21089661,-0.14325629,-0.40335453,0.07354033,-0.19899519,0.33670887,0.16390166,-0.23003328,0.0361451,-0.24988459,0.15581918,0.027351009,0.37761298,-0.434179,0.10297489,-0.040008195,-0.07071248,-0.04323175,-0.11815617,-0.031644613,0.102148525,-0.15428871,-0.026009254,-0.08080358,-0.17180018,0.2332664,-0.15791893,-0.017335271,-0.14531459,-0.1628717,-0.2335471,-0.091301225,-0.17599908,-0.29836944,0.10264337,-0.2405678,0.05974108,-0.26299426,-0.3919219,0.16196012,0.18077083,-0.33306083,0.21284729,0.38169757,-0.26019514,0.038408305,-0.2934468,0.12151549,0.2495378,-0.12453611,-0.053265613,sport
0.15577435,0.03190429,-0.016656982,-0.17430146,-0.00741011,0.29920918,0.28888053,0.2810774,0.043016035,-0.10424341,-0.4122468,0.10053084,-0.006498985,0.14437081,0.0584766,-0.22291955,-0.08970834,-0.59992844,-0.032340214,-0.18657039,-0.034734756,0.24970447,-0.06284648,0.14988254,0.31661317,0.06956227,-0.2804846,0.1697675,-0.3589611,-0.0072467206,0.08097559,-0.13605537,-0.028769547,-0.16685033,0.30501854,-0.2964741,0.39236408,-0.521033,0.040826395,0.01338243,-0.016015306,0.25839698,0.20560315,0.021402732,0.061959278,0.034272604,0.040793676,0.3624388,0.070668004,-0.2845563,-0.06312956,-0.34854242,0.047529235,-0.116120525,0.24956469,0.08884414,-0.24181369,0.051125374,-0.13365084,0.20776379,-0.0049816207,0.34345508,-0.3896301,0.09985611,-0.05790139,-0.05845846,-0.0048728413,-0.12736847,-0.023234699,-0.038580757,-0.14777958,0.029246045,-0.03999832,-0.20792654,0.25872695,-0.14107478,-0.030736389,-0.15318315,-0.20162746,-0.12678184,0.014204315,-0.18377288,-0.36611912,0.10779231,-0.34462413,0.08070878,-0.18489411,-0.3472589,0.046520043,0.14321105,-0.42640695,0.21709266,0.3751721,-0.24531406,0.03413314,-0.31570107,0.03251696,0.2791988,-0.05865127,-0.11436932,sport
0.21403195,0.09980994,0.016911082,-0.04948041,-0.13821837,0.043320768,0.13555144,0.28586417,0.07211256,-0.035568,-0.39144805,0.12965202,-0.0033129407,0.12874065,0.11292761,-0.25974914,-0.09263927,-0.57570714,-0.039384756,0.0076490957,-0.010840249,0.20423852,-0.23165053,0.18722297,0.16162588,-0.08634472,-0.31267223,0.21657826,-0.37317777,-0.030844593,-0.041303463,-0.0017289555,0.17343478,-0.068438046,0.3039825,-0.18837206,0.26046395,-0.48619404,0.07396103,-0.07883867,0.053088922,0.12326292,0.25503498,-0.035481393,-0.035773672,0.16892433,0.17582756,0.4019288,-0.037295513,-0.21390526,0.011565027,-0.3202308,0.016499087,-0.17755876,0.24838944,-0.0057198335,-0.1054058,0.039137054,-0.11472268,0.21640395,-0.023495106,0.23920053,-0.334123,0.24237365,0.05425138,-0.0065601454,-0.050914865,-0.15518148,0.019974863,-0.007800209,-0.12921962,-0.039439775,-0.11510115,-0.008552484,0.37354234,-0.13320783,-0.028113995,-0.232395,-0.16947447,-0.33693346,0.04565234,-0.021537941,-0.23783368,0.06653332,-0.20126852,-0.0006711481,-0.1815205,-0.37880835,0.09652387,0.083390646,-0.4287289,0.15750131,0.33895048,-0.19732131,0.04954958,-0.28531542,0.12092694,0.32283846,-0.13137506,-0.03818491,sport
-0.0048495485,0.014879324,0.124264315,-0.083356775,-0.097959556,-0.0421362,0.21702267,0.26289937,0.111712605,-0.116182506,-0.2692181,-0.030984629,0.1866122,0.17116775,0.11489946,-0.21638365,0.016184542,-0.51673293,-0.15952325,-0.11745,0.143432,0.1656641,0.046372656,0.05510193,0.20691696,-0.17534952,-0.15211032,0.25061786,-0.087278545,0.07061793,0.04256404,-0.18037266,0.16536851,-0.15039992,0.069484144,0.14999616,0.008562142,-0.4342174,0.0074666194,0.18276547,0.08322727,0.13906898,0.08597067,-0.018050432,0.07078351,0.15061758,0.40349433,0.33752593,0.27669188,-0.024632413,-0.08684025,-0.3630953,0.12841721,-0.050825965,0.23251556,-0.040226158,-0.22138436,0.31612718,-0.18823622,0.21963619,-0.18039007,0.0899761,-0.08056707,0.2640412,0.13301653,0.10918957,0.26887703,0.05854418,0.006427629,-0.053732842,-0.16193065,-0.18319173,-0.26432428,0.0022146113,0.0642219,-0.07043844,-0.0073003583,0.011402331,-0.15326692,-0.36353052,0.03287027,-0.1334367,-0.152447,0.02594291,-0.13586318,0.044085246,-0.4973754,-0.1185629,-0.06660656,-0.0077497675,-0.48475546,0.30630124,-0.030620871,-0.22819896,0.091814384,-0.1350536,0.049456175,-0.007690413,-0.2111472,0.1132956,finance
0.08760697,0.13884607,0.048918094,0.022889188,-0.20514306,-0.14822525,0.084184185,0.214627,0.23445356,-0.092903875,-0.46186617,0.0018822874,0.051569708,0.14855246,0.06268089,-0.26321796,-0.038832605,-0.6157977,0.14098959,-0.1074672,-0.10612782,0.124137454,-0.149394,0.35249668,0.010040253,-0.0029460662,-0.31892768,0.14857613,-0.42910036,-0.15244351,-0.0096290065,0.01538332,0.20185143,-0.015809122,0.19830571,-0.08525085,0.19866486,-0.5325658,-0.11291302,0.1847546,-0.0027734186,0.06022829,0.28637558,0.08491919,-0.038850047,0.11390601,0.12261185,0.48515514,0.11942543,-0.096889645,-0.013258587,-0.24696034,-0.06144898,-0.19857118,0.22853634,0.0031448388,-0.12891258,0.059024263,-0.019520149,0.29866415,-0.029328985,0.24131177,-0.14107014,0.117201686,0.11752477,-0.048331704,-0.1201591,0.030986337,-0.08898799,0.1719656,-0.14367478,-0.11774079,-0.101578884,-0.04587444,0.3357131,-0.12355555,0.011906845,-0.22328629,-0.14373717,-0.39236706,-0.05683424,0.05843413,-0.23351435,0.052357167,-0.34693238,-0.056182176,-0.2862167,-0.25618616,0.1770289,0.17822662,-0.43857664,0.21067326,0.34963074,-0.33667424,0.10094101,-0.33605283,0.12870334,0.34443864,-0.121450685,0.029464966,sport
0.05361176,0.14696245,0.05758209,-0.11187747,0.0032172417,0.27577832,0.1969046,0.47863904,-0.10930918,-0.09854634,-0.614843,0.12575167,-0.037364163,0.1584791,0.19519478,-0.12812474,0.033559974,-0.65223414,-0.13170612,-0.09493631,0.016511891,0.26305425,-0.05632043,0.040156715,0.22694932,-0.22725776,-0.3083288,0.068830706,-0.19954492,-0.17156501,-0.15247451,-0.009312069,0.0629238,-0.034620207,0.07631596,-0.059375647,0.38551584,-0.44693017,0.13824314,0.19307603,0.28971726,0.09111358,0.28824836,0.0015879318,-0.11028029,-0.038266443,0.33161685,0.29647154,0.28911036,-0.07864314,-0.22615318,-0.5511096,0.1131155,-0.09054648,-0.056467347,0.027472246,-0.26508975,-0.05788922,-0.041448575,0.28555045,-0.09600585,0.11732019,-0.16713765,0.12164828,0.19018479,0.045078192,0.08724458,-0.22552292,0.008554183,-0.09894535,-0.077247046,-0.090366475,-0.30386353,-0.027971715,0.15286762,-0.04952772,-0.18007971,-0.12408956,0.05836261,-0.44043535,-0.096816264,-0.3307141,-0.3155804,0.18721327,-0.2635439,-0.031768136,-0.25125653,-0.2598353,0.12478143,0.1308394,-0.5731867,0.34030116,0.19291936,-0.0059520644,0.07501005,-0.39808166,0.08764001,0.0493869,-0.11982257,-0.08805769,sport
0.03531651,0.13246727,-0.004698518,-0.08831985,-0.08606375,-0.015824106,0.21068603,0.30685464,0.041673608,-0.0455505,-0.2716026,-0.006141414,0.04602411,0.1183001,0.077878565,-0.22498201,-0.018450357,-0.6376305,-0.025399901,-0.10858423,-0.017243667,0.31807098,-0.04477245,0.0651416,0.17911693,-0.019666076,-0.3034371,0.15986803,-0.26137716,-0.012426566,-0.089074686,-0.09518878,0.16928782,-0.11050178,0.14781117,0.0070865094,0.23964567,-0.45380712,0.063245155,0.093162164,0.049429893,0.13141353,0.20208916,0.12136222,-0.11587038,0.19938044,0.17918451,0.37652385,0.084761254,-0.06838874,0.035819244,-0.30700535,0.033281386,-0.12590829,0.20015419,-0.0013268612,-0.08391438,0.01223199,-0.12338397,0.3184349,-0.013640313,0.19676024,-0.19851339,0.25517663,0.06816768,0.122534,-0.032368105,-0.08278964,-0.08137718,0.06412498,-0.010565762,-0.13353424,-0.25981328,0.080444075,0.2537847,-0.12036489,-0.018157769,-0.26559076,-0.037145484,-0.36981755,0.015224815,-0.08783455,-0.21575813,0.012946001,-0.2378398,-0.055635624,-0.30627868,-0.31381208,0.005547275,0.03402188,-0.48393783,0.1751183,0.37122872,-0.32188383,-0.06767209,-0.3380554,0.18829948,0.2331116,-0.013167321,0.041584026,sport
-0.063928515,0.18751846,0.016043423,-0.06977545,-0.057276063,0.2669702,0.197248,0.31500867,0.086483814,0.028485868,-0.42326188,0.047423795,0.14607951,0.18128121,0.018871205,-0.19279322,0.008843049,-0.7023152,0.003204499,-0.037738755,-0.1339081,0.15853804,0.08023564,0.115961514,0.17681213,-0.28942624,-0.32829228,0.12161805,-0.2835141,-0.11982901,-0.1259362,-0.034550317,0.10009822,-0.08668814,0.3096027,0.09429326,0.21129724,-0.59310657,-0.03435693,0.16569315,0.1637456,-0.12710293,0.2901617,-0.01749172,-0.35661754,-0.037439547,0.28522363,0.21071413,0.27830836,-0.030584505,-0.09051923,-0.3160076,-0.028310759,-0.16544078,-0.0636762,-0.090822145,-0.29440388,0.14925607,-0.034467913,0.26945212,-0.06850513,0.103462294,-0.2613201,0.14856337,0.06803823,0.16791365,0.13135123,-0.1519785,0.02903134,-0.05745667,-0.121589564,-0.17894474,-0.3485498,-0.071856454,0.12538181,-0.039152365,-0.12038635,-0.09181296,0.0519365,-0.35440603,-0.016991926,-0.14762473,-0.15909134,0.044138733,-0.08611146,0.011732684,-0.21898837,-0.15725361,0.09901912,0.00644557,-0.64770246,0.38068864,0.312176,-0.15056217,0.18585233,-0.35619062,0.07910606,0.081280984,-0.24850115,-0.009061375,sport
0.27121624,0.03456472,0.163797,-0.04015101,-0.14628583,-0.03175,0.078968495,0.17360587,0.07170443,-0.03610101,-0.657309,0.1518316,0.24584328,0.26256728,0.08602802,-0.24679376,0.120494954,-0.6410168,-0.05627007,0.11737828,-0.26734057,0.19740431,-0.014922771,0.24702822,0.27478832,0.023650633,-0.13033982,0.10848272,-0.3274799,-0.14685963,0.16385688,0.06837788,0.2797851,0.1562234,-0.012472942,0.030792331,-0.010256183,-0.47896102,-0.093677685,0.13477257,-0.11865418,0.03383006,0.26774338,-0.10927687,0.019652024,0.031289414,0.12502694,0.47382525,0.2822668,-0.06811102,0.10516294,-0.34387022,0.09291563,-0.067873284,0.34677827,-0.10778348,-0.23930037,0.24559008,-0.04090377,0.16156232,-0.0028976386,0.24540392,0.010059561,0.12777655,0.05502233,0.09675728,0.033501517,0.27652568,-0.29373956,0.09923546,-0.28468758,-0.068478055,0.03618676,-0.13293527,0.3786514,-0.12331086,0.116252586,-0.06399802,-0.18404642,-0.4196454,0.048313934,-0.13768804,-0.32878882,0.21975452,-0.2243086,0.020827,-0.56691164,-0.16769794,0.11340058,0.20810021,-0.24961491,0.3627245,0.17400154,-0.41103244,0.17730719,-0.021535525,0.15957968,0.23877823,-0.13787152,-0.04955127,finance
0.18674138,-0.064932294,0.13926832,-0.010039276,-0.12321235,-0.103734866,0.11178194,0.24598378,0.20396754,-0.10078163,-0.4765287,0.21982951,0.25176412,0.25927794,0.08478081,-0.16281602,0.030690826,-0.48960298,-0.17722896,-0.07318794,-0.0665517,0.20054771,0.03813239,0.33566558,0.18196942,-0.012958205,-0.34729344,0.17276853,-0.24783115,0.21485375,0.14475252,-0.01851738,0.3433861,0.15185125,0.083489485,-0.17132567,-0.0083140535,-0.472796,0.011109103,0.043923046,-0.1681365,0.11078819,0.24363792,-0.09696635,0.0763028,0.18746142,0.24378696,0.4935496,0.26021436,0.045366008,0.09453588,-0.2959828,0.08368882,-0.13494456,0.24685767,-0.16421773,-0.32173574,0.40848738,-0.07089408,0.19121666,-0.047399953,0.2587437,0.04490346,0.15623248,0.12053381,0.07599214,0.16431732,0.11847621,-0.12008228,0.07269222,-0.40321165,-0.013840053,0.04854971,-0.20266598,0.30561626,-0.24252695,0.13056947,-0.05848847,-0.07045898,-0.37744513,-0.04672012,-0.16983071,-0.26635805,0.114590935,-0.20457093,0.08195361,-0.45535502,-0.24714589,-0.043963376,0.061124474,-0.3825425,0.26338348,0.17205414,-0.3444696,0.1388854,-0.03290152,0.053507276,0.20615797,-0.13835163,0.008926017,finance
-0.01431501,0.10434875,0.053923115,-0.109991886,-0.15764074,-0.08051825,-0.12255428,0.24402744,0.05673765,0.1407406,-0.3579221,0.10771015,0.16009383,0.2804276,0.16278042,-0.23442426,-0.024663074,-0.69165367,-0.13573787,0.26585925,-0.06884701,-0.038878307,-0.26099768,0.050300334,0.44956446,-0.32354853,-0.13495441,0.20267178,-0.0026651542,-0.23499832,0.08864005,0.039398674,-0.25551882,0.1085324,-0.31042388,0.030179314,0.2572471,-0.39279166,-0.3088198,0.14114702,0.035938557,-0.22573794,-0.049911655,-0.010653354,-0.032552585,-0.29885295,0.3630504,0.63433653,0.118443675,0.101741455,0.06931021,-0.6158135,0.13539101,-0.17734736,0.11072118,0.00991886,-0.3065705,0.18261051,-0.16197719,0.047308143,-0.31623837,0.37632018,-0.31917214,-0.031403117,0.08459304,-0.43457496,0.16393186,0.17041874,-0.32289276,0.08722905,-0.33844212,0.013010513,-0.23238459,0.04561452,0.15693842,0.14708377,-0.43207,0.1338639,-0.41992483,-0.5375986,0.234479,-0.37700912,-0.41888914,0.2500378,-0.16438971,0.0679068,-0.51803994,0.2251208,0.023286022,0.12104705,-0.6866767,0.22136912,-0.03638389,-0.07729867,0.53294194,-0.44245243,0.13378376,0.033113576,-0.52989465,-0.15699117,finance
-0.05806879,0.025782105,0.041868538,-0.029555865,-0.092769645,-0.09187487,0.24340867,0.2586257,0.11602051,-0.017219616,-0.22350653,0.023759678,-0.016783694,0.08823045,0.08902042,-0.29085252,-0.036073443,-0.6105095,-0.14840046,-0.08188514,0.123605415,0.2801134,-0.10544035,0.099829495,0.19236486,-0.05499225,-0.3584773,0.2880228,-0.20835802,0.14095877,-0.11048675,-0.08136925,0.12234577,-0.21337065,0.08971652,-0.09496481,0.17780994,-0.41342166,0.09341925,0.14699875,0.11918646,0.19490093,0.15464516,0.053285193,0.09816232,0.14051996,0.2917668,0.3806483,0.010191047,-0.18833187,-0.09431044,-0.31524396,-0.014103621,-0.21901941,0.25151536,-0.016206902,-0.08372218,0.06019621,-0.14482176,0.34053606,-0.07062095,0.15654099,-0.27132323,0.36838815,0.13940725,-0.010195702,0.08687265,-0.1972513,0.058510963,0.016032215,-0.11005963,-0.11014008,-0.24069212,0.06727956,0.14870621,-0.17083244,-0.071745686,-0.2220368,-0.16747946,-0.32844493,0.10246531,-0.08248965,-0.14921299,-0.062081616,-0.16872317,0.031875852,-0.36555123,-0.3135612,-0.060832616,-0.043731198,-0.4563029,0.14579694,0.13018121,-0.1942005,0.033284474,-0.31467354,0.15267292,0.2934655,-0.11705652,0.1249434,sport
0.16401614,-0.08641575,0.16633862,-0.011339962,-0.17801832,-0.17975657,0.06001721,0.3130254,0.08699808,-0.13094234,-0.5703042,0.079781756,0.19844627,0.12544534,0.037663024,-0.09348115,-0.052578285,-0.50482196,-0.018956626,-0.08097309,-0.03289758,0.24492505,-0.039609812,0.24588123,0.067052186,-0.015653312,-0.23594028,0.1977253,-0.33058348,0.13332011,0.17879254,-0.07298629,0.24943796,-0.027526077,0.0027790817,0.010887828,0.03458303,-0.5145478,0.01466215,0.14145137,-0.13370065,0.05529494,0.24933463,-0.07502344,0.100652106,0.16429591,0.23580767,0.570019,0.2271292,-0.0035781974,0.029899288,-0.31530523,0.22630496,-0.037060194,0.2796123,-0.10803763,-0.22628571,0.38165903,-0.03008518,0.12011814,-0.23974438,0.31835595,0.045959365,0.21369977,0.08688907,0.071421236,0.09431513,0.25876865,-0.12370174,0.046309497,-0.3563273,-0.08049052,0.019796658,-0.029464673,0.29119465,-0.23093073,0.10960654,-0.09484878,-0.15763,-0.33990166,-0.06335006,-0.19193308,-0.23398988,0.063103795,-0.22059408,0.05553231,-0.47988322,-0.15755552,0.05590519,0.077050306,-0.38175285,0.29104313,0.045794014,-0.33718115,0.19963592,-0.15492892,0.11829258,0.17116618,-0.32506502,0.04173927,finance
0.12962447,0.11977686,0.10194551,-0.015447768,-0.06081582,0.097091645,0.17180179,0.23227711,0.117496155,0.0802898,-0.36560485,0.20331328,0.22593848,0.26423565,-0.031338964,-0.1637339,0.094497755,-0.5848356,-0.024394058,0.023918558,0.09840987,0.18686698,-0.09586922,0.14309332,0.29098004,-0.27136153,-0.06812185,0.15384278,-0.11804939,-0.15588596,0.0124441115,-0.09296686,0.07792002,-0.060570113,-0.07014719,-0.055004157,-0.030375214,-0.3381085,-0.06576625,-0.027944278,-0.016456282,-0.097961985,0.15349142,-0.025191467,-0.06262019,-0.14390154,0.41883388,0.48065293,0.2500838,-0.013693692,-0.0888304,-0.2815895,0.3068098,-0.0846762,0.20923202,0.0062907278,-0.24501556,0.23021308,-0.08016488,0.0645804,-0.16897789,0.1821667,-0.24019572,0.057149097,0.0402769,0.0043766005,0.16895574,0.123092845,-0.022742184,0.01637889,-0.26391596,-0.09995421,-0.15529849,-0.02453651,0.2431089,0.05930899,-0.07965761,0.16668577,-0.2506025,-0.31447253,-0.020050624,-0.19845152,-0.30579105,0.06370963,-0.13085736,0.05290819,-0.43885037,-0.033672802,0.0011555462,0.1514976,-0.5014975,0.29809275,0.04416462,-0.22745262,0.3110208,-0.20359382,-0.0713099,0.13112421,-0.45335284,-0.089562565,finance
0.08051883,0.1355566,0.08050661,-0.042293034,-0.035824474,0.08723383,0.18889219,0.24984382,0.12390038,0.047953,-0.37636554,0.2115694,0.22456197,0.27966186,-0.08249926,-0.15243837,0.11767645,-0.57496196,-0.04159432,0.020112377,0.06636307,0.179674,-0.07798393,0.12449547,0.2864034,-0.24712664,-0.078911416,0.2031821,-0.07849599,-0.12810242,-0.042543333,-0.093290396,0.076561265,-0.03486282,0.016654825,-0.079987474,0.0019010318,-0.37840205,-0.098693274,-0.0035612348,0.046089254,-0.062174223,0.15391882,-0.017747141,-0.05751485,-0.11171674,0.3878494,0.45077088,0.28162646,0.004912401,-0.04040667,-0.26305655,0.296182,-0.08982473,0.18563047,-0.017315522,-0.20660228,0.21351464,-0.037799794,0.035054315,-0.11763108,0.20773685,-0.23674129,0.053969555,0.06751234,0.023616597,0.16767304,0.112649515,-0.017843427,-0.024963144,-0.23550518,-0.06642786,-0.17189287,-0.041179284,0.20067865,0.03664712,-0.016905336,0.11894154,-0.22890706,-0.3047122,-0.0044293944,-0.16695784,-0.29024386,0.049420804,-0.12199039,0.05741736,-0.4887229,-0.057316918,-0.020440115,0.120720476,-0.49810004,0.31030372,0.044727392,-0.18113646,0.25891587,-0.16611235,-0.051324777,0.13145618,-0.38105527,-0.10845668,finance
-0.14586665,-0.022989832,0.008688724,-0.08100403,-0.17012565,-0.11375456,0.073229805,0.09940592,0.07760289,-0.113277055,-0.40438366,0.025348023,0.27096674,0.31647685,0.041549273,-0.24068604,0.16010074,-0.47457618,-0.18577561,-0.0705253,0.08267484,0.35472643,0.0015995776,0.16592766,0.17832,0.12207914,-0.15406509,0.23074512,-0.184847,0.22448485,0.05371026,-0.041130476,0.09035721,0.033462495,0.02986699,-0.01960443,-0.03339204,-0.5831288,0.0011064305,0.103847675,-0.11934339,-0.009630932,0.09093976,0.008190572,0.1690498,0.20467389,0.47432297,0.29747593,0.20532131,-0.013228068,-0.2090745,-0.50913644,0.02413401,-0.35223356,0.07974075,0.039441474,-0.27293643,0.27249599,-0.051914964,0.181243,-0.15468825,0.06340459,-0.068232745,0.14707014,0.30378106,0.1615581,0.1652281,0.13504969,0.063495554,-0.09078707,-0.36365995,-0.08222994,-0.11634258,-0.074726135,0.11074658,-0.0050124456,-0.025735646,0.06822018,-0.21581367,-0.28428584,0.18702109,-0.07633821,-0.3314399,0.068920195,-0.12500842,-0.026830295,-0.382032,-0.04063811,-0.07096164,0.10278718,-0.25148448,0.34731084,-0.038067997,-0.34254435,0.17252551,-0.18182053,0.040990643,0.14901751,-0.16279212,0.039310426,finance
-0.046633694,0.06031888,0.01038686,-0.02069919,-0.10558511,0.009807897,0.2842244,0.21246214,0.09327525,-0.083103985,-0.25669903,0.08444871,0.13308911,0.16044733,0.03584712,-0.22200565,-0.034963924,-0.63204175,-0.043332867,-0.05809659,0.11062551,0.26434708,-0.17289773,0.14911869,0.18674044,-0.115689054,-0.3311795,0.22946148,-0.26037437,0.16285747,-0.21068281,-0.17714864,0.17231412,-0.2440139,0.14485976,-0.15245213,0.08840743,-0.48042446,0.062743336,0.059342664,0.10799321,0.14424363,0.09412925,-0.05024787,0.06640568,0.22961834,0.29753366,0.38179892,0.037577502,-0.16445513,0.053695884,-0.28728977,0.057548262,-0.28278235,0.23153254,-0.062263433,0.0135788405,0.029448826,-0.10431662,0.2605408,-0.114430256,0.17128041,-0.29699048,0.31365615,0.13437709,0.038978036,0.11610414,-0.12419393,0.0054409443,-0.011402195,-0.11566498,-0.22147037,-0.22821495,0.009213489,0.25887826,-0.17349885,0.022895452,-0.1349417,-0.13767491,-0.36696982,0.09817537,-0.059107564,-0.15423775,-0.11457434,-0.05113897,0.047158502,-0.3338249,-0.2624944,0.035646092,0.006673757,-0.37469432,0.18757784,0.20874447,-0.26529112,0.1368459,-0.23203051,0.19613925,0.16806448,-0.23407528,0.14755172,sport
0.2006258,-0.04291906,0.13379218,-0.12346663,-0.07514923,-0.11809683,0.05164925,0.26543856,0.11945132,0.024893247,-0.5555379,0.14320214,0.22354767,0.25469947,0.01763849,-0.17504601,0.051197883,-0.47504142,-0.23289846,0.048638918,-0.12554032,0.18536751,-0.07416975,0.27697894,0.2231373,0.018270545,-0.23994195,0.15228231,-0.24283561,0.06327272,0.07661094,0.16703111,0.2618894,0.17528398,0.12453088,-0.09995898,0.016039545,-0.5320676,-0.007405619,0.14441247,-0.12094912,0.08744056,0.2687015,0.0030743429,0.050806377,0.061159585,0.17475723,0.46976042,0.25430435,0.014129628,-0.024833573,-0.4129157,0.1521994,-0.18790522,0.3409633,-0.026491694,-0.34500006,0.32592568,-0.081966445,0.14796588,0.021768834,0.2676626,-0.047887128,0.042515993,0.14491591,0.052619632,0.058465052,0.17848282,-0.18597668,0.09574087,-0.29516912,0.043034103,0.15456143,-0.18364453,0.29250106,-0.1237462,0.11034991,-0.028022805,-0.12749568,-0.4078226,-0.04249286,-0.1773344,-0.28007004,0.2118858,-0.2111571,0.06973765,-0.39602917,-0.16292307,-0.0107581625,0.1251842,-0.33204865,0.32925656,0.17844877,-0.3132041,0.1569972,-0.01619479,0.06504483,0.2906786,-0.16579819,-0.10315341,finance
0.13479511,-0.009572554,0.17250198,-0.14395687,-0.09627649,-0.008833255,0.027940936,0.21003698,0.13973081,-0.032160666,-0.28068924,0.11223533,0.26623312,0.28013724,0.014934309,-0.13006878,-0.008101837,-0.5872206,-0.040614523,-0.024911614,-0.0150237335,0.16335237,-0.03765335,0.28603506,0.15786856,-0.02953889,-0.16296095,0.078301765,-0.27179208,0.024876438,0.19121018,-0.08818023,0.05264731,0.11123023,0.00859477,-0.1855006,0.07001441,-0.49897122,0.03097416,0.07126317,-0.13128814,0.010269564,0.15300006,-0.040017195,0.019775767,0.08577189,0.1872464,0.59902674,0.13257483,-0.066258475,-0.010693711,-0.3311956,0.11175979,-0.23316024,0.3568876,-0.09535769,-0.23074096,0.20476884,-0.13837676,0.10201076,0.017221432,0.3521742,-0.2239223,0.13445781,-0.07999237,-0.0410413,0.014698895,-0.041819576,-0.045646623,0.10313756,-0.25041422,0.043270133,0.004480223,-0.17189524,0.30790892,-0.06693249,0.0335604,0.1061077,-0.3053137,-0.24871054,0.0717668,-0.25652736,-0.3994054,0.043460403,-0.21857098,0.018834129,-0.36025563,-0.19519062,0.05147896,0.14469808,-0.43244138,0.24666137,0.19606495,-0.30606502,0.13141677,-0.2784204,0.07442979,0.13703057,-0.16678521,-0.04155508,finance
0.06080361,0.08219024,0.059359536,-0.04741433,-0.05642706,-0.026408574,0.18012065,0.1797869,0.076725915,-0.022960544,-0.3444844,0.1129828,0.18286987,0.12506065,0.06874742,-0.23829994,0.10075828,-0.47270477,-0.108260244,-0.029425703,0.063291095,0.1809834,-0.12421618,0.21077037,0.21056013,-0.12979919,-0.2663979,0.15307981,-0.17855965,0.10244998,-0.039397445,-0.047730483,0.113981865,-0.11378947,-0.04457985,-0.11755825,0.05676583,-0.48977605,0.040108435,-0.0018325751,0.031131042,0.13951369,0.096300684,0.008482795,0.095819354,0.070662305,0.24548303,0.42924112,0.09515783,-0.08256091,-0.051508583,-0.36122307,0.15333697,-0.103410885,0.2089665,0.077286094,-0.2436383,0.1751913,-0.07334229,0.14247435,-0.110901155,0.31187552,-0.232937,0.1839837,0.106077105,-0.027411597,0.04896147,0.039843984,-0.05488331,0.01570716,-0.2141369,-0.08040003,-0.103495546,-0.050490074,0.2147067,-0.0043533114,-0.04983306,-0.041252486,-0.20899384,-0.3205509,0.03299015,-0.16024701,-0.24446817,0.1184294,-0.2061123,0.04147889,-0.43889844,-0.18323608,-0.03673169,0.15788375,-0.403688,0.21602592,0.12144531,-0.11300195,0.13665445,-0.15852308,0.10850711,0.21019995,-0.28837445,-0.054540344,finance
-0.064125866,0.11061124,0.042268638,-0.13058063,0.019100072,0.09643535,0.08721217,0.1435909,0.11890103,-0.09377889,-0.11959897,0.13819554,0.38630635,0.16797677,-0.109966144,-0.027732408,0.14331552,-0.7488495,0.008704821,0.11097548,-0.21176028,0.030399501,-0.08528899,0.13907436,0.30419967,-0.03982132,-0.21291223,0.27506983,-0.25015604,-0.16846259,-0.08125673,0.046885855,-0.112405196,0.025063029,0.0968668,0.026218796,0.1108809,-0.59249604,0.0024108284,0.096176006,0.06002103,-0.07897328,0.110620305,-0.08668085,-0.24838921,0.07838846,0.24172655,0.17312323,0.30939588,-0.044951174,-0.03668811,-0.37692776,0.16213967,-0.14299369,0.1252847,-0.07015716,-0.16361259,0.31741446,-0.0673915,0.11955328,0.12613931,0.28390056,-0.34006667,0.054201912,0.049017046,0.037589237,0.17463577,0.1450842,-0.016383167,-0.14118937,0.043992914,-0.1808418,-0.32885152,-0.1846169,0.32290855,0.04170639,-0.10908238,0.15541634,-0.16813967,-0.29315096,0.09294436,-0.22601882,-0.34411418,0.11755361,0.07176577,-0.060378395,-0.25225765,-0.12797841,0.031855337,-0.027729178,-0.49403158,0.41850418,0.17445344,-0.3472541,0.06877074,-0.059062414,-0.04480536,0.08720526,-0.33220798,0.020133672,finance
0.10374866,0.22024712,0.20753849,0.16561878,-0.12906837,-0.11984846,0.377724,0.2887275,0.21343282,-0.22646981,-0.33370873,0.08152813,0.14274728,0.3087058,0.022971364,-0.30929798,-0.10073245,-0.5370718,0.048532803,-0.2885373,-0.0364662,0.49096763,-0.05431665,0.23001237,0.24389715,0.10951849,-0.26381683,0.18756248,-0.060524426,0.19478004,-0.010462901,-0.34297416,0.41563088,-0.25163978,0.09891162,0.028526807,0.05719326,-0.26742426,0.053055216,0.20700347,-0.048124686,0.17790803,-0.06531888,-0.20703948,0.33025166,0.36352202,0.38210967,0.44101602,0.19033046,-0.23734136,0.110043176,-0.2084057,-0.035306893,-0.020528372,0.45350114,0.0063595166,-0.0943727,0.2450132,-0.09440434,0.14572792,-0.18887703,0.17765245,-0.21336581,0.18608576,0.18090415,0.30603614,0.14304249,0.2156175,-0.022162884,0.011021758,-0.22516055,-0.09392399,-0.32771337,-0.11521453,0.2645106,-0.10278499,0.21328473,-0.10331315,-0.30808142,-0.38819125,0.008873734,-0.09133059,-0.3125838,-0.041602522,-0.25919032,0.103703134,-0.5465735,-0.4086972,-0.0388481,0.33207133,-0.39438614,0.26150447,0.15478623,-0.6085808,0.08990102,-0.033536386,0.1100984,0.17744966,-0.19887629,-0.1185387,finance
0.23173381,-0.116898775,0.03759898,-0.20344494,-0.14348161,-0.105998375,0.04351028,0.24632072,0.018374441,-0.12418598,-0.47289664,-0.012466526,0.3002363,0.18339312,-0.014908118,-0.13744861,-0.081645645,-0.40056026,-0.1797793,-0.0997912,0.039752178,0.074021585,-0.001891056,0.37752315,0.18546012,0.08191607,-0.270871,0.42122546,-0.2895561,0.06936618,0.22839074,0.11861018,0.19088712,0.04263978,0.2856068,0.030230053,0.11079709,-0.6533429,0.025501454,0.13283594,-0.06759689,0.109572835,0.22892784,0.08505881,0.18004756,0.30979267,0.248257,0.4433693,0.20013806,0.021285167,-0.14576624,-0.4908833,0.146701,-0.10662472,0.34919977,-0.03808021,-0.33895156,0.3979476,-0.16237095,0.37642097,-0.02060143,0.35580528,-0.06808832,0.085684694,0.13526587,0.02686585,0.063546605,0.14738397,-0.04500266,-0.074726336,-0.21297422,-0.1301152,0.06784058,-0.079497926,0.29032302,-0.1701203,0.029355,-0.10236914,-0.16806088,-0.3299984,0.055769835,-0.1907991,-0.15326855,0.045467824,-0.32065043,-0.054751042,-0.2237243,-0.17008196,0.06527584,0.020794537,-0.41871214,0.27380714,0.1625504,-0.34582242,-0.00039748265,-0.106662594,0.07432818,0.208355,-0.00026796068,-0.048938338,finance
0.23237415,-0.013708319,0.101409934,-0.0751619,-0.14282748,-0.030953486,0.07063646,0.19369909,0.09124427,-0.027104553,-0.5393268,0.17674857,0.22615679,0.24188577,0.02191315,-0.117301635,0.009013269,-0.44793355,-0.13460678,-0.075878344,-0.10150068,0.20608395,-0.03260695,0.27184442,0.19089516,0.04036274,-0.26174062,0.18811214,-0.31263235,0.10097585,0.15191412,0.03562427,0.24308425,0.16935079,0.11876386,-0.13672547,0.034163833,-0.52294475,0.05020598,0.119428076,-0.08530077,0.10318848,0.27209216,-0.07498936,0.072337955,0.13811523,0.12579745,0.4883809,0.21849795,0.06634711,-0.036627572,-0.34882295,0.045023374,-0.14029276,0.30298638,-0.061317638,-0.30259869,0.39257374,-0.13717055,0.13034286,0.028252108,0.29160327,-0.110537924,0.1251414,0.028456537,0.05838245,0.035681613,0.116792515,-0.04812245,0.051320646,-0.23673606,-0.07238114,0.088672176,-0.23436491,0.3198805,-0.19459186,0.08273693,0.040442742,-0.16321473,-0.3007079,0.016684236,-0.1377108,-0.31375992,0.21989089,-0.21261585,0.030491104,-0.38278586,-0.311007,-0.0639707,0.11926344,-0.35263193,0.29538512,0.25775903,-0.33386606,0.16703689,-0.062111564,0.019419927,0.21712545,-0.13022438,-0.099105485,finance
-0.0020051077,0.13568527,0.06749053,-0.08379604,-0.06476984,0.0783954,0.1820158,0.24145871,0.1191558,-0.04281578,-0.35872397,-0.031575043,0.10159919,0.09759122,0.089007795,-0.18056291,0.050740387,-0.5978636,-0.0555091,-0.0038271248,-0.012988193,0.13606924,-0.020137805,0.15219678,0.17139362,-0.027741086,-0.35394433,0.23910947,-0.33756512,-0.059028383,-0.121190704,-0.10099904,0.12490076,-0.07768297,0.19323772,0.004772077,0.1968201,-0.51501703,-0.03779726,0.1287885,0.10685077,0.112355396,0.1969238,0.08999899,-0.10116393,0.09058196,0.2168512,0.2966727,0.07791606,-0.054151718,-0.113470025,-0.3423595,0.022734145,-0.11190496,0.12798831,0.0026186614,-0.18101399,0.11654907,0.0016175067,0.27796957,-0.030393284,0.16999787,-0.14555198,0.2390729,0.052844714,0.04673715,0.006661226,-0.0976715,0.006001488,0.086550936,-0.10786161,-0.1291813,-0.17749639,-0.03512365,0.2342682,-0.054458275,-0.007772035,-0.26520216,0.008688978,-0.35453978,0.02366123,-0.05062194,-0.25424623,0.06312776,-0.1802763,-0.112083636,-0.32912207,-0.3406552,0.0424568,-0.026774365,-0.49982455,0.22614542,0.18963431,-0.1958595,-0.08101115,-0.29085973,0.063528426,0.24988426,-0.103776984,0.018990975,sport
-0.030216755,0.07133809,-0.00044878668,-0.08223306,-0.08835481,0.0377485,0.20844132,0.18675523,0.099812746,-0.020360112,-0.29160795,0.03682556,0.13709393,0.19735059,0.028631993,-0.24469662,-0.0331951,-0.7103373,-0.13028775,-0.11424758,0.09044714,0.18486485,-0.114156365,0.103578426,0.15590647,-0.101382166,-0.27661756,0.26887068,-0.24521863,0.096933365,-0.24205697,-0.10544142,0.1271515,-0.15925062,0.1485599,-0.1712223,0.061580915,-0.51661235,0.089440756,0.15877916,0.1837453,0.05539508,0.13459982,0.017418565,0.0027217956,0.15028574,0.21873271,0.2744122,0.14676309,-0.14192908,-0.004892306,-0.34004977,0.078068174,-0.3445026,0.20763947,-0.026567727,-0.015099,0.06846191,-0.061073203,0.27678645,0.008682167,0.15818097,-0.3656567,0.2566742,0.14854755,0.10671453,0.11496586,-0.1556927,0.0698124,0.016222604,-0.04436406,-0.18409544,-0.2327409,0.047707736,0.2633097,-0.16237782,-0.011715769,-0.13766147,-0.12087957,-0.42134318,0.13348879,-0.024808303,-0.14595161,-0.08597459,0.0053038686,0.038174532,-0.3206544,-0.31626493,0.025707101,-0.034798384,-0.45660967,0.21222316,0.22809331,-0.2101696,0.17563687,-0.1950126,0.09289076,0.16443975,-0.20482403,0.1374924,sport
0.11004108,0.10790636,0.008588155,-0.16714801,-0.0054020975,0.25092822,0.13920824,0.4719196,0.058298055,-0.12926488,-0.50102186,0.07324868,-0.0026997025,0.06537265,0.10513631,-0.18345565,-0.07655994,-0.61752313,0.04421191,-0.023797907,-0.057003554,0.2159286,-0.056881383,0.16017814,0.24832761,-0.25097805,-0.411846,0.16642432,-0.2899377,-0.2316062,-0.2397956,-0.15622197,0.065958396,-0.12738271,0.07305914,-0.06946827,0.40755633,-0.45559782,0.056211248,0.043076616,0.34891587,0.20052901,0.27068725,-0.07426358,-0.062199425,-0.037477013,0.3010389,0.15905206,0.20962186,-0.09823338,-0.078822754,-0.50386965,0.09476323,-0.07875846,0.06536065,0.07368616,-0.25380895,-0.057922382,-0.23504062,0.21139838,-0.0860467,0.2830474,-0.15962662,0.14896218,0.16151066,-0.019647297,-0.06663488,-0.07687116,0.01577306,-0.08408072,0.011308949,0.057081636,-0.3115863,0.050762188,0.18145809,-0.14076617,-0.13069704,-0.18339913,-0.15497068,-0.41321614,-0.21400468,-0.24783295,-0.25977013,0.1747387,-0.2518194,-0.048853334,-0.21868786,-0.26871645,0.23626482,0.025449438,-0.5105373,0.34343216,0.14292824,-0.013104658,0.056270298,-0.35884842,0.1627632,0.05665415,-0.15419053,-0.13840853,sport
0.030345837,0.092912495,0.15379265,-0.015005948,-0.10170607,0.082608454,0.1366616,0.18046622,0.19663134,-0.022158897,-0.4119315,0.025383048,0.22282508,0.2764701,0.13190413,-0.25866804,0.04537583,-0.49007225,0.024181584,-0.11788196,-0.052481193,0.17693676,0.078348584,0.2550684,0.10130741,-0.026986437,-0.12047573,0.12477885,-0.11023066,0.2237493,0.10661812,-0.19878368,0.052272364,0.018914055,0.1108995,-0.14776696,0.15360336,-0.47594652,0.048513602,0.20072965,-0.015001927,0.10814467,-0.0066476176,-0.10255875,0.25619856,0.19010858,0.09060064,0.4521045,0.13044842,-0.12052328,-0.06776718,-0.36742386,-0.07154092,-0.23712075,0.25026333,-0.060933877,-0.10885779,0.08996613,-0.07389832,0.07118464,0.00044932283,0.25201532,-0.35161066,0.25814566,0.042487375,0.05488528,0.07294269,-0.13241285,-0.050950468,-0.037077207,-0.1822123,-0.16470964,-0.12297177,-0.20497747,0.16294532,-0.116432674,0.07633768,0.020201849,-0.34892303,-0.2316364,0.14240834,-0.09725359,-0.3192312,0.06506673,-0.1434304,0.018249,-0.41640687,-0.32007927,-0.08746369,0.1306294,-0.34877792,0.31193462,0.103042945,-0.27236104,0.062198088,-0.17582624,0.14041863,0.05194293,-0.067390196,0.013352443,sport
0.10608011,0.06225613,0.06884022,-0.007994597,-0.11966979,-0.005928362,0.10088245,0.16988917,0.095731474,-0.038889263,-0.47755137,0.04464138,0.21734266,0.23319025,0.06350478,-0.18789542,0.02669962,-0.41060504,-0.07803825,-0.05344678,-0.023181811,0.17347462,0.06974771,0.27745143,0.16191173,0.03688374,-0.24662592,0.21324773,-0.30825317,0.066163994,0.051401824,-0.020467537,0.13747217,0.049820703,0.11325275,-0.07211311,0.14940098,-0.5307197,-0.021830088,0.03724645,-0.045031812,0.13016985,0.19184019,-0.0040101996,0.0617397,0.15241061,0.1784806,0.40212196,0.14324537,0.0025074794,-0.042268563,-0.3660245,-0.013538157,-0.16087998,0.25942132,-0.0407136,-0.19242236,0.26629528,-0.053832524,0.19365628,-0.056047942,0.29791862,-0.120422415,0.16968723,0.091970794,-0.026715862,0.058934987,-0.028378846,-0.113750204,0.053438067,-0.19642806,-0.124175854,-0.039363913,-0.14311372,0.27327558,-0.124782614,0.057212133,-0.06491566,-0.15872557,-0.28971,0.04174285,-0.16296242,-0.22394685,0.08008721,-0.2769023,0.015217293,-0.36460623,-0.19095567,0.0026994403,0.12989444,-0.3477004,0.2611102,0.120641604,-0.21654682,0.064760074,-0.09792005,0.14645427,0.24085157,-0.07475912,0.0056973216,finance
-0.13375264,0.13992174,0.19002563,0.064901724,-0.09283777,0.06574161,0.11849328,0.121492326,0.07580017,-0.12951434,-0.270215,0.18946691,0.34979776,0.21492805,-0.02759061,-0.050922014,0.08051717,-0.65398324,0.0024430968,0.045566395,-0.12546057,0.11051539,-0.015980853,0.2029094,0.217305,-0.08429584,-0.2097799,0.210609,-0.29756385,-0.1377061,0.005302095,0.057082307,-0.008863285,0.0005950338,0.056098394,0.06985711,0.17775966,-0.49827966,0.02815774,0.08973372,-0.06909388,0.014249487,0.15466136,-0.06551174,-0.2634574,0.060402073,0.35706478,0.2817344,0.38942933,-0.05620083,-0.07178305,-0.32809508,0.12386642,-0.08913685,0.08660419,-0.13493714,-0.18212678,0.28118858,-0.04891836,0.08398248,-0.07458261,0.2493874,-0.20857766,0.067503504,0.034891937,-0.015062749,0.1541351,0.13478239,-0.08651355,-0.10886255,-0.07455189,-0.1383611,-0.29963815,-0.18984689,0.18589503,-0.024594937,-0.06789083,0.044665802,-0.18889047,-0.25676277,0.07626515,-0.21243566,-0.17077939,0.07023723,0.069911435,-0.1178535,-0.32462588,-0.20441385,0.0669199,0.058862574,-0.4364148,0.3606626,0.09710337,-0.26200557,0.13144463,-0.02984049,-0.039822847,0.09895353,-0.36289346,0.04968143,finance
0.04208553,0.063315034,0.08530598,-0.022615895,-0.07439129,-0.039428324,0.12694174,0.18708064,0.021768315,0.0068715583,-0.3682376,0.060405523,0.21713637,0.22564285,0.12066183,-0.2587972,0.02167844,-0.49926922,-0.15949196,-0.16989161,0.019441023,0.23868804,0.045578487,0.20996685,0.2130545,0.045928914,-0.18775526,0.16612574,-0.23737077,0.07238971,0.13728675,-0.023167077,0.113993816,-0.047796845,0.10634377,-0.02124163,-0.0048133577,-0.44853613,-0.05940007,0.16290621,-0.064062946,0.07150286,0.12755014,0.054622613,0.07172626,0.15128955,0.21929406,0.44520828,0.22255403,0.048746295,-0.09155274,-0.40175608,0.009748407,-0.15179488,0.28942597,0.026212003,-0.17059135,0.26512823,-0.11252508,0.1909941,-0.114361465,0.21383724,-0.102402784,0.16512495,0.07572095,0.06316745,0.14932472,0.035997137,-0.11216401,0.03047404,-0.23099965,-0.20625585,-0.110734925,-0.1233051,0.24128266,-0.06429401,0.0029052729,0.0024713594,-0.23622057,-0.35459659,0.11742937,-0.120848745,-0.22485803,0.02243574,-0.18499933,-0.02332657,-0.3972768,-0.14012438,-0.027318208,0.13703728,-0.32387465,0.34732112,0.06139847,-0.21878019,0.1193992,-0.13697109,0.1657128,0.16331193,-0.07498842,0.053972036,finance
0.1805183,0.05478654,0.17062014,0.017024035,-0.03585937,0.0009665507,0.06491769,0.27705294,0.09467777,-0.031001274,-0.34343365,0.17699909,0.18399848,0.3524677,0.016876694,-0.2701273,-0.105568714,-0.53573024,-0.39460564,-0.16956194,-0.015302868,0.18822996,0.1455495,0.27094164,0.259136,-0.0281505,-0.22838175,0.2484957,-0.16215806,0.16867234,-0.00089457893,0.0071728798,0.07701542,0.2524656,0.16956656,-0.0084571345,0.12532012,-0.564985,0.11911834,0.15245888,0.0032964498,0.050442908,0.026049148,-0.06097538,0.15443231,0.2044301,0.22380066,0.2776315,0.29544154,0.009000433,-0.03558244,-0.5066109,-0.066557586,-0.21675166,0.300402,-0.037343614,-0.20536387,0.3271795,-0.068867095,0.17801695,0.039395783,0.40810585,-0.36158136,0.16475508,0.07025863,0.047088526,0.19837171,0.041320805,0.014072042,-0.0062353485,-0.078381434,0.028294938,-0.1736941,-0.18196993,0.21919803,-0.08567898,0.123735085,-0.083169684,-0.20988286,-0.25103915,0.088060915,-0.15881522,-0.17877246,0.02436203,-0.22408348,0.01499408,-0.35662535,-0.2018281,-0.042668138,0.07056724,-0.33750507,0.3471773,0.029792901,-0.17535253,0.17107813,-0.0065579787,0.17029761,0.22843027,-0.07505815,0.029735196,finance
0.084590465,0.079588145,0.044477858,-0.071657225,-0.050240703,-0.06947329,0.150094,0.35822397,0.07530111,-0.14239635,-0.36193347,0.076441206,0.24076022,0.122427195,-0.05923354,-0.14545213,-0.03931933,-0.33022088,-0.23544605,-0.28696796,0.14259717,0.15385863,-0.10722747,0.19101247,0.24072409,0.04934034,-0.30148825,0.37440154,-0.20453325,0.29078278,-0.015021523,-0.15409143,0.19661519,-0.10209907,0.15819775,0.090406395,0.017072832,-0.55486417,0.037862815,0.21716632,0.030924046,0.163172,0.07176007,-0.072166294,0.30482703,0.38958514,0.3653925,0.4749705,0.2580028,-0.0035249153,-0.1676907,-0.44903982,0.12224583,-0.2024806,0.37649363,0.025884528,-0.23222587,0.39983281,-0.300714,0.32651317,-0.15596102,0.33115104,-0.14926134,0.29529673,0.08183785,0.099245235,0.25771496,0.11045029,-0.020790124,-0.033764303,-0.22035004,-0.23778552,-0.24526453,-0.05595547,0.06634591,-0.18774085,0.17772233,-0.05655649,-0.2036628,-0.3215683,-0.04322063,-0.20109461,-0.094269074,-0.063984185,-0.30295753,0.02094674,-0.38667622,-0.12958606,-0.03783483,-0.09772356,-0.46634442,0.35829672,0.016601656,-0.30769882,0.11691345,-0.014434188,0.17927767,0.11656332,-0.15226309,0.04652125,finance
0.10088372,0.018744105,0.0890857,-0.030162908,-0.14453271,-0.08753809,0.16314147,0.14119339,0.1354959,-0.072228044,-0.4617317,-0.02124574,0.112038374,0.0653245,0.09276099,-0.18337367,0.010795683,-0.49547964,-0.004297559,-0.08179464,0.054124795,0.08325998,-0.016204398,0.23414218,0.27265054,-0.07297145,-0.3731184,0.18950656,-0.37632883,-0.17829582,0.03382073,0.0016308252,0.22443406,-0.12623103,0.1031173,-0.041574266,0.12129361,-0.572692,-0.07751083,0.13514867,-0.019852541,0.13593304,0.28574598,0.07264479,0.01732138,0.085365005,0.090088494,0.48459643,0.06309258,-0.104371384,-0.033733044,-0.2732049,0.034815,-0.00551083,0.31166166,-0.014538655,-0.07438945,0.12721997,-0.11339144,0.2634584,-0.010429457,0.3014709,-0.114541665,0.16958857,0.07558728,-0.0781032,0.019541858,-0.083343916,-0.062236674,0.15002805,-0.24109477,-0.20580922,-0.098802954,-0.020319069,0.28205356,-0.18178457,-0.007834008,-0.24200693,-0.10073416,-0.43509957,-0.05837849,-0.14276966,-0.18581456,0.081572086,-0.33782226,0.036885835,-0.40795574,-0.22082102,0.06556175,0.15312076,-0.43105632,0.27700752,0.116094254,-0.20582998,0.0073950584,-0.22637525,0.16983357,0.3407189,-0.21882212,0.0642604,finance
0.1794882,0.1037715,0.029817946,-0.09730552,0.09444518,0.22184348,0.22565098,0.54253125,-0.078780524,0.030191485,-0.49455684,0.1787432,-0.07738237,0.16817085,0.056897014,-0.18790995,-0.005529108,-0.54818493,0.013982376,-0.07266294,-0.039471604,0.2650057,-0.06831248,0.06212812,0.23431762,-0.10798499,-0.27898872,0.25527522,-0.24496412,-0.09431615,-0.09637227,-0.108598806,-0.08021295,-0.10408382,0.1185904,-0.16027728,0.2713491,-0.45317677,-0.07548636,0.08386811,0.21190406,0.094852336,0.18430276,0.037293307,-0.06881707,-0.08373059,0.14515364,0.31954622,0.17148674,-0.23695129,-0.13225403,-0.55729043,0.29617015,-0.0045595528,0.1347125,0.29502925,-0.37765247,-0.03129604,-0.086007886,0.13025597,0.027366562,0.2773974,-0.32206506,0.04350094,0.10272848,0.12171509,-0.034850713,-0.08790736,-0.02081005,0.05437536,-0.13864326,0.04521456,-0.107682884,0.083499394,0.25288576,0.050135512,-0.07947014,-0.1465623,-0.100465916,-0.35703573,-0.05049656,-0.2725326,-0.31394392,0.005892623,-0.110054344,0.038363177,-0.2500243,-0.20749779,0.13350789,0.026382454,-0.42223334,0.25078577,0.3093621,-0.097678386,0.17665948,-0.30564678,-0.0021983862,0.1294622,-0.31341493,-0.1695318,sport
0.19914182,0.09553478,0.16090548,0.0009561775,-0.12811984,-0.13220891,0.048165876,0.21995017,0.08745374,-0.118843704,-0.61468905,0.05949615,0.30723625,0.17560741,0.20903362,-0.26456103,0.06313203,-0.5474293,-0.0021708752,-0.07803159,-0.2569244,0.23010689,0.11388988,0.23055507,0.23079331,0.056881785,-0.24760486,0.24669644,-0.23179659,-0.06194724,0.18393633,-0.04811211,0.3225982,0.12451724,0.07501916,0.08926596,0.018220186,-0.49385816,-0.094476976,0.30121428,-0.10217987,0.08870966,0.27941805,-0.09459477,0.1205244,0.1469408,0.080837205,0.43072522,0.34912804,-0.062179435,-0.0062520737,-0.3261861,-0.03237306,-0.06139113,0.34993777,-0.10405465,-0.24965388,0.36161503,-0.14291161,0.2646534,0.030537965,0.1858219,0.011293108,0.1854664,0.14498867,0.13458224,0.04722399,0.20505066,-0.09054565,0.06473585,-0.31371742,-0.17674835,-0.09211904,-0.13606638,0.28772315,-0.20252192,0.16695231,-0.16024762,-0.18340762,-0.44617647,0.14215486,-0.0707074,-0.24688053,0.120595545,-0.28385124,0.023489548,-0.6009483,-0.31271717,0.041883286,0.13997704,-0.31842136,0.32765204,0.09536017,-0.3804815,0.0683266,-0.017048681,0.21546698,0.20284651,-0.0423551,0.0607318,finance
0.044456184,0.031825442,0.013131838,-0.16300139,0.14958254,0.31185225,0.32790998,0.3726855,0.08355698,-0.007880543,-0.36388507,0.2462469,0.04003681,-0.010202358,0.008676864,-0.25375587,-0.0030005083,-0.62985516,0.03769762,-0.31506255,-0.03219346,0.12779096,-0.10472132,0.15952832,0.34051362,0.005008452,-0.34044957,0.21788386,-0.2787939,-0.09455289,-0.025674108,-0.14334147,-0.079397306,-0.1363934,0.38940346,-0.30416265,0.33715922,-0.5330607,-0.07342627,0.10926335,0.073600434,0.23288423,0.22476469,0.07802273,-0.008883216,-0.02386493,-0.051188856,0.3601477,0.16435727,-0.18373771,-0.048057575,-0.3941741,0.17305288,-0.12799755,0.3053851,0.17825487,-0.25213796,-0.017497279,-0.2113298,0.22876495,0.076144524,0.39832816,-0.40619978,0.029071236,0.0679219,-0.042763863,0.03466554,-0.18627144,-0.070826836,0.016053054,-0.17573048,-0.0050089317,-0.13284408,-0.19572723,0.20790595,-0.13495511,-0.030498846,-0.16973928,-0.16657248,-0.2406893,-0.04651023,-0.23087515,-0.32436234,0.0068555824,-0.22924355,0.10120969,-0.19240299,-0.33082616,0.15631095,0.0770404,-0.3562931,0.25396338,0.32876536,-0.18499686,0.06520963,-0.32417476,0.09575704,0.14571425,-0.14774473,0.0032156229,sport
0.29810163,-0.026848653,-0.019340191,-0.094321534,-0.08162541,0.09499589,0.11532657,0.3982051,0.084363244,-0.021872645,-0.4672654,-0.0012364424,-0.05128796,0.18666226,0.27745998,-0.16707103,-0.078311555,-0.4562472,-0.039730377,0.003467493,-0.05992635,0.27005947,-0.104745306,0.21234486,0.102033734,-0.082085006,-0.17331854,0.11607042,-0.25265822,0.11566922,0.018330649,0.053051528,0.012273346,0.1785703,0.122494854,-0.15357912,0.34183976,-0.53402674,0.14983432,0.09912874,0.0042054816,0.09410198,0.029208759,0.03410079,0.11551598,0.07553803,0.26233792,0.36468524,0.029497806,-0.18174857,-0.12785777,-0.54435676,0.0054849833,0.046784643,0.036686823,0.14313422,-0.38327435,-0.011287931,-0.0957928,0.20892678,-0.044248722,0.1126554,-0.23597291,0.08175981,0.08201709,0.06725368,-0.019329455,-0.13139227,-0.08713465,-0.13995828,0.091329955,-0.08027974,-0.091811314,-0.0669192,0.29421777,0.08058791,-0.07262784,-0.10592778,-0.20487411,-0.40683064,-0.04282664,-0.12439998,-0.22862355,0.12048846,-0.17772602,0.036474973,-0.06834871,-0.2349211,0.14365922,0.089638144,-0.23274712,0.28145072,0.31427252,-0.037294477,0.099597536,-0.16642682,0.10611344,0.16267785,-0.017830882,-0.18550637,sport
0.17319475,0.036233205,0.044713978,-0.065097645,0.013274271,0.19592735,0.15844263,0.47748664,-0.079713315,-0.022433588,-0.48545423,0.15547103,-0.053837102,0.22729711,0.09796185,-0.13138324,-0.03502049,-0.56279504,-0.010280031,-0.05637686,-0.017834814,0.25574315,-0.12055143,0.09228724,0.16652508,-0.028665623,-0.27215695,0.21882436,-0.26759055,-0.07705173,-0.04577557,-0.08426277,-0.09286741,-0.1028866,0.11098392,-0.21926607,0.33511052,-0.4244724,-0.019043447,0.05434954,0.16740382,0.07604289,0.22038035,-0.012813864,-0.036548972,-0.0016840072,0.17253335,0.38302383,0.18286784,-0.24285096,-0.10956549,-0.56827474,0.22259624,-0.03687527,0.11543842,0.21319494,-0.34742558,-0.052182656,-0.07516637,0.16408081,0.039076865,0.23905279,-0.2797861,0.04815307,0.102398425,0.05277089,-0.09236938,-0.20242313,-0.0012990107,-0.005579899,-0.127552,0.070033595,-0.108778596,0.06392228,0.23622732,-0.036507897,-0.056766156,-0.1264414,-0.14681558,-0.3853915,-0.049142677,-0.2659732,-0.30432057,0.014833248,-0.089100994,0.05213098,-0.17352965,-0.24549113,0.124280974,0.055944316,-0.4102974,0.18617266,0.34965834,-0.055357717,0.17326514,-0.26865894,-0.03612845,0.15275197,-0.21058075,-0.1501081,sport
0.0062329196,0.06934754,0.08960758,-0.11641543,-0.032835104,0.29850712,0.14124501,0.45360383,-0.03281409,-0.1069156,-0.30056378,0.097747155,-0.0015142495,0.19266419,0.15556788,-0.21886742,0.07315947,-0.6990441,-0.032926954,-0.0010152735,-0.07948477,0.2108208,0.06096076,0.16553445,0.16992433,-0.25934672,-0.3788403,0.2705196,-0.33748576,-0.12120189,-0.18576401,-0.03269639,0.14979574,-0.13193901,-0.016918005,-0.052627333,0.3146835,-0.4326008,-0.1307279,0.10169493,0.3139383,0.07870491,0.28975374,-0.077802315,0.015418971,-0.09068458,0.32041132,0.18069464,0.17435253,-0.07259971,0.0027856976,-0.56888235,0.11109801,-0.039458804,-0.040914275,-0.054677512,-0.26194993,-0.04077228,-0.118634455,0.21857694,-0.108603075,0.16497105,-0.23443235,0.11861533,0.20383148,0.027904775,-0.0060475813,-0.06014112,0.04704363,-0.091211095,0.12428133,0.036203396,-0.39854333,0.0022498067,0.21375936,-0.024692029,-0.23056425,-0.18862438,-0.19247426,-0.42034557,-0.16432114,-0.27411988,-0.5272281,0.18491441,-0.24896659,0.0136035355,-0.26386994,-0.33552733,0.24987353,0.06042244,-0.5427368,0.407403,0.09744721,0.03064859,0.0979354,-0.44841167,0.20597675,0.062524974,-0.15291682,-0.14550713,sport
0.13416448,0.0041535674,0.36205283,-0.20557848,-0.07914784,0.4895577,0.29496437,0.5869914,-0.13188964,-0.09016046,-0.26035485,0.12284422,0.07284405,0.16184042,0.008531994,-0.17373137,0.099422924,-0.71614486,-0.12665074,-0.049044702,-0.046983156,0.24044172,0.08879351,0.12537704,0.15896888,-0.3172206,-0.47815523,0.28591874,-0.5753374,-0.29639214,-0.12533593,-0.040927812,0.18726757,-0.0134575935,-0.10758615,-0.052664306,0.4213237,-0.4047967,-0.17776538,0.17065692,0.35499159,0.12369368,0.484155,-0.17430417,-0.052316528,-0.09589509,0.41363364,0.20374852,0.18180393,-0.09494582,0.04245675,-0.6485789,0.189835,0.037089534,0.10157353,-0.09450912,-0.2946096,-0.18152897,-0.30497497,0.09780473,-0.18050121,0.29535767,-0.32136527,0.23764864,0.19726804,-0.029094983,-0.05555363,-0.11459805,0.08192703,-0.1820602,0.25122038,0.22442931,-0.57587314,-0.11893979,0.3536864,-0.027690994,-0.1864527,-0.16058902,-0.23208383,-0.20264481,-0.38204655,-0.44584894,-0.51776266,0.26320317,-0.07826043,0.030797873,-0.37453392,-0.4500631,0.29492462,0.035786584,-0.41080365,0.5139441,0.12072524,-0.017938703,0.01491123,-0.39582747,0.31503132,0.01944641,-0.46086702,-0.14500922,sport
-0.008851406,0.09729138,0.046819672,-0.101568185,-0.06912942,0.059757423,0.19515118,0.27828068,0.12603523,-0.12366199,-0.31698117,0.12109951,0.075903974,0.23770744,0.07014876,-0.26437563,0.027782407,-0.6811932,-0.07742691,-0.03210274,0.023349073,0.15634173,-0.0666173,0.12460831,0.19150195,-0.07052595,-0.24322064,0.08146018,-0.1908977,0.040225703,-0.14240804,-0.049466018,0.12999363,-0.1848024,0.21766146,-0.05639644,0.12326127,-0.42970762,0.0064733317,0.1285,0.08246462,-0.11012976,0.08279421,0.007838688,-0.13816172,0.06975514,0.29678762,0.3454286,0.15624413,-0.055593207,-0.025137309,-0.31200826,0.06481052,-0.2845081,0.16333844,-0.070657715,-0.1936757,0.07475632,-0.0057679,0.3388761,0.033623014,0.13781889,-0.114661,0.12016149,0.091395445,0.10518508,0.10030591,-0.09041686,-0.064202465,-0.04463028,-0.0781312,-0.12771748,-0.17948368,0.014216299,0.26203603,-0.14863351,-0.056405213,-0.119750775,-0.086790636,-0.45921636,0.065573506,0.025022507,-0.20726922,0.088896506,-0.043514095,-0.060235076,-0.32995152,-0.13881768,0.0111708,0.05616285,-0.44386694,0.21919085,0.2134243,-0.3628142,0.079236664,-0.31322032,0.10201122,0.10245174,-0.108985305,0.038284525,sport
-0.00094356295,0.16476615,0.023999214,-0.08824481,-0.09423271,0.01438671,0.20057987,0.24525708,0.07588226,-0.008348312,-0.28880426,0.042173896,0.16460317,0.12672253,-0.026366062,-0.12168661,0.024612742,-0.63337445,-0.04109242,-0.12125845,-0.030208996,0.10790509,-0.09355153,0.076106004,0.20683049,-0.08651374,-0.28884006,0.26365966,-0.19057833,-0.005939437,-0.14600976,-0.0070753037,0.1267354,-0.10336643,0.18969889,-0.06808817,0.1251396,-0.5603875,0.044204276,0.13309237,0.18080619,-0.024999991,0.1402321,-0.013789276,-0.076761946,0.14476447,0.24058588,0.31004715,0.2059446,-0.086472556,-0.09953036,-0.31430447,0.021755217,-0.16164885,0.22653264,-0.028397813,-0.09432739,0.17752197,-0.13833801,0.24909645,0.004065629,0.12897736,-0.28007522,0.20704187,0.0975026,0.12196036,0.118474744,-0.102223024,0.0404098,0.010069755,-0.037406493,-0.25789377,-0.26189458,0.04802591,0.20583463,-0.12484945,-0.0440333,-0.11701785,-0.04519103,-0.38376647,0.08201158,-0.12603647,-0.07099247,-0.0033260419,-0.012980607,-0.025529379,-0.29511502,-0.2527153,0.03319069,-0.03334862,-0.5540498,0.24850878,0.26220405,-0.25581822,0.09040645,-0.21078694,0.1194931,0.16956672,-0.21177939,0.038997807,sport
0.1745003,0.031848993,-0.06959565,-0.13748819,-0.026019208,0.22501075,0.2913772,0.3381919,0.05662257,-0.062023103,-0.4226201,0.19526926,0.012646491,0.10374667,0.02218657,-0.175884,-0.05501213,-0.54040784,-0.014675052,-0.21495484,0.008095265,0.22026527,-0.083309434,0.16485503,0.32481998,0.05706068,-0.32092986,0.22139573,-0.32850355,-0.008613041,0.041456494,-0.151922,-0.024007289,-0.086608544,0.34223998,-0.3111297,0.4077665,-0.57349604,0.047664013,0.08584286,-0.038946856,0.25519833,0.14068334,-0.023139874,0.12568255,0.048068363,-0.006145416,0.4122322,0.047277443,-0.23705545,-0.107408345,-0.38027143,0.11160148,-0.14228337,0.20577909,0.05846715,-0.26049986,0.035437595,-0.22172737,0.17784685,0.06473476,0.37215132,-0.43610746,0.15629841,-0.028584622,-0.13140133,-0.071250945,-0.15743986,-0.0025996251,-0.056385268,-0.17495541,-0.07961954,-0.010788339,-0.2067628,0.2454789,-0.2241292,-0.0021521933,-0.09624344,-0.19456938,-0.12131764,-0.027785636,-0.16043006,-0.26186842,0.10881844,-0.32898077,0.04681464,-0.1817581,-0.40732154,0.0020680476,0.12875058,-0.42129442,0.1755377,0.34977192,-0.21222556,0.033817306,-0.29219586,0.0638777,0.2845057,-0.040003795,-0.14901032,sport
0.23814628,0.01455333,0.15051582,-0.07181797,-0.09166347,-0.039090276,0.08168802,0.29087368,0.014812047,-0.031182785,-0.54773307,0.17573763,0.23424114,0.28428996,-0.063996434,-0.14685258,0.08582509,-0.48362413,-0.16801102,-0.0058599673,-0.101207405,0.23373795,-0.10922756,0.22394954,0.18969807,-0.03931935,-0.27394903,0.17243169,-0.3496736,0.025369195,0.07249077,0.0905646,0.3032769,0.1136486,0.07807783,-0.11451386,-0.00038784678,-0.43310592,-0.0054176967,0.08939026,-0.0699625,0.12336439,0.3738084,-0.07398173,-0.085013404,0.057942446,0.21145424,0.44189265,0.2899709,0.051169448,0.01746577,-0.36301368,0.06782785,-0.077294685,0.3052838,-0.074686386,-0.32385567,0.35855258,-0.12454978,0.112651736,0.04012474,0.3244378,-0.084380426,0.083190106,0.024478504,0.05106925,0.08762667,0.20763172,-0.16928975,0.13323373,-0.2103422,-0.038906597,0.097799934,-0.17442185,0.37418008,-0.08383061,0.06307992,-0.04208923,-0.09054295,-0.44235325,-0.009575415,-0.19112107,-0.29204294,0.20723598,-0.15063123,0.07140682,-0.4030391,-0.21437262,-0.0015667635,0.10314083,-0.35965434,0.353452,0.2517727,-0.2778066,0.18991552,0.039606817,0.06677592,0.30954012,-0.1951984,-0.13533448,finance
0.17936336,-0.059305612,0.10652332,-0.0028533728,-0.15629216,-0.18230335,0.05495329,0.31781372,0.15667965,-0.12744851,-0.49843237,0.099063024,0.3715074,0.20344558,0.012589918,-0.07272728,0.03968135,-0.40842602,-0.060609687,-0.24936774,-0.13081604,0.227975,0.06569316,0.3611852,0.061477255,0.05393579,-0.33496836,0.292942,-0.3255223,0.15795064,0.13571481,-0.03704621,0.28029898,0.13960335,0.054674264,-0.1002972,0.05866556,-0.53534764,-0.0073721027,0.23318343,-0.15172632,0.13511513,0.30458742,-0.011623184,0.08137017,0.16067329,0.22750421,0.49491975,0.37717938,0.046752494,0.003493077,-0.3838345,0.1294363,-0.010204832,0.24075136,-0.10550829,-0.31568292,0.49582985,-0.15668839,0.20835708,-0.0925105,0.37919566,0.037722226,0.14509107,0.122478075,0.086055025,0.0013097787,0.23323105,-0.14341334,0.04601698,-0.33050436,-0.11297273,0.006812956,-0.11957664,0.31039706,-0.18979724,0.1167695,-0.11973693,-0.12293933,-0.4078893,-0.025127484,-0.1820575,-0.15156065,-0.0011482122,-0.3065952,0.057229433,-0.43065503,-0.24762376,0.020548144,0.019448653,-0.33018088,0.33875945,0.10942836,-0.21664806,0.13988236,-0.0034618604,0.15681332,0.23100509,-0.071740754,-0.035025574,finance
0.09028236,0.10282093,0.076400064,-0.10202394,-0.104739234,-0.029269546,0.01540365,0.4022704,0.074194044,-0.09984603,-0.49940354,0.1409704,0.10288812,0.15257521,0.058060624,-0.17487235,-0.1028744,-0.6286678,0.018943291,-0.06389399,-0.15215763,0.12501906,-0.038878623,0.2629963,0.076001994,-0.023495693,-0.331173,0.3286178,-0.37340975,-0.2061606,-0.15092745,-0.021210205,0.1529258,-0.013263702,0.2165908,0.01389374,0.27728045,-0.52037656,-0.0073776487,0.22070011,0.15310957,0.040231656,0.3875303,-0.00010993188,-0.0089110555,0.14755897,0.13576703,0.49318203,0.14717849,0.030023832,0.040162038,-0.41289586,0.05763348,-0.07551478,0.2200057,-0.07574712,-0.0778604,0.04607377,-0.014309419,0.3252534,0.0011657476,0.3084352,-0.095312774,0.039003957,0.14691733,5.6216828e-05,-0.12235947,0.048034094,-0.0002919608,0.090426415,-0.12521131,0.01512955,-0.07220802,0.051001266,0.29212046,-0.2228734,0.072801545,-0.32298788,-0.016249783,-0.443889,-0.060123567,-0.16411458,-0.35571533,0.047798656,-0.25863746,0.0037522013,-0.30055442,-0.25504625,0.16914463,-0.006139615,-0.47085562,0.24259923,0.3393326,-0.21144915,0.0036223626,-0.3185348,0.12670504,0.29654264,-0.05238324,-0.046532832,sport
0.08050916,0.23214735,0.1473038,-0.097595096,-0.042158004,0.030510854,0.26877207,-0.008010924,-0.025800882,0.14569913,-0.31442675,0.27909833,0.31380296,0.24635038,0.0031418945,-0.2927849,0.28564242,-0.7362718,-0.22526585,-0.011716972,-0.01904516,-0.029453097,-0.023797289,0.20675312,0.33359635,-0.1476707,-0.12776029,0.11508128,-0.34204853,-0.06720747,-0.020659504,0.19887139,0.1335708,-0.02675364,-0.008446112,-0.11219701,-0.14747566,-0.6198435,0.061618347,0.03855489,-0.04648315,-0.06022536,0.23989636,-0.020943312,-0.2964459,0.028795207,0.25984535,0.6859105,-0.023829741,-0.14826725,-0.023443209,-0.3973569,0.20327027,0.020622618,0.44656217,0.120770395,-0.1909287,0.40213308,0.11575676,0.23609675,-0.0033275022,0.29059505,-0.34544405,0.165098,-0.10144888,0.16721858,0.2556153,0.114659674,0.013991634,0.14017582,-0.15799662,-0.11554409,-0.029735632,-0.09753584,0.35434815,-0.03171743,-0.15818465,0.108362034,-0.25958872,-0.38136145,0.023931146,-0.18033859,-0.3090509,0.14384247,-0.23640543,-0.1306835,-0.37624538,-0.23578003,-0.04843031,0.23369859,-0.612849,0.16443095,0.019424176,-0.2791811,0.27060708,0.013317483,-0.124363996,0.37187245,-0.554359,-0.098177984,finance
-0.032178644,0.026728617,0.24468608,-0.1559265,-0.044005696,0.44135514,0.2705469,0.50578606,-0.06556192,-0.04712923,-0.23610581,0.17375539,0.10636788,0.13208395,0.06695199,-0.22144847,0.13984488,-0.8116727,-0.13225791,-0.016763687,-0.10628682,0.23817702,0.07458127,0.13642545,0.21817216,-0.4046936,-0.4817406,0.3265896,-0.4710267,-0.26912823,-0.16652292,-0.032956053,0.21445975,-0.067299806,-0.07691787,-0.038110416,0.4124151,-0.4183949,-0.1810494,0.18639956,0.2856391,0.062106002,0.4397085,-0.109871775,-0.11829809,-0.15023375,0.37718618,0.12269922,0.2913151,-0.08680996,0.12056664,-0.6662891,0.14494468,0.007865733,-0.04703329,-0.15767187,-0.31964505,-0.27838072,-0.21004787,0.12371707,-0.1872055,0.2284936,-0.3694565,0.18165877,0.22059436,0.0048273494,0.020769956,-0.053599253,0.0030480362,-0.17966974,0.24954924,0.12986784,-0.63026536,-0.1259554,0.24803647,0.04147907,-0.29783273,-0.1347964,-0.19293028,-0.31932092,-0.38163105,-0.48290423,-0.5450212,0.28215733,-0.027665267,0.13327569,-0.35220206,-0.3882427,0.30348718,0.032422774,-0.41699445,0.4735611,0.112041704,0.03638707,0.06381634,-0.35869387,0.27310684,-0.004309869,-0.42576304,-0.122224264,sport
-0.026745636,0.18139157,0.024642445,0.0042534415,-0.18622316,-0.10867134,0.1300665,0.25323755,0.18533574,-0.04886401,-0.3626485,0.025540996,0.10172682,0.110527515,0.09740858,-0.28334254,-0.042391405,-0.70794934,0.077858694,-0.25215578,0.021199865,0.14310788,-0.004671323,0.19888431,0.05201072,0.042377066,-0.34911478,0.14463475,-0.33716294,-0.045240063,-0.01823813,-0.20636787,0.122357115,-0.0835664,0.2471201,-0.034497432,0.2098991,-0.51802546,-0.14714749,0.23156878,0.04802942,0.10811497,0.27050176,0.017936623,0.028662384,0.14895356,0.16248815,0.50846326,0.2186677,0.015430308,-0.019357959,-0.24527639,-0.017334027,-0.19430272,0.21166225,-0.0865287,-0.10934606,0.04395023,-0.13502772,0.31157365,-0.13851987,0.2405714,-0.08754775,0.24998485,0.12050455,-0.04006122,-0.0137897115,0.021115884,0.029271249,0.1327795,-0.15535375,-0.18509321,-0.16197267,-0.065170616,0.18988104,-0.26077214,0.077540345,-0.21902114,-0.13754037,-0.383684,-0.010711428,-0.0024333622,-0.20784634,-0.06795241,-0.2985036,-0.07922885,-0.41122097,-0.2939729,0.10713734,-0.017442266,-0.48380774,0.24800412,0.19350778,-0.27442247,0.010120482,-0.4020827,0.15780453,0.2709391,-0.0558913,0.14595537,sport
-0.039278585,0.11440334,-0.044147126,-0.040367592,-0.027443359,0.10544626,0.24663752,0.35381934,0.03554882,0.05508236,-0.480504,0.13913706,0.034585234,0.08269853,0.030430065,-0.24450098,0.033538822,-0.5754955,0.017115636,-0.25428528,0.12102031,0.19604662,0.0058233114,0.13975215,0.220818,-0.014917212,-0.37404883,0.20671427,-0.2715912,0.015652498,-0.18332615,-0.2397367,-0.0021092813,-0.16934922,0.25059438,-0.09571271,0.25356877,-0.4722972,-0.03555736,0.15081681,0.10808951,0.2182548,0.20615226,0.05499821,0.029202573,0.060001273,0.16269846,0.3555311,0.19944096,-0.12066397,-0.16514246,-0.40145126,0.15486026,-0.20639722,0.17324924,0.12469756,-0.28500336,0.06061361,-0.09892649,0.20844635,-0.06422565,0.2921069,-0.30717465,0.26160148,0.05905218,-0.025864227,0.019540891,-0.06887466,0.11952569,0.07072275,-0.21342878,-0.11396306,-0.07825154,-0.024442496,0.13385932,-0.20221886,0.0034480637,-0.13284431,-0.1332344,-0.2135338,-0.04784672,-0.09803789,-0.22439575,-0.04646779,-0.13975339,-0.07452899,-0.36335233,-0.34020716,0.013610504,-0.012663961,-0.5316289,0.22567226,0.15315847,-0.16347581,0.1013602,-0.28327236,0.06326665,0.25706887,-0.16354129,0.020353863,sport
-0.052157402,0.12009652,0.08623558,-0.16998906,-0.12182352,-0.06133318,-0.03477045,0.27649823,0.09554894,0.13041078,-0.2903897,0.07217503,0.14977582,0.26005843,0.16340537,-0.29894418,-0.057110697,-0.68274766,-0.12079481,0.25658602,-0.043191623,-0.013574382,-0.29517967,0.06282697,0.411472,-0.2861828,-0.15196715,0.20884076,-0.011960865,-0.21772921,0.062490482,-0.0735194,-0.3014008,0.036928568,-0.24111015,0.08087898,0.2423118,-0.38705286,-0.28617817,0.17500933,0.071972966,-0.18003243,-0.027305331,0.005211974,-0.04840062,-0.28928855,0.31993324,0.6392308,0.16638471,0.091149144,-0.0041253758,-0.5284003,0.105480514,-0.1697266,0.09155959,0.0489902,-0.33837324,0.07733706,-0.21472171,0.02802222,-0.2370834,0.3015867,-0.33598724,-0.12734458,0.10135547,-0.35070458,0.13754185,0.066399425,-0.24164158,0.04781751,-0.36926457,-0.018461093,-0.24646534,0.045971163,0.123100765,0.15671779,-0.40409708,0.17281134,-0.41646743,-0.5199926,0.1705305,-0.41942683,-0.39281452,0.2111424,-0.12976654,0.0970014,-0.47904077,0.18217069,-0.052963242,0.12746504,-0.6433,0.27804965,-0.0057274792,-0.047479898,0.5387698,-0.43381533,0.080956995,0.0049094907,-0.48061988,-0.13327192,finance
0.10002195,-0.009087967,0.19419369,-0.06223182,-0.12560506,-0.07426938,0.15219243,0.18995722,0.13364778,-0.09789721,-0.40336445,0.0715839,0.2287638,0.18164898,0.06343509,-0.09694107,0.020022273,-0.48226526,-0.13203552,-0.1356712,-0.11075481,0.043739166,-0.11061098,0.32242963,0.10123221,-0.00037142093,-0.22585535,0.07748009,-0.35564852,0.09742058,0.087569065,0.08560052,0.22120847,0.094952874,0.11735336,-0.16035594,0.0013622451,-0.429777,0.07754396,0.10585172,-0.15429017,0.15456392,0.23933978,-0.057130165,0.062313344,0.18899255,0.18756296,0.44796178,0.15421575,-0.078576826,-0.07187783,-0.37770435,-0.14530298,-0.1608983,0.37550512,-0.002658722,-0.12276295,0.30667722,-0.13314566,0.14763023,0.027344048,0.29946563,-0.16529544,0.16301505,-0.04899425,0.03564548,0.04657958,0.04441989,-0.23622979,0.09951277,-0.10041405,-0.112022124,-0.15403289,-0.2104893,0.40877497,-0.024612797,0.008932631,-0.17312393,-0.20959014,-0.3923628,-0.009231847,-0.22720504,-0.23006004,0.15023711,-0.23518737,0.11432568,-0.34151968,-0.20906754,0.09378777,0.18405373,-0.35755077,0.24923475,0.1460236,-0.3880614,0.044859428,0.0074389265,0.16841914,0.2607972,-0.21959324,0.00045336635,finance
0.0665936,0.178609,0.15241121,-0.07209481,-0.040282734,-0.07078728,0.33533397,0.35474113,0.118385985,-0.22359584,-0.09969095,0.13960257,0.19660988,0.17943734,0.049457468,-0.31396192,0.08641197,-0.57745403,-0.19499062,-0.08351469,0.0754751,0.29574603,-0.12681818,0.27127668,0.16313732,-0.18109107,-0.29681814,0.118327886,-0.21165705,0.35369655,-0.1635544,-0.21631725,0.29332957,-0.41512656,-0.06523588,-0.1935371,0.00537595,-0.43054155,0.17552978,-0.010378906,0.11879073,0.2488273,0.15497223,-0.1303121,0.25227928,0.21204853,0.43948707,0.4486222,0.15172866,-0.24008137,0.04784045,-0.21603698,0.01661762,-0.21679747,0.35042533,-0.13880135,-0.08329434,0.21781659,-0.18867482,0.18616436,-0.19073598,0.12538673,-0.1895817,0.23515907,0.17152868,0.06433389,0.13912806,-0.0922243,0.022167617,0.07078221,-0.2494023,-0.21342944,-0.22849376,-0.015649641,-0.04602774,-0.14197943,-0.012452571,-0.07604464,-0.21344817,-0.43058,-0.11029905,-0.2745109,-0.35862276,-0.053587742,-0.22980192,0.24874981,-0.47536018,-0.4345616,-0.025778947,0.1841402,-0.43414283,0.23871619,0.16743357,-0.29450682,0.09016296,-0.12173667,0.119577445,0.22661723,-0.33809847,-0.13207717,finance
0.13944098,0.015699925,-0.03229866,-0.120672934,0.06400542,0.35075447,0.34247932,0.3739577,-0.021521868,-0.058465287,-0.4574518,0.23503292,0.016675713,0.0648903,-0.0044371136,-0.23375233,0.019633286,-0.5566542,0.03409475,-0.22270262,-0.043611556,0.18024497,-0.04295506,0.17200054,0.38992915,-0.044121515,-0.3540639,0.20335943,-0.39050597,-0.12820484,0.025269572,-0.13529998,-0.005408135,-0.12131229,0.41347873,-0.3611145,0.3755712,-0.59912616,-0.009366639,0.051871516,-0.02074348,0.21521214,0.2168225,0.06266399,-0.0040822276,0.014782121,0.018999573,0.32794198,0.13092789,-0.25354272,-0.06909044,-0.36993223,0.18573718,-0.10848642,0.23217387,0.13625282,-0.23364405,-0.04709748,-0.21387233,0.17741002,0.05303488,0.39918786,-0.4274355,0.09415455,0.003937501,-0.097835094,-0.023107344,-0.120541,-0.054310463,-0.022551699,-0.1482868,-0.046582002,-0.10232948,-0.18250427,0.23412026,-0.16257851,-0.07147011,-0.15958233,-0.13864063,-0.16139351,-0.058337532,-0.16909032,-0.2813299,0.076879546,-0.2837077,0.11141586,-0.22036214,-0.3975392,0.19028641,0.15465236,-0.3970297,0.219322,0.36553848,-0.21595918,-0.022889458,-0.3287298,0.117698826,0.24018724,-0.15883477,-0.04618657,sport
-0.030054707,0.15099435,0.014947181,0.035895653,-0.18094276,-0.17950301,0.14319491,0.27547672,0.25307527,-0.015315948,-0.28435674,0.083103105,-0.0025807754,0.08913275,0.14318033,-0.38046283,-0.029587463,-0.6808962,-0.013178162,-0.2780652,-0.02580594,0.22989129,-0.032320864,0.14499702,0.13283995,0.012182906,-0.40773562,0.14054608,-0.19776346,0.11746957,-0.043902937,-0.20834291,0.14238484,-0.079510786,0.19069085,-0.046809964,0.114668615,-0.51389706,-0.055786002,0.22669937,0.077315345,0.121939495,0.19286548,-0.009513531,0.086494826,0.14720124,0.2525321,0.5330338,0.18924181,-0.04298716,-0.035008807,-0.21592332,-0.08834896,-0.15228169,0.24531467,-0.025514767,-0.13538812,0.12514792,-0.13770175,0.27643475,-0.15459809,0.18340617,-0.12287188,0.27931505,0.10668366,0.051147636,0.033669755,0.0071310145,0.15437846,0.08137717,-0.18554664,-0.10896791,-0.17765395,-0.09466142,0.14480764,-0.23160166,0.08674942,-0.26359156,-0.1687791,-0.3202191,0.0010339048,0.051747665,-0.12863462,-0.025291441,-0.40100163,-0.045112636,-0.4243655,-0.2581331,-0.081323,-0.047465373,-0.53472376,0.26762563,0.08190505,-0.21514855,0.107962914,-0.36353102,0.17247726,0.3341556,-0.12446311,0.10953316,sport
0.25892308,-0.06777437,-0.11747188,-0.27330518,-0.06872464,0.18960096,0.10433552,0.33275396,0.11743422,-0.027994571,-0.5003731,-0.030472979,-0.038610667,0.081674516,0.18676695,-0.12815243,-0.081998855,-0.5565299,0.019634577,0.09568149,-0.09850235,0.19479106,-0.1385581,0.10041954,0.24363528,-0.1303622,-0.18258895,0.20651467,-0.20154162,-0.17767154,0.020024145,0.053662807,-0.07847091,0.09167441,0.11157281,-0.051423877,0.32595444,-0.54410356,0.1239041,0.060268834,0.07628258,0.09176086,0.044676896,0.12678422,-0.08837653,0.031165395,0.1478436,0.32433602,0.062256485,-0.1753191,-0.14217609,-0.5607158,0.16966914,0.11386406,0.0009887742,0.13717027,-0.48183912,0.00450083,-0.0044068135,0.27913165,0.02334378,0.16217898,-0.24875426,0.05983558,0.07251083,0.071683906,0.0044874684,-0.08693125,-0.12074201,-0.12996757,0.085432276,0.023391865,-0.062789805,-0.06632158,0.3209607,0.15761352,-0.2350781,-0.16997787,-0.07879509,-0.36123198,-0.05591613,-0.09812227,-0.30159056,0.18231502,-0.21753734,-0.04593077,-0.05220896,-0.116011195,0.14296104,-0.01956782,-0.4537391,0.26488844,0.31698117,-0.1163257,0.08411269,-0.31955504,-0.015611484,0.15908414,-0.05647091,-0.118425205,sport
-0.025274942,0.10828664,0.0011516502,-0.18609591,0.026143448,0.088409394,0.23747805,0.33326215,0.04621802,-0.024929399,-0.31806225,0.09851817,-0.01775017,0.11410288,0.09432018,-0.19392845,0.058960665,-0.62829536,0.0014544231,-0.2020366,0.13401474,0.2942412,0.08759232,0.10128424,0.19535403,-0.07435147,-0.35502905,0.2573897,-0.16084607,-0.08198408,-0.18156786,-0.26249146,0.22250105,-0.111503735,0.085695356,-0.031209074,0.057196278,-0.30576807,-0.22347148,0.114081584,0.10799904,0.140387,0.2778709,0.14031255,-0.09010967,0.07911341,0.1963146,0.39850712,0.27331528,-0.08540254,0.00016693526,-0.18950336,0.070154436,-0.12573378,0.047250908,-0.02266496,-0.13778844,0.12168453,-0.13990824,0.33335918,-0.12298098,0.037203364,-0.1531429,0.15216029,0.07253722,0.03534332,-0.02124529,-0.04289369,0.10028525,0.048141927,-0.21593797,-0.09474231,-0.1662641,-0.035291463,0.13983749,-0.08368226,-0.06394249,-0.16595276,0.026264803,-0.27054343,-0.099779956,-0.0637391,-0.24873486,-0.12275986,-0.40032762,0.009151966,-0.36922836,-0.2708763,-0.055796806,-0.036187604,-0.68663347,0.33147302,0.2401802,-0.21801719,0.04685084,-0.4556914,0.11301186,0.25245407,-0.026648065,0.122274116,sport
0.1833015,0.069330186,0.0856172,-0.11966231,0.015905838,0.23737603,0.122898415,0.45459947,-0.050024312,-0.0442562,-0.5044738,0.10884809,-0.025188614,0.2378044,0.09234115,-0.1411216,-0.03805801,-0.63935804,-0.033764977,-0.06685585,-0.051846713,0.2527,-0.067164004,0.04999074,0.16178833,-0.10085205,-0.25003222,0.19918323,-0.32670742,-0.05254741,-0.08521114,-0.07004667,-0.047567155,-0.10069982,0.08809496,-0.16684943,0.310815,-0.4225625,-0.0076186135,0.05261448,0.21796396,0.07468951,0.21965806,-0.0017076436,-0.06543377,-0.040141013,0.20302135,0.3500022,0.24171667,-0.21863355,-0.12333982,-0.6337277,0.22906072,-0.011806049,0.105987296,0.2375554,-0.38301796,-0.015721206,-0.034766965,0.18573515,0.012879508,0.16337775,-0.28847197,0.008574676,0.10263703,0.11899374,-0.10956954,-0.16878894,-0.024584783,0.010020024,-0.1555056,0.0055427547,-0.13911755,0.09321362,0.2210166,0.007162983,-0.1088808,-0.2021722,-0.08665419,-0.42891344,-0.07724688,-0.2712309,-0.29692024,0.032257147,-0.027626745,0.06829525,-0.24671853,-0.18291637,0.14462465,0.014831864,-0.40130746,0.2748715,0.35608307,-0.083482884,0.16497052,-0.34199443,-0.006083496,0.0819892,-0.24608487,-0.102609895,sport
-0.052515145,0.0874142,0.095331445,0.013691295,-0.019656504,0.08049209,0.052467503,0.20775907,0.0465101,-0.107766196,-0.29033047,0.16183417,0.28062525,0.3212018,-0.14661969,0.024487775,0.16315104,-0.77042115,0.04292253,0.19250329,-0.052997306,0.13668677,-0.14155766,0.11095683,0.33578825,-0.17148487,-0.11008781,0.36684868,-0.22278619,-0.3798896,-0.079493,0.062223632,-0.14346623,0.008746354,-0.06906656,0.04325399,0.1991356,-0.45365733,-0.0899635,0.012487148,-0.006568832,-0.15859596,0.16105193,-0.06663267,-0.35837886,-0.00848342,0.48478514,0.27702737,0.41341475,-0.03699007,0.002912968,-0.43526208,0.3310871,-0.03077621,0.06287817,-0.07864408,-0.24699876,0.2796567,0.02649757,0.108238205,-0.06407864,0.23196362,-0.35049197,0.008609203,0.019634824,-0.061100617,0.09450973,0.22010376,-0.0918869,-0.15231577,0.058708385,-0.031756867,-0.37531078,-0.068408966,0.27710792,0.12981802,-0.2592264,0.11683071,-0.180407,-0.35608,0.04088217,-0.22461356,-0.27402863,0.07277264,0.03017466,-0.10127069,-0.27189088,-0.043199953,0.17943995,-0.0067099244,-0.40384758,0.34263864,0.14112426,-0.22026302,0.20654085,-0.124467954,-0.18972215,0.100063175,-0.3413401,-0.0136915315,finance
0.040095635,0.14207147,0.13618734,-0.09911245,0.026366672,0.24054514,0.20367537,0.5022961,-0.100281276,-0.13692352,-0.60255194,0.11156786,-0.052753106,0.17527968,0.16193645,-0.11149284,0.065300524,-0.6362131,-0.1559733,-0.061547667,-0.014515897,0.30182958,-0.08856503,0.012983743,0.19578348,-0.26814756,-0.2919739,0.06742516,-0.20243137,-0.14535528,-0.2066915,0.03153364,0.08850068,-0.0639912,0.043638982,-0.043092035,0.38051316,-0.45037857,0.16801797,0.21073605,0.32399887,0.085844144,0.29688242,-0.04076759,-0.08025037,-0.04339415,0.3793162,0.25172815,0.31212974,-0.04556555,-0.23196298,-0.5647139,0.12844579,-0.08775021,-0.098611444,0.0026180358,-0.29791197,-0.046407636,-0.011824016,0.3034083,-0.05628207,0.11304292,-0.16449109,0.1395539,0.21754368,0.06414917,0.07540154,-0.18288141,0.014254188,-0.11762533,0.03989107,-0.119294815,-0.35134327,-0.0035760484,0.12569518,-0.015406893,-0.21470366,-0.09975034,0.061180215,-0.46667698,-0.12306392,-0.36398658,-0.33434606,0.21532147,-0.231448,0.016956706,-0.29649246,-0.25811782,0.1613565,0.10453153,-0.55294645,0.39995775,0.15953751,0.043841746,0.063526794,-0.3363881,0.073956735,0.02509647,-0.15983005,-0.094260745,sport
0.10563202,0.12431372,0.11323196,-0.12269561,0.012864948,0.19556706,0.13754186,0.525869,-0.050708752,-0.13103661,-0.6057858,0.14369515,-0.08235943,0.19083445,0.13718693,-0.14309262,0.024385083,-0.6502884,-0.14474435,-0.015373583,-0.024384396,0.2949612,-0.086339846,0.06553485,0.22484502,-0.22434247,-0.32972518,0.12588926,-0.22734304,-0.14823347,-0.19525868,0.015595101,0.08757975,-0.12718165,0.012945711,-0.0257087,0.39671555,-0.4392419,0.14490144,0.18001798,0.34735602,0.05990842,0.28549746,-0.0637758,-0.053840276,-0.036725517,0.33101052,0.24484102,0.3084514,-0.045195315,-0.16972199,-0.575474,0.15044716,-0.07103864,-0.05182375,0.027038835,-0.26337194,-0.024345737,-0.06771248,0.2871148,-0.06171591,0.14938329,-0.10919458,0.09031172,0.21223174,0.03456836,0.053053036,-0.1681734,0.027792124,-0.03215333,-0.014363182,-0.043462228,-0.27019182,0.07782077,0.13954435,-0.11929085,-0.18630774,-0.14902543,-0.025463868,-0.44929293,-0.118943505,-0.3465449,-0.36200783,0.23148105,-0.21864535,-0.04383795,-0.3242094,-0.2961477,0.12475881,0.11872549,-0.63263506,0.426556,0.115018554,0.0062839203,0.074729055,-0.36437726,0.07945875,0.054580428,-0.16664219,-0.13012978,sport
0.12626666,-0.027753724,-0.08221739,-0.08109153,-0.038191754,0.1280862,0.2633847,0.464854,-0.10137446,-0.08578005,-0.4989825,0.15350534,0.005501748,0.005945123,0.1090343,-0.08935297,0.06023998,-0.5674456,0.034618296,-0.18473107,0.05620045,0.18568346,-0.14183179,0.0765393,0.23587403,-0.07746504,-0.29084092,0.22659826,-0.33214858,-0.14757349,-0.081184655,-0.11088622,0.031877447,-0.018860284,0.22917,-0.08070113,0.40507856,-0.44392234,-0.022365622,0.12438994,0.09333272,0.095376134,0.2650631,0.078799024,-0.1151955,0.10407785,0.13708803,0.36412862,0.1984975,-0.22590446,-0.13996486,-0.5319145,0.21699451,-0.031483848,0.16082528,0.21034217,-0.37204134,0.0006537036,-0.16075489,0.2133169,0.031414058,0.22149783,-0.27990752,0.22514145,0.03467835,-0.0069324044,-0.15335023,-0.10905838,0.055334758,-0.0064558974,-0.16582595,-0.11567639,-0.092840105,0.06994043,0.27847284,-0.12647122,-0.11568617,-0.18157269,-0.013899159,-0.31750265,-0.123648115,-0.11472793,-0.19948366,0.070268735,-0.06888952,-0.07486313,-0.25867507,-0.34446672,0.14758784,0.0023174696,-0.43111318,0.12560648,0.34181437,-0.18188235,0.036353245,-0.32468662,0.040144328,0.23388809,-0.1717709,-0.029174129,sport
0.15870397,-0.028469566,0.15931036,-0.020482667,-0.14427692,-0.07913769,0.11749599,0.17073658,0.10169502,-0.065674216,-0.48145252,0.13884899,0.2438207,0.23464814,0.10024695,-0.19767825,0.058800124,-0.44636798,-0.11877255,-0.07080568,-0.1673403,0.06178629,-0.11787233,0.36857036,0.07503397,0.053002052,-0.19524875,0.019908814,-0.45540887,-0.034198705,0.10701839,0.12422773,0.26440775,0.15105076,0.075332955,-0.1655381,0.052971777,-0.5554908,0.067327306,0.05624566,-0.1918953,0.13463633,0.30004194,-0.021815322,-0.050599914,0.1538487,0.11644827,0.5636793,0.1304361,-0.06691063,0.037327822,-0.40386054,-0.06419838,-0.10292595,0.35481352,0.025972843,-0.1395327,0.27619857,-0.054225013,0.17286287,-0.048288118,0.28385177,-0.13172494,0.069734395,-0.05159995,-0.0282145,-0.017633766,0.058419324,-0.28147155,0.06888731,-0.12784268,-0.050512034,-0.07866508,-0.20179167,0.4471187,-0.068253696,0.031473998,-0.102908134,-0.2629218,-0.4526648,-0.022710666,-0.20872602,-0.32800344,0.18751499,-0.2953699,0.12857462,-0.28700706,-0.22673848,0.15179622,0.26634815,-0.37519887,0.2024036,0.22972313,-0.28863966,0.105756946,0.080958016,0.10651909,0.3165966,-0.20826478,-0.0089430865,finance
0.16257083,0.0340073,0.111581534,-0.017740909,0.013728419,0.021338182,0.14958592,0.21911402,0.025211764,-0.12817737,-0.39440593,0.1737563,0.2717264,0.23736504,0.0032921531,-0.11856834,-0.017131448,-0.49508542,-0.13417841,-0.12690948,0.027817253,0.17856,-0.021717774,0.23387551,0.16403471,-0.005721027,-0.27232954,0.07183358,-0.35505745,0.04741039,0.09867012,0.0025387784,0.1943873,0.04374175,0.15017168,-0.074365415,0.13456583,-0.43397847,0.005531045,-0.02564219,-0.21491295,0.13157973,0.18640533,0.03096596,-0.0069919196,0.18841965,0.29478008,0.45363468,0.15508771,-0.08777858,-0.08396026,-0.28265694,0.106331706,-0.1457387,0.37608826,-0.033134475,-0.1487867,0.2836273,-0.11248253,0.17487018,0.0016621277,0.3162206,-0.12248556,0.16645554,0.0060496246,0.012787084,0.09983807,0.030195346,-0.18620253,0.1040571,-0.24939501,-0.042286474,-0.06973887,-0.06502125,0.34589988,-0.17288993,0.12590057,-0.1649749,-0.13651869,-0.38798878,-0.012886392,-0.16705796,-0.16835116,0.012466637,-0.2324079,0.042822048,-0.36825454,-0.22141851,0.07787869,0.13279957,-0.3597137,0.22266783,0.19580995,-0.3279747,0.04967727,-0.06891952,0.15683734,0.27500898,-0.14810075,0.052375853,finance
0.15345682,0.036538444,0.074175194,-0.11466727,-0.17574382,-0.0013011928,0.043833014,0.16179417,0.03306856,-0.09555593,-0.43944997,0.12651858,0.25687534,0.27341312,0.09355255,-0.20165303,0.02429267,-0.41094235,-0.12560943,-0.09191656,-0.035729658,0.180518,0.10434813,0.30490622,0.12273247,0.08337301,-0.19337718,0.18272193,-0.3597184,0.08283453,0.118271776,0.01683722,0.12844744,0.21547274,0.06654509,-0.16921954,-0.019237883,-0.5073024,-0.09291811,0.051768463,-0.11779653,0.03269385,0.2534321,-0.03956659,0.020894948,0.14232068,0.15950762,0.48090094,0.06285947,-0.01563732,-0.036396015,-0.4455808,-0.11491146,-0.12675585,0.2530556,-0.024853434,-0.25214863,0.40269905,-0.15183072,0.18483001,-0.033229064,0.33323193,-0.19416088,0.19829196,0.007331079,-0.015988335,0.052900128,0.024560481,-0.027459841,-0.0021402722,-0.19422618,-0.12199917,-0.038649894,-0.23639812,0.36173296,-0.10755455,-0.06284252,0.0062693753,-0.3267903,-0.2911969,0.06233207,-0.12966803,-0.34383014,0.17835033,-0.3788812,-0.059874848,-0.2499158,-0.2560652,-0.046163432,0.13267554,-0.410131,0.2784591,0.13684827,-0.2490401,0.1330754,-0.09627868,0.18269897,0.24138983,-0.04377494,-0.047033675,finance
0.03847927,0.060099225,0.13820796,-0.03808667,-0.18256837,-0.020582037,0.11620532,0.18612085,0.20793729,-0.060016867,-0.40692756,-0.0022705565,0.24780203,0.2057721,0.074171804,-0.30893877,0.0073708626,-0.60106546,-0.07254095,-0.20630638,-0.037611842,0.23226552,0.08526844,0.22006343,0.096028835,-0.030327445,-0.13831486,0.10327868,-0.15458137,0.22231191,0.0658161,-0.23053308,0.08378789,-0.0041389377,0.061528396,-0.0021126554,0.10167733,-0.46436408,0.0051628374,0.22772378,0.023487834,0.07607836,0.033539448,-0.05196947,0.22611287,0.18309982,0.20352352,0.36967295,0.2728825,-0.019080753,-0.08404932,-0.36816815,-0.029392703,-0.334051,0.24479058,-0.052296005,-0.17648502,0.2189858,-0.107423775,0.10451047,-0.043145273,0.24509767,-0.107408665,0.22440825,0.1319583,0.13534951,0.16366011,0.047345906,-0.024902016,0.04921989,-0.30497298,-0.16406156,-0.192712,-0.12244346,0.15776357,-0.22830412,0.06147733,0.024002515,-0.28247496,-0.316941,0.12524588,-0.07882593,-0.18024214,-0.019898742,-0.09737587,-0.089125074,-0.4946581,-0.2284019,-0.088796295,0.05805227,-0.34634185,0.3735922,0.020509597,-0.3670851,0.094785996,-0.19817834,0.1364694,0.0015453132,-0.045175217,0.17702676,finance
0.14366421,0.19272254,0.14242725,-0.13447915,-0.012257655,0.2835189,0.17386314,0.5422016,-0.13105683,-0.14157966,-0.6637503,0.13750026,-0.02694537,0.19280136,0.13919066,-0.087805465,-0.009742832,-0.58894783,-0.15530592,-0.046977818,-0.044045478,0.2977816,0.012601451,0.07418081,0.18321978,-0.27158293,-0.3147409,0.07194228,-0.3278315,-0.1795429,-0.18902823,0.018603794,0.076909415,-0.08078752,-0.0024489295,-0.14860804,0.41739997,-0.4574063,0.19648957,0.17902826,0.34099966,0.06075382,0.3482376,-0.09529746,-0.044417985,-0.06979547,0.34900898,0.25261712,0.29574272,-0.0976544,-0.17146958,-0.5750809,0.113359794,-0.10815107,-0.002315386,0.019940563,-0.24090552,-0.04844933,-0.10405563,0.18822263,-0.12876688,0.1704462,-0.21840063,0.15075384,0.13753545,0.06182934,0.008021762,-0.16936387,-0.018440146,-0.037630897,0.034162916,-0.066197164,-0.28271356,0.018872198,0.15338759,-0.07985401,-0.1637317,-0.15820326,-0.022135751,-0.38120025,-0.16027093,-0.3765387,-0.33372822,0.26346695,-0.22351323,-0.030656522,-0.287613,-0.2837913,0.23218037,0.15223563,-0.5514047,0.45969555,0.19453402,-0.007685477,0.046205822,-0.29529,0.13710691,0.08564046,-0.2286456,-0.22690313,sport
-0.07466247,0.10368334,0.05405952,-0.08695278,-0.020982381,-0.053733256,0.1799768,0.3415743,0.050157793,-0.068405375,-0.31093156,0.076145835,0.14071897,0.12453073,0.012679994,-0.21438746,0.054115847,-0.5737007,-0.048222713,-0.12391652,0.064861715,0.25912827,-0.07394554,0.11144102,0.18620324,-0.025698164,-0.38506222,0.309763,-0.16733925,0.02137465,-0.2074653,-0.14890897,0.09751773,-0.16412488,0.08434557,0.0064396188,0.08137489,-0.36584648,-0.013863438,0.15792751,0.10826777,0.20429514,0.2643874,0.082204185,-0.05066009,0.10163962,0.2958818,0.36768004,0.17463188,-0.029345006,-0.057714958,-0.31850362,0.05653157,-0.109711796,0.16850616,-0.042167883,-0.060634125,0.11604985,-0.20275539,0.2985418,-0.08267288,0.21344532,-0.20109633,0.25590053,0.18806626,0.04363486,0.062713064,-0.06806317,0.027265651,0.029357975,-0.09290371,-0.19343741,-0.1751137,0.070622854,0.17063133,-0.14076999,-0.04026808,-0.20505176,-0.021362912,-0.4264595,0.017065521,-0.11381139,-0.20070809,-0.026013378,-0.1801374,0.015788773,-0.31359112,-0.2641823,-0.002845474,-0.042367864,-0.5244009,0.2513452,0.15862672,-0.20209904,0.04705731,-0.28809175,0.15140522,0.23046973,-0.105548754,0.073679015,sport
0.03805946,0.13276988,0.05993348,-0.1905494,0.05429447,0.30178717,0.11966419,0.5584925,-0.019391889,-0.18538237,-0.25964764,0.15860565,0.020693831,0.13102749,0.101194195,-0.17762299,0.13117279,-0.75337213,-0.03932563,0.025031334,-0.1109413,0.24457122,-0.058915175,0.21070395,0.2703124,-0.30463696,-0.47922423,0.32501718,-0.31050518,-0.2452724,-0.24366437,-0.031123111,0.11391954,-0.12521407,0.02049294,-0.019517621,0.42918488,-0.4764446,-0.11377425,0.12053158,0.41469434,0.09015112,0.3080724,-0.07391637,-0.09359128,-0.10706698,0.32167396,0.07950221,0.24033982,-0.12194178,-0.017606176,-0.6203679,0.14155759,-0.05729215,-0.0767205,-0.023017617,-0.30747235,-0.05153876,-0.19031708,0.19957863,-0.07369852,0.21581405,-0.31203008,0.08912968,0.20229647,-0.039259203,-0.07614235,-0.10699645,0.091050856,-0.12474673,0.14159207,0.060241755,-0.49172515,-0.052901324,0.16881453,-0.0373474,-0.2481985,-0.12704802,-0.18763782,-0.42825246,-0.1969525,-0.32083836,-0.4469303,0.17123595,-0.23612191,-0.018817864,-0.18741074,-0.34984326,0.25893614,0.06885709,-0.5856086,0.38276264,0.07905096,0.09713877,0.06785344,-0.41642186,0.22451144,0.028806731,-0.28051108,-0.19647259,sport
-0.13277203,0.040283706,-0.03633498,-0.020644601,-0.08468138,-0.04727723,0.283561,0.32827914,0.20347872,-0.01174928,-0.24443226,0.16723174,0.06855064,0.0656946,0.12944607,-0.24804135,-0.0051570614,-0.6870194,-0.02717208,-0.015853869,0.00864352,0.20702475,-0.08660615,0.06257559,0.24997789,-0.13980506,-0.30065754,0.37851363,-0.09351164,0.026362374,-0.18554981,-0.11293553,0.04802903,-0.21831697,0.1675508,-0.06852575,0.011210229,-0.475078,0.03260185,0.23657155,0.15695155,0.012628786,0.1411226,-0.015095703,-0.05248011,0.04643361,0.31745902,0.3124957,0.1291414,-0.099821195,0.06179438,-0.29712945,0.06776117,-0.08874455,0.014963322,-0.006115677,-0.08311304,0.08912906,-0.12144626,0.43441546,0.021436749,0.14883989,-0.22630426,0.21441658,0.1857818,0.06848603,0.22533783,-0.08247514,0.09268912,0.009053271,-0.07004982,-0.22638693,-0.27110106,0.0041911043,0.17713243,-0.102461696,-0.06822923,-0.18697168,-0.13532537,-0.4083719,0.039322432,-0.033163276,-0.19801857,-0.14425592,-0.091711596,0.03326837,-0.3055681,-0.21481907,-0.054192938,-0.15145335,-0.46161184,0.32714978,0.1076256,-0.21641208,0.12612948,-0.29041287,0.092143506,0.18357976,-0.1746831,0.17029059,sport
