teks_preprocessed,label
Pemerintah bakal menjadikan Koperasi Desa Kelurahan Merah Putih Kopdes Merah Putih sebagai saluran distribusi barang subsidi kepada masyarat Hal ini dilakukan agar barang subsidi yang diberikan pemerintah benar benar tepat sasaran COO Danantara sekaligus Kepala BP BUMN Dony Oskaria mengatakan dengan penyaluran barang subsidi langsung dari Kopdes Merah Putih ke masyarakat ini akan menekan adanya kebocoran subsidi setelah sistem data penerima subsidi terintegrasi Dony mengatakan saat ini pihaknya bersama Kementerian Keuangan dan Kementerian Koperasi engah menyiapkan sistem secara daring untuk menekan kebocoran subsidi Dari perhitungannya bisa menekan Rp triliun per tahun Kami menargetkan kalau ini sudah terjadi nanti ada single data nya kebocoran subsidi itu akan berkurang Tadi kita berdiskusi kita sedang membuat tim antara saya tim saya dan tim Pak Purbaya dan tim Menteri Koperasi membangun nanti online system yang berdasarkan kepada basis siapa yang berhak untuk menerima subsidi ujarnya saat ditemui di Kantor Kementerian Keuangan Jakarta Rabu Teman teman bisa bayangkan nanti paling tidak kita bisa menghemat subsidi kita yang tidak tepat sasaran itu sekitar Rp triliun setahun Jadi mesti dilihat dampaknya sambungnya Selain itu Dony menyebut hadirnya koperasi ini dapat m menjadi instrumen pemerintah untuk mengendalikan harga barang kebutuhan pokok di daerah Jaringan Kopdes yang tersebar di seluruh desa dinilai memungkinkan pemerintah melakukan intervensi distribusi ketika terjadi kenaikan harga Dan kedua adalah untuk channel kita menekan inflasi Kalau terjadi inflasi orang main mainin harga kita punya distribution di seluruh desa Misalkan harga beras naik misalkan contohnya Kita tinggal distribusikan khusus di seluruh Kopdes harga sekian inflasi bisa kita tekan Terutama bahan pokok ya Nah inilah makanya kita mesti lihat manfaatnya Jadi lokasinya itu kan memang coverage nya satu desa itu terangnya Kemudian Kopdes Merah Putih juga akan menjadi menjadi tempat bagi masyarakat untuk menarik uang dan setor tunai Dalam hal ini Kopdes akan menjadi agennya BRILink Kita ingin memutus mata rantai rentenir di desa PNM nanti akan membuka kantor di Koperasi Desa Dalam rangka apa Menyalurkan kredit untuk menghindari adanya sekarang kan banyak ya saudara saudara kita kena rentenir dan lain sebagainya Nanti dengan bunga Ya jadi dia akan menjadi collecting agent dan juga distribution agent nya ungkap Dony Tidak hanya itu Kopdes nantinya akan menjadi agen layanan logistik yang diharapkan dapat mempermudah masyarakat dalam mengirimkan barang Di mana Kopdes akan bekerja sama dengan PT Pos Indonesia Kemudian juga untuk teman teman saudara saudara kita sekarang kan eranya itu era online kan yang berbisnis di desa lalu bagaimana kalau ada order pick up nya PT Pos Indonesia akan bekerja sama dengan seluruh Koperasi Desa menjadi channel untuk logistik agennya logistik PT Pos Indonesia kata Dony fdl fdl,finance
Balapan GT World Challenge Europe GTWCE di Jerman berakhir pahit untuk Sean Gelael dan AF Corse Mereka gagal dapat poin Pada balapan putaran keempat Endurance Cup di Sirkuit Nurburgring Minggu malam WIB Sean bersama Lilou Wadoux dan Arthur Leclerc mendapat start yang kurang impresif Sebab mereka harus memulai dari posisi ke setelah hasil buruk di kualifikasi Mobil Ferrari yang dikendarai Sean memang tidak bisa memberikan perlawanan berarti di Nurburgring Tidak cuma mobil nomor tapi juga nomor AF Corse yang finis ketiga di Belgia dua bulan lalu hanya mampu menyelesaikan balapan di posisi ke terpaut satu menit dibanding sang pemenang tim Comtoyou Racing Sementara AF Corse tidak berubah yakni tetap di urutan ke dengan selisih menit detik di belakang pemenang Rata rata dua mobil Ferrari itu kalah s d detik per lap dari mobil dan tim lain Selain Balance of Performance BoP yang jadi handicap walau besarannya tak dirilis ada juga karakter sirkuit yang berbeda dibanding Spa Francorchamps sehingga Ferrari tidak punya daya cengkram di mobilnya Keberadaan Safety Car SC yang membantu mendekatkan jarak antar mobil pun tak menolong Padahal selama tiga jam balapan di Nurburgring SC tiga kali masuk ke trek untuk menetralisir lomba Tim Mercedes AMG Team Mann Filter keluar sebagai juara umum GTWCE Endurance Cup Balapan pamungkas GTWCE digelar di Sirkuit Algarve Portimao di Portugal Menariknya akhir pekan itu berbarengan dengan putaran FIA WEC di Barcelona Spanyol Sebagai kompromi Race GTWCE Sabtu lalu FIA WEC di hari Minggu,sport
Persaingan perebutan gelar juara dunia MotoGP berlangsung ketat Menurut General Manager Ducati Corse Gigi Dall Igna gelar juara pada akhirnya akan ditentukan oleh pebalap yang paling mampu menjaga ketenangan dan konsistensi hingga akhir musim Dall Igna menganalisis persaingan MotoGP dalam wawancara dengan Sky Italia Menurutnya kondisi mental dan kemampuan menghindari kesalahan akan menjadi faktor penting dalam menentukan juara dunia Menurut saya Kejuaraan Dunia akan dimenangkan oleh siapa yang lebih tenang antara sekarang hingga akhir musim karena saya pikir penting untuk mengumpulkan poin dan menghindari kesalahan kata Dall Igna seperti dilansir Motosan Persaingan musim ini memang berlangsung sengit di antara para pebalap terdepan dari Ducati dan Aprilia Dalam kondisi seperti itu Dall Igna menilai konsistensi lebih penting daripada sekadar mengoleksi kemenangan sebanyak banyaknya dalam sembilan seri tersisa Sejarah beberapa tahun terakhir menunjukkan bahwa tidak penting untuk mungkin memenangi balapan tetapi Anda harus menang sedikit lebih sedikit Anda harus lebih konsisten dan stabil dan yang terpenting mampu membuat lebih sedikit kesalahan ujarnya Bagi Dall Igna pebalap yang mampu menjaga perolehan poin sekaligus meminimalkan kesalahan akan memiliki peluang terbesar menjadi juara Artinya hasil finis secara konsisten dapat menjadi lebih berharga daripada terlalu memaksakan diri demi kemenangan Dengan persaingan yang masih terbuka setiap kesalahan bisa menjadi pembeda dalam perburuan gelar MotoGP Karena itu kemampuan menjaga kepala tetap dingin hingga seri terakhir diyakini Dall Igna bakal menjadi kunci utama,sport
Pebalap Mercedes GP Kimi Antonelli berhasil merebut kemenangan di GP Italia Semakin lengkap karena rekan setimnya George Russell finis kedua Pada balapan yang dihelat di Sirkuit Monza Minggu malam WIB Antonelli sejatinya tidak punya posisi start yang bagus yakni dari urutan ketujuh Apalagi dia mendapat penalti sehingga harus turun jauh ke urutan ke alias start dari grid Pierre Gasly secara mengejutkan melajukan Alpine miliknya ke posisi pole disusul Russell di posisi kedua dan driver McLaren Oscar Piastri di posisi ketiga Duo pebalap tuan rumah Charles Leclerc dan Lewis Hamilton di posisi keempat serta kelima Bendera merah sudah muncul di lap kedua saat Leclerc harus out dari balapan karena menabrak dinding Leclerc kehilangan kendali mobilnya tak lama setelah menyalip Piastri untuk naik ke posisi keempat Russell saat itu masih memimpin balapan disusul Gasly dan Max Verstappen Antonelli sudah naik tujuh strip ke urutan ke saat insiden terjadi Setelah itu Antonelli pelan tapi pasti mampu memperbaiki posisinya Baca juga Hasil GP Belanda Lando Norris Juara Masuknya virtual safety car membuat Antonelli bisa mendekati Russell di sepertiga balapan Salip menyalip terjadi antara keduanya di lap ke sebelum Antonelli mengunci posisi terdepan Russell tidak mampu mengejar Antonelli sampai lap berlalu sehingga rekan setimnya itu muncul sebagai pemenang Russell harus puas di posisi kedua disusul Verstappen McLaren menempatkan dua pebalapnya di lima besar Lando Norris di urutan keempat dan Piastri di urutan kelima Hamilton menjaga nama baik Ferrari dengan finis keenam Melengkapi besar adalah Gasly Arvid Lindblad Franco Colapinto dan Yuki Tsunoda Antonelli makin kukuh di puncak klasemen dengan poin unggul angka dari Russell di posisi kedua dan angka dari Hamilton di posisi ketiga Pos Pebalap Tim Lap Kimi Antonelli Mercedes AMG Petronas Team George Russell Mercedes AMG Petronas Team Max Verstappen Oracle Red Bull Racing Lando Norris McLaren Mastercard Team Oscar Piastri McLaren Mastercard Team Lewis Hamilton Scuderia Ferrari HP Pierre Gasly BWT Alpine Team Arvid Lindblad Visa Cash App Racing Bulls Team Franco Colapinto BWT Alpine Team Yuki Tsunoda Visa Cash App Racing Bulls Team Gabriel Bortoleto Audi Revolut Team Nico Hulkenberg Audi Revolut Team Carlos Sainz Atlassian Williams Team Liam Lawson Oracle Red Bull Racing Oliver Bearman TGR Haas Team Esteban Ocon TGR Haas Team Lap Alex Albon Atlassian Williams Team Lap Sergio Perez Cadillac Team Lap Valtteri Bottas Cadillac Team Laps DNF Lance Stroll Aston Martin Aramco Team DNF DNF Fernando Alonso Aston Martin Aramco Team DNF DNF Charles Leclerc Scuderia Ferrari HP DNF,sport
Rider Honda Team Asia Veda Ega Pratama menjalani akhir pekan yang buruk di Aragon Pebalap asal Gunungkidul itu sudah gagal meraih poin empat kali di Di Sirkuit Aragon pada akhir pekan lalu Veda Ega finis ke Dia sudah kesulitan sejak hari Jumat Veda Ega harus memulai balapan dari posisi ke Dia pun kesulitan untuk menembus barisan depan Dengan hasil ini Veda Ega gagal meraih poin Raihan angka Rocket Boy masih tertahan poin Dia tinggal berjarak tujuh poin dari Hakim Danish di posisi kedelapan Selain di Aragon Veda Ega juga gagal meraih poin dalam tiga seri lainnya Dia gagal finis di Amerika Serikat finis ke di Hungaria dan gagal finis di Belanda Bukan hasil balapan yang saya inginkan di minggu ini Memang sepanjang minggu ini saya merasa kesulitan dari sesi di hari Jumat Sabtu dan race kata Veda Ega selepas balapan Jalannya balapan saya mencoba untuk start bagus dan mencoba untuk secepatnya ke depan Tapi saat saya mencoba ke depan dengan rider lain sempat ada senggolan sedikit sampai akhirnya melakukan kesalahan Dalam balapan saya mencoba untuk push push push untuk mengejar grup di depan Ya sulit kesulitan dengan sirkuit Aragon dengan grip yang menurut saya cukup licin Minggu yang harus saya lupakan dan ya saya ambil pelajarannya Saya dan tim akan mencari tahu di mana titik poin yang saya bisa improve lagi Pada seri di Misano saya akan mencoba lebih baik lagi kata Veda Ega menambahkan,sport
Peluang Usaha Mikro Kecil dan Menengah UMKM dan koperasi untuk terlibat dalam pengadaan barang dan jasa pemerintah semakin lebar Nilai pengadaan pemerintah rata rata mencapai Rp triliun setiap tahun dan memiliki daya ungkit yang sangat besar terhadap perekonomian nasional UMKM dan koperasi yang terlibat dalam pengadaan barang dan jasa pemerintah juga mendapatkan layanan penjaminan dari PT Jaminan Kredit Indonesia Persero atau Jamkrindo Hal ini ditandai dengan penandatanganan Nota Kesepahaman MoU Jamkrindo dengan Lembaga Kebijakan Pengadaan Barang Jasa Pemerintah LKPP tentang Pemanfaatan Layanan Penjaminan Direktur Utama Jamkrindo Abdul Bari mengatakan kerja sama ini menjadi langkah strategis untuk memperkuat ekosistem pengadaan barang jasa pemerintah melalui pemanfaatan layanan penjaminan dari Jamkrindo sekaligus memperluas akses penjaminan bagi para pelaku usaha khususnya UMKM dan koperasi yang terlibat dalam pengadaan pemerintah Ruang lingkup MoU mencakup tiga hal utama yaitu pemanfaatan layanan interkoneksi host to host dari Jamkrindo untuk mendukung pengadaan barang jasa pemerintah secara elektronik melalui aplikasi yang dikelola LKPP pemanfaatan layanan penjaminan serta sosialisasi dan penyebarluasan informasi terkait pengadaan barang jasa pemerintah dan penjaminan melalui publikasi seminar pelatihan maupun workshop bersama Kerja sama ini mempertemukan dua mandat besar LKPP membangun ekosistem pengadaan yang efektif efisien transparan dan akuntabel sementara Jamkrindo menghadirkan penjaminan untuk meningkatkan aksesibilitas finansial dan kapasitas pelaku usaha Sinergi kedua mandat ini dapat menciptakan multiplier effect bagi perekonomian nasional ujar Abdul Bari dalam keterangan tertulis Rabu Baca juga Jamkrindo Cetak Laba Rp M Naik Abdul Bari mengatakan penjaminan berperan sebagai instrumen kepercayaan dalam pengadaan barang jasa Pemerintah membutuhkan kepastian bahwa penyedia dapat memenuhi kewajibannya sementara penyedia memerlukan instrumen untuk memenuhi persyaratan sekaligus mengelola risiko Hal ini sejalan dengan Peraturan Lembaga Kebijakan Pengadaan Barang Jasa Pemerintah Republik Indonesia Nomor Tahun dan Peraturan Menteri Keuangan Nomor PMK yang mengatur penggunaan surat jaminan dalam pelaksanaan kegiatan pengadaan barang dan jasa termasuk penerbitan surat jaminan oleh perusahaan penjaminan Dalam konteks pengadaan barang jasa pemerintah Jamkrindo memiliki produk suretyship yang menjadi salah satu instrumen strategis untuk memberikan kepastian atas pemenuhan kewajiban kontraktual Melalui layanan ini Jamkrindo mendukung kelancaran proses pengadaan sekaligus memperluas akses pelaku usaha untuk berpartisipasi dalam proyek pemerintah Ke depan kerja sama ini akan diterjemahkan ke dalam langkah implementasi yang lebih konkret melalui perjanjian kerja sama Jamkrindo dan LKPP akan melakukan pemantauan dan evaluasi secara berkala untuk memastikan pelaksanaan kerja sama berjalan sesuai tujuan serta menjadi dasar bagi penyempurnaan program kerja sama selanjutnya Kami berharap kolaborasi ini nantinya berkembang lebih luas tidak hanya menjadi hubungan bilateral antara LKPP dan Jamkrindo tetapi menjadi sebuah ekosistem kolaborasi yang memberikan manfaat nyata bagi penguatan ekosistem pengadaan pemerintah dan pertumbuhan ekonomi nasional pungkas Abdul Bari Kepala LKPP Sarah Sadiqa menyampaikan bahwa dengan nilai pengadaan pemerintah yang rata rata mencapai Rp triliun setiap tahun pengadaan memiliki daya ungkit yang sangat besar terhadap perekonomian nasional Karena itu setiap rupiah yang dibelanjakan pemerintah harus dikelola secara akuntabel transparan tepat guna serta mampu menghasilkan nilai terbaik bagi masyarakat Menurutnya besarnya skala pengadaan tersebut juga menuntut pembangunan ekosistem pengadaan yang semakin kredibel inklusif dan efisien Untuk mewujudkannya pemerintah membutuhkan kolaborasi yang kuat antara regulator legislatif pelaku usaha serta seluruh pemangku kepentingan Ia mengatakan kemitraan antara LKPP dan Jamkrindo memiliki arti strategis dalam mendukung transformasi digital pengadaan barang dan jasa pemerintah Melalui Nota Kesepahaman dan interkoneksi sistem secara host to host layanan penjaminan diharapkan menjadi lebih mudah cepat transparan dan terintegrasi sehingga dapat memperkuat kepercayaan kepastian serta kualitas tata kelola pengadaan pemerintah Lebih dari itu kolaborasi tersebut diharapkan membuka ruang partisipasi yang lebih luas bagi UMKM dengan memberikan rasa aman dan kepastian berusaha serta peluang untuk berkompetisi secara sehat dalam pengadaan pemerintah Nota kesepahaman ini merupakan langkah konkret untuk memperkuat kepercayaan memberikan kepastian dan meningkatkan kualitas tata kelola pengadaan pemerintah Lebih dari itu kolaborasi ini harus membuka ruang partisipasi seluas luasnya bagi UMKM Semakin banyak UMKM yang terlibat dalam rantai pasok pemerintah semakin besar pula dampaknya terhadap penguatan kapasitas usaha perluasan akses pembiayaan penciptaan lapangan kerja dan pemerataan pertumbuhan ekonomi ujarnya Ketua Komisi XI DPR RI Mukhamad Misbakhun mengapresiasi kolaborasi LKPP dan Jamkrindo dalam memperkuat ekosistem pengadaan barang dan jasa pemerintah melalui layanan penjaminan Ia berharap kolaborasi ini dapat memberikan manfaat yang lebih luas bagi pelaku usaha khususnya UMKM serta turut mendorong pertumbuhan dan penguatan ekonomi nasional Kolaborasi LKPP dan Jamkrindo merupakan salah satu upaya konkret untuk memperkuat daya tahan ekonomi nasional serta mendorong UMKM berkembang dari usaha kecil menjadi pelaku usaha yang lebih besar ujarnya ahi ara,finance
Badan Gizi Nasional BGN melarang penggunaan sejumlah produk minuma susu dalam menu program Makan Bergizi Gratis MBG Produk yang dilarang mencakup minuman susu minuman mengandung susu minuman rasa susu hingga susu kental manis Keputusan ini dihasilkan dalam rapat koordinasi BGN bersama sejumlah kementerian lembaga dan asosiasi pada Selasa Rapat tersebut membahas pemanfaatan susu hewani dalam menu program MBG BGN secara tegas melarang penggunaan produk minuman susu minuman mengandung susu minuman rasa susu maupun susu kental manis dalam menu MBG tulis keterangan dalam akun Instagram resmi BGN badangizinasional ri dikutip Rabu Sebagai gantinya BGN merekomendasikan pemberian susu hewani bagi penerima manfaat yang meliputi ibu hamil ibu menyusui balita berusia di atas dua tahun serta seluruh peserta didik Adapun kenis produk yang direkomendasikan mencakup susu pasteurisasi UHT dan susu steril full cream plain Produk ini juga tidak diperbolehkan ditambah dengan gula pengawet perasa dan pewarna Kemudian dalam produk susu yang digunakan hari memliki kandungan susu segar minimal serta telah mengantongi izin edar resmi dari BPOM RI Khusus untuk produk susu pasteurisasi penanganannya wajib menggunakan sistem rantai dingin cold chain dari sarana produksi hingga sampai ke tangan penerima manfaat tulis keterangan BGN Untuk pemberian susu hewani BGN menetapkan dengan harga satuan Rp untuk volume minimal ml dan Rp untuk volume ml sampai di dapur pelaksana Melalui keputusan ini pemanfaatan susu hewani dalam menu MBG diharapkan tidak hanya memenuhi kecukupan konsumsi protein hewani bagi penerima manfaat tetapi juga mendongkrak produktivitas serta kesejahteraan para peternak lokal di seluruh Indonesia tutup keterangan BGN Simak juga Video IDAI ke BGN Kebijakan Susu Formula Massal di MBG Berisiko,finance
KAI Properti melakukan pemeliharaan Listrik Aliran Atas LAA di wilayah Daerah Operasi Jakarta sepanjang kilometer Pemeliharaan mencakup resor di wilayah Jabodetabek dan melibatkan pekerja Manager Corporate Communication KAI Properti Bramantya Candrika mengatakan pemeliharaan rutin dilakukan untuk memastikan jaringan LAA tetap dalam kondisi baik dan siap mendukung operasional Kereta Rel Listrik KRL Jabodetabek Operasional kereta api didukung oleh berbagai infrastruktur yang harus dijaga kondisinya secara berkelanjutan Pemeliharaan LAA dilakukan secara rutin sebagai bagian dari upaya memastikan sistem elektrifikasi tetap berfungsi dengan baik dan dapat mendukung kebutuhan perjalanan kereta api setiap harinya ujar Bram dalam keterangan tertulis Selasa Pemeliharaan meliputi pemeriksaan jaringan perbaikan komponen dan pengadaan material jika diperlukan Pekerjaan dilakukan rutin sepanjang tahun dengan menyesuaikan jadwal operasional KRL Pemeliharaan mencakup resor yakni Rangkasbitung Parung Panjang Serpong Tanah Abang Duri Jakarta Kota Pasar Senen Bandara Soekarno Hatta Basoetta Manggarai Jatinegara Cikarang Pasar Minggu Depok Bogor dan Nambo KAI Properti juga melaksanakan penggantian isolator Engineering Procurement and Construction EPC pada sejumlah petak jalur KRL Jabodetabek Hingga saat ini progres pekerjaan penggantian isolator tersebut telah mencapai sekitar Penggantian dilakukan terhadap isolator yang telah mencapai masa pakai Isolator adalah komponen dalam sistem LAA yang berfungsi sebagai penyekat antara penghantar listrik dan struktur pendukungnya untuk menjaga keamanan dan keandalan sistem elektrifikasi Setiap komponen memiliki masa pakai dan kondisi yang perlu dipantau secara berkala Karena itu selain melakukan pemeriksaan dan pemeliharaan rutin kami juga melakukan penggantian terhadap komponen yang telah mencapai masa pakainya Pekerjaan ini dilakukan secara bertahap dengan tetap memperhatikan aspek keselamatan dan kelancaran operasional perjalanan kereta api terang Bram Pekerjaan penggantian isolator dilakukan di sejumlah petak jalur antara lain Cikoya Maja Emplasemen Maja Daru Tenjo Pondok Ranji Jurangmangu Sudimara Rawabuntu Tanah Abang Palmerah Angke Kampung Bandan Buaran Klender Baru Cawang Duren Kalibata Lenteng Agung Universitas Pancasila Universitas Pancasila Universitas Indonesia Citayam Bogor serta sejumlah lokasi lainnya Kami akan terus memastikan pemeliharaan dan peningkatan infrastruktur dilakukan sesuai dengan kebutuhan operasional dengan tetap mengutamakan aspek keselamatan dan kualitas pekerjaan Kami berharap upaya ini dapat terus mendukung kesiapan infrastruktur dalam menunjang operasional perjalanan kereta api tutup Bram hns hns,finance
Rider Ducati Marc Marquez telah kembali dalam persaingan titel juara dunia MotoGP Marquez mengaku khawatir dengan balapan di Mandalika nanti Sukses menyapu seri Aragon membawa Marquez terus mendekati pemuncak klasemen MotoGP Jorge Martin Dengan koleksi poin superstar balap motor Spanyol itu menghuni peringkat kedua dengan hanya tertinggal poin saja Marco Bezzecchi mengintai di posisi ketiga usai meraup poin Di sisi lain kejuaraan MotoGP memiliki sembilan seri yang tersisa atau total balapan Sedangkan MotoGP Indonesia yang digelar di Sirkuit Mandalika menempati putaran ke pada Oktober mendatang Marc Marquez belum mau memikirkan soal persaingan gelar dengan Jorge Martin dan Bezzecchi Pebalap berusia tahun itu ingin fokus melakoni balapan demi balapan meskipun dia cukup waspada dengan balapan di Mandalika Dari sejarah Indonesia adalah yang terburuk buatku karena setiap tahun aku mendapatkan memori buruk dari sana ceplos juara dunia MotoGP tujuh kali itu dilansir Crash Namun selain itu aku merasa baik baik saja dengan sirkuit sirkuit yang lain Jadi balapan demi balapan Sekarang mari memulihkan tenaga dari balapan ini dan fokus ke Misano dia menambahkan Sejauh ini MotoGP Mandalika bak jadi kutukan bagi Marc Marquez Mantan rider Honda dan Gresini itu tidak pernah bisa finis di masing masing dari tiga edisi terakhir balapan MotoGP Mandalika Bahkan pada edisi tahun lalu Marquez bertabrakan dengan Marco Bezzecchi sehingga mengalami patah tulang selangka cedera yang terus mengganggunya sampai sekarang,sport
Putri Kusuma Wardani percaya diri dengan komposisi beregu putri yang dipilih PBSI untuk Asian Games Dia juga menyebut chemistry satu sama lain sudah klop Bulutangkis Indonesia mengirimkan wakil untuk tampil di Aichi Nagoya September hingga Oktober mendatang Atlet di antaranya merupakan sektor beregu putri Yaitu Putri KW Thalita R Wiryawan Ni Kadek Dhinda Mutiara Ayu Puspitasari Rachel Allessya Rose Febi Setianingrum Febriana Dwipuji Kusuma Meilysa Trias Puspitasari Siti Fadia Silva Ramadhanti dan Nita Violina Marwah Putri menilai komposisi skuad bulutangkis Indonesia yang mengombinasikan pemain senior dan junior tidak menemukan kendala dalam membangun koneksi di dalam tim Pengalaman berlaga bersama dalam beberapa kejuaraan beregu sebelumnya dinilai telah membentuk kekompakan antar atlet Dengan tim komposisi yang ada cukup kuat Kita juga sudah lumayan dua atau tiga kali beregu bersama sama jadi sudah ketemu chemistry nya di antara satu dan yang lain baik tunggal maupun ganda kata Putri dalam keterangannya dikutip Selasa Tak hanya itu seluruh rangkaian program latihan di Pelatnas sejauh ini berjalan dengan lancar dan kondusif Sampai menjelang hari keberangkatan menuju Jepang porsi latihan tim nasional kini lebih difokuskan pada penguatan di masing masing sektor di bawah arahan tim pelatih Yang pasti kekurangan dari pertandingan sebelumnya menuju pertandingan Asian Games lebih ditingkatkan lagi tambahnya Terkait peta persaingan di Asian Games Putri KW menilai kekuatan di sektor tunggal putri kawasan Asia tergolong sangat merata Dia mewaspadai kekuatan para pemain dari negara negara papan atas seperti China Jepang dan Korea Selatan Kalau kekuatan sendiri di Asian Games menurut aku cukup merata ya dari Asia sendiri terutama dari China Jepang dan Korea Selatan cukup kuat tuturnya Pebulutangkis peringkat ke dunia itu memasang target tinggi pada ajang Asian Games Secara pribadi Putri berambisi untuk dapat melangkah hingga ke babak akhir dan berdiri di atas podium Hal ini juga sejalan dengan target medali yang dicanangkan oleh PP PBSI Harapannya semoga tim bulu tangkis Indonesia bisa mendapatkan medali dan terutama untuk pribadi aku sendiri aku bisa menyumbangkan medali untuk Indonesia di ajang Asian Games pungkas Putri Lihat juga Video Hong Kong Open Sabar Reza dan Putri KW Tumbang di Final,sport
Jakarta Di tengah maraknya transportasi online bajaj konvensional masih bertahan melayani penumpang di sekitar Stasiun Cikini Jakarta Pusat Foto Bisnis Bajaj Masih Eksis di Tengah Gempuran Ojol Rabu Sep WIB Anda menyukai artikel ini Artikel disimpan,finance
Eks judoka nasional Sadik Algadri merilis buku soal buah pikiran untuk kemajuan olahraga di Indonesia Sampai saat ini olahraga di tanah air masih terkendala masalah yang selalu sama Sebuah buku berjudul Membangun Otot di Negeri Kertas ditulis oleh Sadik Buku itu dirilis pada Agustus Fragmentasi kebijakan publik di Indonesia lemahnya tata kelola dan regulasi organisasi organisasi olahraga ilusi dalam politik anggaran serta infrastruktur kompetisi hingga penerapan sport science dan pengembangan sumber daya manusia menjadi isinya Acara bedah buku itu digelar di Gedung Serbaguna Gelora Bung Karno GBK Jakarta Sabtu Hadir dalam acara itu Rocky Gerung wartawan senior olahraga Asro Kamal Rokan serta Guru Besar Universitas Pendidikan Indonesia UPI Prof Yunyun Yudiana Sadik mengungkap proses penulisan buku memakan waktu lima sampai enam bulan Peraturan yang dikeluarkan pemangku kebijakan sebelum pelantikan Presiden RI terpilih Prabowo Subianto pada Oktober menjadi pemicunya Meski tak menyebut secara spesifik aturannya Sadik khawatir akan membahayakan olahraga secara keseluruhan Jadi perlu diketahui bahwa olahraga prestasi memiliki semacam garis besar atau undang undang sendiri yang disebut Olympic Charter Di dalamnya secara garis besar diatur bahwa jika pemerintah ikut campur dalam politik olahraga apalagi sampai mengatur proses olahraga ada konsekuensi tertentu termasuk kemungkinan mendapatkan sanksi kata Sadik dalam rilis yang diterima detikSport Setelah membahas dalam beberapa podcast mengenai kegelisahan soal kondisi olahraga Indonesia itu Sadik pun menuangkannya dalam buku Atlet judo era an hingga an itu menekankan pentingnya etika dalam olahraga Ya tentu Kegelisahan itu pasti ada dasarnya Kalau hanya marah marah tentu tidak masuk akal Semua proses itu sudah kami lakukan Kami memang orang orang yang berada di organisasi olahraga dan memahami etika dalam olahraga Etika itu sangat dihargai kata Sadik Event besar biasanya menjadi titik balik untuk perkembangan sebuah negara Pada Indonesia sudah sukses menyelenggarakan Asian Games Jepang China dan Korea Selatan juga berubah setelah ajang besar seperti Piala Dunia atau Olimpiade Kenapa saya mengatakan demikian Jepang menyelenggarakan Olimpiade untuk menunjukkan bahwa mereka meskipun kalah dalam perang sudah menjadi negara yang siap dan mampu bangkit kembali kata Sadik Nah kami berharap Asian Games di Indonesia juga bisa menjadi momentum seperti itu Namun setelah Asian Games bahkan memasuki dan seterusnya kembali lagi persoalan anggaran seperti yang kita bicarakan tadi ia menambahkan Sadik berharap buku Membangun Otot di Negeri Kertas tidak berhenti sebagai karya yang mengkritisi persoalan olahraga Ia ingin buku tersebut mendorong perubahan sekaligus membuka keberanian untuk mengakui berbagai persoalan yang masih terjadi Ya seperti yang saya sampaikan tadi harapan besarnya adalah adanya perubahan Kita harus berani menyatakan dan berani mengakui kata Sadik Pertama kalau kita mau marah kita harus mengakui terlebih dahulu bahwa ada kesalahan Setelah mengakui baru kita berani menyatakan Ya ini kita salah Setelah itu kita maju Kita bisa berubah That s it Berpikirnya harus jernih tetapi mengerjakannya belum tentu mudah kata pria yang masuk dalam jajaran pengurus KONI Pusat itu,sport
Presiden Prabowo Subianto menyebut pakar dan institusi dunia meramalkan bahwa Indonesia akan menjadi negara dengan ekonomi terbesar keempat dunia pada Hal ini diungkapkan Prabowo dalam acara perayaan HUT Ke Partai Demokrat yang disaksikan secara virtual Rabu Semua pakar semua institusi dunia menyampaikan bahwa Indonesia tahun akan menjadi negara keempat Kita akan menjadi negara keempat ekonominya terbesar di dunia Mereka mengatakan kita akan menjadi one of the great powers ujar Prabowo Namun di sisi lain Prabowo mengatakan dari omongan para pakar tersebut juga bahwa masyarakat Indonesia terkadang belum menyadari besarnya potensi yang dimiliki Indonesia Mereka mengatakan kadang kadang orang Indonesia ini tidak sadar betapa besar dan betapa potensi kuat kita kata Prabowo Prabowo menambahkan pada masa Indonesia menjadi negara dengan ekonomi terbesar keempat di dunia nanti para pemimpinnya adalah generasi muda saat ini Dengan begitu tugas pemerintah saat ini adalah membuat suatu pondasi yang kuat untuk generasi anak anak muda Indonesia Yang ingin saya sampaikan adalah tahun lagi tahun lagi itu adalah masa yang muda muda Pak SBY dan saya ya kita generasi ibarat kami adalah anak tangga yang akan digunakan oleh generasi yang lebih muda kita untuk naik untuk mengambil alih tanggung jawab untuk meneruskan kebangkitan bangsa Indonesia terang Prabowo hns hns,finance
Menteri Keuangan Purbaya Yudhi Sadewa buka suara soal Satuan Pelayanan Pemenuhan Gizi SPPG atau dapur program Makan Bergizi Gratis MBG Purbaya mengaku telah mengerahkan tim dari Direktorat Jenderal Perbendaharaan Kementerian Keuangan memonitor dapur MBG seluruh Indonesia Langkah ini diambil dalam rangka mengawasi penggunaan anggaran pada setiap dapur MBG Jika ada dapur yang terbukti menyalahgunakan anggaran maka langsung dilaporkan ke Badan Gizi Nasional BGN Purbaya menegaskan apabila setelah dilaporkan ke BGN tetap tidak ada perubahan maka anggaran akan dikurangi Jadi saya kerahkan orang Dirjen Perbendaharaan di seluruh Indonesia untuk memonitor secara berkala SPPG SPPG yang ada di setiap daerah Indonesia Itu akan menjadi penambahan tentang pelaksanaan program itu nanti kalau ada yang ngaco ngaco kita kasih masukkan ke BGN bahwa di satu tempat SPPG tertentu melakukan kesalahan dan kalau didengar kita kurangin anggarannya jelas Purbaya di kawasan Sunter Jakarta Utara Selasa Purbaya menambahkan di sisi lain BGN telah melakukan efisiensi anggaran menjadi Rp triliun dari Rp triliun Anggaran program MBG juga masih berpeluang dipangkas kembali Tahun ini menurut perkiraan Purbaya dari total anggaran BGN yang telah dipangkas hanya terpakai di bawah Rp triliun Jadi kepala yang baru orangnya cukup bagus ya bagus malah Itu sudah melakukan efisiensi Implementasi program itu sudah ada penghematan yang besar Tahun ini kan tadinya anggarannya Rp triliun turun ke Rp triliun Rp triliun Saya pikir tahun ini implementasinya akan di bawah itu di bawah Rp triliun mungkin dugaan saya jelas Purbaya hns hns,finance
Jakarta Penyaluran LPG kg alias gas melon terus meningkat Dalam waktu dekat pemerintah akan membenahi data warga yang berhak mengakses LPG bersubsidi itu Foto Bisnis Pemerintah Perkuat Database Penerima Gas Melon LPG Rabu Sep WIB Anda menyukai artikel ini Artikel disimpan,finance
PT Graha Sarana Duta TelkomProperty sebagai pengelola aset Telkom terus mendukung langkah transformasi TelkomGroup dalam melakukan optimalisasi dan leveraging asset Langkah ini bertujuan meningkatkan produktivitas menciptakan efisiensi operasional serta kontribusi yang lebih optimal dari setiap anak perusahaan Direktur Utama TelkomProperty Didit Sulistyo mengatakan saat ini TelkomProperty tengah melakukan leveraging terhadap aset yang dikelola di berbagai lokasi dengan sekitar telah berhasil dioptimalisasi Dalam pelaksanaannya TelkomProperty terbuka terhadap peluang pemanfaatan aset oleh berbagai pihak termasuk calon mitra eksternal melalui mekanisme bisnis yang wajar dan proporsional secara Business to Business dengan tetap mengedepankan prinsip tata kelola dan peraturan yang berlaku Sejalan dengan langkah tersebut PT Telkom Landmark Tower TLT anak usaha TelkomProperty selaku pengelola Gedung Graha Merah Putih GMP terus mendorong leveraging asset Upaya ini dilakukan dengan membuka peluang untuk para mitra eksternal yang akan menyewa aset gedung yang dimiliki TelkomGroup Direktur Utama TLT Suratman mengatakan sebagai salah satu entitas pengelola aset properti di lingkungan TelkomGroup optimalisasi aset merupakan bagian dari langkah leveraging asset yang sudah berjalan dalam proses bisnis perusahaannya Tentunya kami akan selalu berupaya memastikan produktivitas aset untuk dapat melayani kebutuhan TelkomGroup maupun mitra dan tenan eksternal lainnya dengan maksimal ujarnya Rencana pemanfaatan dan penyewaan ruang di Graha Merah Putih oleh Badan Gizi Nasional BGN saat ini masih dalam proses negosiasi dan pembahasan lebih lanjut serta dikoordinasikan dengan pihak terkait Kami berkomitmen menjaga kepastian dan keberlangsungan operasional para tenant yang berada di gedung tersebut Setiap proses juga akan dilakukan secara tertib dan terukur pungkas Suratman,finance
Bertanding di Court Shenzhen Arena Selasa Jonatan yang menjadi unggulan pertama di dalam turnamen BWF Super itu membutuhkan waktu menit untuk mengunci kemenangan Pada gim pertama Jonatan langsung mengamankan kemenangan dengan skor Leong Jun Hao berusaha memberikan perlawanan tetapi Jonatan mampu menjaga keunggulan dari awal hingga gim berakhir Persaingan lebih ketat terjadi pada gim kedua Jonatan akhirnya kembali menang dengan skor untuk memastikan kemenangan dua gim langsung Dengan hasil tersebut Jonatan Christie melaju dari babak besar setelah mengalahkan wakil Malaysia tersebut Di China Masters ini sendiri Indonesia memiliki empat orang wakil Selain Jonatan Christie ada tiga wakil lain dari nomor ganda Ketiganya adalah pasangan ganda putra yakni Leo Rolly Carnando Daniel Marthin Sabar Karyaman Gutama Moh Reza Pahlevi Isfahani dan Ali Faathir Rayhan Devin Artha Wahyudi Sejumlah nama lain yang sempat masuk daftar undian pekan lalu urung tampil Mereka adalah Alwi Farhan Putri Kusuma Wardani dan Fajar Alfian Muhammad Shohibul Fikri Simak juga Video Jonatan Christie Hampir Seumur Hidup untuk Bulu Tangkis Indonesia krs bay,sport
Kyrgyzstan Pemandangan udara venue VI World Nomad Games terlihat di Kyrchyn Gorge Issyk Kul Kyrgyzstan saat ajang budaya dan olahraga nomaden berlangsung Foto Sport Kyrchyn Gorge Jadi Panggung World Nomad Games Jumat Sep WIB Anda menyukai artikel ini Artikel disimpan,sport
Jakarta Kampoeng Mainan di Blok M Square menjadi tujuan berburu koleksi mainan dari action figure hingga kartu Pokmon bagi anak anak dan kolektor dewasa Foto Bisnis Berburu Mainan dan Nostalgia Masa Kecil di Kampoeng Mainan Blok M Rabu Sep WIB Anda menyukai artikel ini Artikel disimpan,finance
Tunggal putra Indonesia Jonatan Christie menelan kekalahan di ajang China Masters Pada babak kedua Jojo dikalahkan Jason Gunawan dan Di Arena Shenzhen Shenzhen Kamis pagi WIB Jojo menjalani pertandingan selama menit melawan Jason Pertarungan gim pertama berjalan sengit dan imbang sampai Setelah itu Jason tak terkejar Pemain asal Hong Kong itu akhirnya menyudahi perjuangan Jojo dengan skor Pada gim kedua Jojo juga menjalani pertarungan sengit melawan Jason Skor imbang antara Jojo dan Jason bertahan sampai Saat fase krusial Jason kembali tampil lebih prima untuk merebut kemenangan Dengan hasil ini wakil Indonesia di nomor tunggal putra China Masters pun habis Indonesia masih mempunyai beberapa wakil di nomor ganda putra Sabar Karyaman Gutama Muhammad Reza Pahlevi Isfahani Ali Faathir Rayhan Devin Artha Wahyudi dan Leo Rolly Carnando Daniel Marthin merupakan deretan pemain Indonesia yang masih berjuang,sport
Barra Ghaisan Zeinatma menunjukkan perkembangan positif pada musim debutnya di ESHARK Rok Cup Indonesia Turun di kelas Mini Rok Pembalap muda Indonesia ini mampu mengoleksi sejumlah podium setelah menjalani proses adaptasi sepanjang musim Pebalap berusia tahun yang memperkuat Avenue Rising Star Racing Team itu baru tampil mulai Round karena harus beradaptasi dengangokartbaru Pada Seri Barra finis di posisi ke sebelum meningkat ke peringkat ke pada Seri Performa Barra semakin menonjol pada Seri Ia meraih posisi kelima kategori Mini Newbie dan peringkat ketiga Mini Rok Rising Star Memasuki Seri Barra kembali naik podium dengan menjadi juara pertama kategori Mini Newbie dan runner up Mini Rok B Performa tersebut berlanjut pada Seri yang berlangsung September Ia meraih posisi kedua Mini Newbie posisi kelima Mini Rok dan posisi keempat Mini Rok Rising Star Musim pertama ini menjadi proses belajar yang sangat penting bagi Barra Setiap seri memberikan pengalaman dan tantangan baru kata ayah Barra Jeffri Ardiatma kepada awak media Jeffri juga mengingatkan Barra untuk tetap memperhatikan pendidikan Saat ini Barra tercatat sebagai siswa kelas SMP Labschool Cirendeu Yang penting juga untuk Barra agar fokus dengan sekolahnya Kami selalu berharap yang terbaik untuk Barra lanjutnya Setelah menyelesaikan musim pertamanya di kelas Mini Rok Barra diproyeksikan naik ke kelas Junior Rok pada ESHARK Rok Cup Indonesia Ia juga dijadwalkan mengikuti sejumlah seri Rok Cup Asia di Macau Malaysia dan Thailand,sport
Menteri Komunikasi dan Digital Menkomdigi Meutya Hafid mengimbau masyarakat untuk tetap tenang dan meningkatkan kewaspadaan menyusul aktivitas erupsi Gunung Anak Krakatau di Selat Sunda Ia juga meminta masyarakat memantau informasi dari sumber terpercaya Yang paling penting adalah tetap tenang tetapi jangan mengurangi kewaspadaan Masyarakat perlu mengikuti arahan dari otoritas terkait dan memastikan informasi yang diterima berasal dari sumber yang dapat dipercaya kata Meutya dalam keterangan tertulis Minggu Seperti diketahui Gunung Anak Krakatau menunjukkan aktivitas vulkanik yang sangat signifikan sejak Jumat malam dan kini statusnya berada pada Level III atau Siaga Abu vulkanik juga telah terdeteksi menyebar ke sejumlah wilayah termasuk Banten DKI Jakarta dan Jawa Barat Erupsi pun menyebabkan sejumlah penerbangan dibatalkan dan menimbulkan kekhawatiran masyarakat akibat isu potensi tsunami yang akan ditimbulkan Dentuman dan getaran yang sempat terjadi di sebagian wilayah Jawa Barat akibat aktivitas juga cukup membuat masyarakat khawatir Terkait hal ini Meutya meminta masyarakat mengikuti perkembangan aktivitas Gunung Anak Krakatau dan kondisi sebaran abu vulkanik dari sumber sumber resmi dan terpercaya terutama melalui kanal resmi pemerintah antara lain PVMBG BMKG BNPB pemerintah daerah serta instansi terkait lainnya Pastikan keakuratan informasi dari pihak pihak yang memiliki kewenangan terkait kebencanaan gunung berapi demi menghindari misinformasi atau informasi menyesatkan yang dapat menyebabkan keresahan ungkapnya Lebih lanjut Meutya mengingatkan masyarakat untuk tidak menyebarkan informasi yang belum terverifikasi kebenarannya terkait kondisi Gunung Anak Krakatau Dalam situasi seperti ini informasi yang tidak benar dapat menimbulkan kepanikan Karena itu saring sebelum sharing Pastikan informasi yang kita terima berasal dari sumber resmi dan dapat dipertanggungjawabkan tegas Meutya Meutya pun mendorong masyarakat agar tetap tenang namun juga meningkatkan kewaspadaan khususnya bagi warga yang tinggal di dekat dan yang wilayahnya turut terdampak abu vulkanik Tetap waspada tetap tenang dan jangan mudah percaya pada informasi yang belum jelas sumbernya dari mana jelasnya Sementara bagi masyarakat yang berada di wilayah terdampak abu vulkanik Meutya mengimbau untuk melakukan sejumlah langkah demi menjaga keselamatan dan kesehatan Pertama gunakan masker yang tepat apabila harus beraktivitas di luar rumah seperti masker atau untuk membantu menyaring partikel abu vulkanik Kedua gunakan kacamata pelindung dan hindari penggunaan lensa kontak atau softlens selama kondisi udara masih dipengaruhi abu vulkanik Ketiga kurangi aktivitas di ruang terbuka Apabila tidak ada keperluan mendesak masyarakat disarankan untuk tetap berada di dalam ruangan dan membatasi paparan abu vulkanik Keempat bagi masyarakat yang harus berkendara kurangi kecepatan dan tingkatkan kewaspadaan Abu vulkanik dapat mengurangi jarak pandang dan membuat permukaan jalan menjadi licin Kelima cuci tangan dan wajah setelah beraktivitas di luar ruangan serta pastikan sumber air bersih terlindungi dari paparan abu Selain itu Meutya mengimbau masyarakat wisatawan dan nelayan untuk tidak mendekati kawasan Gunung Anak Krakatau atau melakukan aktivitas dalam radius kilometer dari kawah aktif sesuai rekomendasi PVMBG Keselamatan adalah yang utama Tidak perlu panik namun tetap selalu waspada dan menjaga keselamatan serta kesehatan pungka Meutya komdigi sls,sport
KONI DKI Jakarta terus mempersiapkan diri jelang PON Salah satunya dengan menjadi tuan rumah PON Pantai bulan November Dalam rangka mewujudkan misi menjadi juara umum PON KONI DKI bersama Dinas Pemuda dan Olahraga Dispora DPRD dan pengurus cabor terus berkolaborasi mematangkan persiapan Terdekat kolaborasi itu akan terwujud dalam pelaksanaan Pekan Olahraga Nasional PON Pantai yang digelar di Ancol Jakarta bulan November Ajang nasional perdana ini merupakan kolaborasi KONI Pusat Pemprov DKI KONI DKI Jakarta dan PT Pembangunan Jaya Ancol Ketua Umum KONI Provinsi DKI Jakarta Hidayat Humaid mengatakan PON Pantai tidak hanya menjadi ajang meningkatkan prestasi olahraga tetapi juga diharapkan mampu menggerakkan perekonomian masyarakat khususnya UMKM di sekitar kawasan Ancol Hal itu disampaikan Hidayat dalam press gathering media bertema Bergerak Untuk Jakarta Juara di Jakarta Kamis Turut hadir Kepala Dinas Pemuda dan Olahraga Dispora DKI Jakarta Andri Yansyah Sekretaris Umum KONI DKI Aminulah Wakil Ketua Umum I Fatchul Anas dan Wakil Ketua Umum V Anondo Eko juga Bendahara Umum Hadameon Aritonang PON Pantai bukan hanya soal prestasi Kami ingin kegiatan olahraga nasional ini ikut menggerakkan ekonomi masyarakat dan UMKM di sekitar lokasi ujar Guru Besar Fakultas Ilmu Keolahragaan dan Kesehatan FIKK Universitas Negeri Jakarta UNJ ini dalam keterangan kepada media Hidaya mengungkapkan Bergerak Untuk Jakarta Juara adalah komitmen KONI DKI untuk mewujudkan harapan warga Jakarta yang merindukan menjadi Juara Umum PON KONI terus bergerak dan ini menjadi PR dan tantangan kita bersama untuk mewujudkan juara umum sambungnya PON Pantai Ancol akan mempertandingkan cabang olahraga dengan disiplin yakni Akuatik Bola Basket Bola Voli Pantai Bola Tangan Pantai Layar Modern Pentathlon Rugby Pantai Selam Laut Teqball dan Triathlon KONI DKI Jakarta akan gelar PON Pantai di Ancol bulan November Foto dok KONI DKI Kami sudah melakukan visitasi PON Pantai Ancol antara KONI Pusat Dispora KONI DKI bersama cabor telah dilakukan peninjauan lokasi pertandingan atau veneu tegas Waketum I KONI DKI Jakarta Fatchul Anas Anas menjelaskan Pantai Festival menjadi lokasi Akuatik Renang Perairan Terbuka dan Selam Laut Lalu Kawasan Lagoon digunakan untuk Bola Voli Pantai dan Layar Adapun Beach City International Stadium BCIS menjadi venue Triathlon Teqball Bola Tangan Pantai dan Bola Basket Untuk Beach Pool untuk Rugby Pantai Modern Pentathlon dan Akuatik Polo Air Venue ini sementara sudah disepakati demikian Anas,sport
Banyak orang urung coba yoga karena mikir harus lentur dulu atau paham semua gerakan sejak awal Padahal yoga itu soal proses bukan soal siapa yang paling jago pose susah dan justru kelas outdoor jadi tempat paling santai buat memulai Ground and Grow Yoga membuka kelas yang ramah untuk pemula digelar di Cipayung Jakarta Timur pada Minggu September pukul WIB sampai WIB Suasana outdoor yang santai bikin siapa pun tidak perlu takut salah gerakan atau merasa dinilai orang lain Kelas ini fokus ke mindful movement jadi peserta diajak menyelaraskan napas dengan gerakan pelan pelan tanpa tekanan buat langsung sempurna Cocok buat kamu yang selama ini cuma nonton video yoga di media sosial tapi belum berani coba langsung Persiapannya juga simpel Peserta cukup membawa yoga mat sendiri dan pakaian olahraga yang nyaman dipakai gerak Disarankan juga bawa tumbler handuk dan sunglasses supaya makin nyaman selama sesi berlangsung di ruang terbuka Setiap peserta bakal dapat goodie bag saat registrasi di venue jadi ada bonus tambahan selain pengalaman yoga itu sendiri Selain jadi ajang olahraga ringan momen ini juga bisa jadi cara buat ketemu orang baru dengan minat yang sama soal wellness dan gaya hidup lebih sadar diri Kamu juga tidak perlu mikirin peralatan mahal karena modal utama cuma niat dan yoga mat sendiri Kalau selama ini alasan kamu belum mulai yoga cuma karena takut salah gerakan atau merasa belum siap kelas ini didesain justru buat kamu yang masih di titik itu Instruktur akan memandu step by step tanpa buru buru Jangan biarkan rasa ragu bikin kamu terus menunda langsung amankan slotmu di detikevent sekarang juga,sport
Bali jadi tuan rumah turnamen catur level internasional akhir Oktober Tak sekadar adu tangkas turnamen ini juga bertujuan menggenjot pariwisata Pulau Dewata Turnamen ini bernama Catur Bali Fide Rated Kapal Api Chess Festival yang digelar di Hotel Ululani Uluwatu Bali Oktober sampai November Ajang ini digagas oleh Ketua Umum Pengurus Cabang Persatuan Catur Seluruh Indonesia Pengprov Percasi Kabupaten Muna Sulawesi Tenggara Jalaluddin Madjinuhu yang mendapat dukungan dari PB Percasi dan klub Jayakarta Muda Jakarta Bakal ada total hadiah RP juta di mana Rp juta akan diberikan kepada sang juara Sejauh ini sudah ada peserta yang berencana mengikuti ajang itu baik dari dalam maupun luar negeri Dari Indonesia baru atlet atlet Jawa Timur Bali Sulawesi Tenggara Nusa Tenggara Barat dan Nusa Tenggara Timur yang mendaftar Menurut Jalaludin jumlah peserta yang cukup banyak ini sesuai dengan daya tampung Ballroom Hotel Ululani Bali yang akan menjadi arena pertandingan Diharapkan nantinya para peserta telah lolos persyaratan sesuai peraturan FIDE Saat ini sekitar calon peserta sudah bersurat kepada FIDE untuk mengikuti turnamen ini Dari dalam negeri sendiri beberapa daerah sudah konfirmasi kepada saya seperti dari Jawa Timur sebanyak pecatur Bali pecatur Sulawesi Tenggara pecatur serta dari NTT dan NTB ujar Jalaludin dalam rilis kepada detikSport Karena turnamen pertama ini berkategori challenger maka pesertanya adalah pecatur yang memiliki elo rating di bawah sambungnya Ketum Percasi Kabupaten Muna Jalaluddin Madjinuhu Foto Istimewa Lebih lanjut pemilihan Pulau Bali sebagai tempat penyelenggara agar turnamen catur level international tidak hanya berlangsung di Pulau Jawa saja Ini juga bisa berdampak positif bagi pariwisata Bali selama turnamen berlangsung Pemilihan Bali selain sebagai destinasi wisata juga karena letaknya di tengah tengah hingga para peserta dari Pulau Kalimantan Sulawesi serta dari Indonesia Bagian Timur lainnya bisa ikut ambil bagian papar Jalaludin Selama ini turnamen catur bertaraf international atau FIDE Rated di Indonesia hanya ada satu kali Dengan digelarnya turnamen Kapal Api Chess Festival maka jumlah turnamen bertaraf international di Tanah Air diharapkan semakin banyak Jadi tak usah jauh jauh ke luar negeri untuk mencari poin elo rating sebaliknya bagi peserta dari luar negeri juga bisa sekalian berlibur di Bali Jika turnamen pembuka ini sukses ke depannya akan dijadikan kalender tetap tiap tahunnya dan titelnya akan berubah menjadi open demikian Jalaludin,sport
Demam olahraga lari terus menjalar ke kalangan selebritas Salah satu yang kini menggemari olahraga tersebut adalah Fanny Ghassani Setelah dua kali menjajal race Fanny kini naik level Sports enthusiast itu akan menjalani debut di nomor RunXperience yang digelar pada awal Oktober Saya lari sudah sudah jadi habis itu saja Ini perdana bagi saya ikut di nomor tersebut kata Fanny saat ditemui di kawasan Semanggi Rabu Bagi Fanny menjadi langkah sebelum nantinya mencoba Half Marathon atau Full Marathon Namun dia belum memasang target waktu dan memilih menikmati perlombaan ada target Saya kalau lari inginnya menganggap lari sesuatu yang fun Tidak pernah ada target Saya belum sampai di tahap misalnya lari harus satu jam dia mengungkapkan Kesibukan sebagai artis menjadi salah satu alasan Fanny tidak bisa memiliki waktu latihan yang teratur seperti pelari yang serius menekuni olahraga tersebut Daripada saya terbebani dengan berapa waktu yang akan saya capai nanti lebih baik yang penting larinya fun Karena mengingat waktu latihan itu juga akan bisa sama mereka yang serius lari Kerjaan kita kan tidak pekerja kantoran pada umumnya kata Fanny Fanny Ghassani Mulai Serius Lari karena Hyrox Kegemaran Fanny terhadap lari juga didorong kebutuhannya meningkatkan kemampuan fisik untuk mengikuti Hyrox kompetisi kebugaran yang memadukan lari dan latihan fungsional Sadar membutuhkan fisik yang lebih kuat untuk Hyrox Fanny mau tak mau menambah latihan khususnya dalam program lari Dia bahkan sudah dua kali menjajal race untuk meningkatkan kemampuan fisiknya Sebenarnya dari dulu aku penasaran kenapa tidak bisa lari Karena kok aku bisa suka lari di saat semua orang suka lari tuturnya Sampai akhirnya aku seriusi lari karena hyrox Di hyrox itu aku harus delapan kali lari delapan kali station jadi mau mau aku harus belajar bagaimana caranya lari cepat Di situ lah aku memaksa diri lari Jadi kalau ditanya siapa yang ajak lari ada dari diri sendiri saja Kalau tak latihan lari aku pasti KO Sebab habis lari lalu narik jadi harus di combine tegasnya Fanny Tak Mau Ngoyo Meski kini mulai serius berlari selebritas berusia tahun itu tidak ingin terlalu ngoyo dalam mengikuti kompetisi lari terutama dalam mengejar catatan waktu Fanny menyadari tujuan utama olahraga yang dilakukannya adalah menjaga kebugaran dan kesehatan Aku ekspetasinya berdampak pada hyrox tapi lebih dari itu lari buat kesehatan otot jantung Sementara angkat beban lebih ke tulang otot yang dibentuk Jadi aku juga perlu latihan untuk cardionya Jadi aku mau ujarnya Tapi aku tak mau memaksakan diri mengingat aku bukan atlet atau waktu aku Ini bukan pekerjaan aku ya sadar diri saja Jadi pace santai santai tapi pelan kencang juga pungkasnya RunXperience Digelar di Dua Kota RunXperience digelar di dua kota Setelah Surabaya pada Juli gelaran tersebut akan berlanjut di Jakarta pada Oktober Di Surabaya RunXperience digelar di kawasan Balai Kota Surabaya dan diikuti peserta Ajang tersebut mempertandingkan kategori dan Sementara di Jakarta kategori yang tersedia adalah Fun Run dan atau Half Marathon mcy krs,sport
Asosiasi Lari Trail Indonesia ALTI DKI Jakarta akan menggelar Jakarta Vertical Run Apa itu Mengambil tema Tantangan Urban dan Keberlanjutan Lingkungan ALTI DKI bekerjasama dengan Cakrawala Jakarta Kreatif selaku penyelenggara yang didukung juga oleh Geely sebagai sponsor utama dan Fortesport menggelar ajang tower running bertaraf internasional Perlombaan lari naik tangga ini dihelat Minggu November di Autograph Tower Kompleks Thamrin Nine Jakarta Pusat Thamrin Nine merupaka gedung tertinggi di Jakarta dan tercatat sebagai gedung tertinggi di belahan bumi selatan dengan ketinggian meter Para peserta akan menantang fisik dan mental dengan menaklukkan kurang lebih anak tangga di gedung lantai itu Ketua Umum ALTI DKI Jakarta Eko Putro Hadi Prasetyo menyampaikan bahwa ajang ini memberikan sensasi olahraga urban yang berbeda dari road run pada umumnya Lomba dimulai pukul WIB agar para pelari tercepat berkesempatan menikmati momen matahari terbit di langit Jakarta saat mencapai puncak Kami percaya olahraga urban seperti ini akan memberikan tantangan dan sensasi yang berbeda bagi pesertanya Semoga saja akan tercipta persaingan yang menarik antarpeserta ujar Eko Putro dalam jumpa pers Kamis Asosiasi Lari Trail Indonesia ALTI DKI Jakarta akan menggelar Jakarta Vertical Run Foto dok ALTI DKI Jakarta Start dilakukan dengan sistem wave yang terbagi menjadi empat gelombang wave untuk kategori Elite Atlet dan wave untuk kategori Open masing masing dilepas lima peserta setiap detik sementara wave dan wave dilepas setiap satu menit Hingga kini tercatat pelari dari negara siap bersaing di tiga kategori utama Elite Tower Running Senior dan Master Ajang lari naik tangga gedung bertingkat tinggi seperti ini telah lazim diselenggarakan di berbagai kota dunia dan diminati karena tingkat kesulitannya yang berbeda dari lomba lari di jalan raya pada umumnya Keterlibatan Geely sebagai sponsor utama memperkuat sinergi antara gaya hidup aktif dan komitmen keberlanjutan lingkungan green mobility melalui penerapan konsep eco friendly event Penyelenggara juga menaruh perhatian penuh pada keselamatan keamanan dan kenyamanan peserta dengan menyiagakan tenaga kesehatan paramedis ambulans serta rumah sakit rujukan apabila terjadi keadaan darurat selama lomba berlangsung Ajang ini sekaligus menjadi momen strategis menyongsong peringatan tahun Kota Jakarta pada Panitia berharap penyelenggaraan Jakarta Vertical Run dapat kembali digelar tahun depan dengan skala lebih besar Kepala Dinas Pemuda dan Olahraga Provinsi DKI Jakarta Andri Yansyah mendukung penuh kegiatan ini Selain berfungsi sebagai tolok ukur pembinaan prestasi atlet Jakarta Vertical Run juga didorong sebagai ajang sport tourism dan rekreasi bergengsi di mana para peserta dapat menikmati keindahan lanskap Kota Jakarta dari titik tertinggi Jakarta Vertical Run nanti bakal jadi penyelenggaraan Vertical Running pertama di gedung tertinggi di Indonesia dengan jumlah peserta terbanyak yang berpotensi mendapatkan rekor MURI Khusus bagi pelari kategori Elite Vertical Running mereka akan memperoleh poin skor yang dapat menaikkan peringkat mereka di klasemen atlet vertical run internasional,sport
Timnas basket putra Indonesia masuk grup neraka di Asian Games CdM Todotua Pasaribu optimistis Timnas basket putra Indonesia melakoni persiapan akhir sebelum terbang ke Jepang mengikuti Asian Games Ketua Umum Persatuan Bola Basket Seluruh Indonesia Perbasi Budi Djiwandono datang langsung ke latihan untuk melepas sekaligus memberi semangat Kami hadir bukan hanya untuk melihat tetapi juga memberikan semangat kata Budi bersama CdM Todotua Pasaribu di kawasan Jakarta Selatan Sabtu Bagaimana pun lolosnya Indonesia ke Asian Games adalah rezeki karena ada slot yang terbuka Kita ketahui bersama tadinya timnas putra belum terkualifikasi untuk Asian Games Namun karena kemarin ada slot yang terbuka akhirnya Indonesia bisa berkompetisi ujarnya Di Asian Games Aichi Nagoya Indonesia berada di grup neraka bersama Jepang Korea Selatan dan Arab Saudi Namun Budi meminta semangat atletnya tetap menyala Kami tahu bahwa perjuangan ini tidak mudah dan tim tim yang akan mereka hadapi adalah tim tim hebat dari Asia Namun saya yakin dengan pengalaman yang ada beberapa atlet sudah memiliki pengalaman yang cukup panjang dan diperkuat dengan bibit bibit muda saya rasa ini merupakan kombinasi yang baik untuk menghadapi tim tim tersebut kata Budi Kami yakin Tadi kami juga menitipkan kepada pelatih dan para atlet untuk memberikan yang terbaik Kami ingin mereka berkompetisi sebagus bagusnya Kita doakan mereka bisa memberikan hasil yang terbaik tegasnya Sementara itu CdM Todotua Pasaribu memastikan Timnas basket putra menjadi delegasi pertama Indonesia yang akan berangkat ke Negeri Matahari tersebut Mereka akan terbang pada Senin dan mulai bertanding pada September Harapannya tim basket kita ini bisa menjadi endorsement yang positif Jadi ketika nanti pembukaan kita yakin dan percaya tim basket kita sudah bisa memberikan yang terbaik sehingga pada saat pembukaan Asian Games pun kita sudah punya kabar yang baik kata Todotua Todotua mengaku sudah kali meninjau tim ini Sebagai bagian dari keluarga besar Perbasi ia punya keyakinan tinggi Kita yakin dan percaya ini momentum yang harus kita manfaatkan betul betul Harapannya dari sisi atlet saya sendiri punya keyakinan bahwa tim ini bisa membawa pulang medali nanti ujarnya Persiapan di sana mereka nanti akan masuk ke kompleks Athlete Village sebagai persiapan Kami dari CDM juga akan memberikan dukungan dan backup Pada saat mereka masuk official team dari CDM juga sudah akan stand by tegas Todotua mcy aff,sport
Marc Marquez masih harus beradaptasi dengan kondisi lengan kanan yang jauh dari normal Dokter yang pernah mengoperasinya Samuel Antuna mengungkap kekuatan lengan tersebut kini hanya sekitar persen menjelaskan kondisi itu merupakan dampak dari berbagai cedera dan operasi yang dijalani Marc Kecelakaan di MotoGP Indonesia tahun lalu menjadi titik balik karena kembali memperburuk kondisi lengan kanannya Sebelum kecelakaan di Indonesia dia baik baik saja Dia bisa balapan tidak merasakan sakit dan tidak mengeluhkan apa pun Kecelakaan itu mengubah semuanya kata Antuna kepada El Periodico yang dilansir Motosan Masalah Marc kemudian semakin rumit karena saraf radial di lengannya sempat tertekan serpihan tulang Kondisi itu membuatnya kehilangan kendali atas lengan saat berada dalam posisi tertentu di atas motor dan berkontribusi terhadap sejumlah kecelakaan Setelah menjalani operasi untuk mengatasi masalah tersebut kondisinya membaik Namun kekuatan lengan kanannya tetap jauh di bawah lengan kiri Dia memiliki latissimus dorsi yang kuat tetapi secara mekanis terganggu Hal yang sama berlaku pada teres major Namun masalah utamanya adalah dia kehilangan kekuatan pada bisep ujar Antuna Lengan itu sangat terbatas dalam hal kekuatan terutama pada bisep Saya memperkirakan kekuatannya sekitar persen dari kapasitasnya lanjutnya Antuna menegaskan Marc tidak kehilangan otot Namun sejumlah otot seperti trisep latissimus dorsi teres major dan pektoralis mayor terdampak berbagai operasi sehingga mengalami perubahan dan sedikit atrofi Kondisi tersebut membuat lengan kanan Marc tidak memiliki kekuatan yang sama dengan lengan kirinya Meski begitu pebalap Ducati itu mampu beradaptasi dengan keterbatasan fisiknya dan tetap kompetitif di MotoGP,sport
Komisi XI DPR RI mendorong perluasan lingkup penindakan pidana dalam Rancangan Undang Undang RUU Perampasan Aset Dalam usulan tersebut perampasan aset didorong tidak hanya untuk tindak pidana korupsi tetapi juga kejahatan di sektor perbankan dan perpajakan Menanggapi hal tersebut Menteri Keuangan Menkeu Purbaya Yudhi Sadewa mengaku belum mengetahui dan membahas rancangan RUU tersebut Adapun saat ini RUU Perampasan Aset masih dalam tahap penyusunan di DPR Saya belum tau dan belum bahas itu saya bisa jawab ungkap Purbaya di kawasan Sunter Jakarta Utara Selasa Meski begitu Purbaya tak menutup kemungkinan adanya perluasan penindakan RUU Perampasan Aset ke sektor perpajakan Namun ia menekankan perlu ada batasan penerapan sanksi perampasan aset agar tetap menjaga prinsip keadilan Mungkin bisa tapi jangan sekali melanggar langsung diambil semua Harus ada asas asas keadilan juga mungkin kalau sudah berkali kali ya bisa atau dengan sengaja melakukan itu untuk mengelabui pajak bisa saja jelasnya Ia menegaskan asas keadilan perlu dikedepankan agar tidak membebani masyarakat Pasalnya terdapat juga rakyat yang kadang kala lupa untuk membayar pajak Jadi kita terapkan prinsip keadilan yang betul nanti Kalau itu diterapkan pun Harus ada rambu rambu yang jelas Jadi gini jangan sampai menyulitkan Rakyat biasa yang kadang kadang lupa atau lalai pungkasnya Sebagai informasi Anggota Komisi XI DPR Harris Turino menegaskan RUU Perampasan Aset tak boleh hanya menyasar tindak pidana korupsi Ia mendorong aturan tersebut bisa diterapkan terhadap seluruh tindak pidana termasuk kejahatan di sektor perbankan dan perpajakan Menurutnya sejumlah tindak pidana juga perlu dijerat dengan mekanisme perampasan aset Di antaranya perdagangan orang narkotika senjata hingga perdagangan organ Termasuk perdagangan orang perdagangan narkotika perdagangan senjata perdagangan organ Perbankan perpajakan Enak amat orang gelapin pajak bisa disita ujar Harris dalam keterangannya dikutip dari detikNews Sabtu Tonton juga video Pesan Advokat untuk DPR Terkait RUU Perampasan Aset ahi ara,finance
Sabar Karyaman Gutama Moh Reza Pahlevi Isfahani lolos ke babak besar China Masters Mereka menyingkirkan wakil Korea Kang Min Hyuk Ki Ju lewat kemenangan straight game Sabar Reza menghadapi Kang Ki di Shenzhen Arena Guangdong Rabu sore WIB Mereka butuh waktu menit untuk menyudahi perlawanan Kang Ki Pertandingan berjalan ketat sejak awal gim pertama Sabar Reza hanya unggul atas Kang Ki saat interval Selepas interval Kang Ki berbalik unggul dan Sabar Reza lebih banyak dalam posisi mengejar Dalam posisi tertinggal Sabar Reza merebut tiga angka beruntun untuk menyalip Meski Kang Ki bisa menyamakan kedudukan Sabar Reza lebih tenang di poin poin krusial Mereka merebut tiga angka beruntun untuk mengamankan gim pertama Sabar Reza tampil lebih dominan pada gim kedua Unggul Sabar Reza tak membiarkan Kang Ki mengembangkan permainan Sabar Reza terus menjaga keunggulan dan mengunci kemenangan dengan skor Pada babak besar Sabar Reza akan menghadapi wakil Denmark Daniel Lundgaard Mads Vestegaard,sport
Jakarta International akan memasuki edisi ke tahun ini Spesialnya adalah event ini digelar bersamaan dengan perayaan Hari Olahraga Nasional Setelah sukses rangkaian Milo Activ Indonesia Race di Yogyakarta Medan Bandung dan Surabaya yang diikuti lebih dari peserta maka akan digelar acara puncak berupa ajang lari Jakarta International Minggu Diselenggarakan di Gelora Bung Karno Jakarta Minggu ajang lari ini akan diikuti sekitar peserta yang akan berpartisipasi dalam empat kategori yaitu Open Closed dan Family Run Untuk edisi kali ini akan bertepatan dengan perayaan Haornas yang jatuh pada September Menteri Pemuda dan Olahraga Republik Indonesia Erick Thohir mengapresiasi Nestle Milo yang terus berkomitmen menggelar ajang Jakarta ini Sebab ini jadi wujud nyata perusahaan itu dalam upaya menyehatkan kehidupan bangsa lewat ekosistem olahraga Mewujudkan masyarakat Indonesia yang lebih sehat dan aktif melalui olahraga memerlukan kolaborasi yang kuat dari berbagai pihak Apresiasi kami atas komitmen Nestle Milo yang secara konsisten menghadirkan program dan kegiatan yang mendukung partisipasi masyarakat dalam olahraga termasuk melalui Milo Activ Indonesia Race Jakarta International Inisiatif ini sejalan dengan upaya bersama untuk membudayakan olahraga di tengah masyarakat Ke depan kami berharap sinergi antara pemerintah sektor swasta komunitas dan masyarakat dapat terus diperkuat untuk membangun ekosistem olahraga yang semakin inklusif berkelanjutan dan berdampak positif bagi Indonesia ujar Erick dalam rilis kepada detikSport Sebagai Brand yang berkomitmen mendorong gaya hidup aktif Nestle Milo menyadari pentingnya peran olahraga dalam membantu masyarakat menjaga kesehatan sekaligus membangun nilai nilai karakter positif dalam kehidupan Setelah sukses menyelenggarakan rangkaian MILO ACTIV Indonesia Race di empat kota kami sangat antusias membawa semangat ini ke Ibu Kota melalui MILO ACTIV Indonesia Race Jakarta International Kami berharap ajang ini dapat menginspirasi masyarakat dari berbagai usia dan latar belakang untuk terus aktif menikmati olahraga serta membawa semangat EnergiTanpaBatas ke dalam kehidupan sehari hari ujar Marketing Manager Beverages Confectionery Business Unit PT Nestle Indonesia Alaa Shaaban Seperti biasa Jakarta International menghadirkan kategori Open yang terbuka bagi pelari Indonesia maupun peserta dari berbagai negara di dunia Kehadiran peserta internasional menegaskan komitmen dalam menghadirkan wadah olahraga yang inklusif yang mempertemukan masyarakat melalui semangat yang sama terhadap olahraga lari dan gaya hidup aktif Melalui Jakarta International Nestle Milo ingin mendorong partisipasi masyarakat yang lebih luas dalam olahraga sekaligus berkontribusi dalam memperkuat posisi Jakarta sebagai salah satu destinasi yang dinamis bagi penyelenggaraan ajang olahraga internasional Bagi saya lari bukan hanya tentang jarak atau kecepatan tetapi juga tentang konsistensi keberanian untuk menantang diri sendiri dan komunitas yang saling mendukung Milo Activ Indonesia Race Jakarta International menjadi kesempatan yang menarik karena mempertemukan pelari dengan berbagai latar belakang termasuk pelari internasional Saya berharap semakin banyak masyarakat yang terinspirasi untuk mulai berlari dan menjadikan olahraga sebagai bagian dari gaya hidup mereka papar penggiat olahraga lari Shanada Jzen Untuk tahun ini Kementerian Pemuda dan Olahraga Kemenpora dan Nestle Milo berkolaborasi mendukung Indonesia Sports Summit ISS sebuah wadah olahraga berskala nasional yang mempertemukan para pemangku kepentingan olahraga untuk memperkuat kolaborasi dan mendorong kemajuan ekosistem olahraga di Indonesia Race Pack Collection RPC Jakarta akan diselenggarakan selama ISS yang bertujuan membangun antusiasme dan mempererat koneksi antara pelari komunitas olahraga serta pemangku kepentingan menjelang hari perlombaan Baca juga Ketika Lari Kuliner dan Musik Dipadukan,sport
Badan Pemulihan Aset BPA Kejaksaan Agung Kejagung mengungkap temuan sebanyak juta metrik ton nikel tak bertuan di Sulawesi Tengah Nikel tersebut ditemukan dari hasil penyidikan dan kini tengah diproses untuk nantinya dilelang Kepala BPA Patris Yusrian Jaya menjelaskan saat ini pihaknya masih mengurus penetapan nikel tersebut sebagai barang temuan melalui pengadilan Setelah mendapatkan penetapan penyelesaian aset akan dilakukan melalui mekanisme lelang Misalnya sekarang ini di Sulawesi Tengah itu dari hasil penyidikan ada nikel yang tidak bertuan sebanyak juta metrik ton yang sekarang ini lagi proses penetapan barang temuan ke pengadilan Selanjutnya begitu nanti ada penetapan sebagai barang temuan akan segera kami lakukan penyelesaian melalui mekanisme lelang kata Patris dalam rapat dengan Komisi III DPR RI di Kompleks Parlemen Jakarta Selasa Sayangnya Patris belum mengungkap potensi nilai pasti dari nikel tersebut Selain di Sulawesi Tengah Kejaksaan juga menangani komoditas nikel di Sulawesi Tenggara Namun belum dirinci jumlah maupun nilai nikel yang berada dalam proses tersebut Sejumlah komoditas lainnya juga tengah ditangani salah satunya batu bara di Kalimantan yang kini berada dalam proses lelang Sementara itu komoditas lada di Bangka Belitung telah berhasil dilelang dengan nilai Rp miliar Kemudian di Sulawesi Tenggara ada nikel di Kalimantan sedang proses lelang batu bara kemarin ada lada di Bangka Belitung baru terjual Rp miliar dan banyak aset aset lain yang memiliki nilai ekonomis tinggi yang sekarang masih dalam proses tutup Patris Adapun BPA berhasil menyetorkan Rp triliun ke kas negara dalam tiga tahun terakhir Dana tersebut berasal dari hasil penyelesaian aset termasuk pelelangan aset yang dirampas untuk negara Dalam kurun waktu tersebut BPA telah menyelesaikan sebanyak aset Penyelesaiannya dilakukan melalui sejumlah mekanisme mulai dari pelelangan pemusnahan hingga penyerahan aset kepada pihak yang berhak seperti dalam kasus investasi bodong Tonton juga video Kejagung Pamerkan Uang Rp M Hasil Sitaan Korupsi Nikel PT CNI acd acd,finance
Badan Pemulihan Aset BPA Kejaksaan Agung mengungkap sejumlah kendala yang menghambat proses pemulihan aset negara Salah satunya adalah perbedaan persepsi terkait penetapan status barang temuan yang membuat proses eksekusi aset menjadi lambat Kepala BPA Patris Yusrian Jaya mengatakan perbedaan tersebut masih ditemukan antara pihaknya dengan pengadilan Persoalan muncul ketika BPA hendak mendapatkan penetapan status atas barang temuan sebelum aset tersebut dapat dieksekusi Kendala yang dihadapi oleh Badan Pemulihan Aset ini yang pertama mengenai status barang temuan masih ada di lapangan perbedaan persepsi dengan teman teman di pengadilan tentang penetapan status barang temuan sehingga ini eksekusinya terlambat atau bahkan tidak bisa diselesaikan sama sekali kata Patris dalam rapat bersama Komisi III DPR RI di kompleks parlemen Selasa Ia juga mengungkap aset rampasan negara yang masuk proses lelang tercatat tidak laku karena tak kunjung mendapatkan penawar Patris menyebut tingginya nilai limit menjadi salah satu penyebab aset tersebut sulit terjual Harga aset rampasan selama ini dinilai berdasarkan harga pasar seperti barang pada umumnya Namun peserta lelang cenderung memburu aset rampasan dengan harapan bisa mendapatkannya di bawah harga pasar Penentuan limit ini kadang kadang terlalu tinggi barang barang rampasan ini dinilai seperti barang barang pada umumnya nilai pasarnya Sementara bagi pembeli yang diharapkan dari lelang ini salah satunya adalah karena harganya lebih murah Akibatnya pada waktu lelang sekian persen rata rata barang yang dilelang ini tidak ada penawar ungkapnya Patris menambahkan aturan Kementerian Keuangan mengatur penilaian ulang terhadap barang tersebut baru dapat dilakukan tiga bulan kemudian Selama menunggu proses penilaian ulang negara masih harus menanggung biaya pengelolaan dan pemeliharaan barang rampasan Bahkan setelah harga limit diturunkan pada lelang berikutnya belum ada jaminan barang tersebut akan terjual Kondisi tersebut pada akhirnya menyebabkan penumpukan aset rampasan yang belum dapat diselesaikan melalui mekanisme lelang BPA juga menghadapi kendala dalam melelang kendaraan bermotor yang berasal dari sita eksekusi Salah satunya terkait penerbitan surat baru kendaraan setelah barang tersebut dijual Kepolisian mensyaratkan putusan pengadilan untuk menerbitkan surat kendaraan baru Sementara putusan pengadilan yang dimiliki dalam sejumlah perkara hanya mengatur kewajiban terpidana membayar uang pengganti secara umum Putusan pengadilan yang kita pegang hanya secara umum memberikan kewajiban kepada terpidana untuk membayar uang pengganti dan untuk menyelesaikan kewajiban Ini kami melakukan penyitaan jika penyitaan ini dilakukan untuk kendaraan bermotor maka di sini mengalami kesulitan karena belum adanya kesinkronan antara aturan di Kepolisian di Keuangan dengan di Kejaksaan tutupnya Meski begitu BPA tercatat berhasil menyetorkan Rp triliun ke kas negara dalam tiga tahun terakhir Dana tersebut berasal dari hasil penyelesaian aset termasuk pelelangan aset yang dirampas untuk negara Dalam kurun waktu tersebut BPA telah menyelesaikan sebanyak aset Penyelesaiannya dilakukan melalui sejumlah mekanisme mulai dari pelelangan pemusnahan hingga penyerahan aset kepada pihak yang berhak seperti dalam kasus investasi bodong Adapun capaian kinerja Badan Pemulihan Aset tiga tahun terakhir ini semenjak BPA ini dibentuk telah berhasil menyelesaikan dalam bentuk melakukan lelang dan menyetor ke kas negara memusnahkan kemudian melelang dan menyerahkan kepada para pihak yang berhak seperti dalam kasus investasi bodong sebanyak aset sebut Patris ily acd,finance
Perdana Menteri PM Singapura Lawrence Wong berencana menyumbangkan seluruh kenaikan gajinya selama lima tahun ke depan Hal ini ia lakukan sebagai bentuk komitmen terhadap gagasan tentang revisi gaji politik adalah demi kepentingan negara Gaji tahunan Wong akan naik menjadi US juta atau sekitar Rp miliar kurs Rp dari sebelumnya US juta atau sekitar Rp Gaji tersebut sudah termasuk bonus Jika diakumulasi Wong akan menyumbangkan gajinya sekitar US juta atau sekitar Rp miliar per tahun Gaji PM Singapura ditetapkan dua kali lipat dari patokan gaji menteri tingkat pemula yang akan direvisi menjadi US juta dari US juta Pemerintah akan terus membayar saya gaji yang telah ditetapkan dalam kerangka kerja yang ada begitulah cara sistem kita bekerja Kemudian saya akan menyumbangkan kenaikan gaji tersebut untuk tujuan amal yang sesuai kata Wong dikutip dari The Straits Times Rabu Ia mengatakan keputusan tersebut menjadi bagian dari usulan komite peninjau untuk menaikkan gaji para pemegang jabatan politik di Singapura termasuk semua menteri dan PM Namun untuk jabatan PM tidak menerima bonus kinerja dan hanya mendapatkan bonus nasional Wong juga mengaku tidak mendorong pejabat politik lainnya untuk mengikuti langkahnya Pada umumnya saya tidak percaya pada praktik mempertontonkan pemberian amal di depan umum Namun meskipun kerangka gaji merupakan keputusan Kabinet sebagai Perdana Menteri saya memikul tanggung jawab utama atas hal itu Jadi saya ingin menjelaskan bagaimana saya secara pribadi akan menangani kenaikan ini dan mengapa saya mengambil langkah perubahan ini karena saya percaya ini demi kepentingan Singapura katanya Wong mengatakan dirinya akan mengevaluasi kembali posisinya setelah lima tahun dengan mempertimbangkan kondisi yang ada saat itu Menurutnya meski ingin terus mendukung tujuan tujuan yang baik ia tidak ingin membuat komitmen publik tanpa batas waktu Ia juga tak ingin langkahnya justru menimbulkan anggapan bahwa perdana menteri berikutnya harus mengikuti pilihannya Simak juga Video Peringatan PM Singapura untuk Negara di Dunia Kenali Bahaya,finance
Jorge Martin tak gentar melihat Marc Marquez semakin mendekat di klasemen MotoGP Pebalap Aprilia itu menegaskan tetap siap melawan sang juara bertahan Marc meraih kemenangan Sprint dan MotoGP Aragon Martin hanya finis kelima sehingga keunggulannya di puncak klasemen terpangkas menjadi poin Marco Bezzecchi juga masih mengintai tertinggal poin dari Martin Martin mengakui Aprilia kesulitan di Aragon Namun ia tidak mau menjadikan absennya pada balapan tahun lalu karena cedera sebagai alasan Itu bukan alasan karena ada beberapa balapan yang tidak saya ikuti tahun lalu dan saya tetap cepat kata Martin kepada MotoGP com Jadi ya saya memang kesulitan Kami mencoba menjaga semuanya tetap sederhana tidak terlalu banyak mengubah motor Tapi pada akhirnya hari ini saya membutuhkan bantuan Martin menilai hasil naik turun merupakan bagian dari persaingan satu musim penuh Kini Martin mengincar kebangkitan di Misano Ia menyukai karakter sirkuit tersebut dan yakin Aprilia bisa kembali kompetitif Menurut saya ini bagian dari kejuaraan Ada beberapa balapan di mana kami Aprilia lebih baik Ada juga beberapa balapan di mana kami lebih buruk katanya Misano adalah trek yang sangat saya sukai di mana kami memiliki banyak grip dan saya pikir dengan Aprilia serta gaya saya kami bisa bangkit dan kembali cepat Martin Tak Takut Marc Menyusul Jarak poin membuat Marc menjadi rival terdekat Martin Namun Martin justru tetap percaya diri Saya pikir Marco dan Marc sama sama merupakan kandidat juara bersama saya ujarnya menganalisis persaingan dengan Bezzecchi dan Marquez Saya merasa meskipun masih dalam proses belajar saya tetap memimpin Jadi ini gila Saya sangat senang Dan saya pikir mulai sekarang saya bisa mempertahankan kepemimpinan ini Bahkan jika Marc menyusul Martin berharap pengalaman dari balapan sebelumnya menjadi modal penting untuk menghadapi persaingan berikutnya Saya pikir ada beberapa balapan yang sangat bagus untuk saya dan saya berharap semua yang kami pelajari selama balapan ini bisa membantu saya untuk bertarung,sport
Audisi Umum PB Djarum sedang berlangsung di Kudus Kevin Sanjaya jadi teringat momen saat dirinya berupaya mengejar mimpi Audisi Umum PB Djarum Kudus dihelat di GOR Djarum Jati pada Rabu hingga Minggu Tak kurang sebanyak peserta yang berasal dari berbagai penjuru Indonesia mulai dari Sumatera hingga Papua Mantan atlet bulutangkis Indonesia ternama Kevin Sanjaya ikut terlibat dalam Tim Pencari Bakat PB Djarum Dia juga merupakan sosok legenda di PB Djarum Hadir di GOR Jati membuat saya bernostalgia semasa pertama kali mengikuti Audisi Umum PB Djarum di tahun lalu Saya senang melihat perjuangan adik adik yang begitu gigih Menurut saya mentalitas bertanding dan siap akan hasil apapun di lapangan menjadi poin penting untuk menjadi pebulutangkis andal Jadi antara keinginan untuk menang dan rasa takut kalah itu harus seimbang kata Kevin dalam rilis yang diterima detikSport Melihat antusiasme yang luar biasa dari adik adik di audisi kali ini saya rasa ini merupakan angin segar bagi regenerasi bulutangkis kita karena merekalah calon calon pahlawan olahraga untuk Indonesia di masa depan sambungnya Para bibit potensial ini tersebar di tiga kategori usia yaitu U KU dan KU baik putra maupun putri Adapun Kudus menjadi kota ketiga pelaksanaan proses seleksi pebulutangkis muda berkualitas super setelah lebih dahulu diadakan di Pekanbaru Juli dan Makassar Agustus Bertepatan dengan Hari Olahraga Nasional kami ingin terus mengambil peran dalam mendukung kemajuan olahraga Indonesia melalui pembinaan atlet sejak usia dini Audisi Umum PB Djarum menjadi salah satu langkah untuk menemukan talenta talenta muda potensial dari berbagai daerah kata Program Director Bakti Olahraga Djarum Foundation sekaligus Ketua PB Djarum Yoppy Rosimin,sport
Bilal Hasan tampil mengesankan pada debutnya mentas di UFC Untuk bisa merebut titel fighter berdarah Indonesia itu punya jalan panjang Bilal mentas di UFC akhir pekan lalu Ia melawan Nilson Rojas pada kelas terbang di UFC Shanghai dan menang KO pada ronde kedua Bilal langsung digadang gadang jadi bintang UFC berikutnya Namun sebelum itu ia harus bisa memenangi duel duel berikutnya Kemenangan atas Rojas belum membuat Bilal masuk ranking besar fighter UFC Petarung berjuluk The IndoNinja itu menegaskan akan ada jalan panjang untuk bisa merebut titel Bilal memprediksi dirinya butuh tujuh pertarungan untuk bisa bersaing meraih sabuk juara Ia harus melawan beberapa fighter di luar ranking lebih dulu Baca juga Bilal Hasan Bikin Legenda UFC Ini Kagum Mungkin saya ingin bertarung melawan dua atau tiga petarung di luar peringkat besar kemudian saya ingin tiga pertarungan melawan peringkat besar dengan yang keempat akan jadi perebutan gelar kata Bilal Hasan dalam interview di chanel Youtube Jaiden Cable Jadi mungkin itu butuh tujuh pertarungan katanya Saat ini sabuk kelas terbang dipegang Joshua Van Bilal ditanya kapan kira kira ia bisa mengejar The Fearless Saya tak tahu Dia Van harus mengalahkan Alexander Pantoja ranking pertama UFC dulu dan Pantoja itu lawan yang tangguh Jadi mungkin sekitar satu setengah tahun lagi kata Bilal Hasan menargetkan,sport
Menteri Keuangan Purbaya Yudhi Sadewa akan terus menyempurnakan sistem Lembaga National Single Window LNSW yang salah satunya berfungsi untuk mendeteksi pajak ekspor dan impor Pengembangan LNSW akan menggunakan kecerdasan buatan atau artificial intelligence AI khususnya untuk menganalisa potensi pendapatan dari perbaikan sistem Jadi kita kembangkan di sini aplikasi menggunakan AI juga Untuk membantu para analis kita melihat potensi pendapatan yang mungkin diperoleh dengan perbaikan sistem Dengan mengintegrasikan pemakaian semua data yang ada di LNSW ujar Purbaya di kantor LNSW Jakarta Pusat Rabu LNSW akan menjadi sistem yang cukup kuat dan dapat membantu analisa perpajakan secara signifikan Segala bentuk potensi pajak dan cukai dapat terdeteksi sejak awal Jadi segala potensi pajak potensi cukai yang miss bisa terdeteksi awal di sini ujar Purbaya Purbaya mengatakan sudah banyak programmer jago yang menjadi awak LNSW namun tetap saja hasil kerjanya akan ditentukan oleh masyarakat Maka dari itu pihaknya meminta agar semua awak LNSW bekerja dengan sungguh sungguh Sebagai contoh kasus saja pada tata kelola ekspor impor batu bara bila ada potensi kurang bayar pajak LNSW harus bisa mendeteksinya Untuk batu bara ke depan setiap perusahaan berapa potensi pembayaran pajak yang kurang Digabungkan dengan SPT nya mereka Jadi ke depan ada yang bisa main main lagi Kita akan monitor itu dengan lebih teliti Kita pakai semua data yang ada secara integrasi Dengan memanfaatkan AI data ujar Purbaya Tonton juga video Menkeu Bidik Rp T Penerimaan Pajak di hal ara,finance
PT Jasa Marga Persero Tbk JSMR memastikan Tol Probolinggo Banyuwangi mulai beroperasi pada awal Jasa Marga tengah melakukan persiapan untuk ruas Paiton Besuki sebagai bagian dari operasional tol tersebut Direktur Pengembangan Usaha Jasa Marga Ari Respati menjelaskan saat ini ruas Paiton Besuki akan menjalani uji laik fungsi dan operasi ULFO Progress konstruksi ruas tersebut telah mencapai Secara keseluruhan seluruh ruas Tol Probolinggo Banyuwangi ditargetkan operasional kuartal I tahun depan Progress konstruksi di ruas Gending Kraksaan dan Kraksaan Paiton telah mencapai Jalan tol Probolinggo Banyuwangi sepanjang km yaitu Probolinggo Situbondo Barat telah selesai dan saat ini proses ULFO untuk ruas Paiton Besuki sebagai bagian dari persiapan pelaksanaan operasional yang direncanakan pada awal ungkap Ari dalam acara Public Expose virtual Rabu Selain itu Ari juga menjelaskan proyek pembangunan tol yang tengah dikerjakan perseroan seperti ruas Jakarta Cikampek Japek II Selatan yang tengah proses pembangunan jalur Setu Sadang Proyek selanjutnya Tol Akses Patimban yang saat ini telah masuk dalam tahap pembangunan jalan tol sepanjang km Pembangunan ini dijalankan dengan skema pendanaan Viability Gap Funding VGF atau dukungan kelayakan finansial dari pemerintah Perseroan menargetkan agar dapat dioperasikan di tahun jelasnya Sementara untuk Tol Jogja Bawen sudah masuk tahap penyelesaian terhadap ruas Yogyakarta Banyurejo Jasa Marga akan melakukan proses Profesional Hand Over PHO di akhir September setelah seluruh pekerjaan di lapangan selesai Selain itu terdapat ruas SS Ambarawa Junction Bawen yang saat ini juga telah memasuki fase tahap uji layak fungsi dan operasi Ruas ini ditargetkan beroperasi di akhir tahun Terakhir proyek Tol Jogja Solo Dalam proyek tersebut terdapat ruas Kartosuro Prambanan yang telah beroperasi secara komersial sedangkan tahap konstruksi tengah berlangsung untuk ruas Prambanan Maguwoharjo dan Trianggo Junction Sleman Target pengoperasian secara bertahap di pungkasnya Lihat juga Video Ringseknya Innova Zenix Usai Tabrak Truk di Tol Probolinggo,finance
Pelatih Timnas voli putra Indonesia Reidel Toiran memasang target medali di Asian Games Dia optimistis timnya bisa memberikan kejutan besar Timnas voli putra Indonesia saat ini diperkuat pemain Sejumlah pemain berpengalaman tetap menjadi bagian dari skuad di antaranya Dio Zulfikri Farhan Halim dan Fahri Septian Target kami dapat medali Anak anak semangat semua Jadi optimis nanti kompetisi ini kita bisa surprise memberi kejutan besar kata Reidel saat ditemui di Wisma Serba Guna GBK Rabu Menurut Reidel timnya masih menjalani latihan berat Waktu kurang dari dua pekan akan dimanfaatkan untuk memaksimalkan kondisi fisik para pemain sebelum berangkat ke Asian Games Sekarang masih latihan berat masih ada panjang latihan jadi belum lepas fisik Ya maksimalkan waktu karena kita ada evaluasi fisik kurang Sekarang di fase untuk memaksimalkan taktik kita kata Reidel Reidel Waspadai Jepang India dan China Menyoal persaingan Reidel menyebut Jepang India dan China bakal menjadi lawan berat Indonesia Di sisi lain dia juga menilai performa timnya juga terus mengalami peningkatan Indonesia sebelumnya berhasil menjuarai AVC Men s Cup Tim Merah Putih mengalahkan Korea Selatan pada pertandingan final di India Ya ada tim tim terbaik Ada Jepang ada India ada China juga lumayan bagus Dan kita sudah mulai naik tuturnya Pada Asian Games Indonesia tergabung di Pool B bersama Iran Thailand dan Kirgizstan Reidel berharap dukungan masyarakat Indonesia untuk perjuangan timnas voli putra di Asian Games Ya untuk masyarakat Indonesia terima kasih sampai sekarang sudah mendukung Kami akan maksimal di pertandingan dan berharap maju ujar Reidel mcy krs,sport
Jumlah penindakan bidang cukai di Jakarta termasuk rokok ilegal tahun mengalami peningkatan Kanwil Direktorat Jenderal Bea Cukai DJBC Jakarta telah menindak juta batang rokok ilegal sepanjang tahun ini Kepala Kantor Wilayah Bea Cukai Jakarta Hendri Darnadi mengatakan total kerugian dari pelanggaran itu tembus Rp miliar Menurutnya peredaran rokok ilegal tidak hanya merugikan negara tetapi juga menciptakan persaingan usaha yang tidak sehat Selama tahun sebanyak kali kegiatan penindakan di bidang cukai yang kemudian menghasilkan juta hampir juta batang rokok ilegal kata Hendri dalam konferensi pers di Kantor Kanwil DJBC Jakarta Rabu Hendri menyebut isu ini harus menjadi atensi karena penerimaan negara dari cukai tergolong besar Dengan beredarnya rokok ilegal penerimaan negara atau fiskal bisa digerogoti Yang harus menjadi atensi atau perhatian yang sangat serius dari kita semua rokok merupakan salah satu di bidang cukai merupakan sumber penerimaan negara terbesar Jadi peredaraan rokok ilegal ini tidak hanya kemudian menggerogoti penerimaan negara atau fiskal tegas Hendri Hendri menyebut jumlah tersebut meningkat sekitar dibandingkan capaian pada periode yang sama tahun Kanwil DJBC Jakarta mencatat penindakan yang dilakukan tahun lalu mencapai juta batang rokok ilegal Jumlah tersebut meningkat dibanding capaian pada periode yang sama tahun lalu yaitu sampai Agustus itu ada juta batang Ini menandakan bahwa ada permasalahan serius bahwa kegiatan perdagangan rokok ilegal ini sangat masif tuturnya Sebagai informasi total kerugian juga memperhitungkan hasil penindakan terhadap Minuman Mengandung Etil Alkohol MMEA sebanyak liter Selain itu Bea Cukai Jakarta turut menindak liter etil alkohol Jumlah penindakan bidang cukai secara keseluruhan meningkat dibandingkan capaian tahun Adapun nilai barang bidang cukai dari rokok ilegal MMEA dan etil alkohol sepanjang tembus Rp miliar acd acd,finance
Babak utama Seri IV M Men s World Tennis Championship sudah bergulir Petenis tuan rumah Nathan Barki lolos ke Babak Kedua Pada laga perdana di Lapangan D Bali Beach Country Club Nusa Dua Selasa Nathan secara mengejutkan mengalahkan lawannya yang merupakan unggulan kedelapan asal Spanyol Pablo Perez Ramos lewat pertarungan tiga set selama jam menit Mengawali laga dengan mantap Nathan menang di set pertama Namun Ramos yang berperingkat ATP ini berhasil bangkit dari keterpurukannya untuk merebut set kedua dengan kemenangan Sempat tertinggal di set ketiga Nathan tidak patah arang dan malah berhasil membalikkan keadaan Ramos kesulitan untuk menghadapi tekanan Nathan sebelum akhirnya kalah Pertandingan pertama memang selalu tidak mudah Meski unggul di set pertama lawan ternyata mampu merespon dengan baik di set kedua bahkan saya sempat tertinggal di set ketiga Tapi persiapan matang yang saya lakukan sebelum turnamen jadi kunci kemenangan ujar Nathan dalam rilis kepada detikSport Di sektor ganda putra Rafalentino Ali Da Costa Ethan David Zapp menembus perempatfinal usai mengandaskan perlawanan Raghav Jaisinghani Udit Kamboj dengan rubber set Takluk di set pertama ganda muda tuan rumah itu berhasil dengan kemenangan di set kedua Laga harus dilanjutkan ke set ketiga yang menggunakan format super tiebreak Dengan motivasi tinggi dan bermain lepas Rafalentino Ethan sukses menutup set ketiga ini dengan skor meyakinkan Sayang langkah keduanya gagal diikuti rekannya Anthony Susanto yang berpasangan dengan Ren Nakamura Mereka kalah rubber set dari Nan Hsun Lin Kai i Wang Keunggulan tiebreak di set pertama gagal dipertahankan oleh Anthony Ren karena ganda Taiwan itu sukses merebut dua set berikutnya dengan kemenangan dan super tiebreak dalam durasi jam menit di lapangan F,sport
Kejuaraan Nasional Gokart yang berlangsung dalam enam putaran menghadirkan persaingan ketat hingga seri terakhir Romy Tahrizi berhasil menjadi Juara Nasional Shifter tahun bersama Dewa United Motorsport setelah melalui perjuangan sepanjang musim Kepastian tersebut diraih Romy pada Final Race Round yang berlangsung pada September Sebelumnya pembalap yang juga berprofesi sebagai Lawyer di Kantor AHHN Lawyers tersebut masih menempati posisi kedua klasemen sementara dengan selisih poin dari pemuncak klasemen Dengan tampil konsisten dan mampu mengamankan posisinya hingga balapan berakhir Romy berhasil mengungguli pesaing terdekatnya sekaligus mengumpulkan poin terbanyak sepanjang musim Hasil tersebut mengantarkannya menjadi pemuncak klasemen akhir Kejuaraan Nasional Gokart kelas Shifter Pencapaian ini menjadi hasil dari proses panjang yang tidak mudah Sebagai pembalap dengan usia tahun sekaligus salah satu pembalap paling senior di kelas Shifter Romy harus mempersiapkan kondisi fisik dan mental secara optimal Balapan gokart dengan intensitas tinggi membutuhkan stamina konsentrasi serta daya tahan fisik yang prima terutama dalam menghadapi rangkaian kompetisi selama satu musim Sepanjang enam putaran yang berlangsung sejak Januari hingga September Romy mencatatkan empat kemenangan satu kali finis sebagai runner up dan satu kali gagal menyelesaikan balapan Dengan torehan tersebut Romy berhasil mengoleksi lima podium dan memastikan gelar Juara Nasional Shifter tahun Performa Romy tidak terlepas dari dukungan penuh Dewa United Motorsport yang secara konsisten memberikan persiapan dan setting gokart terbaik di setiap putaran Kolaborasi antara pembalap dan tim menjadi salah satu faktor penting dalam menjaga performa hingga akhirnya mampu mengamankan gelar juara nasional Kebahagiaan semakin lengkap karena keberhasilan Romy juga turut mengantarkan Dewa United Motorsport menjadi Juara Nasional Tim pada Kejuaraan Nasional Gokart Romy bersama para pembalap Dewa United Motorsport yang dikenal dengan sebutan Anak Dewa berhasil memberikan kontribusi penting terhadap pencapaian tersebut Persaingan pada putaran terakhir juga berlangsung dalam kondisi yang penuh tantangan Balapan sempat terancam ditiadakan akibat abu vulkanik dari erupsi Anak Krakatau yang mencapai kawasan Sentul Karting Circuit Kondisi tersebut membuat permukaan lintasan menjadi berdebu dan jarak pandang pembalap sangat terbatas Setelah mengalami penundaan selama hampir empat jam balapan akhirnya dapat dilangsungkan setelah dilakukan penanggulangan oleh pihak organizer bersama petugas pemadam kebakaran yang melakukan penyemprotan di seluruh permukaan lintasan Kondisi tersebut menambah tantangan bagi para pembalap dalam menentukan strategi dan menjaga konsentrasi hingga balapan berakhir Gelar ini tentu sangat berarti bagi saya karena perjuangannya tidak mudah Sepanjang musim kami harus menjaga konsistensi mempersiapkan fisik menjaga fokus dan terus melakukan evaluasi dari satu seri ke seri berikutnya Apalagi persaingan di kelas Shifter sangat ketat dan saya juga harus mampu menjaga kondisi di tengah kesibukan sebagai lawyer kata Romy Tahrizi dalam pernyataan resminya Saya bersyukur kerja keras bersama tim akhirnya membuahkan hasil Terima kasih yang sebesar besarnya untuk Dewa United Motorsport yang selalu memberikan support dan setting terbaik di setiap seri Gelar ini bukan hanya milik saya tetapi juga milik seluruh tim keluarga sponsor dan semua pihak yang terus memberikan dukungan lanjutnya Romy juga menegaskan bahwa keberhasilan meraih gelar juara nasional bukan menjadi akhir dari perjalanan melainkan motivasi untuk menghadapi tantangan berikutnya Saya ingin menjadikan pencapaian tahun ini sebagai motivasi untuk terus berkembang Target ke depan tentu mempertahankan gelar dan jika ada kesempatan mencoba berkompetisi di level internasional Saya percaya selama kita mau bekerja keras terus belajar dan tidak mudah menyerah masih banyak hal yang bisa dicapai Mudah mudahan saya bisa terus memberikan prestasi terbaik bersama Dewa United Motorsport kata Romy Ke depan Romy Tahrizi bertekad mempertahankan gelar Juara Nasional sekaligus membuka peluang untuk tampil di kompetisi gokart internasional Komitmen tersebut akan terus dijalankan bersama Dewa United Motorsport yang telah memberikan kepercayaan dan dukungan sepanjang musim Atas pencapaian tersebut Romy menyampaikan apresiasi kepada seluruh jajaran Dewa United Motorsport sponsor keluarga kerabat serta seluruh pihak yang telah memberikan dukungan dan kepercayaan selama perjalanan kompetisinya hingga berhasil meraih gelar Juara Nasional Shifter tahun,sport
Ketua Umum Komite Olimpiade Indonesia KOI Raja Sapta Oktohari dan Menpora Erick Thohir mengukuhkan Tim Indonesia untuk Asian Games Aichi Nagoya Siap beraksi Pelaksanaan pengukuhan berlangsung di Wisma Serba Guna Gelora Bung Karno GBK pada Rabu Indonesia akan mengirimkan atlet ofisial dari cabang olahraga Dengan mengucapkan Bismillahirrahmanirrahim maka Tim Indonesia untuk Asian Games Aichi Nagoya dikukuhkan ucap Okto Dalam kesempatan tersebut Menpora Erick Thohir yang turut hadir juga memberikan pesan dan harapannya kepada para atlet dari cabang olahraga yang akan tampil di multievent terbesar se Asia tersebut Indonesia sudah banyak mengibarkan Merah Putih di manca negara Kita mendapatkan emas ini karena para pendahulu kita dan tentu sebagian yang ada di sini Tepuk tangan untuk kalian semua buka Erick Namun kita belum pantas berpuas diri Kalau kita lihat negara tetangga selama Asian Games mereka sudah mengumpulkan emas Kalau kita bicara besarnya negara Indonesia kita yang terbesar di Asian Games baik segi penduduk politik ekonomi kita ada semua Karena itu saya menatang semua yang hadir termasuk saya bisa kita mempersiapkan Asian Games ini dengan baik bisa tidak mengibarkan Merah Putih sebanyak banyaknya di Asian Games ini ajaknya Menpora berusia tahun itu kemudian menanyakan kepada atlet yang hadir Siapa yang mau dapat medali emas tanyanya Seraya kemudian atlet menunjuk tangan secara serempak Buktikan buktikan buat diri Anda yang sudah berjuang meninggalkan hidup keseharian keluarga letih tangis cedera tinggal hari lagi tegas Erick Yang belum merasa berpotensi medali tantang diri Anda Anda bisa Yang potensi perunggu tantang diri Anda untuk dapat perak Yang potensi perak tantang diri Anda dapat emas Yang potensi emas persaingan sangat ketat Banyak negara yang sudah berinvestasi di olahraga Itu kenapa kami Kemenpora berintropeksi diri Kita ubah pola pikir kita Arahan Presiden RI Prabowo Subianto olahraga adalah duta bangsa dan mencerminkan kehidupan bangsa Oleh karena itu Asian Games jadi pantau terdekat menuju olimpiade Tak lama lagi tinggal dua tahun Kita juga siapkan Pelatnas kesinambungan ada indeks prestasi dan kalau ada yang main main dengan anggaran saya yang bawa ke hukum Jangan main main dengan kita tegasnya Erick pun berharap seluruh atlet dapat menyatukan komitmen sebelum berjumpa Presiden RI Prabowo Subianto Saya berharap dengan kita menyatukan komitmen sebelum ketemu Bapak Presiden kita bulatkan tekad Kita adalah negara yang terbesar di Asia Tenggara kita patut rebut emas sebanyak banyaknya Kita bisa kita bisa Salam olahraga ucap Erick Simak juga Video Bicara Kesiapan Atlet untuk Asian Games Mensesneg Persiapan Sangat Baik,sport
Modern Pentathlon akan dipertandingkan dalam momen Hari Ulang Tahun HUT TNI ke Ketua Umum Pengurus Pusat Modern Pentathlon Indonesia PP MPI Marsekal Muda Marsda TNI Purwoko Aji Prabowo menyampaikan apresiasi Modern Pentathlon adalah cabang olahraga Olimpiade yang menggabungkan lima disiplin berbeda anggar renang lari menembak dan rintangan obstacle yang menggantikan disiplin berkuda mulai tahun Modern Pentathlon Indonesia Open yang memperebutkan Piala Panglima TNI ini dijadwalkan akan berlangsung di Akademi Angkatan Udara AAU Yogyakarta September Merupakan suatu kehormatan modern pentathlon menjadi satu dari delapan cabang olahraga yang dipertandingkan dalam rangka memperingati HUT ke TNI tahun Kami siap mensukseskan Modern Pentathlon Indonesia Open memperebutkan Piala Panglima TNI kata Purwoko Aji Prabowo yang mendampingi Panglima Koopsudnas Pangkoopsudnas Marsekal Madya Marsdya TNI Minggit Tribowo Keberadaan Modern Pentathlon Indonesia Open ini mewujudkan keinginan kami untuk terus menggemakan pembinaan Modern Pentathlon yang mampu membentuk karakter generasi muda yang berdisiplin tinggi berdaya juang dan bertalenta juara sambungnya dalam wawancara dengan medai di Ruang Leo Watimena Koopsudnas Lanud Halim Perdanakusuma Jakarta Timur Selasa Purwoko Aji Prabowo juga menyampaikan kabar gembira bagi para atlet muda Modern Pentathlon yang tampil dalam perebutan Piala Panglima TNI Dia memastikan PP MPI akan mengawal serta memfasilitasi para pemenang di kategori U yang memiliki minat untuk melanjutkan karier di dunia militer melalui jalur prestasi Kami membuka kesempatan bagi para juara di kategori U jika tertarik bergabung menjadi anggota TNI akan coba kami fasilitasi Kesempatan dari Panglima TNI ini terbuka lebar bagi bibit bibit muda berprestasi pungkas Marsda TNI Purwoko Aji Kejuaraan Piala Panglima TNI membuka persaingan untuk kategori Senior serta U putra dan putri Tiga nomor utama yang siap menguji ketahanan fisik dan mental para atlet meliputi Pentathlon Triathle dan Biathle Lebih jauh Purwoko Aji menyampaiakan perkembangan prestasi Modern Pentathlon Indonesia mengalami peningkatan prestasi cukup signifikan Pada SEA Games Thailand lalu Timnas Modern Pentathlon Indonesia telah menyumbangkan medali emas perak dan perunggu Kini PP MPI sudah menyiapkan atlet yang bakal tampil di Asian Games Aichi Nagoya Kita sudah mempersiapkan kelima atlet Modern Petathlon Indonesia dengan maksimal sehingga bisa memberikan yang terbaik pada saat tampil di Asian Games nanti Khusus Modern Pentathlon Indonesia Open ini kita berharap muncul bibit bibit potensial yang akan dibina untuk persiapan menghadapi single dan multi event internasional ke depan tutupnya,sport
Marco Bezzecchi tak sabar menghadapi MotoGP San Marino Bagi pebalap Aprilia itu balapan di Sirkuit Misano punya arti khusus karena lokasinya sangat dekat dengan kampung halamannya Rimini MotoGP San Marino akan berlangsung di Misano pada September Bezzecchi menyebut seri ini selalu terasa berbeda dibandingkan balapan lainnya Grand Prix kandang selalu memiliki sesuatu yang ajaib dan spesial kata Bezzecchi seperti dilansir Motosan Misano memang seperti rumah kedua bagi Bezzecchi Sirkuit tersebut hanya berjarak beberapa kilometer dari Rimini tempat kelahirannya Saking dekatnya Bezzecchi bahkan masih akan tinggal di rumah hingga Kamis sebelum pindah ke motorhome untuk menjalani rangkaian akhir pekan balapan Misano benar benar wilayah rumah saya Saya di rumah sampai Kamis Jadi ya ini luar biasa selalu menjadi perasaan yang luar biasa selalu memiliki rasa yang spesial ujarnya Bezzecchi Datang dengan Modal Bagus Antusiasme Bezzecchi semakin besar setelah dua seri terakhir memberinya hasil positif Ia berhasil mengumpulkan poin penting untuk tetap berada dalam persaingan gelar MotoGP Beberapa waktu terakhir memang cukup sulit tetapi dua balapan terakhir berjalan dengan baik Kami berhasil mendapatkan kembali beberapa poin katanya Setelah MotoGP Aragon Bezzecchi berada di posisi ketiga klasemen Ia tertinggal poin dari Jorge Martin yang memimpin sementara Marc Marquez berada di posisi kedua dengan selisih poin dari Martin Karena itu balapan di Misano bukan sekadar home race bagi Bezzecchi Pebalap Italia tersebut juga punya kesempatan untuk memangkas jarak dalam perebutan gelar di depan pendukungnya sendiri Anda harus percaya pada diri sendiri Anda harus berjuang Kimi melakukannya dan saya tentu akan berusaha memberikan yang terbaik ujar Bezzecchi,sport
Bisnis BBM nonsubsidi jenis Pertamax di Pertashop sedang terpuruk Tak menutup kemungkinan bisnis ini tutup Ketua Umum Dewan Pimpinan Pusat Himpunan Pertashop Merah Putih Indonesia HPMPI Steven mengatakan kondisi tersebut terjadi karena adanya kenaikan harga BBM nonsubsidi yang mengakibatkan konsumen beralih ke BBM subsidi Ketua Umum Dewan Pimpinan Pusat HPMPI Steven mengatakan sebelum adanya perubahan harga BBM nonsubsidi penjualan di salah satu Pertashop dapat mencapai sekitar liter per hari Namun volume tersebut kini anjlok menjadi sekitar liter per hari atau terjadi penurunan Maka yang terjadi adalah disparitas itu menekan kelayakan usaha Ada selisih harga kemudian permintaan mulai bergeser dari produk nonsubsidi menjadi ke produk subsidi Volume penjualan menurun biaya per liter juga akan naik dan juga outlet akan terancam tutup ujar Steven dalam Rapat Audiensi dengan Komisi XII DPR di Gedung DPR Jakarta Selasa Steven juga menyoroti maraknya penjualan BBM subsidi yang dilakukan oleh pedagang eceran dengan harga yang masih murah dibandingkan dengan harga jual Pertamax Oleh karena itu ia meminta DPR untuk memberikan masukan kepada pemerintah untuk menertibkan penjual BBM eceran Kemudian memanfaatkan jaringan Pertashop yang sudah tersebar di berbagai daerah untuk menjual BBM subisidi Penertiban eceran Karena sudah ada jaringan kami Pimpinan di seluruh wilayah pelosok Indonesia Kenapa tidak dimanfaatkan Sebab kehadiran kami tentunya membawa hal hal positif bagi daerah di mana kami berada Harap ini menjadi pertimbangan Pimpinan ujarnya Selain itu HPMPI juga mengeluhkan adanya persoalan perizinan yang dinilai semakin kompleks yang bisa menghambat keberlangsungan usaha Pertashop Ia mengatakan pada aturan terbaru Pertashop yang sebelumnya masuk kategori menengah rendah menjadi menengah tinggi Perubahan itu disebut berdampak pada bertambahnya persyaratan yang harus dipenuhi pengusaha Pertashop Steven membandingkan proses perizinan pada dengan kondisi saat ini Menurutnya ketika itu bentuk usaha yang sama memiliki persyaratan perizinan yang relatif seragam Tapi di tahun ini ada perubahan di mana skala usaha itu dari semula menengah rendah menjadi menengah tinggi Itu mengakibatkan banyaknya tambahan atau berbedanya persyaratan perizinan yang harus kami urus Ini juga masih terkendala pimpinan terang Steven hrp hns,finance
MotoGP akan berlanjut ke San Marino Seri ke musim ini akan digelar di Misano World Circuit Marco Simoncelli pada September Jorge Martin untuk sementara masih memimpin klasemen MotoGP Tapi keunggulannya mulai tergerus setelah Marc Marquez tampil sempurna di Aragon Marc berhasil memenangi Sprint dan balapan utama di Aragon Sementara Martin hanya finis kelima di kedua sesi tersebut Hasil itu membuat Marc memangkas jarak dengan Martin menjadi poin Martin kini mengoleksi poin sedangkan Marc mengumpulkan poin Marco Bezzecchi berada di posisi ketiga dengan poin Balapan Aragon sendiri dimenangi Marc setelah tampil dominan Ia meraih poin dari balapan utama sementara Martin hanya mendapat poin Data resmi MotoGP mencatat Marc finis pertama Pedro Acosta kedua Bezzecchi ketiga dan Martin kelima Dengan sembilan seri tersisa persaingan perebutan gelar pun semakin terbuka Marc Marquez kini hanya berjarak kurang dari satu kemenangan penuh dari Jorge Martin Kini selisih keduanya hanya poin Bezzecchi juga belum bisa dicoret Pebalap Aprilia itu hanya terpaut lima poin dari Marc dan poin dari Martin Artinya tiga pebalap teratas masih berada dalam persaingan yang sangat ketat menuju paruh akhir musim Klasemen MotoGP Berikut klasemen sementara MotoGP setelah seri Aragon Pos Pebalap Tim Poin Jorge Martin Aprilia Racing Marc Marquez Ducati Lenovo Team Marco Bezzecchi Aprilia Racing Fabio Di Giannantonio Ducati Ai Ogura Trackhouse Aprilia Pedro Acosta KTM Raul Fernandez Trackhouse Aprilia Francesco Bagnaia Ducati Lenovo Team Alex Marquez Gresini Ducati Fermin Aldeguer Gresini Ducati MotoGP San Marino Digelar di Misano Seri San Marino berlangsung di Misano World Circuit Marco Simoncelli Sirkuit tersebut memiliki panjang kilometer dengan tikungan yang terdiri dari tikungan kanan dan enam tikungan kiri Balapan MotoGP dijadwalkan berlangsung selama lap dengan total jarak kilometer Rangkaian akhir pekan dimulai pada Jumat dilanjutkan kualifikasi dan Sprint pada Sabtu kemudian balapan utama pada Minggu Nah berikut jadwal lengkapnya dalam Waktu Indonesia Barat WIB berdasarkan jadwal resmi MotoGP MotoGP San Marino merupakan seri ke dari kalender dan akan berlangsung di Misano pada September Jadwal MotoGP San Marino Jumat September Waktu WIB Kelas Sesi Free Practice Free Practice MotoGP Free Practice Practice Practice MotoGP Practice Sabtu September Waktu WIB Kelas Sesi Free Practice Free Practice MotoGP Free Practice MotoGP Qualifying MotoGP Qualifying Qualifying Qualifying Qualifying Qualifying WIB MotoGP Sprint lap Minggu September Waktu WIB Kelas Sesi MotoGP Warm Up WIB Race lap WIB Race lap WIB MotoGP Grand Prix lap,sport
Sean Gelael dan Team WRT akan coba meraih podium di Lone Star Le Mans dini hari nanti Mereka start ketujuh Keras keras mencapai posisi start itu didapat dari kualifikasi kelas di COTA Minggu dini hari WIB kemarin Darren Leung sebagai pebalap bronze memulai di qualifying dengan baik untuk menuntaskan di posisi ke Alhasil Sean sebagai pebalap silver berhak tampil di Hyperpole Dia tancap gas untuk membukukan waktu menit detik untuk mencapai posisi ketujuh Ini merupakan pencapaian terbaik dari mobil BMW di seluruh kelas Menurunkan empat mobil masing masing dua di Hypercar dan cuma bisa start di luar besar Sama halnya dengan mobil di kelas yang start dari posisi ke Hasil yang bagus Darren dan Sean bekerja sangat baik Kami siap untuk lomba besok ujar Augusto Farfus dalam rilis kepada detikSport Austin selalu jadi tempat yang baik bagi saya semoga besok juga begitu Bismillah timpal Sean Race Hours of COTA atau kini disebut Lone Star Le Mans itu disiarkan langsung di kanal youtube KUY Entertainment Senin mulai pukul dini hari WIB,sport
Menteri Perdagangan Mendag Budi Santoso alias Busan menegaskan pihaknya belum berencana melakukan perubahan kebijakan terkait persentase penyaluran Minyakita hasil domestic market obligation DMO yang dilakukan oleh BUMN sektor pangan Ia menjelaskan dalam aturan yang ada BUMN pangan seperti Bulog dan ID FOOD hanya diwajibkan untuk menyalurkan dari seluruh pasokan DMO Minyakita ke masyarakat Namun dalam praktiknya para BUMN pangan ini secara total menyalurkan dari produk Minyakita Lagi pula menurutnya di luar BUMN banyak UMKM ikut terlibat sebagai distributor DMO Minyakita Atas dasar inilah menurutnya tidak perlu meningkatkan persentase DMO Minyakita yang harus disalurkan Bulog dan ID FOOD untuk menjaga usaha usaha kecil ini Ini kan ya terus realisasinya kan sudah mencapai Jadi sementara memang belum kenapa Karena juga banyak UMKM distributor yang lain itu menjadi distributor Minyakita Jadi kan harus bareng bareng kata Busan dalam saat ditemui di AEON Mall BSD City Tangerang Rabu Ketika ditanya mengenai kemungkinan adanya penyesuaian atau kenaikan aturan penyaluran DMO Minyakita oleh BUMN pangan ke depan Budi menegaskan bahwa pemerintah masih melihat perkembangan situasi di lapangan secara dinamis Sebab pihaknya perlu untuk menjaga keseimbangan penyaluran Minyakita antara BUMN Pangan dan pelaku usaha lainnya Ya sambil berjalan saja kan dinamikanya seperti itu Jadi kan sekarang masih UMKM yang berbarengan juga dengan Bulog dengan ID FOOD tapi kan ada masalah selama ini ya Jadi kita juga harus kasih kesempatan kepada UMKM yang lain pungkasnya Sebelumnya Perum Bulog menunggu keputusan Kementerian Perdagangan atas usulan agar porsi penyaluran Minyakita melalui BUMN pangan ditingkatkan menjadi dari realisasi domestic market obligation DMO Direktur Utama Perum Bulog Ahmad Rizal Ramdhani mengatakan usulan peningkatan porsi tersebut telah disampaikan secara tertulis kepada Menteri Perdagangan Mendag Kami sudah mengajukan secara tertulis kepada Pak Mendag untuk kenaikan DMO untuk BUMN kata Rizal seusai meninjau operasi pasar di Pasar Jatinegara Jakarta Timur Sabtu seperti dikutip dari Antara Rizal mengatakan Bulog mengajukan peningkatan porsi penyaluran hingga sesuai arahan Menteri Pertanian Andi Amran Sulaiman Menurut Rizal peningkatan porsi penyaluran melalui BUMN pangan diusulkan untuk memperkuat ketersediaan Minyakita di pasar igo fdl,finance
PT Bank Negara Indonesia Persero Tbk atau BNI kembali memberikan dukungan terhadap perjuangan bulutangkis Indonesia di panggung internasional Hal ini seiring ditetapkannya pebulu tangkis yang akan memperkuat Merah Putih pada Asian Games Aichi Nagoya Jepang Dari pemain yang dipilih Persatuan Bulutangkis Seluruh Indonesia PP PBSI sebanyak pemain akan menjalani debut di Asian Games Mereka antara lain Alwi Farhan Moh Zaki Ubaidillah Muhammad Shohibul Fikri Nikolaus Joaquin Mutiara Ayu Puspitasari Rachel Allessya Rose hingga Nita Violina Marwah Sementara itu tujuh pemain lainnya telah memiliki pengalaman tampil di Asian Games yakni Jonatan Christie Fajar Alfian Leo Rolly Carnando Daniel Marthin Putri Kusuma Wardani Febriana Dwipuji Kusuma dan Siti Fadia Silva Ramadhanti Corporate Secretary BNI Okki Rushartomo mengatakan komposisi pemain berpengalaman dan debutan menunjukkan proses regenerasi yang terus berlangsung dalam bulutangkis Indonesia Asian Games Aichi Nagoya menjadi kesempatan bagi para pemain untuk menguji kemampuan sekaligus menambah pengalaman di level internasional BNI berharap seluruh atlet yang memperkuat Indonesia dapat memberikan kemampuan terbaiknya Kehadiran para pemain berpengalaman sekaligus debutan menunjukkan bahwa regenerasi terus berjalan dan menjadi bagian penting dalam menjaga kesinambungan prestasi bulutangkis Indonesia ujar Okki dalam keterangan tertulis Rabu Asian Games juga menghadirkan kombinasi baru di sektor ganda campuran Nikolaus Joaquin dan Siti Fadia Silva Ramadhanti dijadwalkan tampil sebagai pasangan pada ajang tersebut setelah sebelumnya masing masing berkompetisi dengan pasangan berbeda Menurut Okki hadirnya kombinasi pemain baru memberikan kesempatan untuk memperluas pengalaman bertanding sekaligus menambah alternatif bagi Indonesia dalam menghadapi persaingan di level Asia Yang paling utama kami berharap tim Indonesia dapat tampil maksimal pada nomor beregu baik putra maupun putri Setelah itu kami juga berharap para atlet mampu menunjukkan performa terbaik pada nomor perorangan kata Okki Nomor beregu bulutangkis Asian Games dijadwalkan berlangsung pada September kemudian dilanjutkan dengan nomor perorangan pada September Dukungan terhadap perjuangan para atlet tersebut juga bertepatan dengan momentum Hari Olahraga Nasional Haornas yang diperingati setiap September Bagi BNI Haornas menjadi pengingat pentingnya dukungan berkelanjutan terhadap pembinaan atlet dan pengembangan olahraga nasional BNI meyakini perjuangan para atlet di Asian Games dapat menjadi inspirasi bagi generasi muda untuk terus berprestasi sekaligus membawa nama Indonesia di tingkat Asia dan dunia,sport
Ketua Badan Perlindungan Konsumen Nasional BPKN Muhammad Mufti Mubarok menyebut masyarakat ramai ramai berburu masker imbas sebaran abu vulkanik Gunung Anak Krakatau Menurutnya fenomena panic buying ini juga terjadi di perdagangan elektronik alias e commerce Mufti mengatakan lonjakan permintaan ini membuat para penjual masker yang menaikkan harga di tengah fenomena panic buying Ya secara online sudah ada panic buying kan artinya mereka mereka yang kemudian memanfaatkan situasi menjual barang pada saat saat seperti ini ujar Mufti saat ditemui di Gedung DPR RI Jakarta Selasa Menurutnya lonjakan harga akibat kepanikan konsumen biasanya hanya berlangsung singkat yakni sekitar satu hingga tiga hari sebelum akhirnya berangsur normal Kendati begitu Mufti menegaskan pemerintah harus mengambil tindak tegas agar memperketat pengawasan logistik Memang itu pemerintah harus tegas nanti bagaimana kita kemudian melakukan cek cek di logistik di gudang gudang dan di penjualan karena memang biasanya cuma satu dua hari tiga hari tapi karena mungkin hari keempat hari kelima sudah normal karena panic buying beber ia Sebelumnya sebaran abu vulkanik erupsi Gunung Anak Krakatau hingga ke wilayah Jakarta menjadi berkah tersendiri bagi para pedagang Pasar Pramuka Stok masker yang sebelumnya lama tersimpan kini ludes diburu pembeli yang datang ke sentra produk medis di Jakarta Timur itu Masalahnya menipisnya stok masker di tengah lonjakan permintaan yang mendadak membuat harga produk di pasar mengalami peningkatan Alhasil pedagang terpaksa menyesuaikan harga jual eceran mengikuti kenaikan harga modal dari distributor yang stok masker dagangannya juga mulai habis Semuanya naik semua masker medis naik Kenaikannya lumayan beda Rp satu kotak Yang biasa distributor jual Rp sekarang sudah di atas Rp Itu kenaikan dari modal ya itu belum harga jual kata salah seorang pedagang di Pasar Pramuka Yana kepada detikcom Selasa Menurut Yana kenaikan harga produk termasuk masker memang lumrah terjadi jika permintaan mendadak naik seperti sekarang ini Sebab ketersediaan stok jadi habis mendadak acd acd,finance
Ketua Umum Komite Olahraga Nasional Indonesia KONI Pusat Letjen TNI Purn Marciano Norman menyaksikan pertandingan Pacuan Kuda di Lapangan Haji Muhammad Hasan Gayo Blang Bebangka Aceh Tengah Kejuaraan Pacuan Kuda HUT RI ke diselenggarakan oleh Konfederasi Nasional Persatuan Olahraga Berkuda Seluruh Indonesia KN Pordasi Kegiatan ini berkolaborasi dengan Pengurus Pusat FN Pordasi Pacu dan juga Pengurus Provinsi FN Pordasi Pacu Aceh Para atlet bertanding sejak tanggal hingga Agustus Partisipan kejuaraan dari Kabupaten Aceh Tengah Kabupaten Bener Meriah dan Kabupaten Gayo Lues Ini merupakan satu prestasi yang bagus setelah Pekan Olahraga Nasional PON XXI ada kejuaraan di sini Mari kita rawat bersama kita lahirkan atlet atlet olahraga berkuda dari Aceh supaya kelak bisa mewakili Indonesia pada event event internasional yang lebih besar lagi kata Marciano Marciano menilai kejuaraan Pacu Kuda kali ini membawa beragam dampak positif baik pembinaan atlet berkuda Pacu pemanfaatan fasilitas venue warisan PON perekonomian masyarakat dan juga hiburan masyarakat atauTrauma Healingatas kondisi bencana yang telah dihadapi Pertama ajang ini melanjutkan tradisi Pacu Kuda yang begitu melekat dengan budaya masyarakat Aceh sekaligus menjadi sarana pembinaan berkesinambungan bagi atlet atlet berkuda pacu dalam menyongsong Pekan Olahraga Nasional PON XXII di Sumba Nusa Tenggara Timur ujar Marciano Selain sebagai wadah pembinaan Marciano juga menyoroti pemanfaatan sarana dan prasarana pasca PON Lapangan H M Hasan Gayo Belang Bebangka yang sebelumnya digunakan pada PON XXI Aceh Sumut dinilainya sebagai salah satu arena Pacu Kuda terbaik di Indonesia dengan animo masyarakat yang sangat luar biasa Hal ini membuktikan bahwa venue peninggalan PON memberikan manfaat berkelanjutan bagi daerah Kehadiran saya mewakili keluarga besar KONI Pusat yang menaungi KONI Provinsi KONI Kabupaten Kota Induk Cabang Olahraga serta organisasi fungsional merupakan bukti bahwa kami selalu hadir dan bergandengan tangan untuk bangkit bersama masyarakat Aceh dalam mewujudkan Indonesia yang berdaulat adil dan makmur sebagaimana tema HUT ke RI tegasnya Marciano menyampaikan rasa bangga dan penghormatan setinggi tingginya kepada pemerintah daerah serta seluruh masyarakat Aceh khususnya Kabupaten Aceh Tengah Ia mengajak seluruh pemangku kepentingan untuk terus memajukan olahraga nasional Mari kita bekerja keras untuk olahraga Indonesia karena bicara olahraga adalah bicara Merah Putih Jangan pernah lelah berkarya untuk Indonesia tutup Marciano,sport
Petenis Indonesia Nathan Barki melaju ke perempatfinal Amman Mineral Men s World Tennis Championship Begitu juga dengan Rafalentino Ali Da Costa Ethan David Zapp yang menembus semifinal Pada pertandingan Babak Besar Seri IV M di Lapangan D Bali Beach Country Club Kamis Nathan bertemu kompatriotnya Anthony Susanto Duel kedua wakil tuan rumah ini sebenarnya berlangsung seimbang di mana terjadi kejar kejaran poin sampai skor sama kuat di set pertama Memasuki game ke setelah melalui kali deuce Nathan akhirnya dapat mematahkan servis dari Anthony untuk menutup set pertama dengan kemenangan dalam tempo menit Di set kedua Nathan meminta perawatan medis akibat lengan kanannya sakit Alhasil petenis tahun ini memutuskan mundur dan Nathan berhak atas tiket perempatfinal Meski menang Nathan prihatin dengan kondisi Anthony Dia berharap Anthony bisa cepat pulih Sedih juga meski menang karena Anthony harus terhenti karena cedera Saya berharap bisa mempertahankan performa dan fokus ke laga laga selanjutnya ujar Nathan dalam rilis kepada detikSport Di nomor tunggal putra Rafalentino menyerah dua set langsung dalam tempo jam menit dan dari wakil India Karan Singh Kegagalan ini ditebus Rafalentino dengan sempurna saat turun di ganda putra bersama Ethan David Zapp Mereka menyingkirkan unggulan pertama Isaac Becroft Reece Falck dari Selandia Baru Dengan motivasi tinggi dan bermain tanpa beban Rafalentino yang baru berusia tahun dan Ethan tahun bertarung sangat luar biasa untuk menang dalam waktu jam menit Kami sangat gembira dengan kemenangan ini dan tak menyangkan bisa mengalahkan unggulan pertama Kami akan berupaya tampil tanpa beban lagi di laga selanjutnya bermain seperti hari ini ujar Ethan yang diamini Rafalentino Rafalentino Ethan David bertemu unggulan keempat Sebastian Grundtvic Jorgensen Ryotaro Taguchi di semifinal Sebastian Ryotaro mengalahkan Leo Borg Eric Ahren dari Swedia dengan skor dan super tiebreak mrp bay,sport
Penyedia kontrol lalu lintas udara NATS mengalami masalah teknis yang berujung pada terganggunya penerbangan di bandara bandara besar di Inggris Ratusan penerbangan di Bandara Heathrow Bandara Gatwick Bandara Manchester dan Bandara Stansted terdampak dibatalkan dan ditunda Kami telah mengidentifikasi bahwa masalahnya ada pada sistem pemrosesan penerbangan kami Teknisi kami berada di lokasi dan bekerja dengan segera untuk melanjutkan operasi normal secepat mungkin Penerbangan masih berangkat dan wilayah udara terbuka tetapi pemulihan akan membutuhkan waktu kata NATS dalam sebuah pernyataan dikutip dari CNBC Rabu Otoritas Bandara Heathrow yang menjadi pusat penerbangan terbesar di Inggris mengatakan sedang bekerja sama dengan NATS untuk menyelesaikan masalah tersebut Baca juga Inggris Lirik Proyek Kereta di RI Menurut data pada platform pelacakan penerbangan FlightAware sekitar penerbangan telah dibatalkan di Heathrow dan lainnya telah ditunda Di sisi lain ada sekitar penerbangan ditunda di Gatwick atau dari total penerbangan Sementara itu Otoritas Bandara Edinburgh mengatakan masalah yang terjadi pada NATS mungkin akan mempengaruhi operasionalnya Senada Bandara Dublin di Irlandia mengatakan penerbangan yang berangkat dan tiba dari sana juga mengalami gangguan Bandara lain yang melaporkan penundaan atau pembatalan termasuk Bandara Luton Bandara Birmingham Bandara Aberdeen dan Bandara Glasgow Lalu EasyJet mengatakan masalah ini menyebabkan penundaan di seluruh Eropa Sementara Ryanair Wizz Air dan Virgin Atlantic belum memberikan komentar apapun sejauh ini Pada Juli tahun lalu masalah teknis terkait radar dalam sistem kendali lalu lintas udara Inggris juga sempat terjadi dan mengganggu penerbangan selama lebih dari empat jam di bandara bandara utama di London dan tempat lain termasuk Heathrow hal ara,finance
COO Danantara sekaligus Kepala BP BUMN Dony Oskaria buka suara soal Gedung Merah Putih GMP milik Telkom di kawasan Gatot Subroto Jakarta bakal ditempati oleh Badan Gizi Nasional BGN dalam beberapa bulan ke depan Dony menyampaikan hal tersebut merupakan bagian dari optimalisasi aset milik Telkom yang sudah melalui kajian internal perusahaan Itu kan corporate action ya Satu yang pertama adalah bahwa tentu sudah ada pertimbangan Jadi harus dilihat bahwa kadang kadang kan kita melihatnya dari sisi yang negatif Ini optimalisasi aset pasti sudah dilakukan sudah dikaji tentu oleh Telkom ya untuk melakukan itu ujar Dony saat ditemui di Kantor Kementerian Keuangan Jakarta Rabu Ia juga menyampaikan BGN tak serta merta pindah begitu saja tanpa membayar biaya sewa Kata Dony penyewaan gedung tersebut dilakukan melalui transaksi bisnis yang normal Di mana akan ada penilaian dari Kantor Jasa Penilai Publik KJPP untuk memastikan harga transaksinya Bahkan Dony menyebutkan nilai sewa Gedung Merah Putih kepada BGN berada di atas harga pasar Ya tetapi proses sewanya tentu karena perusahaan terbuka melewati tadi benturan kepentingan Jadi harus ada KJPP nya market price nya dan saya dengar ini harganya di atas daripada harga pasar untuk sewa Ini yang paling penting ya ujar Dony Jadi jangan lihat Ini gedung itu Jadi kadang kadang kan kita melihatnya memang ada masalah apa Gedung disewakan kan banyak Itu OJK juga sewa gedung Di mana juga sewa gedung ini normal sambungnya Sebelumnya PT Telkom Indonesia Persero Tbk Telkom menyambut positif rencana pemanfaatan Gedung Graha Merah Putih GMP oleh Badan Gizi Nasional BGN secara skema Business to Business Langkah penyewaan ini menjadi bagian dari strategi leveraging asset perusahaan untuk mengoptimalkan aset properti sekaligus membuka peluang pendapatan baru dari konektivitas digital Direktur Utama Telkom Dian Siswarini menyampaikan bahwa skema bisnis ini dijalankan secara proporsional dengan tetap mengedepankan tata kelola perusahaan yang baik Good Corporate Governance Bagi Telkom Group rencana penyewaan gedung GMP oleh BGN merupakan bentuk leveraging asset yang dapat menghadirkan peluang bisnis baru termasuk melalui penyediaan layanan konektivitas dan solusi digital unggul dari yang kami miliki ujar Dian dalam keterangannya Selasa Saat ini sejumlah unit masih yang berkaitan tersebar di berbagai lokasi kerja di Jakarta Melalui penataan ini kami ingin menciptakan lingkungan kerja yang lebih terintegrasi sesuai stream masing masing unit Harapannya ini dapat membuat kolaborasi menjadi lebih mudah proses kerja semakin efektif dan produktivitas karyawan semakin meningkat jelas Dian Proses transisi penempatan ruang kerja BGN di GMP akan dilakukan secara bertahap setelah seluruh pembahasan negosiasi rampung Telkom memastikan keamanan keselamatan serta kenyamanan operasional karyawan tetap menjadi prioritas utama Berdasarkan hasil survei dan diskusi bersama Telkom BGN menyampaikan rencana pemanfaatan GMP untuk ruang kerja serta beberapa fasilitas workstation standar Pemanfaatan tersebut akan dilakukan setelah proses penataan unit unit di Telkom dan pemindahan peralatan kerja existing ke lokasi yang telah disepakati bersama lanjut Dian Tonton juga video Maaf Minuman Rasa Susu hingga Kental Manis Dilarang Masuk Menu MBG hrp fdl,finance
Ratusan penerbangan di Indonesia dibatalkan sejak hari Minggu kemarin imbas ditutupnya beberapa bandara karena sebaran abu vulkanik dari aktivitas erupsi Gunung Anak Krakatau Penerbangan baru bisa kembali dilakukan Selasa kemarin setelah bandara dibuka Kembali dibukanya bandara menjadi bagian penting dari pemulihan penerbangan setelah terdampak abu vulkanik Namun sebelum pesawat kembali melayani penumpang semua maskapai mulai menyiapkan kondisi teknis armadanya melalui pemeriksaan dan pembersihan serta perawatan sesuai petunjuk pabrikan Proses seperti ini juga dilakukan oleh maskapai pelat merah Garuda Indonesia Setiap armada Garuda menjalani penanganan berdasarkan kondisi dan hasil pemeriksaan masing masing Direktur Teknik Garuda Indonesia Mukhtaris menjelaskan bahwa kebutuhan penanganan dapat berbeda pada setiap pesawat Pemeriksaan menjadi dasar untuk menentukan tindakan yang diperlukan pada masing masing pesawat Kami memastikan seluruh pemeriksaan dan perawatan yang dipersyaratkan telah diselesaikan sesuai panduan pabrikan sebelum pesawat dinyatakan laik terbang dan kembali melayani penumpang ujar Mukhtaris dalam keterangannya Rabu Abu vulkanik memerlukan penanganan khusus karena partikelnya dapat menempel pada permukaan pesawat maupun masuk ke area komponen dan sistem Oleh karena itu penanganannya tidak hanya mencakup pembersihan bagian yang terlihat tetapi juga pemeriksaan area yang berpotensi terdampak sesuai petunjuk pabrikan Pada pesawat yang parkir perhatian antara lain diberikan pada bagian atas badan pesawat sayap dan ekor horizontal tempat abu dapat mengendap Saluran masuk udara serta bagian terbuka pada perangkat roda pendaratan juga diperiksa Apabila pesawat mengalami paparan saat terbang pemeriksaan turut mencakup kaca kokpit bagian depan sayap dan komponen mesin sesuai ketentuan pabrikan Proses Pembersihan Penanganan dimulai dengan pemeriksaan awal pada bagian luar pesawat mesin saluran masuk udara sensor serta komponen lain yang berpotensi terdampak Hasilnya menjadi acuan bagi teknisi untuk menentukan area yang perlu dibersihkan maupun memerlukan pemeriksaan lebih lanjut Area yang terdampak kemudian dibersihkan menggunakan metode dan material sesuai petunjuk pabrikan Pemilihan cara pembersihan menjadi penting untuk menjaga kondisi komponen sekaligus mencegah abu masuk lebih jauh ke dalam sistem pesawat Jika hasil pemeriksaan menunjukkan perlunya penanganan tambahan teknisi melanjutkan pemeriksaan dan perawatan sesuai ketentuan teknis yang disetujui Dengan demikian tindakan yang dilakukan mengikuti kebutuhan setiap pesawat berdasarkan hasil pemeriksaan Tahap berikutnya adalah verifikasi kelaikudaraan yaitu memastikan pesawat memenuhi persyaratan teknis untuk dapat dioperasikan dengan aman Pesawat hanya kembali melayani penerbangan setelah seluruh pekerjaan yang dipersyaratkan selesai dan status kelaikudaraannya memenuhi ketentuan yang berlaku Upaya menjaga kondisi pesawat dilakukan sejak armada berada di area yang berpotensi terdampak Berkoordinasi dengan pengelola bandara Garuda Indonesia melakukan tindakan perlindungan melalui pemasangan penutup pada mesin saluran masuk udara sensor dan komponen lainnya sesuai instruksi pabrikan Langkah perlindungan pemeriksaan pembersihan dan perawatan tersebut menjadi bagian yang saling melengkapi dalam memastikan kesiapan armada Bersamaan dengan proses ini Garuda Indonesia terus memantau informasi keselamatan penerbangan dan berkoordinasi dengan otoritas penerbangan pengelola bandara serta pihak terkait untuk mendukung pemulihan operasional secara bertahap Keselamatan selalu menjadi prioritas utama kami dan landasan setiap keputusan operasional Kami memahami bahwa penyesuaian penerbangan turut memengaruhi rencana dan waktu berharga para penumpang Kepercayaan yang diberikan menjadi tanggung jawab kami untuk memastikan kesiapan pesawat dan layanan agar setiap perjalanan dapat kembali berlanjut dengan aman dan nyaman tutup Mukhtaris Lihat juga Video Imbas Erupsi Anak Krakatau Pesawat Garuda Mendarat di Kertajati,finance
Umar Nurmagomedov telan kekalahan dari Song Yadong di lanjutan UFC Shovel uppercut langsung bikin Umar KO dan tak sadarkan diri Bukan pukulan hoki UFC Fight Night Nurmagomedov vs Song dalam UFC Shanghai digelar di Oriental Sports Center Sabtu Duel utama di kelas bantam UFC Umar Nurmagomedov di ranking ketiga kontra Song Yadong di ranking keenam Song Yadong menang KO pada ronde kedua Shovel uppercut yang dilepaskannya masuk bikin Umar langsung tersungkur dan tak sadarkan diri ditambah dua pukulan hammer fist Dirangkum dari berbagai sumber pukulan shovel uppercut tidak seperti pukulan uppercut dalam tinju Teknik ini dilakukan petarung MMA atau Muay Thai Pukulan ini dilayangkan dari bawah ke atas dengan lintasan diagonal sekitar derajat menyerupai gerakan seseorang yang sedang mencangkul atau menyekop Khusus pukulan shovel uppercut Song Yadong petarung asal China itu melakukannya dengan cantik Baca juga Bilal Hasan Bikin Legenda UFC Ini Kagum Saat Song Yadong lepas pukulan itu dengan tangan kanannya dirinya tidak memutar pergelangan tangan Pergelangan tangannya lurus Song lebih dulu melepas jab Umar Nurmagomedov yang lakukan duck merendahkan tubuh bagian atas langsung kena hantam shovel uppercut Song yang mengenai belakang kupingnya di belakang bagian temple Umar langsung terjatuh tidak sadarkan diri Dari posisi yang terkena pukulan itu pun mengalir darah segar Song dan timnya sudah baca kebiasaan buruk Umar Umar suka duck ketika diserang dan lancarkan single leg takedown Song dengan tepat dapat timing untuk mengeksekusinya Pelatih saya Rudy Hernandez sudah bilang kami akan menang dengan upper cut Ya saya percaya diri untuk melakukannya ungkap Song Kami tahu Umar akan menghindar ke bawah Kami sudah memperhatikan itu dan saya bisa melakukannya dengan baik tutup Song Lihat juga Video Cara Khabib Nurmagomedov Nikmati Masa Pensiun Makan Apa pun Asal Halal,sport
Asian Games tak lama lagi akan dimulai Ketua Umum Pengurus Besar Taekwondo Indonesia PBTI Letjen TNI Richard Tampubolon menyampaikan optimismennya terkait cabang olahraga yang dia pimpin Asian Games berlangsung di Aichi Nagoya Jepang Ajang multi event olahraga Asia itu akan resmi dibuka pada September dan ditutup pada Oktober Presiden RI Prabowo Subianto secara resmi melepas kontingen Indonesia di Istana Kepresidenan Jakarta Pusat Rabu Ketua Umum Pengurus Besar Taekwondo Indonesia PBTI Letjen TNI Richard Tampubolon turut hadir dalam acara tersebut Dalam kesempatan tersebut Prabowo berpesan kepada para atlet untuk menjaga konsistensi latihan Orang nomor satu di Indonesia itu juga berharap para perwakilan Indonesia bisa memperlihatkan karakter bangsa Kunci utama untuk meraih prestasi tertinggi adalah konsistensi dalam berlatih dan semangat pantang menyerah Ia berharap para atlet dapat menunjukkan karakter bangsa Indonesia yang tangguh saat bertanding di Jepang nanti kata PRabowo Pesan tersebut menjadi motivasi bagi para atlet Indonesia termasuk para wakil Taekwondo Indonesia yang akan membawa Merah Putih di Aichi Nagoya Dengan persiapan dan evaluasi yang berkesinambungan saya yakin para atlet Taekwondo dapat memberikan kontribusi maksimal untuk kejayaan Indonesia kata Richard Tampubolon Asian Games Aichi Nagoya akan menjadi salah satu panggung penting bagi Taekwondo Indonesia Hasil baik nantinya bisa menjadibukti keberhasilanPBTI dalam pembinaan dan persiapan yang telah dilakukan sebelum menghadapi persaingan di level Asia,sport
Pemerintah menargetkan penggunaan etanol sebagai campuran untuk bahan bakar minyak BBM jenis bensin hingga terlaksana pada mendatang Langkah ini guna mengurangi ketergantungan impor BBM Dirjen Energi Baru Terbarukan dan Konservasi Energi EBTKE Kementerian ESDM Eniya Listiani Dewi mengatakan bahwa langkah tersebut sesuai dengan arahan dari Menteri ESDM Bahlil Lahadalia Sesuai arahan Menteri ESDM ditargetkan bisa di tahun Maka tujuan dari percepatan mandatori bioetanol itu tentunya untuk mengurangi impor bensin lalu mendukung transformasi energi di sektor transportasi perbaikan kualitas udara dengan penurunan emisi dan penambahan penurunan emisi gas rumah kaca ujarnya dalam RDP dengan Komisi XII DPR Selasa Eniya mengatakan bahwa sebelum pemerintah menargetkan campuran bioetanol sebesar pada tahun ini dan dilanjutkan pada Eniya menyampaikan bahwa saat ini Kementerian ESDM bersama dengan Kementerian Bidang Perekonomian untuk merelaksasi Perpres Nomor Tahun serta berbagai aturan lainnya terkait penyediaan bahan baku dan produksi bioetanol nasional Saat ini dapat kami sampaikan untuk implementasi bioetanol ini ini tidak ada lagi cukai Jadi masalah cukai sudah diselesaikan dengan Peraturan Menteri Keuangan dan saat ini cukai sudah ditiadakan sehingga nanti memudahkan teman teman Pertamina untuk mengimplementasikan katanya Eniya menambahkan bahwa program bensin campur etanol ini bukan untuk BBM subsidi Ia mengatakan bahwa kebutuhan bensin nonsubsidi pada tahun sekitar juta kiloliter dan akan meningkat pada tahun mencapai juta kiloliter Dengan kebutuhan bensin non PSO sekitar juta kiloliter pada penerapan campuran membutuhkan sekitar kiloliter bioetanol murni Kebutuhan itu meningkat menjadi sekitar kiloliter jika campuran diterapkan pada Nah saat ini kita prediksikan jadi dari roadmap penambahan kapasitas produksi sangat diperlukan Jadi tahun depan kita berharap adanya tambahan pabrik untuk bisa memproduksi kiloliter Bioetanol Nah ini mudah mudahan bisa tambah lagi di ada tambahan kita perlu pabrik kalau akan dimandatorikan secara nasional tadi Dan pabrik di lalu tambah lagi pabrik di katanya Tonton juga video Harga Pertamax Naik Jadi Rp Pertamax Green Rp Liter hrp fdl,finance
Pemerintah akan memangkas proses perizinan bagi Tenaga Kerja Asing TKA yang menyertai penanaman modal di Indonesia Hal ini dilakukan lantaran beberapa sektor industri tanah air masih membutuhkan TKA Kebijakan ini ditandai dengan penandatanganan dua Surat Keputusan Bersama SKB antara Menteri Ketenagakerjaan Yassierli Menteri Imigrasi dan Pemasyarakatan Agus Andrianto serta Menteri Investasi dan Hilirisasi Kepala BKPM Rosan P Roeslani di Kantor Kementerian Investasi dan Hilirisasi BKPM Jakarta Rabu SKB pertama yaitu tentang Integrasi Sistem Online Single Submission OSS Sistem Informasi dan Aplikasi Pelayanan Ketenagakerjaan SIAPkerja dan Aplikasi All Indonesia SKB kedua yaitu tentang Pembentukan Tim Teknis Integrasi Melalui SKB tiga kementerian ini sistem Online Single Submission OSS pada Kementerian Investasi dan Hilirisasi BKPM akan diintegrasikan dengan SIAPkerja milik Kementerian Ketenagakerjaan dan Aplikasi All Indonesia pada Kementerian Imigrasi dan Pemasyarakatan Rosan mengatakan kini proses perizinan TKA ditargetkan dapat selesai dalam waktu sekitar lima hari Jika melewati batas waktu tersebut izin akan diterbitkan secara otomatis sesuai mekanisme yang telah ditetapkan Kebijakan tersebut mulai berlaku akhir September ini Jadi memang rencananya pada akan mulai berjalan implementasinya pada akhir bulan ini rencananya tadi saya di diinformasikan Insyaallah akhir bulan ini sudah mulai berjalan hasil dari kesepakatan dari kami bertiga ujar Rosan Rosan mengatakan kebijakan pemangkasan waktu ini dapat meningkatkan investasi dan industri di Indonesia Kebijakan itu juga diharapkan memberikan dampak positif terhadap foreign direct investment FDI atau penanaman modal asing Karena memang kita melihat bahwa dari beberapa sektor industri memang kebutuhan tenaga kerja asing itu masih kita perlukan Dan harapan ini bisa memberikan transfer of knowledge transfer of technology kepada sumber daya manusia kita terang Rosan yang juga CEO Danantara Menteri Ketenagakerjaan Menaker Yassierli menambahkan dengan SKB ini pelayanan ke depan nantinya akan semakin baik Meski begitu Menaker memastikan tetap monitoring terhadap jalannya proses perizinan kerja KTA Insyaallah kita yakin dalam implementasinya nanti akan memberikan layanan dan hasil yang efektif dan efisien yang lebih baik terang Yassierli Saksikan Live DetikPagi,finance
Menteri Investasi dan Hilirisasi Kepala BKPM Rosan Perkasa Roeslani menyampaikan saat ini beberapa sektor industri yang ada di Indonesia masih membutuhkan Tenaga Kerja Asing TKA Pemerintah akan memangkas proses perizinan bagi TKA yang menyertai penanaman modal di Indonesia Hal ini ditandai dengan penandatanganan dua Surat Keputusan Bersama SKB antara Menteri Ketenagakerjaan Yassierli Menteri Imigrasi dan Pemasyarakatan Agus Andrianto serta Menteri Investasi dan Hilirisasi Kepala BKPM Rosan P Roeslani di Kantor Kementerian Investasi dan Hilirisasi BKPM Jakarta Rabu SKB pertama yaitu tentang Integrasi Sistem Online Single Submission OSS Sistem Informasi dan Aplikasi Pelayanan Ketenagakerjaan SIAPkerja dan Aplikasi All Indonesia SKB kedua yaitu tentang Pembentukan Tim Teknis Integrasi Melalui SKB tiga kementerian ini sistem Online Single Submission OSS pada Kementerian Investasi dan Hilirisasi BKPM akan diintegrasikan dengan SIAPkerja milik Kementerian Ketenagakerjaan dan Aplikasi All Indonesia pada Kementerian Imigrasi dan Pemasyarakatan Rosan mengatakan kini proses perizinan TKA ditargetkan dapat selesai dalam waktu sekitar lima hari Jika melewati batas waktu tersebut izin akan diterbitkan secara otomatis sesuai mekanisme yang telah ditetapkan Adapun keputusan ini mulai berlaku akhir bulan ini Jadi memang rencananya pada akan mulai berjalan implementasinya pada akhir bulan ini rencananya tadi saya di diinformasikan Insyaallah akhir bulan ini sudah mulai berjalan hasil dari kesepakatan dari kami bertiga ujar Rosan Dengan terpangkasnya waktu ini Rosan mengatakan hal ini dapat meningkatkan iklim investasi dan industri di Indonesia Kebijakan itu juga diharapkan memberikan dampak positif terhadap penanaman modal asing atau foreign direct investment FDI Karena memang kita melihat bahwa dari beberapa sektor industri memang kebutuhan tenaga kerja asing itu masih kita perlukan Dan harapan ini bisa memberikan transfer of knowledge transfer of technology kepada sumber daya manusia kita terangnya Menteri Ketenagakerjaan Yassierli menyampaikan bahwa dengan SKB ini pelayanan ke depan nantinya akan lebih baik dari yang ada saat ini Meski begitu pihaknya tetap berkomitmen untuk melakukan monitoring terhadap jalannya proses perizinan kerja KTA Dan Insyaallah kita yakin dalam implementasinya nanti akan memberikan layanan dan hasil yang efektif dan efisien yang lebih baik katanya Tonton juga video Kemendikdasmen Terdapat Pelanggaran TKA hrp fdl,finance
Otorita Ibu Kota Nusantara IKN memastikan kebakaran hutan dan lahan karhutla di kawasan Jalan Tol Balikpapan Samarinda Balsam Km serta Kawasan Bukit Tengkorak yang berada di dalam kawasan Taman Hutan Raya Tahura Bukit Soeharto di Kecamatan Sepaku telah padam Hal ini berdasarkan pengecekan yang dilakukan Staf Khusus Kepala Otorita IKN Bidang Manajemen Kebijakan dan Strategi Konstruksi Danis H Sumadilaga Danis melakukan pengecekan ke Tol Balsam Km Desa Wonotiro Kecamatan Samboja serta kawasan Bukit Tengkorak Pada Rabu Danis memastikan kondisi di Bukit Tengkorak sudah dalam keadaan padam Saat melakukan pengecekan sekitar pukul WITA tidak terlihat lagi kebakaran aktif meskipun masih terdapat asap tipis di sejumlah titik Alhamdulillah sudah tidak ada kebakaran lagi mungkin ada asap kecil kecil saja Ini hasil pemadaman yang dilakukan oleh tim darat bersama sama dan juga dari udara waktu water bombing Hari ini di Bukit Tengkorak sudah padam ujar Danis dalam keterangan tertulis Rabu Danis juga terus berkomunikasi dengan berbagai pihak untuk memastikan penanganan karhutla dapat dilakukan secara cepat dan terkoordinasi baik melalui upaya pemadaman dari darat maupun udara Menurut Danis keberhasilan pemadaman tersebut perlu diikuti dengan langkah antisipasi agar api tidak kembali muncul Karena itu monitoring dan patroli akan terus dilakukan untuk memastikan kondisi kawasan tetap aman dari potensi kebakaran susulan Mudah mudahan jangan sampai terjadi lagi Harus kita lakukan upaya monitoring patroli untuk memastikan bahwa jangan sampai kebakaran ini terjadi lagi tambah danis Otorita IKN mengapresiasi kerja bersama seluruh pihak yang terlibat dalam penanganan karhutla baik melalui pemadaman darat maupun dukungan pemadaman dari udara Otorita IKN juga menegaskan bahwa penanganan karhutla tidak berhenti setelah api padam Pemantauan dan patroli berjalan untuk mencegah dan mendeteksi asap atau titik api sedini mungkin Simak juga Video Puan soal Lahan Bekas Karhutla Jadi Kebun Sawit Segera Ditindak,finance
Koalisi Besar Perjuangan Buruh Indonesia KBPBI akan menggelar aksi serentak di kota kabupaten pada Kamis Aksi tersebut melibatkan sekitar ribu buruh Selain menggelar aksi massa buruh juga akan melakukan audiensi dengan DPRD pemerintah kabupaten kota maupun pemerintah provinsi untuk menyampaikan aspirasi terkait substansi RUU tersebut Ketua Umum Konfederasi Aliansi Serikat Buruh Indonesia KASBI Sunarno mengatakan aksi tersebut merupakan bentuk pengawalan terhadap pembahasan RUU Ketenagakerjaan yang dinilai masih jauh dari harapan pekerja Buruh menilai masih terdapat sejumlah persoalan krusial yang belum terakomodasi September kami akan melakukan aksi pengawalan di berbagai daerah di Indonesia Setidaknya ada daerah kota kabupaten yang akan melakukan aksi turun ke jalan Untuk estimasi besok sebagai aksi permulaan perkiraan ada sekitar buruh kata Sunarno dalam keterangan tertulis Rabu Sementara itu Ketua Umum Gerakan Serikat Buruh Indonesia GSBI Rudi HB Daman menegaskan RUU inisiatif DPR masih belum menjawab persoalan utama buruh Menurut Rudi sejumlah ketentuan dalam RUU tersebut dinilai masih mempertahankan semangat Omnibus Law yang selama ini ditolak oleh kalangan buruh RUU inisiatif DPR ini adalah masih jauh dari harapan buruh Undang undang ini salah satunya masih memiliki semangat Omnibus Law kata Rudi Dia mencontohkan ketentuan mengenai pemagangan yang dinilai berpotensi menjadi skema baru politik upah murah dan praktik outsourcing KBPBI kata Rudi meminta skema pemagangan dihapuskan Jika tetap diatur pemagangan seharusnya hanya diperuntukkan bagi siswa dan mahasiswa dalam konteks pendidikan dengan durasi maksimal tiga bulan Selain pemagangan persoalan lain yang disoroti adalah Perjanjian Kerja Waktu Tertentu PKWT Rudi menyebut RUU tersebut masih mengatur PKWT hingga empat tahun Di Koalisi Besar itu tuntutan kita adalah dihapuskan Tapi kita memberikan kompromi kepada pemerintah kepada DPR kalaupun diatur hanya satu tahun ujarnya Rudi juga mengkritik banyaknya ketentuan dalam RUU yang didelegasikan kepada pemerintah melalui Peraturan Pemerintah Peraturan Presiden maupun Peraturan Menteri Berdasarkan catatan yang disampaikannya terdapat sekitar pasal yang didelegasikan kepada Peraturan Pemerintah pasal kepada Peraturan Menteri dan sekitar tiga pasal kepada Peraturan Presiden Ketika undang undang banyak mendelegasikan kepada Peraturan Pemerintah maka esensi demokratisasinya itu hilang tegasnya Persoalan pengupahan juga menjadi perhatian buruh Rudi menilai formula upah minimum yang masih menggunakan variabel alfa berpotensi kembali memicu polemik di kalangan pekerja Karena itu KBPBI mendesak pemerintah dan DPR tidak menggunakan alfa dalam penetapan upah minimum melainkan menggunakan indeks tertentu yang dinilai lebih menjamin peningkatan kesejahteraan pekerja Rudi menegaskan aksi pada September merupakan bentuk penampungan aspirasi basis buruh di daerah sekaligus peringatan kepada DPR dan pemerintah agar membuka ruang perbaikan terhadap RUU tersebut Menurutnya sejumlah basis buruh di daerah sebenarnya telah mendesak agar aksi besar langsung digelar di Jakarta Namun pimpinan serikat buruh masih memilih menempuh komunikasi dan memberikan ruang kepada DPR serta pemerintah untuk merespons tuntutan mereka Kita sebenarnya kawan kawan daerah ini sudah mendesak untuk segera bergerak ke Jakarta katanya Presiden Konfederasi Serikat Pekerja Seluruh Indonesia KSPSI Andi Gani Nena Wea dalam video conferencenya meminta seluruh buruh yang akan mengikuti aksi besar pada September di berbagai daerah untuk tetap menaati aturan hukum dan menjaga ketertiban selama menyampaikan aspirasi Andi Gani menegaskan aksi harus dilakukan secara damai dan tertib Ia juga mengingatkan massa buruh agar tidak melakukan tindakan anarkis maupun perusakan dalam bentuk apa pun Saya meminta seluruh buruh yang melakukan aksi besok untuk taat aturan hukum menyampaikan aspirasi dengan tertib dan tidak melakukan tindakan perusakan apa pun tegas Andi Gani Sebelumnya ungkap Andi Gani buruh berencana menggelar aksi besar dengan memusatkan massa di Jakarta Namun rencana tersebut kemudian diubah setelah Presidium KBPBI memperoleh informasi adanya potensi penyusupan dalam aksi September Atas pertimbangan tersebut Presidium KBPBI memutuskan aksi digelar di wilayah masing masing Kebijakan ini diambil untuk memastikan aksi tetap berjalan tertib sekaligus menjaga keselamatan para peserta aksi Andi Gani menekankan bahwa perubahan lokasi aksi tidak mengurangi semangat buruh dalam menyampaikan aspirasi terkait perjuangan dan kepentingan pekerja Kami berharap seluruh elemen buruh dapat menjaga situasi tetap kondusif dan tidak memberikan ruang bagi pihak pihak yang ingin memanfaatkan aksi untuk kepentingan di luar agenda perjuangan buruh ucapnya hns hns,finance
FIA World Endurance Championship memasuki paruh kedua musim Team WRT lebih percaya diri meraih hasil bagus Dari empat balapan awal selalu muncul pemenang berbeda Team WRT BMW menaklukkan seri pembuka di Imola lalu Garage McLaren finis pertama di Spa Dua tim penggeber Corvette memenangi dua balapan terakhir di Le Mans serta Sao Paulo yakni TF Sport dan Racing Team Turkey TF Sport sekarang memimpin klasemen dengan keunggulan poin atas tim juara bertahan kelas The Bend Manthey Porsche Keunggulan dengan selisih poin lumayan besar itu pun didapat karena TF Sport menang di Le Mans yang memberikan poin ganda Selebihnya dari Manthey di peringkat dua hingga tim di posisi ke hanya berselisih poin Ini menggambarkan betapa persaingan di sangat terbuka musim ini Menariknya lagi menatap putaran lima FIA WEC Lone Star Le Mans atau Hours of COTA akhir pekan ini untuk kali pertama dua tim pemenang di dua kelas tahun lalu absen Porsche Penske tak melanjutkan program Hypercar tahun ini Sementara tim United Autosports yang tahun lalu menang di COTA bersama Sean Gelael Darren Leung dan Marino Sato juga absen dari program tahun ini Mereka memilih fokus untuk menjadi partner operasional McLaren untuk tampil di Hypercar Mobil McLaren sendiri masih ada di tapi manajemennya pindah ke tim Garage dengan mengoperasikan mobil nomor dan Sean dan Darren masih bersatu dan punya ingatan baik soal kemenangan tahun lalu Namun kali ini cerita pasti berbeda karena mereka mengendarai BMW bersama Augusto Farfus di Team WRT Musim liburan telah berakhir sekarang saatnya fokus tantangan berat di hadapan tulis akun resmi Team WRT Race Hours of COTA disiarkan langsung secara livestreaming di kanal youtube KUY Entertainment Senin mulai pukul WIB,sport
Manajer Tim Ducati Davide Tardozzi melontarkan kritik tajam terhadap Francesco Bagnaia setelah MotoGP Aragon Menurutnya masalah Bagnaia saat ini bukan soal kecepatan melainkan aspek psikologis secara khusus kepercayaan diri dan fokus mental Bagnaia kembali menjalani akhir pekan yang sulit di Aragon Pebalap Italia itu gagal menunjukkan performa yang diharapkan Ducati dan akhirnya terjatuh dalam balapan Ducati sebelumnya berharap Bagnaia setidaknya mampu finis di lima besar di MotorLand Aragon Namun ekspektasi tersebut tidak terpenuhi Tardozzi menyebut tim sempat mencoba perubahan saat sesi pemanasan tetapi hasilnya tidak sesuai harapan Kami berharap Bagnaia setidaknya bisa berada di lima besar di sini tetapi kenyataannya tidak demikian Kami mencoba sesuatu saat pemanasan yang tidak berhasil Dia tidak memiliki kepercayaan diri dia tidak memacu motornya dan kami belum menemukan cara untuk mengatasi masalah ini kata Tardozzi kepada TNT Sports Tardozzi kemudian menilai persoalan Bagnaia sudah menyentuh aspek psikologis Menurutnya kemampuan Bagnaia untuk melaju cepat tidak perlu diragukan tetapi pendekatannya dalam menghadapi situasi sulit justru membatasi performanya Saya pikir ini adalah masalah psikologis Pendekatannya terkadang membatasi performanya Kami tidak meragukan bahwa dia cepat tetapi sekarang dia harus melewati batas tipis antara percaya diri dan menutup mata terhadap tantangan ujarnya Pernyataan Tardozzi tersebut menjadi sorotan mengingat Bagnaia akan meninggalkan Ducati pada akhir musim Mulai dia akan memperkuat Aprilia Racing sementara Ducati telah memastikan Pedro Acosta sebagai rekan setim Marc Marquez untuk musim dan krs bay,sport
Perbankan nasional siap memungut pajak atas transaksi digital luar negeri Hal tersebut dipastikan setelah melakukan berbagai tes terhadap puluhan perbankan domestik Menteri Keuangan Menkeu Purbaya Yudhi Sadewa mengatakan implementasi kebijakan ini akan dimulai oleh Himpunan Bank Milik Negara Himbara Kebijakan ini rencananya akan diimplementasikan pada September Sudah siap semua peserta sudah dites kita sudah tes berapa puluh bank bank Himbara akan segera mulai jalan Nanti akan kita implementasi ke bank bank lain secara bertahap ujar Purbaya kepada wartawan di kawasan Sunter Jakarta Utara Selasa Purbaya mengatakan ada empat bank plat merah yang siap mengimplementasikan kebijakan tersebut Meski begitu ia mengaku belum melihat berapa besar potensi dari pemungutan pajak tersebut Saya belum bisa hitung karena itu akan ditarik dari yang sebelumnya belum kita tarik Jadi saya tau potensinya Kalau janji vendornya gede cuman saya sangsi Itu akan terbukti dalam waktu dekat Jadi saya harus hati hati untuk prediksi potensi dari situ pungkasnya Sebagai informasi kebijakan ini masuk dalam Sistem Pemungutan Pajak atas Transaksi Digital Luar Negeri SPP TDLN yang rencananya diterapkan pada September Dalam hal ini pemerintah menunjuk PT Jalin Pembayaran Nusantara Jalin penyelenggara SPP TDLN berdasarkan Peraturan Presiden Nomor Tahun ahi hns,finance
Kebutuhan dana tambahan bisa muncul ketika seseorang sedang menyiapkan berbagai rencana mulai dari biaya pendidikan anak renovasi rumah kebutuhan kesehatan hingga persiapan pernikahan dan kebutuhan keluarga lainnya Dalam kondisi tersebut pembiayaan multiguna bisa menjadi salah satu pilihan untuk membantu memenuhi kebutuhan dana Bagi nasabah terpilih PT Bank Rakyat Indonesia Persero Tbk atau BRI memiliki fasilitas BRI Multiguna Pre Approved yang menawarkan proses pengajuan lebih mudah dan cepat dibandingkan pengajuan pembiayaan reguler Apa Itu BRI Multiguna Pre Approved BRI Multiguna Pre Approved merupakan fasilitas pembiayaan dari BRI yang ditujukan khusus bagi nasabah terpilih dengan kriteria tertentu yang ditetapkan BRI Status Pre Approved ini membuat proses pengajuan pembiayaan dapat dilakukan secara lebih sederhana dibandingkan pengajuan reguler Nasabah yang mendapatkan penawaran pun dapat mengakses Pinjaman Multiguna untuk berbagai kebutuhan sesuai ketentuan produk Apa Keunggulan BRI Multiguna Pre Approved Fasilitas ini memberikan kemudahan bagi nasabah yang telah mendapatkan penawaran Proses pengajuannya lebih cepat dan sederhana dibandingkan pengajuan pembiayaan reguler Beberapa keunggulan BRI Multiguna Pre Approved antara lain Pengajuan lebih cepat Proses lebih mudah dibandingkan pengajuan reguler Khusus bagi nasabah BRI yang terpilih dan memenuhi kriteria Dapat digunakan untuk berbagai kebutuhan produktif maupun konsumtif sesuai ketentuan produk Dengan proses tersebut nasabah yang telah memperoleh penawaran dapat mengakses pembiayaan secara lebih praktis ketika membutuhkan dana untuk rencana yang telah disiapkan Bisa Digunakan untuk Berbagai Kebutuhan Sesuai namanya Pinjaman Multiguna dapat digunakan untuk berbagai kebutuhan sehingga nasabah bisa menyesuaikan pemanfaatan dana dengan prioritas masing masing Pembiayaan ini antara lain dapat digunakan untuk dana pendidikan termasuk biaya pendidikan anak atau anggota keluarga Dana juga dapat dimanfaatkan untuk renovasi rumah seperti memperbaiki atau menambah bagian rumah agar lebih nyaman Selain itu kebutuhan kesehatan baik biaya pengobatan maupun perawatan juga dapat menjadi pertimbangan Pembiayaan ini dapat digunakan untuk persiapan pernikahan kebutuhan acara keluarga maupun kebutuhan keluarga lainnya yang sudah direncanakan atau bersifat mendesak Bagi nasabah yang ingin mengembangkan usaha fasilitas ini juga dapat dimanfaatkan sebagai modal usaha selama penggunaannya sesuai dengan ketentuan produk yang berlaku Dengan fleksibilitas tersebut BRI Multiguna dapat menjadi salah satu alternatif pembiayaan bagi nasabah yang memiliki beberapa kebutuhan sekaligus Siapa yang Bisa Mendapatkan Penawaran Perlu diketahui BRI Multiguna Pre Approved tidak otomatis tersedia bagi seluruh nasabah BRI Penawaran diberikan secara khusus kepada nasabah terpilih yang telah memenuhi kriteria dan ketentuan yang ditetapkan oleh BRI Salah satu kelompok nasabah yang berkesempatan memperoleh penawaran adalah nasabah yang payroll atau pembayaran gajinya disalurkan melalui BRI Namun ketersediaan penawaran tetap bergantung pada hasil seleksi serta kriteria yang berlaku di BRI Lalu bagaimana cara mengetahui apakah Anda termasuk nasabah yang mendapatkan penawaran Nasabah terpilih akan mendapatkan informasi penawaran BRI Multiguna Pre Approved melalui kanal resmi BRI antara lain WhatsApp Blast resmi BRI yang menginformasikan adanya penawaran BRI Multiguna Pre Approved atau Pop up notification penawaran di aplikasi BRImo ketika nasabah mengakses aplikasi Apabila menerima salah satu notifikasi tersebut nasabah dapat melihat detail penawaran dan melanjutkan proses pengajuan sesuai tahapan yang tersedia Karena penawaran diberikan secara khusus nasabah disarankan untuk memastikan informasi yang diterima berasal dari kanal resmi BRI serta tidak memberikan PIN password kode OTP maupun data rahasia perbankan kepada pihak lain Cara Mengajukan BRI Multiguna Pre Approved Foto BRI Nasabah yang sudah memperoleh penawaran dapat mengajukan BRI Multiguna Pre Approved melalui aplikasi BRImo Proses pengajuan dilakukan dengan mengikuti tahapan yang tersedia di BRImo serta syarat dan ketentuan yang berlaku Dengan adanya penawaran Pre Approved proses tersebut menjadi lebih praktis dibandingkan pengajuan pembiayaan reguler Dana yang diperoleh kemudian dapat direncanakan sesuai kebutuhan mulai dari pembiayaan pendidikan renovasi rumah kebutuhan kesehatan persiapan pernikahan hingga kebutuhan keluarga lainnya Saatnya Cek Penawaran BRI Multiguna Pre Approved Berbagai rencana keuangan tentu membutuhkan persiapan termasuk dalam menyiapkan dana Ketika kebutuhan tersebut muncul pilihan pembiayaan yang mudah diakses dapat membantu nasabah mengatur rencana dengan lebih terarah Bagi nasabah BRI yang telah mendapatkan penawaran BRI Multiguna Pre Approved dapat menjadi salah satu pilihan untuk memenuhi kebutuhan produktif maupun konsumtif sesuai ketentuan yang berlaku Jika payroll Anda telah disalurkan melalui BRI tidak ada salahnya mengecek apakah sudah memperoleh penawaran BRI Multiguna Pre Approved Untuk mengetahui informasi lebih lanjut sekaligus mengecek penawaran yang dimiliki kunjungi laman berikut Lihat juga Video Dirut BRI Paparkan Evolusi Industri Perbankan,finance
Presiden Prabowo Subianto meminta semua pihak agar memberikan perhatian khusus pada kebakaran hutan dan lahan karhutla di Ibu Kota Nusantara IKN Kalimantan Timur Otorita IKN buka suara soal seruan Prabowo Otorita memastikan penanganan karhutla km yang terjadi di sejumlah titik dalam delineasi IKN terus dilakukan Staf Khusus Kepala Otorita IKN Bidang Manajemen Kebijakan dan Strategi Konstruksi Danis H Sumadilaga memastikan titik api berada cukup jauh dari Kawasan Inti Pusat Pemerintahan KIPP Titik kebakaran terdekat berjarak sekitar kilometer dari KIPP dan saat ini penanganan terus diperkuat melalui pemadaman dari darat dan udara Jarak titik yang paling dekat dengan Kawasan Inti Pusat Pemerintahan IKN sekitar kilometer Memang masih masuk dalam delineasi IKN tetapi secara jarak cukup jauh dari kawasan inti ujar Danis dalam keterangannya Rabu Menurut Danis penanganan terus dilakukan sebagai langkah pencegahan agar titik titik kebakaran yang ada tidak berkembang dan meluas ke wilayah lain Jadi apa yang kita lakukan ini betul betul merupakan tindakan preventif Jangan sampai kebakaran tersebut berkembang menjadi lebih jauh ujar Danis Danis juga menjelaskan angka hektare ha yang disebut sebagai area terdampak tidak berarti seluruh luasan tersebut terbakar Di dalam area tersebut terdapat sejumlah titik yang mengalami kebakaran hektare itu adalah area yang terdampak Di area tersebut ada titik titik yang terbakar jadi tidak seluruhnya terbakar Yang terbakar sebenarnya kurang dari itu karena merupakan titik titik api jelas Danis Berdasarkan hasil penanganan selama beberapa hari terakhir titik titik api di sejumlah lokasi tersebut telah jauh berkurang Dua lokasi yang menjadi perhatian utama saat ini berada di Bukit Tengkorak dan wilayah Wonotirto Otorita IKN Buka Suara soal Karhutla Jarak Terdekat dengan Kawasan Inti Km Foto Dok Otorita IKN Pada Selasa pagi tim juga kembali menemukan titik api di Tol Balikpapan Samarinda KM Titik tersebut segera ditangani oleh tim gabungan yang terdiri atas Otorita IKN TNI Polri dan Jasa Marga Penanganan dari udara juga dilakukan melalui water bombing oleh TNI AU Upaya penanganan karhutla di IKN dilakukan secara terpadu melalui pemadaman dari darat dan udara Dari sisi darat Otorita IKN bekerja bersama TNI Polri Babinsa masyarakat serta sejumlah pihak lainnya untuk menangani titik titik yang dapat dijangkau melalui jalur darat Sementara itu water bombing digunakan untuk menjangkau area yang sulit diakses oleh tim darat Upaya tersebut dilakukan dengan dukungan BNPB TNI dan BMKG antara lain di kawasan Bukit Tengkorak dan sejumlah titik di Bukit Merdeka Terutama di area area yang tidak bisa dicapai melalui jalur darat Misalnya di daerah Bukit Tengkorak ada beberapa area yang hanya bisa dicapai dengan water bombing Kemudian di beberapa titik di Bukit Merdeka juga kita lakukan water bombing ujar Danis Meskipun titik api telah jauh berkurang Otorita IKN tetap meningkatkan kewaspadaan dengan melanjutkan patroli dan pemantauan di lapangan Tim darat bersama TNI dan Polri akan memastikan tidak muncul titik api baru dan segera melakukan penanganan apabila kembali ditemukan Pemantauan dari udara juga tetap disiagakan untuk memantau perkembangan kondisi lapangan dan memastikan kebakaran tidak meluas Langkah tersebut merupakan bagian dari upaya OIKN menindaklanjuti arahan Presiden agar penanganan karhutla dilakukan secara cepat Selain penanganan di lapangan Otorita IKN terus memperkuat upaya pencegahan melalui edukasi kepada masyarakat mengenai pembukaan lahan tanpa membakar Upaya tersebut juga telah dituangkan dalam Peraturan Kepala Otorita IKN mengenai pembukaan lahan tanpa membakar Sebelumnya Presiden Prabowo Subianto meminta semua pihak memberikan perhatian lebih pada kebakaran hutan dan lahan karhutla yang terjadi dekat Ibu Kota Nusantara IKN Kalimantan Timur Dia memberikan instruksi agar kebakaran tidak sampai ke kawasan inti pusat pemerintahan KIPP IKN Orang nomor satu di Indonesia itu mengarahkan agar pengerahan aset aset segera dilakukan Yang harus diperhatikan juga kebakaran yang dekat dengan IKN itu harus diperhatikan harus dikerahkan aset aset lebih jangan sampai kebakaran itu sampai ke zona inti beber Prabowo dalam Ratas Perkembangan Penanganan Bencana secara virtual Senin Simak juga Video Puan soal Lahan Bekas Karhutla Jadi Kebun Sawit Segera Ditindak,finance
Liga Jasa Keuangan LJK yang lebih dikenal dengan kompetisi basket kini mulai merambah ke padel LJK untuk pertama kalinya menggelar padel mulai tahun ini Sebanyak tim dari institusi keuangan mengikuti rangkaian kompetisi yang dibuka oleh Wakil Ketua Dewan Komisioner Otoritas Jasa Keuangan OJK Hernawan Bekti Sasongko di Milo s Padel Kemang Jakarta Minggu Opening ceremony menghadirkan parade tim pertandingan eksibisi level eksekutif serta pertandingan awal fase grup Kegiatan turut dihadiri Deputi Gubernur Bank Indonesia Solikin M Juhro dan jajaran pimpinan dari berbagai institusi peserta Peserta datang dari tiga kelompok utama Sektor perbankan diwakili institusi sektor asuransi dan keuangan nonbank dan kelompok regulator serta lembaga terkait Setiap institusi menurunkan satu tim yang terdiri atas lima pemain putra dan lima pemain putri serta didampingi maksimal tiga ofisial dengan total sebanyak pemain tercatat mengikuti turnamen Masuknya padel sebagai cabang baru menunjukkan bahwa Liga Jasa Keuangan terus berkembang mengikuti minat insan jasa keuangan Namun yang paling penting bukan sekadar cabang olahraganya melainkan semangat yang dibawa berani bertanding menjunjung sportivitas dan membangun kekompakan kata Ketua Pengurus LJK Insan Hasani Dalam setiap pertemuan beregu tim bertanding pada tiga kategori Men s Doubles Women s Doubles dan Mixed Doubles Kompetisi dimulai dari fase kualifikasi dan grup kemudian berlanjut ke perempat final semifinal perebutan tempat ketiga dan final Format berjenjang tersebut membuat setiap hasil pada fase grup menentukan langkah tim menuju babak gugur Penyelenggaraan juga didukung perangkat pertandingan profesional pengaturan level pemain sistem skor dan publikasi kegiatan Kami merancang kompetisi ini dalam format beregu agar setiap tim tampil sebagai satu kesatuan sehingga strategi kedalaman skuad dan konsistensi menjadi penentu Harapannya turnamen ini berlangsung kompetitif fair dan memberikan pengalaman pertandingan yang baik dan dapat dinikmati bagi seluruh peserta ujar Ketua Pelaksana LJK Padel Greatman Rajab LJK pertama kali diselenggarakan pada sebagai wadah olahraga bagi regulator pelaku industri dan pemangku kepentingan sektor jasa keuangan Memasuki penyelenggaraan ke delapan pada penambahan padel memperluas cabang yang dipertandingkan sekaligus merespons minat komunitas terhadap olahraga tersebut Mengusung tema Play Bold Build Bonds LJK Padel memadukan persaingan yang sehat dengan sportivitas dan kekompakan tim Penutupan pada September akan menjadi momentum penyerahan penghargaan sekaligus apresiasi kepada seluruh tim yang mengikuti penyelenggaraan perdana cabang padel Lebih dari sekadar kompetisi LJK Padel diharapkan menjadi medium yang efektif untuk memperkuat konektivitas dan kolaborasi antarinsan industri jasa keuangan Di saat yang sama sportivitas yang tumbuh dalam pertandingan melalui disiplin integritas kerja sama tim dan sikap saling menghormati mencerminkan nilai nilai yang juga dibutuhkan dalam membangun ekosistem jasa keuangan yang sehat solid dan berkelanjutan,sport
Harga emas Antam terus mengalami penurunan dan melanjutkan tren pelemahan sejak akhir pekan kemarin Harga emas Antam karat hari turun Rp per gram berada di level Rp per gram Berdasarkan situs Logam Mulia Antam Rabu satuan harga emas hari ini yang terkecil ukuran gram berada di angka Rp Sementara harga emas gram dijual dengan harga Rp dan ukuran emas terbesar yakni gram kg dibanderol Rp Jika ditarik dalam sepekan terakhir harga emas Antam berada dalam rentang Rp per gram Sementara dalam sebulan terakhir harga emas Antam bergerak dalam rentang Rp per gram Buyback Emas Harga emas hari ini untuk buyback emas Antam juga turun Rp dan berada di level Rp per gram Harga buyback adalah jika Anda ingin menjual emas maka Antam akan membelinya dengan harga tersebut Sesuai Peraturan Menteri Keuangan PMK Nomor Tahun pembelian emas batangan akan dikenakan PPh sebesar Jika ingin mendapatkan potongan pajak lebih rendah sebesar harus menyertakan NPWP untuk transaksinya Rincian Harga Emas Hari Ini Harga emas gram Rp Harga emas gram Rp Harga emas gram Rp Harga emas gram Rp Harga emas gram Rp Harga emas gram Rp Harga emas gram Rp Harga emas gram Rp Harga emas gram Rp Harga emas gram Rp Harga emas gram Rp Harga emas gram Rp Demikian rincian harga emas hari ini keluaran Antam gram hingga gram Rabu Lihat juga Video Harga Emas Antam Ambruk Hari Ini,finance
PT Pertamina Patra Niaga mewaspadai adanya potensi penyelewengan bahan bakar minyak BBM subsidi jenis solar Hal ini seiring besarnya perbedaan harga antara Solar subsidi dan BBM nonsubsidi Adapun harga Solar subsidi saat ini dipatok Rp per liter Sementara itu harga BBM jenis Dex di SPBU mencapai sekitar Rp per liter Direktur Utama PT Pertamina Patra Niaga Mars Ega Legowo Putra mengatakan dengan besarnya harga tersebut berpotensi dimanfaatkan oleh oknum oknum yang ingin mencari keuntungan Nah ini juga menjadi faktor yang harus kita antisipasi untuk oknum oknum mungkin yang ingin mencari kesempatan dalam kesempatan ini ujar Ega dalam RDP dengan Komisi XII DPR Selasa Meski demikian Pertamina Patra Niaga berkomitmen akan berusaha untuk memperkuat distribusi BBM subsidi agar penyalurannya tepat sasaran dan hak masyarakat yang berhak menerima subsidi tetap terjaga Kami akan berusaha untuk memberikan distribusi yang terbaik agar hak hak masyarakat yang memang berhak mendapatkan subsidi ini bisa mendapatkan dan tetap terjaga sehingga pasokan BBM bisa berjalan dengan lancar ujarnya Dalam hal pengawasan tersebut Pertamina Patra Niaga tengah berkoordinasi dengan Bareskrim Mabes Polri untuk membentuk kerja sama pengawasan dalam pelaksanaan di lapangan Termasuk untuk mengawasi agar solar subsidi tersebut tidak dimanfaatkan oleh industri Karena kami memahami kawan kawan tim kami juga di lapangan perlu dukungan penguatan dari pusat Dan pembahasan awal dengan Bareskrim sudah kami lakukan kemarin dan mungkin dalam waktu dekat ini mudah mudahan perjanjian kerja sama dengan Bareskrim bisa segera terwujud katanya hrp fdl,finance
Bagi pelari urban lari kini bukan lagi sekadar mengejar catatan waktu atau mencapai garis finis Pengalaman selama berlari pun menjadi bagian yang tak kalah penting Mulai dari menikmati suasana kota mengenal budaya lokal hingga mencicipi kuliner khas daerah menjadi alasan mengapa konsep sportourism semakin diminati Tren ini membuat ajang lari tidak lagi sekadar arena kompetisi melainkan juga cara baru bagi masyarakat urban untuk menikmati destinasi wisata sambil berolahraga Konsep inilah yang dihadirkan dalam Solo Run Fest sebuah festival lari yang memadukan olahraga budaya dan pariwisata dalam satu rangkaian acara Festival ini mengajak peserta menjelajahi berbagai daya tarik Kota Solo sambil menikmati pengalaman berlari mulai dari kekayaan budaya hingga geliat ekonomi kreatif masyarakat setempat Melalui konsep tersebut peserta tidak hanya diajak untuk mencetak waktu tempuh terbaik tetapi juga merasakan langsung suasana Kota Solo dari sudut pandang yang berbeda Hal ini sejalan dengan semangat sportourism yang belakangan semakin digemari oleh para pelari di berbagai kota besar Ajang yang sebelumnya dikenal sebagai SHA Run for Solo ini kini berkembang menjadi festival olahraga dan budaya yang lebih besar Solo Run Fest akan digelar pada September di Kota Solo Jawa Tengah Rangkaian acara akan dimulai dengan Race Pack Collection dan Race Village Festival pada September Area Race Village tidak hanya menjadi tempat pengambilan race pack tetapi juga menghadirkan beragam aktivitas menarik yang membuat suasana festival semakin hidup sejak sebelum hari perlombaan dimulai Kehadiran Race Village Festival ini sekaligus menjadi ajang pemanasan bagi peserta untuk mengenal lebih dekat suasana Solo Run Fest sebelum memasuki hari perlombaan utama Peserta bisa memanfaatkan momen ini untuk bersosialisasi sesama pelari sambil menikmati berbagai aktivitas pendukung yang disediakan panitia Memasuki Race Day pada September peserta dapat mengikuti berbagai kategori lomba sesuai kemampuan masing masing Kategori yang tersedia yaitu Half Marathon HM Umum dan Pelajar Sehingga bisa diikuti oleh pelari dari berbagai latar belakang dan tingkat pengalaman mulai dari pelari kompetitif hingga pemula Selain kompetisi lari pengunjung juga dapat menikmati berbagai aktivitas pendukung seperti UMKM Bazaar Sportswear Expo Live Music Performance dan Entertainment Stage Rangkaian acara juga dimeriahkan dengan pengumuman pemenang beserta doorprize hingga Cultural Running Festival yang semakin memperkuat nuansa khas Kota Solo Keberadaan UMKM Bazaar menjadi daya tarik tersendiri karena memberikan kesempatan bagi peserta untuk mengenal sekaligus mendukung produk produk lokal Kehadiran bazaar ini sekaligus menghidupkan sisi ekonomi kreatif masyarakat Solo di tengah gelaran festival sekaligus memberi ruang promosi bagi para pelaku usaha kecil setempat Sementara itu Sportswear Expo menghadirkan berbagai kebutuhan olahraga yang dapat melengkapi perlengkapan para pelari Kehadiran expo ini memudahkan peserta yang masih membutuhkan perlengkapan tambahan sebelum atau saat hari perlombaan tanpa perlu mencarinya jauh jauh dari lokasi acara Menariknya pelari juga bisa mendapatkan diskon tiket sebesar untuk pembelian melalui BRImo Diskon ini menjadi nilai tambah tersendiri bagi peserta yang melakukan transaksi lewat kanal resmi tersebut Bagi para pelari yang ingin ikut merasakan pengalaman tersebut proses pendaftaran kini semakin praktis BRImo menjadi metode pembayaran resmi sekaligus kanal eksklusif untuk pembelian tiket Solo Run Fest Melalui aplikasi ini peserta dapat melakukan registrasi secara digital dengan proses transaksi yang lebih mudah dan nyaman Dengan kemudahan akses tersebut pelari tidak perlu lagi melalui proses pendaftaran yang rumit untuk bisa ambil bagian dalam festival lari sekaligus budaya ini Informasi lebih lengkap dapat dicek melalui bbri id akd akd,sport
Menteri Keuangan Menkeu Purbaya Yudhi Sadewa menjamin pemerintah tidak akan gagal bayar cicilan kredit pembangunan Koperasi Desa Kelurahan Merah Putih KDMP ke Himpunan Bank Milik Negara Himbara atau Bank BUMN Hal tersebut ia pastikan usai menggelar pertemuan bersama Kepala Badan Pengaturan BP Badan Usaha Milik Negara BUMN Dony Oskaria dan Menteri Koperasi Menkop Ferry Juliantono Purbaya menjelaskan pembayaran akan dilakukan Kementerian Keuangan Kemenkeu setelah menerima permintaan pembayaran dari Kementerian Koperasi Kemenkop Kita akan memastikan bahwa tidak akan ada kegagalan bayar sehingga perbankan akan tetap keadaannya Nanti Pak Menteri Koperasi akan mengirim surat ke saya permintaan pembayarannya dan dengan syarat syarat yang dijanjikan beliau ungkap Purbaya kepada wartawan di kantor Kemenkeu Jakarta Rabu Selain itu pemerintah juga akan membentuk satuan tugas satgas untuk memastikan operasional KDMP berjalan baik Terlebih KDMP juga akan diarahkan untuk menyalurkan bantuan sosial bansos pemerintah Kami bertiga sepakat untuk membentuk satu satgas yang bisa memanfaatkan keadaan adanya Koperasi Merah Putih secara maksimal termasuk penyaluran barang barang subsidi di sana dipastikan hanya lewat sana jelasnya Purbaya mengatakan cicilan kredit akan langsung ditransfer ke rekening Himbara sesuai permintaan Kemenkop Ia juga memastikan dananya siap sebelum jatuh tempo pembayaran Uangnya ada kan selama ini dianggarkan Jadi bukan bukan ABT bukan dana bank memang sudah ada disediakan terang Purbaya Dalam kesempatan yang sama Ferry mengatakan satgas tersebut akan diisi juga oleh Menkeu dan Kepala BP BUMN Satgas ini akan memperkuat pengawasan penyaluran barang subsidi pemerintah melalui infrastruktur KDMP Kemenkop juga akan melakukan verifikasi dan validasi ulang terhadap KDMP sebelum mengajukan pembayaran ke Kemenkeu Ia memastikan pembayaran cicilan KDMP akan dilakukan berdasarkan surat pengajuan pihaknya Pak Menteri Keuangan bersama Pak Dony juga tim ini nanti ikut Pak Menteri Keuangan ikut memastikan nanti supaya utilitas atau penggunaan ini termasuk kepastian barang barang subsidi itu menggunakan infrastruktur pemerintah yang namanya sekarang Koperasi Desa Kelurahan Merah Putih begitu Tadi yang kita sepakati tadi juga itu tim bersama pungkasnya ahi hns,finance
Direktorat Jenderal Bea Cukai DJBC melalui Kantor Wilayah Jakarta melakukan penindakan terhadap rokok ilegal di wilayah kerja Kanwil Bea Cukai Jakarta Hasilnya sebanyak batang rokok ilegal berhasil ditindak Kepala Kantor Wilayah Bea Cukai Jakarta Hendri Darnadi mengatakan jumlah tersebut diperoleh dari tiga penindakan dalam periode Agustus sampai September Estimasi potensi kerugian negara diperkirakan mencapai Rp miliar Kantor Wilayah DJBC Jakarta bekerja sama dengan Kantor Bea Cukai Marunda telah melakukan atau mengamankan sekitar juta batang rokok ilegal di wilayah Pademangan Jakarta Utara dengan estimasi potensi kerugian negara mencapai Rp miliar kata Hendri dalam konferensi pers di kantor DJBC Jakarta Rabu Selain itu Kantor Bea Cukai Marunda menerima limpahan sebanyak koli berisi ribu batang rokok ilegal dengan estimasi kerugian negara sekitar Rp juta Artinya total batang rokok ilegal yang diamankan mencapai juta batang dengan total kerugian Rp miliar Total keseluruhan dari tiga rangkaian penindakan serta pelimpahan dari Polres Metro Jakarta Barat sekitar batang rokok ilegal dengan estimasi kerugian negara adalah Rp miliar tuturnya Barang tersebut diketahui berasal dari wilayah Jawa Timur Rencananya barang akan dipasarkan ke wilayah Jawa Barat Sumatera dan Kalimantan Rokok ilegal tersebut berasal dari Jawa Timur yang akan dikirim ke daerah pemasaran Sementara ini yang terdeteksi ke tiga tempat yaitu Jawa Barat Sumatera dan Kalimantan ungkap Hendri Menurut Hendri seluruh barang hasil penindakan dan barang yang diserahterimakan tersebut saat ini masih dilakukan proses penelitian lebih lanjut sesuai dengan ketentuan peraturan perundang undangan Ia juga menambahkan pelaksanaan tugas ini dilakukan melalui sinergi bersama dengan Polri Kejaksaan TNI Pemerintah Provinsi dan berbagai kementerian lembaga Saya menyampaikan apresiasi atas sinergi dan kolaborasi yang terjalin sangat baik antara Bea Cukai dengan Komisi III DPR RI Kementerian Perindustrian Pemerintah Provinsi DKI Jakarta Polri TNI Kejaksaan serta seluruh instansi terkait dalam upaya melindungi masyarakat dari peredaran rokok ilegal tutup Hendri Lihat juga Video Petugas Bea Cukai Razia di Warung Madura Viral Ternyata Cari Rokok Ilegal,finance
Ketua Umum Komite Olimpiade Indonesia KOI Raja Sapta Oktohari memastikan atlet terlayani dengan baik setibanya di Nagoya Jepang Ini untuk menjawab kondisi yang tengah terjadi di kota tersebut Nagoya tengah diterpa banjir besar yang mengakibatkan ratusan atlet Asian Games di Jepang dievakuasi dari tempat penginapan mereka Bahkan menurut prakiraan cuaca menunjukkan akan ada lebih banyak hujan dalam beberapa hari ke depan padahal pertandingan Asian Games akan dimulai September dan pembukaan resmi multievent empat tahunan itu baru dilakukan September Hubungan kami dengan NOC Jepang cukup baik Koordinasi tetap kami lakukan dan khusus Nagoya tim CdM cukup intensif berkomunikasi baik dengan pemerintahnya mapun LOC Aichi Nagoya kata Okto saat ditemui di Wisma Serba Guna GBK Rabu InsyaAllah kita akan berupaya terus supaya ada kepastian para atlet bisa terlayani dengan baik tambahnya Selain banjir besar di wilayah Asian Games akan berlangsung faktanya Indonesia juga diterpa tantangan lain Mulai dari kebakaran di Kalimantan banjir di Sumatra hingga gunung erupsi di beberapa titik di Indonesia Namun begitu Okto berharap tantangan ini bisa dijawab atlet dengan prestasi olahraga Indonesia Kami menyampaikan kepada para atlet bahwa semua tantangan ini harus dijawab dengan prestasi Harapannya dari prestasi itu bisa menjadi penguat semangat masyarakat Indonesia menghadapi semua tantangan yang sedang kita hadapi ini ujarnya Kita bangsa besar kita tak mungkin akan menjadi kecil cuma karena tantangan tantangan ini Jawabannya harus menang tegas Okto Okto juga menilai tim CdM memiliki rencana cadangan dalam setiap situasi yang dihadapi Termasuk terkait Timnas basket yang turut berdampak karena adanya banjir besar di Nagoya Hal seperti ini bukan pertama kali Saya pernah jadi CdM di Olimpiade setiap situasi ada kondisi plan Dan saya yakin pak Todotua Padaribu dari olahraga basket sehingga saya sangat pede pasti setiap permasalahan akan dicarikan solusinya yang terbaik untuk para atletnya tegasnya Begitu pun soal skema keberangkatan tim Asian Games untuk kloter berikutnya Skemanya memaksimalkan menyesuaikan keadaan Bahwa kemarin pada saat mau berangkat airport ditutup kami cari solusi dan komunikasikan dengan atlet dan ofisial Jika mereka setuju dengan skema itu kami laksanakan karena yang paling utama memastikan pelayanan kepada atlet sehingga mereka bisa tampil maksimal kata Okto,sport
WhatsApp bisa menjadi salah satu channel paling efektif untuk berkomunikasi dengan calon customer Tapi kalau digunakan dengan cara yang kurang tepat broadcast WhatsApp justru bisa membuat orang merasa terganggu dan memilih mengabaikan pesan dari bisnis kamu Salah satu kesalahan yang masih sering dilakukan pelaku usaha adalah mengirim pesan promosi dengan pola yang sama berulang kali Mulai dari judul dengan huruf kapital semua harga yang dicoret hingga ajakan order sekarang tanpa memberikan konteks yang membuat customer merasa pesan tersebut memang relevan untuk mereka Padahal broadcast WhatsApp seharusnya tidak hanya berisi promosi Cara menyusun pesan memilih informasi yang disampaikan hingga menentukan waktu pengiriman juga bisa memengaruhi respons calon customer Broadcast Terlalu Promosi Bisa Terasa Seperti Spam Ketika setiap pesan yang masuk hanya berisi penawaran diskon atau ajakan membeli customer bisa merasa bahwa mereka sedang menerima spam bukan sedang mendapatkan informasi yang bermanfaat Pesan yang terlalu berjualan juga berisiko membuat penerima kehilangan ketertarikan untuk membuka pesan berikutnya Dalam jangka panjang hal ini dapat mempengaruhi hubungan bisnis dengan customer dan membuat komunikasi melalui WhatsApp menjadi kurang efektif Belajar Membuat Broadcast WhatsApp yang Lebih Efektif Kalau kamu masih bingung bagaimana membuat broadcast yang tidak terasa seperti spam kelas WhatsApp Marketing Maksimalin Cuan Cuma Pakai WhatsApp Batch bisa menjadi salah satu pilihan untuk mempelajari strateginya Kelas online yang berlangsung pada Jumat September ini akan membahas cara menyusun broadcast yang informatif tanpa menghilangkan tujuan penjualan Peserta juga akan mempelajari copywriting melalui studi kasus yang dekat dengan kebutuhan pelaku bisnis sehari hari Cocok untuk Pelaku Usaha yang Ingin Maksimalkan WhatsApp Kelas ini ditujukan untuk pemilik usaha yang sudah menggunakan WhatsApp sebagai salah satu channel penjualan maupun yang baru ingin membangun sistem komunikasi digital dari awal Kalau selama ini broadcast WhatsApp kamu belum memberikan hasil yang maksimal mungkin masalahnya bukan pada produknya tetapi pada cara pesan tersebut disampaikan Yuk daftarkan dirimu melalui detikevent hns hns,finance
Presiden Prabowo Subianto menyatakan bonus untuk atlet Asian Games akan ditetapkan Rp miliar jauh lebih besar daripada bonus emas untuk Sea Games Kenaikan bonus ini dikatakan Prabowo setelah mendapatkan bisikan dari Menteri Pemuda dan Olahraga Erick Thohir Dan saya lupa saya diberi laporan Pak Erick pak untuk Sea Games medali emas dapat Rp miliar tapi ini Asian Games medali Rp miliar ujar Prabowo saat pelepasan Kontingen Indonesia di Istana Kepresidenan Jakarta Pusat Rabu Ketua Umum Pengurus Besar Persatuan Angkat Besi Seluruh Indonesia PB PABSI Rosan Perkasa Roeslani mengatakan pihaknya bersyukur dengan bonus yang dijanjikan oleh Prabowo Ya tentunya itu ya alhamdulillah ya itu adalah suatu bentuk apresiasi dari pemerintah tentunya kata Rosan usai acara Menurutnya Prabowo berpesan bahwa untuk menjadi atlet yang bisa berkompetisi dan juga bisa mendapatkan medali emas adalah suatu kebanggaan dan kehormatan bukan hanya untuk atlet itu sendiri tapi juga untuk kebanggaan untuk seluruh masyarakat Indonesia Jadi ya saya rasa itu apa apresiasi yang sangat luar biasa dari bapak presiden langsung tadi disampaikan kata Rosan Tonton juga video Bicara Kesiapan Atlet untuk Asian Games Mensesneg Persiapan Sangat Baik hal ara,finance
Genap setahun Purbaya Yudhi Sadewa menakhodai Kementerian Keuangan Eks Ketua Dewan Komisioner LPS itu datang ketika ekonomi Indonesia tengah tertekan dan dibayangi pesimisme Dengan gaya komunikasi koboi yang ceplas ceplos dan penuh kejutan Purbaya mengeluarkan sejumlah kebijakan mulai dari menggelontorkan Rp triliun dana pemerintah ke Himbara hingga memelototi belanja Kementerian Lembaga Setahun berlalu pertumbuhan ekonomi memang terlihat lebih tinggi setelah Purbaya menjabat Rata rata pertumbuhan empat kuartal sebelum Purbaya sekitar sementara empat kuartal setelahnya mencapai atau naik poin persentase Kalau desainnya sesuai dengan yang saya dan Pak Presiden inginkan saat itu harusnya kita sudah tumbuh lebih cepat Harusnya kita sudah di kisaran Kata Purbaya kepada detikcom dalam sebuah wawancara khusus Selasa kemarin Namun tantangan belum selesai Dengan target pertumbuhan ekonomi pemerintah sebesar seberapa optimistis Purbaya bisa membawa ekonomi Indonesia mencapai angka tersebut Simak wawancara khusus detikcom bersama Menteri Keuangan Purbaya Yudhi Sadewa dalam program detikSore hari ini Kamis jam WIB eds eds,finance
Pebalap Mercedes GP Kimi Antonelli tampil luar biasa untuk memenangi GP Italia Tak cuma comeback Antonelli bikin rekor baru Pada balapan di Sirkuit Monza Minggu malam WIB Antonelli mendapat penalti sehingga harus start dari grid alias posisi ke Tapi Antonelli cuma butuh dua lap untuk bisa mendekati posisi besar dan kemudian mengambil alih balapan saat memasuki lap ke Posisi itu dipertahankan Antonelli sampai akhir Kemenangan yang bikin Antonelli kukuh di puncak klasemen pebalap dengan poin unggul angka dari rekan setim George Russell di posisi kedua dan angka dari Hamilton di posisi ketiga Ini merupakan kemenangan ketujuh Antonelli musim ini paling banyak sepanjang sejarah keikutsertaan pebalap Italia di Hebatnya Antonelli juga menyudahi puasa panjang pebalap Italia di Monza setelah terakhir Ludovico Scarfiotti bersama Ferrari tahun Antonelli juga jadi pebalap termuda yang menang di Monza dalam usia tahun hari sekaligus orang Italia pertama yang naik podium di balapan itu sejak Luar biasa Saya senang sekali Saya tidak pernah membayangkan bisa ada di sini hari ini tapi kami mewujudkannya Bak mimpi jadi nyata Hari luar biasa Saya tidak bisa melakukan ini tanpa bantuan tim keluarga dan semua yang mendukung saya ujar Antonelli seperti dilansir Reuters Masih ada beberapa balapan lagi kami tidak boleh jemawa Namun kami akan menikmati dulu kemenangan hari ini sambungnya Baca juga Hasil GP Belanda Lando Norris Juara,sport
Menteri Koordinator bidang Perkeonomian Airlangga Hartarto menjelaskan soal mekanisme pembuatan rekening Bank Rakyat Indonesia BRI danBank Syariah Indonesia BSI Pembuatan rekening tersebut merupakan perintah langsung dari Presiden Prabowo Subianto Airlangga menjelaskan masyarakat berusia tahun akan menerima rekening secara otomatis tanpa pergi ke bank Dalam hal ini pemerintah akan memanfaatkan data Kependudukan dan Pencatatan Sipil Dukcapil Otomatis dapat Nanti kita kerja sama dengan Dukcapil ya mengenai data data ini kayaknya kata Airlangga saat ditemui di Kompleks Istana Kepresidenan Jakarta Pusat Rabu Nantinya akan ada teknis terkait pembuatan rekening dari pemerintah Menurut Airlangga BRI dan BSI telah memiliki program yang mendukung hal tersebut Selain itu kebijakan serupa pernah diterapkan pemeritah sebelumnya Nanti akan ada teknisnya seperti apa Karena kan BI bank BSI maupun BRI sudah punya programnya Dan sebetulnya kami pernah lakukan juga di periode sebelumnya dengan berbagai program yang direct dari Menteri Keuangan ke rekening masing masing orang tuturnya Terkait kapan program ini dimulai Airlangga belum merinci Namun ia menyebut perlu ada rapat teknis dalam mempersiapkan regulasi lengkapnya Kita siapkan Mungkin nanti sesudah dirapatkan teknis kita siapkan regulasinya masuk ke dalam Dewan Nasional Keuangan Inklusif kemudian baru sesudah itu kita buatkan timeline nya tutup Airlangga acd acd,finance
Market Overview Indeks Harga Saham Gabungan IHSG kembali berakhir di zona merah pada perdagangan Rabu IHSG turun ke level Sejumlah saham menjadi penggerak perdagangan AMMN naik disusul IMPC yang menguat dan AADI sebesar Di sisi lain BBCA turun BMRI melemah sementara ASII terkoreksi Tekanan juga datang dari investor asing Di pasar reguler tercatat penjualan bersih asing sebesar miliar Jika memperhitungkan seluruh pasar penjualan bersih asing mencapai miliar Pergerakan sektoral turut menunjukkan tekanan Sebanyak dari sektor berakhir melemah Sektor Healthcare menjadi yang mengalami penurunan paling dalam yakni Sebaliknya Transportation Logistic mencatat penguatan terbesar sebesar Dari bursa Amerika Serikat tiga indeks utama juga ditutup melemah Dow Jones turun ke level S P terkoreksi ke dan Nasdaq turun ke Pelemahan sektor Healthcare sebesar disebut mencerminkan aksi ambil posisi setelah katalis erupsi Anak Krakatau mulai kehilangan momentum Tekanan juga terlihat pada ETF EIDO yang turun serta indeks MSCI Indonesia yang melemah Berita Emiten Surya Semesta Internusa SSIA SSIA menyiapkan belanja modal atau capital expenditure capex sebesar triliun untuk Porsi terbesar akan digunakan untuk pengembangan kawasan Subang Smartpolitan Sekitar triliun dialokasikan untuk kebutuhan akuisisi lahan dan pengembangan lahan Selain itu SSIA menyediakan miliar untuk proses rebranding Paradisus by Bali Hingga semester I realisasi dana untuk kebutuhan tersebut telah mencapai sekitar miliar SSIA juga melakukan penyesuaian terhadap target pendapatan tahun ini Pendapatan diproyeksikan mencapai triliun turun dari target sebelumnya sebesar triliun Penyesuaian target tersebut berkaitan dengan adanya penundaan penjualan serta pergeseran kontrak NRCA Meski target pendapatan berubah SSIA tetap mempertahankan target laba bersih sebesar miliar pada akhir Jika tercapai target tersebut mencerminkan pertumbuhan laba bersih hingga dibandingkan tahun sebelumnya Jasa Marga JSMR JSMR menganggarkan capex sekitar triliun pada Sampai semester I realisasi belanja modal perseroan telah mencapai triliun Anggaran tersebut diarahkan untuk mempercepat pembangunan serta pengoperasian lima proyek jalan tol Proyek yang dimaksud meliputi Jakarta Cikampek II Selatan seksi Setu Sadang Akses Patimban Jogja Bawen Jogja Solo dan Probolinggo Banyuwangi Untuk Tol Jogja Bawen Seksi Ambarawa Bawen sepanjang kilometer ditargetkan mulai beroperasi pada November Sementara Seksi Yogyakarta SS Banyurejo ditargetkan rampung konstruksinya pada akhir September JSMR menargetkan Tol Akses Patimban sepanjang kilometer dapat mulai beroperasi pada Sementara pada ruas Probolinggo Banyuwangi dengan total panjang kilometer Seksi Paiton Besuki telah memasuki tahap Uji Laik Fungsi Operasi ULFO Ruas tersebut ditargetkan mulai beroperasi pada akhir atau awal Secara keseluruhan JSMR menargetkan tambahan sekitar kilometer jalan tol dapat beroperasi pada akhir hingga awal Bank Kasikorn Indonesia BMAS BMAS berencana melaksanakan penambahan modal melalui PMHMETD IV atau rights issue Perseroan menetapkan rasio dengan jumlah saham baru maksimal miliar saham Jumlah tersebut setara dengan dari modal ditempatkan dan disetor penuh setelah pelaksanaan PMHMETD IV Harga pelaksanaan ditetapkan sebesar per saham Dengan skema tersebut BMAS berpotensi memperoleh dana sekitar triliun Seluruh dana hasil aksi korporasi tersebut akan digunakan sebagai modal kerja untuk mendukung peningkatan penyaluran kredit Kasikorn Vision Financial Company Pte Ltd KVF sebagai pemegang saham utama BMAS dengan kepemilikan saat ini sebesar menyatakan akan melaksanakan seluruh HMETD yang menjadi haknya Termasuk HMETD yang dialihkan dari Kasikornbank KBANK KVF juga akan bertindak sebagai pembeli siaga Dengan demikian kepemilikan KVF di BMAS berpotensi meningkat menjadi sekitar hingga Sementara itu pemegang saham lama yang tidak mengambil haknya dalam PMHMETD IV berpotensi mengalami dilusi maksimal sebesar Adapun periode perdagangan dan pelaksanaan HMETD dijadwalkan berlangsung pada November hingga Desember Cum right di pasar reguler dan negosiasi ditetapkan pada November Rekomendasi Saham Hari Ini ARCI Buy SL TLKM Buy SL HRUM Buy SL JARR Buy SL AKRA Buy SL Disclaimer Ingat bahwa segala analisis dan rekomendasi saham dalam artikel ini bersifat informatif sekaligus bukan merupakan ajakan untuk membeli atau menjual saham tertentu ang ang,finance
Indeks Harga Saham Gabungan IHSG ditutup menguat pada perdagangan Selasa Indeks saham Garuda itu bergerak menguat di level Berdasarkan data RTI Business IHSG menguat ke level hingga penutupan perdagangan sore ini Indeks saham sempat menguat pada level tertingginya di posisi jelang penutupan perdagangan Volume perdagangan tercatat sebesar miliar dengan nilai transaksi sebesar Rp triliun Kemudian untuk jumlah frekuensi saham yang diperdagangkan tercatat sebanyak kali Indeks juga tercatat menguat sebesar ke level pada penutupan perdagangan sore ini Ada sebanyak saham menguat saham melemah dan saham stagnan IHSG mencatat tren positif sepanjang lima hari perdagangan terakhir yakni menguat Sementara sepanjang tiga bulan terakhir IHSG menguat hingga Tonton juga video IHSG Tertahan Meski Sentimen Global Positif Investor Tunggu Aturan Baru BEI ahi ara,finance
Pupus sudah harapan Sean Gelael dan rekan rekannya di Team WRT meraih podium Lone Star Le Mans Kendala teknis bikin mereka gagal dapat poin Setelah meraih posisi start ketujuh di kualifikasi kelas Sean dalam kepercayaan diri tinggi menghadapi balapan di COTA Senin dini hari WIB Bahkan posisi mereka naik satu strip karena penalti AF Cose Pada balapan yang berlangsung di trek basah Darren Leung sebagai starting driver langsung melesat ke posisi keenam dari urutan keempat saat start Leung bahkan sempat naik ke walau persaingan ketat membuat pebalap Inggris ini lalu tertahan di Setelah itu tiba tiba Leung mundur teratur dari ke hingga mesti masuk pit karena problem teknis terdeteksi Ternyata as roda mobil BMW yang dikendarainya bermasalah sehingga mesti diganti Penggantian membutuhkan waktu cukup lama menit sebelum Sean mengambil alih balapan dari Leung Akan tetapi Sean tidak bisa berbuat banyak karena Team WRT sudah tertinggal lap dari mobil terdepan kelas Walau begitu guna menuntaskan perjuangan Sean Leung dan Augusto Farfus tetap berlaga hingga finis di Bukan hasil yang diharapkan memang tapi mereka sudah memberikan segalanya Bukan hasil yang kami inginkan Tapi ya balapan memang terkadang seperti ini ujar Sean dalam rilis kepada detikSport Balapan Lone Start Le Mans atau Hours of COTA penuh drama sejak awal Safety Car SC dan Full Course Yellow FCY berulangkali mesti diberlakukan untuk menetralisir lomba Kelas jadi milik tim Heart of Racing Team Sementara itu Ferrari akhirnya pecah telur di kelas Hypercar tahun ini lewat mobil nomor Putaran kelima FIA WEC digelar di Sirkuit Fuji Jepang September,sport
Dua petenis Indonesia Muhammad Rifqi Fitriadi dan Rafalentino Ali Da Costa melangkah ke Babak Kedua Seri V Men s World Tennis Championship Pada laga Babak pertama tunggal putra ITF World Tennis Tour M di Bali Beach Country Club Nusa Dua Rabu Rafalentino menghadapi petenis India Shanker Heisnam Petenis tahun itu dengan mudah menang dua set langsung dan dalam tempo menit Ini mengulangi kemenangan atas Shanker di seri IV pekan lalu Saya sudah mengalahkan Shanker pekan lalu sehingga termotivasi untuk mengulanginya Saya tetap bermain tanpa beban di babak berikutnya dan fokus dengan strategi agar mendapat hasil maksimal ujar Rafalentino dalam rilis kepada detikSport Langkah serupa dilakoni Rifqi Fitriadi yang bermain di lapangan F menghadapi wakil Swedia Eric Ahren Moonga Rifqi dengan karakternya menyerang dari garis belakang mendominasi permainan sebelum menang dan dalam tempo jam menit Pada babak kedua Rifqi bertemu petenis kualifikasi asal Australia Hayden Jones yang menang dari Raghav Jaysinghani Sementara itu tuan rumah harus kehilangan satu wakilnya di babak utama setelah perjuangan Anthony Susanto selama jam menit saat menantang unggulan keenam asal Selandia Baru Isaac Becroft gagal membuahkan kemenangan Keunggulan tiebreak di set pertama ternyata tak mampu di pertahankan oleh petenis tahun itu Isaac yang merupakan runner up Seri IV menang rubber rame dan,sport
Indeks Harga Saham Gabungan IHSG dibuka menguat pagi ini IHSG terus menguat dan menembus level Berdasarkan data perdagangan RTI Kamis IHSG pagi ini dibuka pada level Kemudian nilai indeks saham Garuda ini terus menguat hingga poin atau sekitar ke level per pukul WIB Pada level tertinggi IHSG berhasil menyentuh dan paling rendah hanya di Mayoritas saham menguat dengan rincian saham naik saham melemah dan saham stagnan Volume perdagangan pagi ini tercatat sudah mencapai miliar saham dengan nilai transaksi mencapai Rp triliun Frekuensi perdagangan sebanyak kali IHSG tercatat mengalami kenaikan hingga secara mingguan dan naik secara bulanan Namun IHSG sejak awal tahun year to date tercatat masih melemah acd acd,finance
Padel kini sudah jadi gaya hidup masyarakat urban di Indonesia Tidak cuma untuk berolahraga padel bisa jadi ajang reunian Hal ini yang dilakukan oleh alumni Fakultas Hukum FH Universitas Trisakti angkatan Pada Minggu kemarin berlokasi HQ Padel Tennis Pesanggrahan Jakarta Selatan mereka melakukan kegiatan gathering namun dikemas dalam bentuk turnamen padel bertajuk Ngedadak Padel Para alumni FH Trisakti tersebut juga diperbolehkan membawa pasangan mereka masing masing untuk bersaing dalam pertandingan nomor campuran Turnamen padel ini diikuti oleh fixed partners dan mixed partners yang terbagi ke dalam grup Para peserta pun terlihat tampil antusias dan kompetitif Intinya ini untuk menjaga silaturahmi Kami angkatan FH Trisakti memang sering membuat kegiatan kumpul kumpul dan salah satunya ini adalah padel Apalagi padel juga sedang digemari baik laki laki maupun perempuan ujar salah seorang panitia Mega Ruhapy dalam keterangan kepada media Kegiatan ini memang hanyalah ajang silaturahmi Namun panitia tampak begitu serius dalam menyelenggarakan acara Podium untuk juara pertama peringkat runner up dan ketiga disiapkan Pemenang juga berhak mendapatkan penghargaan medali dan hadiah Arie Pujianto salah seorang alumni yang menjadi motor penggerak aktivitas olahraga di kalangan alumni FH Universitas Trisakti menyebut angkatannya memang tergolong cukup aktif menggelar kegiatan seperti ini Kegiatan olahraga seperti padel ini diyakini Arie menjadi pilihan yang tepat untuk bersilaturahmi karena baik alumni laki laki maupun perempuan bisa berpartisipasi Ngedadak Padel Ketika Padel jadi ajang reuni Foto dok Ngedadak Padel Kami dari zaman kuliah lebih dari tahun lalu memang akur ya Alhamdulillah masih berhubungan baik Akhirnya sekarang kami coba main padel karena para istri juga bisa main kata Arie Mudah mudahan dengan adanya turnamen padel perdana kami ini bisa juga mengangkat kemauan dari angkatan FH Trisakti yang lain Pastinya seru kalau seluruh FH Trisakti bisa melakukan gathering sambungnya Arie menyebut alumni angkatan FH Trisakti juga berencana menggelar turnamen padel ke depannya tetapi diadakan di Asha Beach Club Resort di Pulau Payung Kepulauan Seribu Tak Cuma Padel Arie dan para alumni FH Trisakti rupanya juga tergabung dalam klub sepak bola Inkracht Sakti FC yang dijadwalkan mengikuti kejuaraan dunia antar advokat atau Mundiavocat di Bali April Mundiavocat ini juga jadi salah satu fokus kita Kami dari Inkracht Sakti FC memang basicnya adalah para lawyer lulusan Trisakti Namun mungkin kami juga membuka peluang untuk mengajak pemain dari Peradi FC ucap Arie Arie yang menjabat sebagai kapten tim Inkracht Sakti FC menambahkan untuk menghadapi Mundiavocat tahun depan skuad sudah harus terbentuk pada bulan November sehingga tim bisa lebih berkonsentrasi melakukan persiapan Inkracht Sakti FC sendiri telah menunjuk seorang pelatih profesional yang dikenal di kalangan olahraga futsal yakni Mario Silitonga Mario memang sudah berkali kali membawa tim advokat Indonesia berkompetisi di kejuaraan dunia sepak bola antar advokat Tangan dingin dan pengalaman Mario diharapkan bisa membawa Inkracht Sakti FC mencapai prestasi membanggakan Untuk Mundiavocat biasanya negara unggulan dari Asia itu adalah Thailand Iran dan Jepang Dulu saya pernah membawa tim sepak bola advokat Indonesia sampai ke peringkat ketiga kata Mario Agenda terdekat Inkracht Sakti FC akan menggelar pertandingan pemanasan menghadapi para mantan pemain profesional Malaysia Sabah FC di Jakarta September,sport
Selesai sudah Seri IV M Men s World Tennis Championship Petenis India Karan Singh berjaya di nomor tunggal putra Pada pertandingan final di Lapangan A Bali Beach Country Nusa Dua Minggu Karan menghadapi perlawanan Isaac Becroft yang merupakan juara seri kedua Agustus lalu Menyajikan dua karakter permainan yang berbeda pertarungan keduanya seru dan menarik Karan dengan gayanya yang tenang melawan kelincahan Isaac asal Selandia Baru Karan akhirnya bisa menang di set pertama Memasuki set kedua intensitas pertandingan tetap berlangsung dengan tempo tinggi karena Isaac berupaya membalas kekalahan di set pertama Karan merespons dengan baik dan terjadi susul menyusul angka sampai laga harus dituntaskan dengan babak tiebreak karena sama kuat Dengan kesabaran serta kelincahan dalam menutup area lapangan dari serangan lawan Karan memenangi babak ini dengan skor tiebreak Karan senang bukan main bisa meraih gelar Seri IV Apalagi gelar itu didapat setelah melewati duel jam menit kontra Isaac yang dinilai sebagai lawan yang tangguh Merupakan sebuah kebanggaan dapat menjadi yang terbaik di ajang M Bali Apalagi lawan Isaac Becroft juga bermain sangat luar biasa Gelar ini semakin menambah motivasi tampil di seri kelima ujar Karan dalam rilis kepada detikSport Karan berhak atas hadiah uang USD serta tambahan poin ATP sementara Isaac mendapat USD serta trofi Penyerahan hadiah dilakukan Heru Gunawan selaku Area Business Team Leader BNI Kanwil Denpasar yang didampingi Ketua Pelti periode Rildo Ananda Anwar TITF World Tennis Tour M Amman Mineral Men s World Tennis Championship langsung lanjut ke Seri V Senin Ada petenis di babak kualifikasi yang memperebutkan delapan slot ke babak utama,sport
Pasangan voli pantai Indonesia Bintang Akbar Sofyan Rachman sukses mengunci status juara Grup E AVC Beach Continental dan melenggang mulus ke babak besar Di babak berikutnya mereka akan melawan Selandia Baru Kemenangan telak atas wakil Jepang Takahashi Ikeda di Shangluo Kamis jadi penutup sempurna fase grup Skor menutup laga yang sebenarnya duel perebutan puncak klasemen Dalam keterangan tertulis federasi Bintang Sofyan tampil dominan sejak awal pertandingan dan mengamankan set pertama dengan kemenangan Permainan pasangan Indonesia tetap terjaga pada set kedua hingga mereka kembali unggul Kemenangan atas wakil Jepang sekaligus mempertahankan rekor sempurna Bintang Sofyan selama fase grup Mereka berhasil memenangkan seluruh tiga pertandingan tanpa sekalipun kehilangan set Pertemuan dengan Takahashi Ikeda memang menjadi laga penting untuk menentukan pemuncak klasemen Grup E Kedua pasangan sebelumnya sama sama mengoleksi dua kemenangan dan belum pernah kehilangan satu set pun Bintang Sofyan lebih mampu menjaga konsistensi dalam laga tersebut Setelah mengamankan set pembuka pasangan Indonesia kembali tampil solid untuk menyelesaikan pertandingan dengan kemenangan pada set kedua Sebelum menghadapi pasangan Jepang Bintang Sofyan lebih dahulu meraih kemenangan atas wakil Hong Kong Wong Pui Lam Chong Kei Loi Dalam pertandingan pembuka Grup E mereka menang dua set langsung dan Pada pertandingan kedua yang berlangsung Rabu pasangan Indonesia kembali meraih kemenangan Kali ini Yakovlev Mokhammad dari Kazakhstan mereka kalahkan dengan skor dan Dari tiga pertandingan tersebut Bintang Sofyan mengumpulkan enam kemenangan set tanpa sekali pun kalah Hasil itu memastikan mereka berada di posisi teratas Grup E sekaligus membuka jalan menuju fase gugur Di babak besar Di besar ujian berikutnya sudah menunggu Sam O Dea Ben O Dea dari Selandia Baru jadi lawan yang harus ditaklukkan Bintang Sofyan Target pelatih Slamet Mulyanto dari awal memang menjadi juara grup Dan itu sudah tercapai Bintang Sofyan diminta naik level Bintang Sofyan bermain sangat baik Lawan Selandia Baru tidak boleh kendur Gas terus harus menang tegas Slamet mcy aff,sport
Mengimpor barang dari China ke Indonesia semakin banyak dilakukan oleh pelaku usaha mulai dari reseller dan UMKM hingga perusahaan dengan kebutuhan kargo dalam jumlah besar Dalam proses import China ke Indonesia jasa forwarder berperan membantu pengiriman barang dari supplier di China hingga proses customs clearance dan pengantaran di Indonesia Saat ini tersedia berbagai jasa import China dengan karakteristik layanan yang berbeda Ada yang lebih cocok untuk pembelian kecil dari marketplace seperti Taobao dan sementara lainnya memiliki kapasitas untuk menangani pengiriman dalam jumlah besar menggunakan kontainer Berikut jasa forwarder China Indonesia yang dapat dipertimbangkan berdasarkan karakteristik layanan masing masing Natindo Cargo Natindo Cargo menjadi salah satu pilihan forwarder China Indonesia yang melayani berbagai skala kebutuhan import Salah satu indikator yang dapat diperhatikan calon pelanggan adalah jumlah ulasan di Google Maps yang telah mencapai ulasan dengan rating sekitar bintang Banyaknya ulasan dapat menjadi referensi tambahan untuk melihat pengalaman pelanggan yang telah menggunakan layanan Natindo Dengan pengalaman lebih dari tahun di bidang forwarding dan import Natindo menangani kebutuhan mulai dari import dalam jumlah kecil hingga pengiriman kargo besar Untuk kebutuhan perusahaan dengan volume tinggi tersedia layanan full container FCL mulai dari feet hingga feet Di sisi lain importir dengan volume lebih kecil juga dapat menggunakan layanan LCL dan Air Cargo Natindo turut membantu pembelian barang dari marketplace China seperti Taobao Alibaba AliExpress dan JD COM sehingga layanannya dapat digunakan baik oleh reseller dan UMKM maupun perusahaan yang melakukan import dalam skala besar Dengan pilihan kapasitas tersebut Natindo dapat menjadi salah satu alternatif bagi calon importir yang membutuhkan jasa import China untuk berbagai skala pengiriman Fastindo Cargo Fastindo Cargo menyediakan layanan forwarder China Indonesia dengan pilihan Sea LCL Sea FCL dan Air Cargo Salah satu karakteristiknya adalah keberadaan warehouse di beberapa lokasi di China termasuk Guangzhou dan Yiwu Fasilitas tersebut dapat membantu importir yang memiliki supplier dari lokasi berbeda dan membutuhkan proses penerimaan serta konsolidasi barang sebelum dikirim ke Indonesia Fastindo dapat menjadi alternatif bagi bisnis yang membutuhkan fleksibilitas dalam memilih metode pengiriman untuk proses import barang dari China ke Indonesia Ducking Ducking lebih menonjol pada kemudahan proses pembelian barang dari marketplace China Platform ini mendukung pembelian dari sejumlah marketplace seperti Taobao Tmall dan Alibaba Pendekatan tersebut membuat Ducking lebih relevan bagi importir kecil reseller dan online seller yang ingin melakukan pembelian dari China tanpa harus mengurus seluruh prosesnya sendiri Untuk kebutuhan import dengan volume kecil kemudahan proses pembelian sekaligus pengiriman dapat menjadi salah satu pertimbangan utama Wilopo Cargo Wilopo Cargo menawarkan layanan import dari China ke Indonesia dengan pilihan LCL dan FCL Dengan pilihan tersebut Wilopo dapat digunakan untuk kebutuhan pengiriman dengan volume yang berbeda Ketersediaan FCL juga membuatnya relevan bagi bisnis yang mulai membutuhkan pengiriman dalam jumlah lebih besar dan tidak lagi hanya mengandalkan pengiriman konsolidasi Xing Lie Cargo Xing Lie Cargo menyediakan layanan import barang dari China ke Indonesia melalui jalur laut maupun udara Layanannya juga mencakup kebutuhan import dari marketplace seperti Alibaba AliExpress dan Taobao Pilihan jalur pengiriman tersebut memberikan fleksibilitas bagi importir untuk menyesuaikan pengiriman berdasarkan volume dan kebutuhan waktu CargoPro CargoPro merupakan pemain yang relatif baru di bidang jasa import China dengan fokus pada layanan door to door dan konsep All In Tersedia pilihan LCL dan FCL serta layanan pendukung seperti supplier sourcing Bagi importir yang mencari alternatif baru dengan pendekatan pelayanan yang modern CargoPro dapat menjadi salah satu pilihan untuk dibandingkan Trans Express Trans Express merupakan salah satu alternatif yang relatif baru untuk kebutuhan pengiriman dan import China ke Indonesia Selain pilihan layanan pengiriman customer service dan komunikasi selama proses import juga menjadi hal yang dapat dipertimbangkan Trans Express dapat menjadi alternatif bagi importir yang ingin membandingkan pemain baru di industri forwarding Memilih Jasa Import China Sesuai Kebutuhan Tidak ada satu jasa forwarder China Indonesia yang paling sesuai untuk semua kebutuhan Importir yang membeli beberapa barang dari Taobao atau tentu memiliki kebutuhan berbeda dengan perusahaan yang mendatangkan satu atau beberapa kontainer setiap bulan Sebelum memilih forwarder perhatikan beberapa faktor seperti minimum volume pilihan LCL atau FCL jalur pengiriman customs clearance pengalaman perusahaan review pelanggan serta cakupan layanan dari China hingga Indonesia Dengan memahami kebutuhan terlebih dahulu importir dapat memilih jasa import China yang tidak hanya menawarkan harga kompetitif tetapi juga sesuai dengan skala dan pola import masing masing Dengan memahami kebutuhan terlebih dahulu importir dapat memilih jasa import China yang tidak hanya menawarkan harga kompetitif tetapi juga sesuai dengan skala dan pola import masing masing Bagi Anda yang baru menyusun strategi pengadaan barang lintas negara dan memerlukan referensi prosedural lebih lanjut Anda dapat mempelajari panduan komprehensif mengenai cara import barang dari china,finance
Satu wakil Indonesia lolos ke Babak Utama Seri M Amman Mineral Men s World Tennis Championship Dia adalah Gunawan Trismuwantara Pada pertandingan final kualifikasi di lapangan A Bali Beach Country Club Nusa Dua Senin Gunawan menghadapi Haruto Ishikawa asal Jepang Petenis tahun itu harus bertarung ketat tiga set selama jam menit untuk memastikan tiket babak utama dengan kemenangan dan Setelah saling balas di dua set pertama format super tie break harus digunakan di set ketiga untuk menentukan pemenang Gunawan bisa memenangi set penentuan tersebut dengan skor akhir Saya memang sering melakukan kesalahan di set pertama terutama saat poin penting Namun saya kembali fokus di sisa game terutama di babak super tie dan akhirnya bisa menang ujar Gunawan dalam rilis kepada detikSport Pada pertandingan lainnya di lapangan F performa impresif Ethan David Zapp gagal dilanjutkan saat bertemu unggulan ketiga dari India Shanker Heisnam Meski telah mengeluarkan seluruh permain terbaiknya dan memberikan perlawanan keras terutama di set awal petenis tahun itu takluk dan dalam tempo jam menit Gunawan pun menemani sejumlah pemain Indonesia yang lebih dulu masuk Babak Utama lewat fasilitas Wild Card seperti Anthony Susanto Nathan Barki dan Rafalentino Ali Da Costa Selain turun dinomor tunggal pada kejuaraan yang berhadiah total ribu dolar AS Indonesia punya enam wakil di nomor ganda melalui Gunawan Trismuwantara Kareem Abdul Hakim Rafalentino Ali Dacosta Ethan David Zapp serta Anthony Susanto yang menggandeng pemain Jepang Ren Nakamura,sport
Sektor ganda campuran kembali mengalami perombakan pemain Kali ini Dejan Ferdinansyah dipasangkan dengan Felisha Alberta Nathaniel Pasaribu Pengumuman disampaikan PBSI melalui Kepala Pelatih Ganda Campuran Nova Widianto Selain Dejan Felisha perubahan juga terjadi pada Bagas Maulana yang sebelumnya tandem dengan Indah Cahya Sari Jamil Kini eks ganda putra itu dipasangkan dengan Apriyani Rahayu Sedangkan Indah akan berpartner dengan N Nawaf Khoiriyansyah Ketiga racikan baru ini masing masing akan debut di turnamen internasional bulutangkis Seperti Dejan Felisha akan tampil Denmark Open Bagas Apri di Indonesia International Challenge Surabaya dan Nawaf Indah akan memulai laga perdana sebagai pasangan di Malaysia Super Sekarang kami sedang mencari format terbaik untuk sektor ganda campuran Karena itu beberapa kombinasi pasangan seperti Dejan Felisha Bagas Apriyani dan Nawaf Indah akan kami coba kata Nova dalam keterangan PBSI Selasa Mereka akan bermain di beberapa turnamen untuk melihat bagaimana hasilnya termasuk chemistry komunikasi pola permainan dan konsistensi mereka di lapangan Dari situ nanti akan kami evaluasi tuturnya Nova menegaskan perombakan ini menjadi bagian dari program jangka panjang menuju Olimpiade mendatang Mudah mudahan dari proses ini kami bisa mendapatkan format pasangan yang paling tepat dan kompetitif untuk ke depannya harap Nova,sport
Kalangan buruh mulai menghitung besaran kenaikan upah minimum tahun Sejumlah kelompok buruh mengusulkan kenaikan upah minimum naik sebesar hingga Lantas apakah pemerintah sudah menghitung formula upah minimum tahun Menteri Ketenagakerjaan Yassierli menyampaikan bahwa saat ini pemerintah tengah melakukan pembahasan terkait formula upah minimum Dalam pembahasan tersebut usulan dari berbagai pihak akan ditampung Tunggu kita usulkan dulu kata Yassierli saat ditanya terkait formula upah minimum Rabu Saat ditanya apakah pembahasan formula upah minimum akan berkaitan dengan revisi Undang Undang Ketenagakerjaan Yassierli mengatakan pemerintah juga akan mengupayakannya masuk dalam kerangka tersebut Pakai UU Ketenagakerjaan Kita usahakan juga ujarnya Usulan indeks Alfa Sebelumnya Presiden Konfederasi Serikat Pekerja Indonesia KSPI Said Iqbal mengusulkan kenaikan upah minimum harus tetap mempertimbangkan inflasi pertumbuhan ekonomi dan indeks tertentu atau alfa Ia mengusulkan indeks alfa sebesar sampai Buruh akan mengusulkan kenaikan upah minimum berdasarkan inflasi pertumbuhan ekonomi dan indeks tertentu Indeks tertentu yang kami usulkan dari buruh setidak tidaknya dari KSPI dan KSP PB adalah sampai kata Said di kompleks DPR RI Senayan Jakarta Senin Ia memperkirakan inflasi berada di kisaran sedangkan rata rata pertumbuhan ekonomi sekitar Berdasarkan perhitungan tersebut Said memperkirakan kenaikan upah minimum dapat berada pada kisaran hingga Kalau diambil rata rata pertumbuhan ekonomi atau ditambah inflasi sekian persen kita ketemu kira kira atau Dikalikan alfa Maka bisa diperkirakan kenaikan upah minimum itu adalah berkisar sampai dengan jelas dia Sebagai informasi penghitungan kenaikan upah minimum menggunakan formula inflasi pertumbuhan ekonomi x alfa Pemerintah menetapkan rentang alfa sebesar Alfa merupakan indeks tertentu yang menggambarkan kontribusi tenaga kerja terhadap pertumbuhan ekonomi Besaran alfa menjadi salah satu komponen yang menentukan persentase kenaikan upah minimum Namun Said menegaskan usulannya masih berupa perkiraan Besaran usulan masih menunggu data resmi Badan Pusat Statistik BPS mengenai inflasi dan pertumbuhan ekonomi yang menjadi dasar penghitungan upah minimum Tentu menunggu laporan resmi BPS tentang inflasi dan pertumbuhan ekonominya dihitung bukan tahun kalender tapi tahun takwim September sampai Oktober Berarti menunggu BPS Kan kita belum tau September dan Oktober berapa inflasi dan berapa pertumbuhan ekonominya jelas dia Usulan Dibagi Kategori Sementara itu Presiden Konfederasi Serikat Pekerja Nusantara KSPN Ristadi menyoroti kesenjangan upah minimum antardaerah yang dinilai semakin lebar Ristadi mencontohkan upah minimum di Cirebon sekitar Rp juta sedangkan Kota Bekasi sudah mencapai sekitar Rp juta Selisihnya sudah lebih misal Cirebon Rp juta di kota Bekasi sudah Rp juta ini sudah termasuk ekstrem Maka secara prinsip KSPN sedang meminta reformasi aturan upah minimum melalui UU Ketenagakerjaan yang baru yang sedang proses dibahas di DPR kata Ristadi dihubungi detikcom Dengan skema tersebut pekerja pada sektor industri sejenis akan memiliki upah minimum yang sama di seluruh Indonesia Sistem tersebut dinilai dapat memberikan keadilan bagi pekerja sekaligus menciptakan persaingan yang lebih sehat bagi pengusaha Namun apabila sistem pengupahan tahun depan masih menggunakan formula yang berlaku saat ini KSPN mengusulkan persentase kenaikannya tidak disamaratakan di seluruh Indonesia KSPN mengusulkan kenaikan upah minimum dibagi menjadi tiga kategori Berikut rinciannya Upah Minimum di atas Rp juta x bulatkan Upah Minimum Rp juta sampai dengan Rp juta x bulatkan Upah Minimum di bawah Rp juta x,finance
Badan Pengelola Investasi BPI Danantara menyatakan minatnya untuk menjadi salah satu pemegang saham Bursa Efek Indonesia BEI melalui skema demutualiasi Minat ini pun telah disampaikan melalui Danantara Investment Management DIM CEO Badan Pengelola Investasi BPI Danantara Rosan Roeslani menyampaikan rencana tersebut saat ini masih terus dimatangkan Baik itu untuk besaran porsi yang bakal diambil Danantara maupun terkait hal lainnya Ia mengatakan pembahasan ini akan melibatkan sejumlah pihak Namun ia tidak menjelaskan detail siapa saja yang juga ikut dalam pembahasan terkait pengambilan porsi saham di BEI Iya ini masih kita bahas nanti kita bahas bersama sama bukan dengan Danantara saja ujar Rosan singkat saat ditemui di Kantor Kementerian Investasi dan Hilirisasi BPKM Jakarta Rabu Sebelumnya Direktur Utama Bursa Efek Indonesia BEI Jeffrey Hendrik membenarkan adanya minat Badan Pengelola Investasi BPI Daya Anagata Nusantara Danantara membeli saham bursa efek melalui skema demutualisasi Diketahui demutualisasi merupakan perubahan status hukum perusahaan tertutup menjadi perusahaan publik Skema ini menjadi amanat dari Undang Undang UU tentang Pengembangan dan Penguatan Sektor Keuangan yang disahkan beberapa waktu lalu Dalam UU tersebut Kementerian Keuangan Kemenkeu Bank Indonesia BI dan BPI Danantara dimungkinkan menjadi pemegang saham BEI melalui demutualisasi Namun begitu Jeffrey tak menyebut pasti porsi yang diajukan lantaran masih menunggu Peraturan Otoritas Jasa Keuangan POJK tentang demutualisasi Yang sudah menyampaikan minat itu adalah BPI Danantara melalui DIM Ya jadi untuk selanjutnya untuk komunikasi kita bangun terus ya sambil menunggu POJK ungkap Jeffrey kepada wartawan di gedung BEI Jakarta Rabu Jeffrey mengatakan BEI telah melakukan kajian terkait demutualisasi bursa efek Ia mengaku skema demutualisasi ini dilakukan dengan mencontoh bursa Hong Kong Singapura Australia hingga Malaysia Kalau di kajian kita kan tentu kita melihat bursa bursa yang sudah demutualisasi ada Hong Kong ada Singapura ada Australia ada Malaysia Bursa bursa yang memang sudah melakukan demutualisasi jelasnya Dalam kesempatan terpisah Jeffrey juga mengungkap ada investor potensial yang akan membeli saham BEI Ia menambahkan pihak akan menjaga independensi pasar modal kendati dilakukan demutualisasi Adapun kepemilikan saham oleh pihak pihak tersebut akan tetap mempertahankan independensi Bursa Efek ungkap Jeffrey dalam konferensi persnya secara virtual Rabu,finance
Menteri Keuangan Purbaya Yudhi Sadewa mengaku belum menerima usulan anggaran tambahan dari Otorita Ibu Kota Nusantara OIKN Tambahan anggaran yang diajukan sebesar Rp triliun untuk pagu indikatif OIKN tahun Purbaya juga belum memberikan lampu hijau untuk penambahan anggaran pembangunan IKN Ia mengaku akan terlebih dahulu mempelajari usulan anggaran tersebut Saya tahu saya harus lihat dulu suratnya seperti apa alasan seperti apa ungkap Purbaya kepada wartawan di kantor Kemenkeu Jakarta Rabu Sebagai informasi tambahan anggaran diusulkan oleh Sekretaris OIKN Bimo Adi Nursanthyasto dalam rapat bersama Komisi II pada Selasa kemarin Tambahan anggaran tersebut akan dialokasikan untuk pembangunan fisik sarana dan prasarana pendukung pembangunan IKN batch II III Dalam rapat tersebut Bimo menjelaskan pagu indikatif OIKN baru tercatat sebesar Rp triliun Padahal total kebutuhan anggaran untuk pembangunan IKN mencapai Rp triliun Dari total kebutuhan anggaran Otorita IKN tahun anggaran sebesar Rp triliun telah dialokasikan dalam pagu indikatif sebesar Rp triliun sehingga masih terdapat kebutuhan tambahan anggaran sebesar Rp triliun yang terdiri dari pembangunan IKN batch kedua sebesar Rp triliun pembangunan IKN batch ketiga sebesar Rp triliun ungkap Bimo dikutip dari YouTube TV Parlemen ahi hns,finance
Menteri Keuangan Menkeu Purbaya Yudhi Sadewa mengaku tak pusing mengelola anggaran untuk program Makan Bergizi Gratis MBG Hanya saja ia menyebut program tersebut memiliki sejumlah konsekuensi salah satunya terhadap neraca utang jika terjadi kebocoran anggaran Saya pusing tinggal bayar Cuma kan konsekuensinya ke utang segala macam apalagi kalau ada kebocoran sana sini ungkap Purbaya kepada wartawan di kawasan Sunter Jakarta Utara Selasa Meski begitu Purbaya menilai Badan Gizi Nasional BGN saat ini dipimpin oleh sosok yang tepat Pasalnya BGN saat ini banyak melakukan efisiensi terhadap penyelenggaraan program prioritas Presiden Prabowo Subianto tersebut Purbaya mengatakan BGN telah melakukan efisiensi anggaran menjadi Rp triliun dari Rp triliun Ia menilai anggaran program MBG juga masih berpeluang dipangkas untuk implementasi tahun ini Jadi kepala BGN yang baru orangnya cukup bagus ya bagus malah Itu sudah melakukan efisiensi Implementasi program itu sudah ada penghematan yang besar Tahun ini kan tadinya anggarannya Rp triliun turun ke Rp triliun Rp triliun Dan saya pikir tahun ini implementasinya akan di bawah itu di bawah Rp triliun mungkin dugaan saya jelasnya Purbaya menambahkan implementasi MBG saat ini lebih terkendali yang diharapkan semakin baik Ia juga mengaku akan ikut mengawasi pelaksanaan program tersebut khususnya pada operasional Satuan Pelayanan Pemenuhan Gizi SPPG Jadi saya kerahkan orang Dirjen Perbendaharaan di seluruh Indonesia untuk memonitor secara berkala SPPG SPPG yang ada di setiap daerah Indonesia Itu akan menjadi penambahan tentang pelaksanaan program itu nanti kalau ada yang ngaco ngaco kita kasih masukkan ke BGN bahwa di satu tempat SPPG tertentu melakukan kesalahan dan kalau didenger kita kurangin anggarannya pungkasnya acd acd,finance
Ketahanan pangan tidak hanya berbicara mengenai seberapa banyak hasil panen yang dihasilkan petani Di balik setiap produksi pertanian terdapat rantai panjang yang menentukan keberhasilan panen salah satunya ketersediaan pupuk yang terjangkau dan mudah diakses Dalam konteks tersebut industri pupuk memiliki posisi strategis dalam mendukung ketahanan pangan nasional Pupuk menjadi salah satu input penting untuk membantu menjaga produktivitas tanaman sekaligus memastikan petani dapat memenuhi kebutuhan produksi Peran tersebut menjadi semakin penting ketika pemerintah tengah mendorong swasembada pangan Ketersediaan pupuk tidak hanya berkaitan dengan kebutuhan industri tetapi berhubungan langsung dengan aktivitas petani di lapangan PT Pupuk Indonesia Persero menjadi salah satu perusahaan yang memiliki peran penting dalam rantai tersebut Selain menjaga kapasitas produksi perusahaan juga melakukan transformasi untuk memastikan pupuk dapat tersedia dan lebih mudah diakses oleh petani Dari Pabrik hingga Lahan Petani Pupuk yang diproduksi di pabrik pada akhirnya harus sampai ke lahan pertanian Karena itu keberhasilan industri pupuk tidak hanya diukur dari kapasitas produksi tetapi juga dari kemampuan menjaga kelancaran distribusi Pupuk Indonesia mencatat sepanjang telah menyalurkan ton pupuk bersubsidi Jumlah tersebut meningkat dibandingkan tahun sebelumnya Peningkatan penyaluran tersebut didukung implementasi sistem i Pubers yang mempercepat dan mempermudah proses penebusan pupuk bersubsidi Selain itu penerapan Peraturan Presiden Nomor Tahun turut menyederhanakan tata kelola penyaluran pupuk bersubsidi sehingga proses distribusi diharapkan menjadi lebih cepat mudah dan tepat sasaran Hingga September Pupuk Indonesia telah menyalurkan pupuk bersubsidi sebanyak juta ton atau dari alokasi juta ton yang ditetapkan Pemerintah Angka tersebut menggambarkan besarnya skala distribusi pupuk yang harus dikelola agar kebutuhan petani dapat terpenuhi Harga Pupuk Turun Akses Petani Diperkuat Selain memastikan ketersediaan harga juga menjadi faktor penting bagi petani Biaya pupuk merupakan salah satu komponen dalam biaya produksi pertanian sehingga perubahan harga dapat memengaruhi kemampuan petani dalam mengelola lahan Presiden RI Prabowo Subianto mengatakan pemerintah berhasil menurunkan harga pupuk hingga Menurutnya kondisi tersebut merupakan yang pertama kali terjadi dalam sejarah Pertama kali harga pupuk dapat kita turunkan kepada rakyat kata Prabowo dalam pidato Sidang Tahunan MPR dan Sidang Bersama DPR DPD RI Jumat Menurut Prabowo penurunan harga tersebut juga diikuti dengan peningkatan volume ketersediaan pupuk bagi masyarakat Pada saat yang sama harga turun tapi volume ketersediaan tambah untuk rakyat kita Sehingga rakyat kita sekarang mudah mendapatkan pupuk dan karena itu produksi meningkat ujarnya Dengan harga yang lebih terjangkau dan akses yang semakin mudah pupuk diharapkan dapat membantu petani menjaga produktivitas tanaman Dampaknya tidak berhenti di tingkat petani Ketika produktivitas meningkat pasokan hasil pertanian juga berpotensi meningkat sehingga memperkuat ketersediaan pangan di dalam negeri Kapasitas Produksi Jadi Penyangga Untuk memastikan kebutuhan pupuk domestik tetap terpenuhi kapasitas produksi menjadi salah satu faktor penting Pupuk Indonesia memiliki kapasitas produksi nasional sekitar juta ton per tahun Kapasitas tersebut memberikan ruang bagi perusahaan untuk memenuhi kebutuhan pupuk dalam negeri sekaligus merespons peluang pasar global tanpa mengganggu pasokan bagi petani Indonesia Kapasitas produksi tersebut juga perlu ditopang oleh fasilitas yang produktif Karena itu Pupuk Indonesia menyiapkan program peremajaan atau revitalisasi tujuh pabrik dalam lima tahun ke depan Penguatan kinerja keuangan yang dicapai perusahaan turut memberikan ruang untuk meningkatkan investasi dalam program revitalisasi tersebut Melalui modernisasi fasilitas produksi Pupuk Indonesia dapat meningkatkan kapasitas sekaligus efisiensi produksi sehingga aset yang dimiliki dapat memberikan nilai tambah yang lebih optimal Dengan fasilitas yang lebih produktif dan efisien kemampuan perusahaan dalam menjaga keberlanjutan pasokan pupuk diharapkan semakin kuat sekaligus mendukung ketersediaan pupuk yang tetap terjangkau bagi petani Kinerja Perusahaan dan Ketahanan Pangan Di tengah perannya dalam menjaga pasokan pupuk Pupuk Indonesia juga mencatatkan kinerja keuangan positif Sepanjang Januari Juni perusahaan membukukan laba bersih triliun atau tumbuh dibandingkan periode yang sama tahun sebelumnya Pendapatan perusahaan mencapai triliun atau tumbuh sedangkan EBITDA meningkat menjadi triliun Kinerja tersebut didorong peningkatan volume produksi dan efisiensi biaya operasional Direktur Utama Pupuk Indonesia Rahmad Pribadi mengatakan transformasi yang dilakukan perusahaan tidak hanya ditujukan untuk memperkuat kinerja bisnis Menurutnya fondasi keuangan yang semakin kuat akan memberikan ruang bagi perusahaan untuk memberikan kontribusi lebih besar terhadap ketahanan pangan nasional Berkat dukungan pemerintah melalui Danantara transformasi bisnis secara menyeluruh sudah mulai membuahkan hasil berupa capaian kinerja keuangan yang membanggakan Dengan fondasi keuangan yang semakin kuat kami optimistis pertumbuhan ini berkelanjutan bukan hanya untuk kinerja perusahaan tapi juga untuk kontribusi yang lebih besar terhadap ketahanan pangan nasional ujar Rahmad Artinya kinerja keuangan dan peran strategis perusahaan dalam ekosistem pangan memiliki keterkaitan Perusahaan yang sehat secara finansial memiliki kapasitas lebih besar untuk menjaga operasional melakukan investasi dan memastikan keberlangsungan pasokan Efisiensi untuk Menjaga Harga dan Pasokan Menariknya pertumbuhan laba Pupuk Indonesia terjadi ketika pemerintah juga menurunkan harga pupuk Kondisi tersebut tidak terlepas dari strategi perusahaan meningkatkan efisiensi Pupuk Indonesia menerapkan operational excellence dan cost leadership secara disiplin untuk menjaga daya saing Perusahaan juga melakukan diversifikasi sumber pendapatan dengan memperkuat segmen non subsidi dan produk non pupuk Di sisi bahan baku Pupuk Indonesia memperluas sumber pasokan dan skema kontrak untuk meredam dampak volatilitas harga komoditas global terhadap struktur biaya Langkah tersebut penting karena kemampuan menyediakan pupuk dengan harga yang terjangkau membutuhkan struktur biaya yang sehat Rahmad mengatakan seluruh transformasi tersebut pada akhirnya diarahkan kepada kepentingan petani Sejalan dengan agenda transformasi BUMN yang didorong Danantara semua perubahan struktural ini bermuara pada satu hal pupuk yang terjangkau dan lebih cepat sampai ke petani dengan cost yang lebih sehat bagi negara serta menjaga ketahanan pangan ungkap Rahmad Dari Pupuk Menuju Panen Rantai hubungan antara pupuk dan ketahanan pangan pada akhirnya dapat dilihat dari perjalanan sederhana pupuk diproduksi didistribusikan digunakan petani kemudian mendukung proses budidaya hingga menghasilkan panen Karena itu memastikan pupuk tersedia bukan sekadar persoalan industri Di dalamnya terdapat kepentingan petani produksi pangan dan ketahanan pangan nasional Transformasi Pupuk Indonesia juga diarahkan untuk memastikan rantai tersebut semakin kuat Mulai dari efisiensi produksi optimalisasi aset digitalisasi distribusi hingga diversifikasi bisnis Pada akhirnya keberhasilan industri pupuk tidak hanya dapat dilihat dari besarnya produksi atau laba perusahaan Ukuran yang tidak kalah penting adalah seberapa jauh pupuk dapat tersedia dengan harga yang terjangkau dan sampai kepada petani tepat waktu Sebab perjalanan menuju ketahanan pangan tidak berhenti di pabrik pupuk Perjalanan tersebut berlanjut hingga ke lahan pertanian dan berakhir pada satu tujuan yang sama panen yang cukup untuk memenuhi kebutuhan masyarakat Indonesia Lihat juga Video Ini Program Pupuk Indonesia yang Bawa Pulau Lembata Mandiri Pangan,finance
Hyrox tak dipungkiri lagi naik daun di dunia terutama di Indonesia Olahraga ini memang punya peran penting dalam menjaga stamina tubuh Hyrox adalah kompetisi kebugaran global yang mengombinasikan lari jarak jauh dengan latihan fungsional dalam satu rangkaian perlombaan yang intens Olahraga ini pertama kali diluncurkan di Jerman pada tahun dan dengan cepat berkembang menjadi fenomena internasional Tujuan utama dari kompetisi ini adalah untuk menguji daya tahan endurance serta kekuatan strength peserta secara menyeluruh Berbeda dengan kompetisi atletik lainnya yang sering kali ditujukan hanya untuk profesional Hyrox dirancang agar inklusif bagi semua tingkat kebugaran Peserta pemula hingga atlet elit dapat berkompetisi di bawah standar yang sama dengan waktu penyelesaian yang tercatat secara digital Hal ini menjadikan Hyrox sebagai salah satu jenis kompetisi fitness race yang paling populer di dunia saat ini Itulah mengapa banyak pusat kebugaran di kota kota besar di Indonesia memasukkan Hyrox sebagai salah satu jualan karena tingginya peminat Apalagi saat ini sudah sering dilihat kompetisi hyrox dipertandingkan Tidak cuma dipertandingkan secara resmi Hyrox juga kerap dijadikan sebagai gimmick dalam sebuah seremoni salah satunya seperti di Hari Kemerdekaan ke RI bulan lalu Synergy Worldwide Indonesia perusahaan yang bergerak di bidang nutrisi dan wellness Synergy berkolaborasi dengan South Barn menghadirkan sebuah kompetisi fitness yang memadukan semangat olahraga kompetisi dan tradisi perayaan Agustus melalui acara Agustusan Throwdown Mengusung konsep kompetisi bergaya HYROX Agustusan Throwdown menghadirkan tantangan fisik yang menguji kekuatan daya tahan kecepatan dan ketangguhan peserta Namun berbeda dari kompetisi fitness pada umumnya acara ini juga membawa suasana khas perayaan kemerdekaan Indonesia melalui berbagai lomba Agustusan seperti lomba makan kerupuk dan mengigit sendok dengan kelereng Kami ingin menghadirkan sesuatu yang berbeda dalam menyambut Hari Kemerdekaan Fitness dan olahraga memiliki nilai yang sangat dekat dengan semangat perjuangan konsistensi disiplin keberanian untuk menghadapi tantangan dan tidak mudah menyerah Melalui Agustusan Throwdown kami ingin menggabungkan nilai nilai tersebut dengan keceriaan dan kebersamaan yang menjadi ciri khas perayaan Agustus di Indonesia Produk produk Synergy Indonesia juga hadir untuk mendukung performa para pecinta Olahraga Fitness ujar Dina Yuliyanti selaku Senior Marketing Manager Synergy Worldwide Indonesia dalam keterangan kepada detikSport Kolaborasi bersama South Barn juga menjadi bagian dari upaya menghadirkan pengalaman olahraga yang lebih inklusif dan menyenangkan bagi komunitas Para peserta tidak hanya ditantang untuk menunjukkan kemampuan fisik mereka dalam arena kompetisi tetapi juga diajak untuk menikmati suasana perayaan kemerdekaan bersama komunitas dan rekan rekan sesama pecinta olahraga Konsep work hard play hard menjadi salah satu semangat utama acara ini Yang menggabungkan antara tantangan fisik dalam kompetisi dan permainan permainan khas Agustus yang menghadirkan suasana santai penuh tawa dan kompetisi yang bersahabat Kehadiran Agustusan Throwdown sekaligus mencerminkan semakin berkembangnya budaya fitness dan olahraga fungsional di Indonesia Kompetisi seperti Hyrox menggabungkan berbagai elemen latihan mulai dari kekuatan kardio hingga functional movements sehingga menuntut peserta untuk memiliki kemampuan fisik yang menyeluruh Melalui kegiatan ini Synergy Worldwide Indonesia dan South Barn berharap semangat kemerdekaan tidak hanya dirayakan melalui seremonial tetapi juga diwujudkan melalui gaya hidup aktif sehat sportif dan penuh kebersamaan,sport
Menteri Keuangan Menkeu Purbaya Yudhi Sadewa menilai pemerintah daerah pemda belum perlu mencari sumber pembiayaan lain lewat penerbitan obligasi Pasalnya pemda masih memiliki cukup anggaran untuk membiayai berbagai program pembangunan Pemda memiliki anggaran berlebih atau excess liquidity sebesar Rp triliun Menurut Purbaya anggaran tersebut kerap kali tidak digunakan hingga tenggat waktu penggunaan setiap Desember Setiap tahun daerah ada Rp triliun uang yang kepake di bulan Desember Semua ada excess liquidity excess fund di perbankan Rp triliun ungkap Purbaya kepada wartawan di kawasan Sunter Jakarta Utara Selasa Menurutnya Pemda lebih baik menggunakan dana tersebut untuk mendanai program dan pembangunan ketimbang menerbitkan surat utang daerah Meski begitu Purbaya tidak melarang Pemda untuk menerbitkan obligasi jika diperlukan Tapi basically hitungan saya kalau uangnya banyak pinjam Tapi kalau butuh ya apa apa pinjam saja jelasnya Purbaya juga mengingatkan pengelolaan dana obligasi harus dilakukan secara tepat guna Pengelolaan risiko ini penting untuk menghindari fraud sebagaimana terjadi pada sejumlah Pemda di Brazil Kalau kita lihat pelajaran di negara Amerika Latin Brasil kayaknya deh itu sama Dulu pernah regionalnya boleh daerah daerahnya boleh provinsi boleh nerbitin surat utang dinggapnya tak bisa sama pusat tapi ketika dia fraud ramai ramai yang ditunjuk pusat juga terang Purbaya Diberitakan sebelumnya Purbaya sempat merespons rencana Gubernur DKI Jakarta Pramono Anung yang hendak menerbitkan obligasi daerah Menurutnya kondisi keuangan Jakarta sudah mencukupi sehingga tidak perlu mengambil langkah tersebut Kendati begitu Purbaya tetap mempersilakan Pemprov DKI Jakarta apabila memang instrumen itu dirasa mendesak Namun ketika disinggung permintaan Pramono agar Dana Bagi Hasil DBH dicairkan jika penerbitan obligasi tidak diperbolehkan Purbaya justru mempertanyakan posisi tawar tersebut Ia menegaskan penahanan penyaluran DBH untuk wilayah DKI Jakarta telah sesuai dengan aturan perundang undangan yang berlaku dia bisa neken ya Ya tahu kita lihat nanti ke depan DBH ditahan kan disesuaikan dengan kondisi keuangan pemerintah kan DBH itu di undang undang APBN seperti itu ujar Purbaya di Gedung DPR RI Jakarta Pusat Senin ahi hns,finance
Perjalanan Bintang Akbar Sofyan Rachman di AVC Beach Continental harus berakhir di perempatfinal Mereka sudah main maksimal Dalam pertandingan yang berlangsung di Shangluo China Sabtu pasangan voli pantai Indonesia itu kalah dari wakil Australia Thomas Hodges Ben Hood Bintang Sofyan sempat berada di atas angin setelah merebut set pembuka Namun Hodges Hood membalikkan keadaan dengan memenangi dua set berikutnya dan sekaligus memastikan tiket semifinal Kegagalan tersebut menjadi kekalahan pertama Bintang Sofyan selama tampil di turnamen ini Sebelum memasuki perempat final mereka selalu menang dan bahkan belum pernah kehilangan satu set Pelatih Timnas voli pantai Indonesia Slamet Mulyanto mengatakan anak anaknta sudah main maksimal Pertama tama kami mohon maaf hanya sampai perempat final Anak anak sudah maksimal kata Slamet dalam kutipam cepatnya Sabtu Set pertama anak anak bermain bagus Start kedua awalnya bagus leading Namun lawan bikin ulah mancing emosi memperlambat permainan dan tiga kali protes ke wasit hingga dapat kartu kuning Hal itu membuat anak anak terpengaruh ujarnya Slamet menilai lawan memiliki postur tubuh yang lebih tinggi sehingga overblok nya sulit dihentikan Lawan tinggi overblok susah dihentikan Jam terbang bicara dalam keadaan ketat gini lawan bisa mempengaruhi tempo itu yang tidak diantisipasi anak anak Harusnya anak anak kembali dengan cepat ke bentuk permainannya kata Slamet Set ketiga bisa mengimbangi tetapi lawan memang harus diakui tampil lebih baik lebih punya banyak pengalaman Jam terbang berbicara salah satu pemainnya sudah dua kali tampil di Olimpiade tuturnya Slamet berharap pengalaman tampil di AVC Beach Continental dapat dijadikan bekal untuk Asian Games di Aichi Nagoya September hingga Oktober mendatang Anak anak harus lebih konsisten dan tidak terpengaruh lawan Kini kami bersiap tampil di Asian Games kata Slamet mcy aff,sport
ETF Bitcoin spot di Amerika Serikat mencatat net inflow sekitar US miliar selama tiga pekan perdagangan berturut turut pada periode Agustus September berdasarkan data SoSoValue Hal ini menunjukan minat institusional terhadap bitcoin masih terjaga di tengah pergerakan harga yang volatil Harga Bitcoin sendiri sempat turun dari kisaran US ke bawah US Berdasarkan data CoinGecko pada Selasa Bitcoin bergerak pada rentang sekitar US US Chief Marketing Officer Indodax Aloysia Dian menilai konsistensi arus masuk ETF menjadi salah satu indikator yang dapat digunakan untuk melihat dinamika permintaan bitcoin Yang menarik bukan hanya besarnya arus masuk tetapi konsistensinya ketika harga bitcoin sedang mengalami tekanan Ini menunjukkan bahwa pergerakan harga jangka pendek dan arus dana ke ETF tidak selalu bergerak searah serta perlu melihat bitcoin dalam horizon yang lebih panjang alih alih bereaksi terhadap pergerakan harian katanya dalam keterangan tertulis Rabu Di tengah kuatnya arus dana ETF lanjutnya perhatian pasar berikutnya tertuju pada rangkaian data ekonomi Amerika Serikat yang akan menjadi acuan sebelum keputusan The Fed Producer Price Index PPI dijadwalkan dirilis pada September disusul Consumer Price Index CPI pada September Setelah itu Federal Open Market Committee FOMC pada September yang dinilai akan menjadi salah satu katalis utama Berdasarkan ekspektasi pasar saat ini peluang kenaikan suku bunga sebesar basis poin bps mencapai sementara peluang suku bunga tetap berada di Ekspektasi tersebut turut dipengaruhi data tenaga kerja Agustus yang menunjukkan penambahan lapangan kerja dengan tingkat pengangguran sebesar Namun arah ekspektasi pasar masih dapat berubah seiring dirilisnya data inflasi sebelum pertemuan FOMC Aloysia menilai bahwa rangkaian data tersebut penting untuk dilihat sebagai bagian dari gambaran makro yang lebih luas bukan sebagai penentu tunggal arah pasar Arus dana ETF memberikan gambaran mengenai permintaan institusional sementara PPI CPI dan keputusan The Fed akan menentukan bagaimana pasar membaca kondisi makro berikutnya Namun investor tetap perlu melihat seluruh indikator tersebut secara menyeluruh melakukan riset mandiri DYOR dan tidak menjadikan satu data sebagai satu satunya dasar pengambilan keputusan tambahnya Simak juga Video BNN Ungkap Sulitnya Lacak Transaksi Narkoba Lewat Bitcoin Kripto,finance
Masih pakai Excel atau bahkan catatan tulisan tangan buat pembukuan usaha jasa kamu Risikonya bukan cuma buang waktu tapi juga rawan salah hitung yang berujung ke keputusan bisnis yang keliru ACCURATE FOR SERVICE COMPANY Pelatihan Akuntansi Jasa Berbasis Accurate Batch hadir buat pelaku usaha jasa yang mau naik level dari pencatatan manual ke sistem digital yang lebih rapi dan real time Kenapa Harus Migrasi dari Manual ke Sistem Digital Pencatatan manual gampang human error susah ditelusuri kalau ada selisih dan bikin laporan keuangan telat setiap kali dibutuhkan mendadak misalnya buat ajukan pinjaman atau evaluasi bulanan Software akuntansi seperti Accurate bantu proses ini jadi lebih cepat dan minim drama Yang Dipelajari di Pelatihan Ini Digelar Rabu September hingga Jumat September pukul WIB secara online pelatihan ini mengajak peserta praktik langsung mengelola transaksi usaha jasa di Accurate Mulai dari pencatatan penjualan jasa kas dan bank transaksi penyesuaian sampai alur lengkap laporan keuangan siap pakai Siapa yang Cocok Ikut Pelatihan ini pas buat pelaku usaha jasa yang masih mengandalkan cara manual staf administrasi dan keuangan yang mau upgrade skill sampai mahasiswa akuntansi yang mau paham sistem kerja software akuntansi sungguhan bukan cuma teori di kelas Jangan tunggu laporan makin berantakan Amankan slot pelatihan Accurate for Service Company Batch sekarang di detikevent hns hns,finance
Badan Gizi Nasional BGN dalam beberapa bulan ke depan akan pindah kantor ke Gedung Merah Putih GMP Telkom di kawasan Gatot Subroto Jakarta Adapun saat ini kantor BGN masih berada di kawasan Kebon Sirih Jakarta Lantas bagaimana dengan nasib karyawan Telkom ketika nanti GMP ditempati BGN COO Danantara sekaligus Kepala BP BUMN Dony Oskaria memastikan bahwa karyawan yang selama ini bekerja di gedung tersebut telah disiapkan tempat kerja penggantinya Tak mungkin kata Dony jika ada rencana BGN bertempat di GMP tanpa menyiapkan gedung pengganti Kadang kadang kan kita suka berlebihan Pasti kalau ada tempatnya mungkin orang dipindahin Masa mereka kerja di jalan Ya pasti ada gedungnya memang sudah dihitung ya kan ujar Dony saat ditemui di Kantor Kementrian Keuangan Jakarta Rabu Adapun ketika ditanya terkait dengan adanya kabar di media sosial soal barang barang yang ada di gedung tersebut sudah ditandai akan digunakan oleh BGN Dony meminta agar masyarakat tak gampang percaya terkait kabar tersebut Pasalnya kata Dony BGN saja belum menempati gedung milik Telkom tersebut Barang barang yang di tag itu Itu kan BGN nya belum masuk Jadi ya hati hati juga Kok di tag in pasti ada sewa menyewanya tidak ada Ingat Telkom itu adalah perusahaan terbuka Jadi jangan teman teman juga termakan oleh hal hal yang perusahaan terbuka semua prosesnya mengikuti ketentuan yang berlaku sebagai perusahaan terbuka katanya Ada fair value nya tidak boleh dan itu dilarang oleh OJK Nanti kena benturan kepentingan misalkan harganya di bawah pasar boleh boleh Apalagi kalau cuma dipakai sewa ya mungkin Karena itu kan perusahaan terbuka lanjutnya Sebelumnya Kepala BGN Sudaryono dalam sesi jawaban RDP dengan Komisi IX DPR RI pada Kamis membenarkan rencana pemindahan kantor BGN ke Gedung Merah Putih Dia mengatakan saat ini pihaknya masih berkoordinasi dengan Danantara terkait rencana tersebut Betul Pak ini sedang koordinasi dengan Danantara dan dalam waktu dekat ini Badan Gizi Nasional akan menduduki Gedung Graha Merah Putih yang saat ini menjadi kantor Telkom ujar Sudaryono Sudaryono menjelaskan jika tak ada aral melintang perpindahan kantor BGN ke Gedung Merah Putih akan dilakukan dalam satu hingga dua bulan ke depan InsyaAllah dalam satu dua bulan ini kami akan pindah kantor ke Graha Merah Putih terang Sudaryono Dalam kesempatan tersebut ia mengatakan bahwa pegawai yang yang sebelumnya menempati Gedung Merah Putih dan akan digunakan BGN tersebut akan dipindahkan ke gedung Telkom yang berada di sebelahnya Orang yang menempati Gedung Graha Merah Putih itu akan menempati gedung Telkom yang di sebelahnya gedung yang lebih tinggi lagi katanya fdl fdl,finance
Presiden Prabowo Subianto meminta agar masyarakat Indonesia memiliki rekening bank Menteri Koordinator Bidang Perekonomian Airlangga Hartarto menyebut Bank Rakyat Indonesia BRI dan Bank Syariah Indonesia BSI telah diminta mempersiapkan rekening tersebut Terkait apakah masyarakat yang telah memiliki rekening tetap menerima rekening dari BRI dan BSI Airlangga menyebut hal itu akan dikonsolidasikan Yang jelas Airlangga menjelaskan pembuatan rekening bertujuan untuk menyalurkan program pemerintah Nanti dikonsolidasi Jadi kalau rekening ini kan untuk berbagai program pemerintah Jadi nanti dikonsolidasi di BRI maupun di BSI Nah nanti yang punya multiple account juga nanti kita lihat kata Airlangga di Kompleks Istana Kepresidenan Rabu Saat dikonfirmasi ulang Airlangga membenarkan bahwa masyarakat yang sebelumnya telah memiliki rekening bank akan tetap menerima rekening BRI dan BSI Tetep dapet juga kata Airlangga singkat Rencana pemerintah memberi rekening perbankan ke masyarakat diungkap pertama kali oleh Airlangga usai rapat terbatas bersama Prabowo Pemerintah telah membahas kepemilikan rekening masyarakat Indonesia serta tingkat inklusi dan literasi keuangan nasional Tadi Bapak Presiden meminta agar penduduk Indonesia itu mempunyai rekening koran Jadi tentu diminta untuk BRI dan juga Bank Syariah Indonesia itu mempersiapkan rekening untuk masyarakat kata Airlangga di Kompleks Istana Kepresidenan Jakarta Senin Airlangga menjelaskan pemerintah akan menggunakan data kependudukan dari Direktorat Jenderal Kependudukan dan Pencatatan Sipil Dukcapil Data tersebut nantinya akan dipadankan dengan sistem yang terdapat di Bank Indonesia BI Dan nanti data yang dipakai adalah data dari Dukcapil Dan data dari Dukcapil itu tentunya nanti akan dipadankan dengan sistem yang ada di Bank Indonesia terutama untuk payment sistemnya dan yang kedua gateway sistemnya Jadi menggunakan QRIS jelas Airlangga Saksikan Live DetikPagi,finance
Cal Crutchlow membuat prediksi menarik soal kandidat juara MotoGP Setelah Marc Marquez ia menyebut nama Ai Ogura Crutchlow masih menilai Marc sebagai pebalap terbaik di grid saat ini Tapi ketika diminta memilih favorit berikutnya Ogura menjadi pilihannya Kalau Anda bertanya kepada saya siapa pun selain Marc saya akan memilih Ai Ogura kata Crutchlow seperti dilansir Motosan Ogura memang sempat tampil luar biasa sebelum mengalami cedera Pebalap Trackhouse Aprilia itu meraih lima podium dalam enam seri termasuk kemenangan di MotoGP Belanda Namun Ogura kemudian mengalami cedera tangan saat latihan di Jepang sehingga harus absen di Aragon Dampaknya cukup besar terhadap klasemen Setelah seri Aragon dia turun ke posisi kelima dengan poin Crutchlow Suka Cara Ogura Balapan Crutchlow punya alasan teknis di balik pilihannya Dia melihat karakter Ogura mirip dengan Dani Pedrosa terutama dari aspek bobot tubuh Ogura dengan berat sekitar kg merupakan salah satu pebalap paling ringan di grid MotoGP Menurut Crutchlow kondisi tersebut membuat Ogura memiliki keunggulan dalam pengelolaan ban Saya menyukainya cara dia mengendarai motor Satu satunya kekurangannya adalah dia membutuhkan waktu lebih lama untuk mulai cepat dalam balapan ujar Crutchlow Dan saya tahu kenapa Ini sangat mirip dengan Dani Pedrosa yaitu soal bobot tubuhnya Ogura memang cenderung tidak langsung memaksimalkan ban pada awal balapan Konsekuensinya dia membutuhkan waktu untuk mendapatkan kecepatan terbaik Tapi kondisi tersebut justru bisa menjadi keuntungan menjelang akhir balapan Ai tidak mengaktifkan ban seperti pebalap lain pada tahap awal Kemudian di akhir balapan dia sangat menghemat ban sehingga masih punya banyak cadangan dibandingkan yang lain Pada balapan yang lebih panas dia jauh lebih baik karena bisa langsung memacu kata Crutchlow Selain itu Crutchlow juga memuji Jorge Martin yang memuncaki klasemen MotoGP untuk sementara Crutchlow melihat konsistensi sebagai faktor penting dalam perebutan gelar musim ini dan belakangan ini Martin disebutnya sebagai rider yang relatif konsisten Jorge Martin sepertinya menjadi satu satunya pebalap yang cukup konsisten saat ini Dia tidak selalu menang tetapi dia selalu ada ketika dibutuhkan kata Crutchlow Baca juga Francesco Bagnaia di Titik Terendah,sport
Berada di jalur cincin api Indonesia bisa dibilang bukan pendatang baru sebagai negara yang sering didatangi bencana Mulai dari gempa erupsi hingga banjir Indonesia sudah khatam dengan peristiwa peristiwa alam tersebut Maka tidak salah jika pemerintah menyiapkan anggaran untuk logistik mitigasi dan penanggulangan bencana alam Terkait hal tersebut baru baru ini Presiden Prabowo sudah menyiapkan angka untuk anggaran baru kebencanaan Hal ini diungkapkan Prabowo dalam Ratas Perkembangan Penanganan Bencana Alam secara virtual di Istana Merdeka Prabowo menyebut jika sederet bencana yang terjadi belakangan merupakan takdir sekaligus menjadi pelajaran bagi Indonesia Pelajaran juga bagi kita bagi pemerintah yang saya pimpin alokasi anggaran untuk mitigasi bencana harus kita tambah secara signifikan Saya kira dalam menghadapi keadaan ke depan kita akan lebih mampu lanjut Prabowo Menanggapi hal tersebut Menteri Keuangan RI Purbaya Yudhi Sadewa anggaran ini akan dikelola oleh Badan Nasional Penanggulangan Bencana BNPB Maka dari itu pihaknya menunggu perhitungan dari BNPB terlebih dahulu soal tambahan anggaran Nanti kita tingkatkan sesuai permintaan kan BNPB yang hitung Nanti kita lihat seperti apa perhitungan BNPB Kan sekarang saya belum terima ujar Purbaya dikutip dari detikFinance Senin Berapapun angkanya akan kita usahakan semaksimal mungkin Tapi jangan ngaco ya hitungannya lanjut dia Dari meja parlemen rencana tersebut disambut baik Ketua DPR RI Puan Maharani menyatakan sepakat selama anggaran tersebut bermanfaat bagi masyarakat Soal bencana negara ini memang perlu memperhatikan masak masak soal anggaran Sebabnya kerusakan infrastruktur perlambatan ekonomi hingga dampak psikologis masyarakat bermuara pada beban fiskal dan moneter negara Lalu sejauh mana bencana menjadi beban ekonomi negara Berapa anggaran ideal yang dibutuhkan sebuah negara untuk memitigasi dampak bencana Simak ulasannya dalam detikSore bersama Ekonom Senior INDEF Tauhid Ahmad Beralih ke Berita Nusantara proses pencarian lima jurnalis yang dilaporkan hilang saat meliput aktivitas Gunung Anak Krakatau di Perairan Selat Sunda memasuki hari kedua Kantor SAR Banten sudah menyiapkan dua pesawat tanpa awak termal atau drone dan memperluas lokasi pencarian untuk menemukan kelima orang tersebut Tim SAR gabungan akan kembali melanjutkan pencarian pada hari berikutnya dengan memperluas area penyisiran sesuai hasil evaluasi dan kondisi di lapangan ungkap Kepala Kantor Pencarian dan Pertolongan Banten Al Amrad dikutip dari detikNews Selain para jurnalis tersebut terdapat pula tiga orang lainnya yang merupakan awak kapal Seperti apa perkembangan terbaru dari pencarian lima jurnalis ini Apa saja upaya yang sudah dilakukan oleh Tim SAR Simak laporan lengkapnya bersama jurnalis detikcom Jelang petang nanti detikSore akan kembali membedah strategi mencari cuan di tengah volatilitas pasar saham Meski IHSG berangsur membaik namun pada setiap kenaikan ada fluktuasi tipis yang perlu dihadapi Dalam kondisi seperti ini ada kepekaan yang perlu dimiliki oleh seorang investor Lalu apa strategi mengeruk keuntungan di masa masa pasar saham yang tidak menentu seperti saat ini Simak ulasannya dalam Sunsetalk detikSore Ikuti terus berita terbaru dan bermutu dari detikSore Tonton tayangan langsungnya lewat berbagai platform media sosial Jangan lupa follow detikSore di Instagram dan TikTok detikSore Cuma Hore hore vys gub,finance
Jakarta Harga cabai rawit merah menembus per kilogram naik persen dibandingkan hari sebelumnya Foto Bisnis Cabai Rawit Merah Makin Pedas Harga Tembus Ribu Rabu Sep WIB Anda menyukai artikel ini Artikel disimpan,finance
Mahkamah Agung MA resmi melantik Sarjito sebagai Kepala Eksekutif Pengawas Bursa Mineral dan Komoditas Strategis BMKS Otoritas Jasa Keuangan OJK Sarjito mengucapkan sumpah jabatan di hadapan Ketua MA Sunarto Menurut Sunarto berdasarkan surat keputusan Presiden Republik tanggal Agustus Sarjito telah diangkat sebagai Anggota Dewan Komisioner Otoritas Jasa Keuangan Sebelum memangku jabatan Anggota Dewan Komisioner OJK sudara wajib mengucapkan sumpah Bersediakah saudara menyampaikan sumpah jabatan menurut agama saudara tanya Sunarto di kantor MA Jakarta Pusat Rabu Sarjito lantas menyatakan bersedia dan mengucapkan sumpahnya Sarjito menyebut siap melaksanakan tugas sesuai peraturan perundang undangan serta tidak akan menerima langsung atau tidak langsung dari siapa pun sesuatu janji atau pemberian dalam bentuk apa pun Saya bersumpah bahwa saya akan melaksanakan tugas dan kewajiban sebagai Anggota Dewan Komisioner OJK dengan sebaik baiknya dan dengan penuh rasa tanggung jawab berdasarkan peraturan perundang undangan yang berkenaan dengan tugas dan kewajiban tersebut kata Sarjito mengucapkan sumpahnya Dengan diucapkannya sumpah tersebut Sarjito resmi menjabat sebagai Kepala Pengawas BMKS OJK Sebelumnya Dewan Perwakilan Rakyat DPR resmi menetapkan Sarjito sebagai Kepala BMKS OJK untuk periode Sarjito juga telah menjalani uji kelayakan dan kepatutan sebagai Kepala BMKS OJK bersama Komisi XI DPR Berdasarkan hasil uji kelayakan tersebut Komisi XI menyetujui penetapan Sarjito untuk kemudian disahkan dalam Rapat Paripurna DPR pada Agustus Dalam uji kelayakan tersebut Sarjito mengakui ada sejumlah tantangan yang dihadapi termasuk praktik under invoicing transfer pricing hingga penentuan harga Ia menilai bagian terpenting dalam BMKS adalah pasar yang terpercaya alias trusted market Apa yang terpenting Yaitu trusted market Karena market yang bagus pasti akan dipakai untuk arbitrage Price arbitrage bukan supervisory dan regulatory arbitrage ujar Sarjito dalam agenda fit and proper test Sarjito diketahui menjadi calon tunggal untuk Kepala Eksekutif Pengawas BMKS OJK merangkap jabatan sebagai Anggota Dewan Komisioner ADK OJK DPR RI menerima Surat Presiden Surpres dari Presiden Prabowo Subianto yang mengusulkan nama Sarjito Simak juga Video OJK Ungkap Biang Kerok IHSG Merah Sendirian di Asia,finance
Bisnis yang beroperasi lintas negara punya satu tantangan yang sering diremehkan kepatuhan pajak internasional Berbeda dari pajak domestik biasa aspek ini melibatkan perjanjian pajak berganda transfer pricing hingga aturan pemajakan penghasilan luar negeri yang jarang dikuasai staf pajak level dasar Akibatnya banyak perusahaan multinasional kesulitan mencari tenaga yang benar benar paham perpajakan lintas batas negara Staf yang hanya menguasai Brevet A dan B belum tentu siap menangani kasus pajak internasional yang jauh lebih kompleks Kebutuhan ini yang menjadi dasar program Pelatihan Brevet Pajak C Sertifikasi CPTT dari Piranha Smart Center bersama Education Visionary Lab Berbeda dari Brevet A dan B yang membahas perpajakan domestik tingkat C ini khusus mendalami kebijakan perpajakan multinasional mulai dari pajak internasional pajak berganda kredit pajak luar negeri sampai transfer pricing Batch ke ini digelar online melalui Zoom dimulai Senin September hingga Selasa September dengan jadwal setiap Senin dan Selasa pukul sampai WIB Total enam kali pertemuan ditambah satu ujian teori pilihan ganda melengkapi rangkaian pelatihan ini Peserta yang lulus berhak mendapat sertifikat pelatihan Brevet C dan bagi yang mengambil paket sertifikasi juga memperoleh gelar non akademik Certified Professional Tax Technician CPTT yang diterbitkan Asosiasi Teknisi Perpajakan Indonesia dengan izin resmi Kemenkumham Peserta juga mendapat akses e modul video recording pembelajaran latihan soal persiapan ujian serta konsultasi selama dan pasca pelatihan berlangsung Program ini cocok untuk lulusan Brevet A dan B staf administrasi keuangan tax konsultan hingga pelaku usaha yang menangani ekspor impor di perusahaan multinasional Pendaftaran sudah dibuka daftarkan dirimu sekarang melalui detikevent hns hns,finance
Menteri Keuangan Menkeu Purbaya Yudhi Sadewa buka suara soal Anggaran Pendapatan dan Belanja Negara APBN dipakai mendanai pembukaan rekening bank Pembukaan rekening untuk masyarakat merupakan perintah Presiden Prabowo Subianto Prabowo menugaskan PT Bank Rakyat Indonesia Persero Tbk BRI dan PT Bank Syariah Indonesia Persero Tbk BSI sebagai penyedia rekening bagi masyarakat Purbaya juga membuka kemungkinan penggunaan APBN sebagai saldo awal pembukaan rekening Mungkin ya Kan kalau Rp ribu kali sekian saya banyak banyak amat lah kalau saya lihat ungkap Purbaya kepada wartawan di kantor Kementerian Keuangan Jakarta Rabu Purbaya mengatakan anggaran tersebut dialokasikan dari cadangan belanja pemerintah Menurutnya besaran anggaran tersebut cukup untuk memenuhi kebutuhan saldo awal pembukaan rekening Cadangan belanja pemerintah ada selalu ada Saya lihat masih masuk jelasnya Diberitakan sebelumnya Menteri Koordinator Perekonomian Airlangga Hartarto mengatakan saldo awal pembukaan rekening bersumber dari APBN Menurut perhitungannya kira kira butuh anggaran Rp triliun untuk menjalankan program penyediaan rekening untuk masyarakat Dananya dari APBN Totalnya kalau juta penduduk kan berarti kira kira juta atau sekitar Rp T lah ujar Airlangga di Kompleks Istana Kepresidenan Jakarta Pusat Rabu ahi hns,finance
Inggris mengumumkan larangan impor seluruh produk yang berasal dari permukiman ilegal Israel di Tepi Barat Kebijakan ini menjadi salah satu langkah paling tegas yang diambil Inggris sejak mengakui kedaulatan negara Palestina tahun lalu Dikutip dari Al Jazeera Menteri Luar Negeri Inggris Ed Miliband menuduh Israel melakukan pembersihan etnis terhadap warga Palestina Ia juga menegaskan pemerintah Inggris memandang perluasan permukiman Israel di Tepi Barat sebagai tindakan yang melanggar hukum Miliband juga mengumumkan pembatasan baru yang lebih ketat terhadap penjualan senjata ke Israel Namun Israel juga mengumumkan empat balasan termasuk melarang anggota parlemen Inggris memasuki Israel dan menutup konsulat Inggris di Yerusalem Larangan Inggris terhadap perdagangan barang dari permukiman ilegal Israel ini diberlakukan di tengah meningkatnya kekerasan oleh pemukim Israel terhadap komunitas Palestina di Tepi Barat Perluasan permukiman tersebut juga memicu perdebatan di Eropa mengenai pembatasan perdagangan dengan wilayah tersebut Setelah pidato Miliband di parlemen negara mengeluarkan pernyataan bersama yang mendukung solusi dua negara Mereka juga menyatakan akan mempertimbangkan pembatasan perdagangan dengan permukiman ilegal Israel Prancis Inggris Kanada Denmark Spanyol Finlandia Irlandia Islandia Norwegia Polandia Portugal dan Swedia menyerukan pemerintah Israel untuk menghentikan perluasan permukiman Larangan Inggris terhadap perdagangan dengan permukiman ilegal Israel mencakup impor semua barang dari permukiman ilegal Israel di Tepi Barat Selain itu Inggris juga akan menjatuhkan sanksi terhadap semua organisasi bisnis dan individu yang menyediakan konstruksi infrastruktur pembiayaan atau properti untuk perluasan permukiman Kemudian larangan total terhadap iklan penjualan properti di permukiman ilegal di Tepi Barat di Inggris Sanksi juga akan dijatuhkan terhadap pemukim ekstremis yang telah mendukung atau menghasut kekerasan terhadap warga Palestina Semua izin ekspor baru untuk senjata dan ekspor lainnya yang secara material berkontribusi pada pendudukan akan ditolak Inggris telah menangguhkan lebih dari izin senjata yang digunakan oleh tentara Israel di Gaza Inggris merupakan salah satu mitra dagang penting bagi Israel Nilai perdagangan kedua negara mencapai miliar poundsterling atau sekitar Rp triliun kurs Rp pada Meski sulit memastikan nilai barang yang berasal langsung dari permukiman Inggris diperkirakan mengimpor barang senilai juta poundsterling dari wilayah pendudukan tersebut sepanjang Sejumlah produk yang banyak diimpor Inggris dari Israel antara lain batu dan logam mulia peralatan teknis dan medis plastik mesin serta produk pertanian seperti buah buahan Sebaliknya Inggris mengekspor berbagai produk ke Israel termasuk peralatan pertahanan seperti drone helikopter dan komponen pesawat Pada Inggris sempat menangguhkan sekitar lisensi ekspor senjata karena tindakan Israel di Gaza namun pengecualian diberikan untuk komponen pesawat tempur F yang dapat diakses Israel melalui mitra lain seperti AS Pada Mei Inggris juga menangguhkan negosiasi untuk memodernisasi perjanjian perdagangan agar mencakup perdagangan digital dan bidang lainnya Simak juga Video Prabowo Ungkap Praktik Gelap Ekspor Impor RI Sudah Ada Puluhan Tahun,finance
Persaingan titel juara dunia semakin ketat menuju MotoGP San Marino Jorge Martin percaya menjaga puncak klasemen bukanlah yang prioritas di fase ini Pebalap Aprilia asal Spanyol itu dibayangi Marc Marquez dan Marco Bezzecchi di klasemen Martin masih menempati peringkat teratas dengan perolehan poin selisih poin dari Marquez dan poin dari Bezzecchi Dengan demikian ada potensi besar singgasana itu berganti pemilik setelah gelaran MotoGP San Marino nanti Jorge Martin hanya mementingkan hasil di akhir kejuaraan Grand prix Misano itu selalu istimewa ketika Anda berada di sebuah tim Italia dan bersama dengan fans Aprilia aku yakin ini akan jadi akhir pekan yang hebat cetus juara MotoGP itu diwartakan Crash Kami menuju sebuah lintasan yang kusukai setelah melakukan sebuah pekerjaan yang bagus di Aragon dan kami punya target target yang jelas sambung Jorge Martin Memimpin klasemen memang penting untuk tim Aprilia secara keseluruhan tapi kita sudah melihat bahwa mengingat selisih angka yang begitu tipis itu bukanlah sebuah prioritas ataupun faktor yang menentukan Kami mesti terus fokus pada pekerjaan kami Aku sabar untuk menunggangi RS dan melakukan yang terbaik di balapan kandang Aprilia Martinantor menambahkan Jorge Martin baru sekali memenangi balapan grand prix seri Prancis di MotoGP sejauh ini Martin akan merupaya mematahkan dominasi Ducati di Misano yang berturut turut memenangi lima balapan terakhir,sport
PT Jasa Marga Persero Tbk JSMR terbuka untuk penjajakan investasi terhadap sejumlah tol yang telah beroperasi Perseroan bahkan menyiapkan belanja modal atau capital expenditure capex untuk seluruh kebutuhan termasuk investasi tol Rp triliun Direktur Utama Jasa Marga Rivan Achmad Purwantono menjelaskan capex diarahkan untuk optimalisasi jadwal konstruksi dan operasional tol baru secara bertahap Hingga semester I realisasi capex perseroan telah mencapai Rp triliun yang digunakan untuk operasional pemeliharaan dan investasi pembangunan tol Serapan capex hingga tahun ini sangat tergantung pada kondisi realisasi di lapangan tentunya namun kami estimasikan bahwa capex investasi sampai dengan akhir tahun ini adalah mencapai sekitar Rp triliun ungkap Rivan dalam acara Public Expose virtual Rabu Rivan mengatakan perseroan terbuka terhadap investasi pada pembangunan tol baru yang sesuai dengan arah pengembangan perusahaan Namun ia menegaskan keputusan partisipasi dalam pengembangan tol akan diputuskan secara komprehensif dan mempertimbangkan prospek Pertimbangan investasi tersebut mencakup prospek lalu lintas konektivitas jaringan jalan tol existing kelayakan investasi dan kemampuan finansial perusahaan Jasa Marga juga terbuka untuk investasi di sektor brownfield Di dalam hal ekspansi ini tentu sesuai dengan arah strategis yang telah disampaikan sebelumnya Jasa Marga juga terbuka untuk peluang investasi pada sektor brownfield mengingat saat ini tender jalan tol baru memang tidak terlalu banyak jika dibandingkan periode sebelumnya jelasnya Saat ditanya terkait proses streamlining yang tengah dijalankan BP Badan Usaha Milik Negara BUMN dan Badan Pengelola Investasi BPI Daya Anagata Nusantara Danantara Rivan mengatakan Jasa Marga juga ikut berperan dalam transformasi tersebut Menurutnya langkah ini dilakukan untuk mengoptimalisasikan portofolio dan meningkatkan nilai tambah Saat ini Jasa Marga terus berkoordinasi dan masih berkoordinasi baik dengan pemegang saham dengan Danantara BP BUMN maupun perusahaan perusahaan yang masuk di dalam streamlining di mana proses penataan tersebut juga tetap dilakukan dengan memperhatikan prinsip tata kelola yang baik pungkasnya Lihat juga Video Viral Mobil Pecah Ban Massal di Tol Jagorawi Jasa Marga Buka Suara,finance
Presiden Prabowo Subianto meminta masyarakat untuk memiliki rekening di PT Bank Rakyat Indonesia Persero Tbk BRI dan PT Bank Syariah Indonesia Persero Tbk BSI Rekening bank tersebut akan digunakan untuk penyaluran bantuan sosial bansos pemerintah Menteri Keuangan Purbaya Yudhi Sadewa menjelaskan rekening tersebut nantinya akan diberikan kepada masyarakat di atas usia tahun yang belum memiliki rekening bank Pembukaan rekening ini dilakukan agar penyaluran bansos bisa cepat dan tepat Itu supaya nanti setiap bantuan itu betul betul cepat dan tepat sasaran Bansos dan lain lain Itu rencana Pak Presiden seperti itu kelihatannya ujar Purbaya kepada wartawan di kawasan Sunter Jakarta Utara Selasa Purbaya menjelaskan proses pembukaan rekening nantinya akan melibatkan data dari Direktorat Jenderal Kependudukan dan Pencatatan Sipil Dukcapil Bank Indonesia BI dan Lembaga Penjamin Simpanan LPS Ada juga kemungkinan ini sudah selesai diskusi kita Dalam diskusi ya ada kemungkinan juga nanti setiap orang yang bikin KTP langsung otomatis dibuatkan rekeningnya terangnya Sebagai informasi Menteri Koordinator Perekonomian Airlangga Hartarto usai mengikuti rapat terbatas bersama Prabowo Pemerintah sebelumnya membahas kepemilikan rekening masyarakat Indonesia serta tingkat inklusi dan literasi keuangan nasional Untuk mendorong hal tersebut Prabowo meminta BRI dan BSI mempersiapkan rekening bagi masyarakat Rekening yang dipersiapkan tersebut juga akan dimanfaatkan untuk menyalurkan berbagai program pemerintah kepada masyarakat Namun Airlangga belum merinci program apa saja yang nantinya akan disalurkan melalui rekening tersebut Tadi Bapak Presiden meminta agar penduduk Indonesia itu mempunyai rekening koran Jadi tentu diminta untuk BRI dan juga Bank Syariah Indonesia itu mempersiapkan rekening untuk masyarakat kata Airlangga di Kompleks Istana Kepresidenan Jakarta Senin ahi hns,finance
Pupus sudah harapan Indonesia berjaya di Men s World Tennis Championship Ini setelah Rafalentino Ali Da Costa Ethan David Zapp kalah di final Pada pertandingan puncak ganda putra Seri IV ITF World Tennis Tour M di Lapangan A Bali Beach Country Nusa Dua Sabtu Rafalentino Ethan harus mengakui ketangguhan Alexander Chang Pablo Perez Ramos Di set pertama Rafalentino Ethan mengalami kesulitan mengimbangi permainan Alexander Pablo Petenis Amerika Serikat Spanyol itu langsung menyerang lewat servis voli sebelum menang Memasuki set kedua ganda tuan rumah yang sempat menyingkirkan unggulan pertma Isaac Becroft Reece Falck bisa bangkit untu memberikan perlawanan hingga game ke untuk membuat skor sama kuat Namun keunggulan pengalaman dari Alexander Pablo dalam hal mematahkan servis lawan membuat mereka menang dalam tempo jam menit untuk keluar sebagai juara Meski menang Pablo memuji permainan dari Rafalentino dan Ethan yang nyaris membuatnya kesulitan diset kedua Kami bersyukur bisa menang karena lawan Rafalentino dan Ethan tampil luar biasa sehingga menyulitkan kami ujar Pablo dalam rilis kepada detikSport Sementara Alexander Kekompakkan dan komunikasi yang baik dengan partnernya membuahkan hasil gelar juara untuk yang kedua kali pada ajang M Pada seri pertama dia bersama Tanapat Nirundorn jadi juara di sektor yang sama Rafalentino Ethan memang gagal juara tapi pencapaian mereka diapresiasi Ketua Umum PP Pelti periode Rildo Ananda Anwar Hadirnya talenta talenta petenis muda merah putih seperti Rafalentino Ali Da Costa dan Ethan David Zapp di sektor putra serta Janice Tjen merupakan sebuah karunia sekaligus tantangan tersendiri dalam pembinaan tenis di Indonesia agar prestasi mereka terus meningkat lewat jalur kompetisi serta berjalannya proses regenerasi dengan baik ujar Rildo Sebagai runner up Rafalentino Ethan mendapat hadiah dolar AS serta trofi Sedangkan Alexander Pablo sebagai juara berhak atas dolar AS serta tambahan poin ATP Sementara itu pada sektor tunggal putra yang hari ini mempertandingkan babak semifinal petenis asal India Karan Singh berhasil mempertahankan performa impresifnya dengan memastikan diri melangkah ke partai puncak Singh mengalahkan wakil Jepang Ryotaro Taguchi dua set langsung dan Karang akan bertemu Isaac Becroft dari Australia yang mengalahkan Leo Borg dalam waktu jam menit dengan skor dan,sport
Perum BULOG terus mengawal penyaluran Bantuan Pangan Beras agar manfaatnya diterima oleh masyarakat yang berhak Melalui satuan kerja di Cabang Cirebon BULOG memastikan setiap tahapan distribusi dimonitor secara optimal dalam mendukung program pemerintah untuk menjaga ketahanan pangan sekaligus memenuhi kebutuhan masyarakat Menanggapi informasi dugaan penyalahgunaan karung beras Bantuan Pangan oleh oknum perangkat Desa Ambit Kecamatan Waled Kabupaten Cirebon BULOG menghormati proses hukum yang sedang berjalan Pemimpin Wilayah Perum BULOG Jawa Barat Nurman Susilo menyampaikan penyaluran Bantuan Pangan oleh di Kabupaten Cirebon khususnya di Desa Ambit Kecamatan Waled telah dilakukan sesuai ketentuan kepada PBP yang telah ditetapkan pemerintah Tim Kami di BULOG Cabang Cirebon telah menyalurkan Bantuan Pangan Beras di Desa Ambit Kecamatan Waled sesuai dengan ketentuannya dan dapat dibuktikan dengan dokumentasi yang lengkap Setelah beras dibagikan kepada penerima dan kemudian ada kegiatan lain maka itu berada pada tahapan pemanfaatan bantuan oleh penerima manfaat di lapangan ujar Nurman dalam keterangannya Kamis Di Kabupaten Cirebon penyaluran Bantuan Pangan Beras alokasi Juli September diberikan kepada Penerima Bantuan Pangan PBP dengan total alokasi sebanyak kilogram atau ton beras Hingga saat ini realisasi penyaluran telah mencapai persen atau sebesar kilogram beras yang telah disalurkan kepada masyarakat penerima manfaat Lebih lanjut Desa Ambit Kecamatan Waled terdapat alokasi sebanyak PBP dan BULOG telah melaksanakan penyaluran kepada PBP BULOG akan terus melakukan pengawalan di lapangan bersama seluruh pihak terkait Pemerintah Desa Babinsa dan Bhabinkamtibnas agar proses penyaluran berjalan dengan baik transparan dan tepat sasaran Kami juga mengajak seluruh unsur yang terlibat untuk bersama sama menjaga amanah program Bantuan Pangan ini agar manfaatnya benar benar dirasakan oleh penerima yang telah ditetapkan papar Nurman Sebagai pelaksana penugasan pemerintah BULOG juga memperkuat koordinasi dengan pemerintah daerah TNI Polri serta seluruh pihak terkait untuk memastikan Bantuan Pangan Beras tersalurkan secara efektif hingga tingkat masyarakat Dengan dukungan jaringan operasional yang tersebar di seluruh Indonesia BULOG terus berupaya menjaga kualitas ketepatan sasaran dan kelancaran distribusi bantuan pangan anl ega,finance
Pemerintah menyiapkan program pembukaan rekening untuk masyarakat Kebijakan ini merupakan perintah Presiden Prabowo Subianto kepada jajarannya dalam rapat terbatas soal pertumbuhan ekonomi Senin Menteri Koordinator Perekonomian Airlangga Hartarto mengatakan pembukaan rekening ini akan dibahas bersama Bank Indonesia BI dan Otoritas Jasa Keuangan OJK Kita akan siapkan dalam waktu dekat Roll out nya kita akan bahas dengan BI dan OJK ujar Airlangga di Kompleks Istana Kepresidenan Jakarta Pusat Rabu Dia mengatakan masih perlu ada rapat teknis untuk membentuk regulasinya kemudian masuk dalam program Dewan Nasional Keuangan Inklusif Kita siapkan Mungkin nanti sesudah dirapatkan teknis kita siapkan regulasinya masuk ke dalam Dewan Nasional Keuangan Inklusif kemudian baru sesudah itu kita buatkan timeline nya terang Airlangga Airlangga menambahkan sebelum akhir tahun ini persiapan pembukaan rekening untuk masyarakat sudah bisa dimulai Insyaallah kita sudah bisa mulai tutur Airlangga hal hns,finance
Erupsi Gunung Anak Krakatau yang sempat mengganggu aktivitas penerbangan dan sejumlah moda transportasi di sejumlah wilayah belum berdampak terhadap harga bahan pokok Menteri Perdagangan Mendag Budi Santoso alias Busan mengatakan kondisi ini terlihat dalam data Sistem Pemantauan Pasar dan Kebutuhan Pokok di mana harga bahan pokok sejauh ini masih relatif stabil Sementara ada masalah Dari pantuan kami termasuk dari dan kita juga komunikasi tidak hanya melihat sementara tidak ada masalah kata Busan saat ditemui di Kantornya Jakarta Pusat Rabu Lebih lanjut menurut Busan sebaran abu vulkanik juga belum memengaruhi rantai pasok dan distribusi bahan pokok termasuk di daerah terdampak Sehingga belum ada indikasi kenaikan harga Kan kami bisa pantau juga dari karena itu di semua kabupaten kota yang terkena dampak pun juga sebenarnya distribusinya tetap masuk Jadi selama ini kalau kita lihat sebenarnya harganya stabil ujarnya Terlepas dari imbas sebaran abu vulkanik Busan menegaskan pemerintah akan terus memperhatikan perkembangan harga barang pokok secara nasional Menurutnya pemerintah tidak hanya fokus ketika harga mengalami lonjakan namun saat harga jatuh terlalu rendah juga menjadi ancaman karena berpotensi menekan produsen Ia mencontohkan harga telur ayam yang sempat turun hingga sekitar Rp per kilogram padahal harga acuannya berada di kisaran Rp per kilogram pemerintah terus melakukan intervensi agar nilai komoditas ini dapat kembali meningkat Nah sekarang sudah mulai naik harga rata rata nasionalnya telur kan Rp Berarti kan naik dari Rp mendekati harga acuan tandasnya Tonton juga video Jurnalis Hilang Kontak di Sekitar Anak Krakatau Pencarian DIperluas igo fdl,finance
Semua masyarakat akan memiliki rekening bank Presiden Prabowo Subianto telah menugaskan BRI dan Bank Syariah Indonesia untuk menyediakan rekening untuk masyarakat Rencananya setiap rekening baru akan diberikan saldo awal sebesar Rp Dana tersebut menurut Menteri Koordinator Perekonomian Airlangga Hartarto bersumber dari APBN Menurut perhitungannya kira kira butuh anggaran Rp triliun untuk menjalankan program penyediaan rekening untuk masyarakat Dananya dari APBN Totalnya kalau juta penduduk kan berarti kira kira juta atau sekitar Rp T lah ujar Airlangga di Kompleks Istana Kepresidenan Jakarta Pusat Rabu Soal anggarannya akan masuk di APBN tahun ini atau tidak dia enggan menjelaskan Yang jelas soal anggarannya masih perlu dibahas Anggaran nanti kita bahas karena kan semuanya langsung segitu Kan nanti itunya penyediaan rekeningnya secara bertahap kata Airlangga Ketika masyarakat sudah menerima rekening tersebut Airlangga bilang uang yang menjadi dana mengendap di awal sebesar Rp bisa diambil sepenuhnya Bisa bisa ditarik ya tuturnya Tonton juga video TanyadetikFinance Utang Whoosh Beralih ke Kemenkeu Ndak Bahaya Ta hal hns,finance
Jelang Asian Games dukungan untuk atlet Indonesia terus mengalir Momentum ini jadi pengingat bahwa jalan menuju podium adalah hasil kolaborasi Hal itu ditegaskan Ketua Umum Komite Olimpiade Indonesia NOC Indonesia Raja Sapta Oktohari yang menekankan pentingnya keberlanjutan dukungan bagi atlet Perjalanan menuju podium tidak pernah dibangun dalam waktu singkat Atlet membutuhkan dukungan yang konsisten mulai dari proses persiapan hingga saat mereka bertanding membawa Merah Putih ujar Okto dalam keterangan tertulisnya Selasa Bagi Okto kolaborasi antara pemerintah federasi dunia usaha dan masyarakat adalah kunci membangun ekosistem olahraga yang kuat Ketika dunia usaha federasi pemerintah masyarakat dan seluruh pemangku kepentingan bergerak bersama kita tidak hanya berbicara tentang medali tetapi juga membangun ekosistem olahraga yang berkelanjutan Kami berharap kolaborasi seperti ini terus tumbuh dan memberikan dampak positif bagi atlet serta olahraga Indonesia tambahnya Ia lantas mengapresiasi semua pihak yang terus hadir mendampingi perjuangan atlet sejak Olimpiade Paris SEA Games hingga Asian Games nanti Hal senada disampaikan Direktur PT Tim Indonesia Emas Richard Sam Bera Ia menilai konsistensi dukungan menjadi bahan bakar penting bagi mental atlet Richard menyebut Asian Games Aichi Nagoya sebagai panggung pembuktian dari proses panjang yang sudah dijalani Para atlet sudah bekerja keras dalam persiapan mereka Sekarang saatnya kita memberikan dukungan penuh agar mereka bisa bertanding dengan percaya diri dan membawa semangat Merah Putih ujarnya Atlet panjat tebing Veddriq Leonardo berterima kasih atas dukungan masyarakat hingga pihak swasta yang diberikan kepadanya dan para atlet Kami tentu sangat berterima kasih atas dukungan masyarakat Indonesia yang terus mendampingi perjalanan kami Dukungan seperti ini menjadi motivasi tambahan bagi kami untuk memberikan yang terbaik Mohon doa dan dukungannya agar kami bisa berjuang maksimal dan membawa hasil terbaik untuk Merah Putih di Asian Games ucap peraih medali emas Olimpiade ini mcy aff,sport
PT Telkom Indonesia Persero Tbk Telkom menyambut positif rencana pemanfaatan Gedung Graha Merah Putih GMP oleh Badan Gizi Nasional BGN secara skema Business to Business Langkah penyewaan ini menjadi bagian dari strategi leveraging asset perusahaan untuk mengoptimalkan aset properti sekaligus membuka peluang pendapatan baru dari konektivitas digital Direktur Utama Telkom Dian Siswarini menyampaikan bahwa skema bisnis ini dijalankan secara proporsional dengan tetap mengedepankan tata kelola perusahaan yang baik Good Corporate Governance Bagi TelkomGroup rencana penyewaan gedung GMP oleh BGN merupakan bentuk leveraging asset yang dapat menghadirkan peluang bisnis baru termasuk melalui penyediaan layanan konektivitas dan solusi digital unggul dari yang kami miliki ujar Dian dalam keterangannya Selasa Optimalisasi GMP ini juga dimanfaatkan Telkom untuk menata ulang klasterisasi ruang kerja internal yang sebelumnya masih tersebar di beberapa lokasi di Jakarta Penataan ini ditujukan agar kolaborasi antar unit kerja menjadi lebih terintegrasi Saat ini sejumlah unit masih yang berkaitan tersebar di berbagai lokasi kerja di Jakarta Melalui penataan ini kami ingin menciptakan lingkungan kerja yang lebih terintegrasi sesuai stream masing masing unit Harapannya ini dapat membuat kolaborasi menjadi lebih mudah proses kerja semakin efektif dan produktivitas karyawan semakin meningkat jelas Dian Proses transisi penempatan ruang kerja BGN di GMP akan dilakukan secara bertahap setelah seluruh pembahasan negosiasi rampung Telkom memastikan keamanan keselamatan serta kenyamanan operasional karyawan tetap menjadi prioritas utama Berdasarkan hasil survei dan diskusi bersama Telkom BGN menyampaikan rencana pemanfaatan GMP untuk ruang kerja serta beberapa fasilitas workstation standar Pemanfaatan tersebut akan dilakukan setelah proses penataan unit unit di Telkom dan pemindahan peralatan kerja existing ke lokasi yang telah disepakati bersama lanjut Dian Bersamaan dengan langkah tersebut Telkom melanjutkan peremajaan Telkom Integrated Operation Center TIOC menggunakan teknologi kecerdasan buatan AI dan otomasi Penataan ruang kerja ini diharapkan mempercepat koordinasi operasional perusahaan secara keseluruhan Penataan ini diarahkan pada pengelompokan unit berdasarkan karakteristik bisnis sehingga setiap unit dapat menempati lokasi yang lebih terintegrasi Dengan demikian koordinasi dan kolaborasi dapat berlangsung lebih cepat efektif dan pada akhirnya meningkatkan produktivitas pungkasnya,finance
Memperingati Hari Ulang Tahun HUT ke TNI tahun Komando Operasi Udara Nasional Koopsudnas resmi mengagendakan serangkaian kejuaraan olahraga tingkat nasional TNI Angkatan Udara AU menghadirkan berbagai kompetisi bergengsi mulai dari Modern Pentathlon Open hingga Panahan Open untuk memperebutkan Piala Panglima TNI akan ada delapan cabang olahraga nasional yang diselenggarakan Bapak Panglima TNI memberikan kesempatan kepada Kotama untuk menggelar kejuaraan tingkat nasional memperebutkan Piala Panglima TNI Dalam rangka HUT TNI ke ini TNI AU mendapat amanat menggelar cabang olahraga termasuk modern pentathlon dan panahan ujar Marsdya TNI Minggit Tribowo dalam konferensi pers di Ruang Leo Watimena Koopsudnas Lanud Halim Perdanakusuma Jakarta Timur Selasa Dalam acara itu Pangkoopsudnas Marsdya TNI Minggit Tribowo didampingi Ketum MPI Marsda TNI Ir Purwoko Aji Prabowo M M MDS dan Askomlek Kaskoopsudnas Marsma TNI Ida Bagus Ngurah Mardika Putra S T MM Menurut Marsdya TNI Minggit Tribowo rangkaian kejuaraan ini dirancang bukan sekadar kompetisi rutin melainkan sarana pembinaan atlet muda dari seluruh pelosok Tanah Air Kami memberikan kesempatan kepada seluruh daerah untuk mencari bibit bibit atlet yang dapat dibina tidak hanya di tingkat lokal tetapi juga nasional hingga internasional Harapan kita bersama kesempatan ini dapat dimanfaatkan semaksimal mungkin sehingga melahirkan atlet atlet yang menjadi kebanggaan bangsa pungkas Pangkoopsudnas Berikut adalah agenda lengkap kejuaraan tingkat nasional Cabor Tenis Open Piala Panglima TNI Berlangsung hingga September di Lapangan Tenis Kawasan Halim Perdanakusuma Jakarta Sepakbola Nasional Piala Kasau Cup Angkasa Open Berlangsung September Oktober di Lapangan Koopsudnas Halim Perdanakusuma Jakarta Modern Pentathlon Open Piala Panglima TNI Berlangsung September di Akademi Angkatan Udara AAU Yogyakarta Aeromodelling Berlangsung September Drone Race Berlangsung Oktober Panahan Open Piala Panglima TNI Berlangsung Oktober di Lapangan Panahan Arjuna Halim Perdanakusuma Jakarta Sebelumnya sudah dilaksanakan kejuaraan cabang olahraga paralayang yang telah dilaksanakan di Solo pada Agustus lalu ran bay,sport
CEO Badan Pengelola Investasi BPI Danantara Rosan Roeslani menjelaskan soal penugasan Bank Rakyat Indonesia BRI dan Bank Syariah Indonesia BSI dalam menyediakan rekening untuk masyarakat Rosan menjelaskan pembukaan rekening secara nasional akan dilakukan oleh BRI Namun khusus wilayah Aceh pembukaan rekening akan dilakukan oleh BSI Pembukaan rekening di seluruh Indonesia melalui BRI dan untuk Aceh itu khusus dengan BSI bisa terlaksana dengan secepatnya ya kata Rosan saat ditemui di Kompleks Istana Kepresidenan Jakarta Pusat Rabu Rosan menyebut manajemen BRI dan BSI sudah berkoordinasi terkait penugasan tersebut Rosan menyebut mekanisme penyerahan rekening sedang dibahas pemerintah Ya nanti mekanismenya lagi dirancang segera kok ujar Rosan Diberitakan sebelumnya pemerintah bakal memberikan rekening bagi warga berusia tahun Rekening tersebut akan terisi saldo Rp ribu Menurut Menteri Koordinator bidang Perekonomian Airlangga Hartarto seluruh saldo bisa dicairkan oleh pemilikinya Saldo tersebut berasal dari Anggaran Pendapatan dan Belanja Negara APBN dengan anggaran Rp triliun Bisa bisa ditarik kata Airlangga singkat saat ditemui di Kompleks Istana Kepresidenan Jakarta Pusat Rabu acd acd,finance
Padel semakin semarak dengan hadirnya beragam turnamen Ada Minala Cup Padel Tournament yang menyuguhkan hal menarik Ajang ini digelar di PIPC Arteri Kebayoran Lama Jakarta Selatan pada tanggal dan September Minala Cup Padel Tournament diikuti lebih dari peserta Tak sekadar menghadirkan persaingan di lapangan turnamen tersebut juga menawarkan hadiah menarik dengan total uang tunai mencapai Rp juta Selain itu panitia menyiapkan koper serta doorprize berupa kesempatan menjalankan ibadah umrah ke Arab Saudi CEO Minala Tour Travel Muhammad Castallani mengatakan pihaknya ingin memadukan olahraga gaya hidup sehat serta perjalanan spiritual Minala Tour and Travel adalah perusahaan yang bergerak di layanan Umrah dan Haji Kami berusaha ikut mendorong perkembangan olahraga padel di Indonesia yang saat ini sedang hype Kami juga ingin menciptakan gaya hidup sehat di kalangan masyarakat luas masyarakat Muslim juga tentunya ujar Muhammad Castallani dalam konferensi pers di PIPC Arteri Sabtu Baca juga Misi Besar PBPI Menuju Olimpiade Melalui turnamen ini kami ingin menghadirkan kompetisi yang kompetitif dan menghibur sehingga para pemain bisa mendapatkan pengalaman bertanding yang seru sementara penonton juga bisa menikmati atmosfer pertandingan yang positif sambungnya Ada lima kategori dalam Minala Cup Padel Tournament yakni Women Lower Bronze Mixed Lower Bronze Mixed Bronze Mens Lower Bronze dan Mens Bronze Proses kurasi peserta dilakukan sesuai dengan prosedur kompetisi dengan skema kerja sama dengan Gen Padel salah satu komunitas padel yang sudah berdiri beberapa tahun Kami akan memberikan total hadiah cash juta Kemudian ada hadiah koper Ini juga menarik karena kami menjadi turnamen padel pertama di Indonesia yang memberikan hadiah koper kata Muhammad Castallani CEO Shiratha Aan Yugiastomo selaku sponsor utama Minala Cup berharap kolaborasi ini bisa memberikan hal baik untuk masyarakat Adapun keinginan berkontribusi memajukan padel di Indonesia Saya sangat yakin kolaborasi ini bisa membawa dampak positif untuk kami para peserta dan masyarakat luas Saya berharap turnamen ini berlangsung lancar untuk hari ini Peserta happy semua panitia dan rekan rekan media juga senang dengan jalannya event ini Dan tentunya semoga bisa membawa dampak besar bagi dunia olahraga padel yang sedang hype di Indonesia,sport
Ketua Dewan Perwakilan Rakyat DPR Puan Maharani meminta agar kabar lahan bekas kebakaran hutan dan lahan karhutla berubah menjadi perkebunan sawit dalam waktu singkat segera diselidiki Menurut Puan peristiwa tersebut seharusnya tidak boleh terjadi Hal hal yang berkaitan Karhutla kemudian sudah berubah alih fungsi nanti kami akan meminta pihak yang terkait untuk menyelidiki hal itu dan itu seharusnya tidak boleh terjadi dan harus segera diselidiki ujar Puan di Gedung DPR RI Jakarta Pusat Selasa Indonesia memang masuk dalam jalur cincin api pasifik atau ring of fire Dari tahun ke tahun ia menyebut pemerintah sudah melakukan berbagai mitigasi untuk mengantisipasi hal tersebut Dalam hal penanganan bencana Puan menekankan harus dilakukan secara terpadu serta melibatkan koordinasi lintas kementerian dan lembaga Karenanya kami mengharapkan pemerintah atau KL bisa melakukan mitigasi ke depannya itu dilakukannya itu secara bersama sama dan biasanya dikoordinasi oleh para Menko kemudian dilakukan secara bersama sama oleh semua kementerian lembaga bebernya Tidak hanya fokus pada penanganan saat bencana terjadi Puan juga menekankan pentingnya mengantisipasi dampak jangka panjang pascabencana termasuk masalah sosial kesehatan seperti ISPA hingga pendidikan anak anak yang terganggu Seperti sekarang sudah ada masalah ISPA kemudian kondisi anak anak yang pendidikannya terganggu itu juga harus segera teratasi dan bagaimana ke depannya itu harus segera ada solusinya imbuh ia Sebelumnya Menteri Kehutanan Menhut Raja Juli Antoni buka suara soal dugaan lokasi bekas kebakaran hutan dan lahan karhutla akan ditanami sawit Menurut Raja kegiatan membakar hutan adalah kegiatan ilegal Ia juga mengingatkan tindakan semacam itu memiliki konsekuensi hukum yang tegas Namanya itu kan kebakaran hutan dan lahan Kalau pun ada yang membakar hutan kalau pun ada yang membakar hutan saya pastikan itu boleh tanam sawit karena itu ilegal ujar Raja di kompleks DPR Jakarta Selasa Kementerian Kehutanan akan berkoordinasi dengan Kementerian Agraria dan Tata Ruang Badan Pertanahan Nasional ATR BPN dan Kementerian Pertanian untuk mencegah lokasi bekas kebakaran digunakan untuk mendirikan usaha termasuk menanam sawit Apabila kebakaran terjadi di area penggunaan lain APL pihaknya akan berkoordinasi dengan Menteri ATR BPN Nusron Wahid agar lahan tersebut tidak mendapatkan hak guna usaha HGU acd acd,finance
Kementerian Pemuda dan Olahraga Kemenpora menegaskan komitmennya untuk terus mendukung pembinaan dan peningkatan prestasi atlet disabilitas Indonesia Dukungan tersebut dilakukan melalui kerja sama dan koordinasi yang berkelanjutan dengan Komite Paralimpiade Nasional Indonesia NPC Indonesia baik dalam persiapan multi event maupun keikutsertaan pada berbagai kejuaraan internasional Deputi Bidang Peningkatan Prestasi Olahraga Kemenpora Surono mengatakan bahwa pemerintah selalu memberikan perhatian serius terhadap atlet atlet disabilitas sebagai bagian penting dari kekuatan olahraga nasional Kemenpora selalu bangga dan memberikan dukungan terhadap atlet atlet disabilitas Indonesia Kami juga memiliki kerja sama yang sangat baik dengan NPC Indonesia dalam upaya meningkatkan prestasi olahraga disabilitas nasional ujar Surono dalam keterangan kepada media Salah satu bukti keberhasilan sinergi itu pencapaian Kontingen Indonesia pada ASEAN Para Games di Thailand Indonesia berhasil meraih medali emas medali perak dan medali perunggu sekaligus menempati peringkat kedua klasemen akhiri melebih target awal sebanyak medali emas Ini merupakan prestasi yang sangat membanggakan Target awal kita adalah emas tetapi atlet atlet kita mampu memberikan jauh lebih dari yang ditargetkan Ini menunjukkan bahwa pembinaan yang dilakukan secara bersama sama antara pemerintah NPC Indonesia pelatih dan seluruh ekosistem olahraga disabilitas memberikan hasil yang nyata sambung Surono Surono menegaskan kerja sama Kemenpora dengan NPC Indonesia tidak hanya berlangsung pada level nasional tetapi juga mencakup koordinasi di daerah dalam mendukung partisipasi Indonesia pada berbagai agenda olahraga disabilitas internasional Kerja sama ini mencakup berbagai agenda baik ASEAN Para Games Asian Para Games maupun agenda olahraga internasional lainnya Termasuk di dalamnya adalah keikutsertaan atlet tunarungu dalam Deaflympics Prinsipnya seluruh program harus kita persiapkan secara terencana agar partisipasi Indonesia memberikan dampak maksimal terhadap prestasi nasional jelasnya Khusus terkait pembinaan atlet tunarungu Surono menjelaskan bahwa pemerintah perlu memastikan seluruh proses pembinaan dan keikutsertaan dalam kompetisi internasional berjalan melalui organisasi yang memiliki legitimasi sesuai dengan ketentuan federasi internasional Di hadapan NPC Indonesia dan ICSD International Committee of Sports for the Deaf khusus untuk atlet tuna rungu hanya organisasi Perkumpulan Atlet Tunarungu Indonesia PATRIN yang diakui secara internasional dan karenanya hanya PATRIN yang diakui oleh Pemerintah Karena itu dalam konteks tata kelola pemerintahan dukungan dan fasilitasi harus diberikan melalui organisasi yang memiliki legitimasi sesuai dengan ketentuan organisasi olahraga internasional tegas Surono Dia menambahkan setiap kejuaraan internasional yang diikuti atlet bukan sekadar ajang kompetisi tetapi juga harus ditempatkan sebagai bagian dari strategi pembinaan jangka panjang Setiap kejuaraan dunia yang diikuti pada prinsipnya merupakan bagian dari proses try out dan pengumpulan poin serta peringkat yang diperlukan untuk mengejar kualifikasi menuju Paralimpiade Karena itu keikutsertaan dalam sebuah kejuaraan harus dilihat dalam konteks yang lebih besar yaitu bagaimana kompetisi tersebut berkontribusi terhadap target prestasi Indonesia ujarnya Atas dasar itu Surono menekankan bahwa penentuan kejuaraan single event yang akan diikuti atlet harus melalui konsolidasi dan perencanaan bersama antara NPC Indonesia dan Kemenpora Surono juga menegaskan bahwa tata kelola pembinaan olahraga disabilitas harus berjalan berdasarkan aturan dan regulasi organisasi olahraga internasional yang relevan Dengan koordinasi yang baik serta kepatuhan terhadap Statuta International Paralympic Committee atau IPC dan khusus untuk olahraga tunarungu ketentuan atau bylaws ICSD maka pembinaan penganggaran dan dukungan pemerintah dapat diarahkan secara lebih efektif efisien transparan dan tepat sasaran tutur Surono Dia memastikan pemerintah tidak hanya berbicara mengenai dukungan saat atlet mengikuti kompetisi tetapi juga membangun ekosistem pembinaan yang berkelanjutan Komitmen Kemenpora bersama NPC Indonesia sangat konsisten Dukungan pemerintah diberikan mulai dari proses pembinaan fasilitas latihan pemusatan latihan keberangkatan ke kompetisi internasional sampai penghargaan atas prestasi atlet katanya Salah satu bentuk dukungan tersebut adalah pembangunan dan pengembangan Paralympic Training Center Indonesia di Karanganyar Jawa Tengah yang menjadi fasilitas penting dalam pembinaan atlet atlet paralimpiade Indonesia Kemenpora juga terus mendorong agar fasilitas tersebut terjaga kualitas dan keberlanjutannya sehingga disebut sebagai fasilitas terbaik di Asia Tenggara Selain dukungan terhadap fasilitas dan pembinaan pemerintah juga memberikan dukungan pembiayaan untuk keikutsertaan kontingen Indonesia pada ajang internasional termasuk ASEAN Para Games dan Asian Para Games Kita juga memberikan dukungan pembiayaan untuk keberangkatan dan keikutsertaan atlet pada multi event internasional Pada ASEAN Para Games pemerintah juga memberikan bonus sebagai bentuk penghargaan atas prestasi atlet Bonus tersebut disalurkan langsung kepada para penerima melalui kerja sama dengan Bank Rakyat Indonesia dan total penghargaan bagi peraih medali mencapai lebih dari miliar kata Surono,sport
Momen debut di Asian Games tak mau disia siakan Alwi Farhan Pebulutangkis tunggal putra Indonesia itu bertekad habis habisan menguras kemampuan demi hasil terbaik di Aichi Nagoya Saya selalu nge push diri saya to the limit setiap harinya kata Alwi dalam keterangannya Selasa Bagi Alwi Asian Games bukan turnamen biasa Statusnya merupakan multievent terbesar se Asia membuat atmosfernya terasa berbeda Semuanya sakral bagi saya dan bagi semuanya karena kami sangat amat berambisi untuk mencapai target kata pebulutangkis tahun itu Ia pun menyebut multievent ini sebagai panggung istimewa yang tidak semua orang bisa dapatkan Di multievent ini tidak sembarang orang yang dipilih oleh Tuhan untuk bisa menjadi seorang juara Selagi masih ada waktu saya berdoa dan berusaha untuk bisa mendapatkan hasil terbaik ucap Alwi Duduk di peringkat dunia BWF Alwi mengaku sudah mematangkan seluruh aspek persiapan menjelang debutnya Alhamdulillah sejauh ini persiapannya cukup bagus Persiapan dari segi mental fisik dan pikiran menjadi fokus utama menjelang kejuaraan pesta olahraga Asia itu jelasnya Dia pun berharap bisa melampaui batas maksimal kemampuannya saat bertanding nanti Terlebih PBSI mematok target emas di nomor beregu putra Sementara untuk perorangan Alwi memasang target pribadi yaitu medali Di sektor ini semuanya bisa memberikan kejutan baik yang di atas maupun di bawah Jadi tidak menutup kemungkinan siapa pun bisa meraih gelar juara kalau dari dirinya sendiri memang siap dan matang dari segi mental tuturnya Mohon doa dan dukungannya pungkas Alwi Asian Games akan berlangsung di Aichi Nagoya pada September hingga Oktober Bulutangkis Indonesia menurunkan wakilnya dari putra dan putri Simak juga Video Alwi Tak Pernah Terbayangkan Bisa Juara Indonesia Masters,sport
Buat kamu yang baru masuk kerja jadi staf administrasi atau keuangan di usaha jasa urusan pencatatan transaksi sering kali jadi tantangan besar di bulan bulan pertama Belum hafal alur pembukuan ditambah harus belajar software baru laporan keuangan pun gampang telat dan berantakan Kondisi ini yang coba dijawab lewat ACCURATE FOR SERVICE COMPANY Pelatihan Akuntansi Jasa Berbasis Accurate Batch pelatihan praktikal dari Piranha Smart Center lewat Education Visionary Lab EVL yang tayang di detikEvent Kenapa Skill Accurate Jadi Nilai Tambah di Usaha Jasa Usaha jasa mulai dari konsultan agency sampai klinik kecantikan butuh laporan keuangan yang rapi buat ambil keputusan bisnis Staf yang paham cara kerja software akuntansi seperti Accurate biasanya lebih dipercaya pegang tanggung jawab lebih besar karena kerjaannya minim revisi dan gampang dicek atasan Apa yang Dipelajari Selama Hari Pelatihan ini berlangsung Rabu September sampai Jumat September pukul WIB secara online lewat live training interaktif Materinya mencakup pencatatan transaksi penjualan jasa pengelolaan kas dan bank sampai penyusunan laporan keuangan usaha jasa dari nol Bukan cuma teori peserta praktik langsung pakai studi kasus usaha jasa yang relevan sama kerjaan sehari hari Untuk Siapa Pelatihan Ini Cocok buat pelaku usaha jasa staf administrasi dan keuangan mahasiswa serta fresh graduate akuntansi yang mau punya bekal skill Accurate sebelum masuk dunia kerja Kalau kamu mau laporan keuangan usaha jasa lebih tertib dan siap pakai daftar pelatihan Accurate ini sekarang di detikevent sebelum kelasnya penuh hns hns,finance
Menteri Keuangan Purbaya Yudhi Sadewa menyiapkan kebijakan baru untuk memenuhi kebutuhan anggaran pembangunan pemerintah daerah Pemda Kebijakan baru ini nantinya akan melibatkan PT Sarana Multi Infrastruktur Persero atau SMI SMI merupakan special mission vehicle SMV kementerian keuangan Purbaya mengatakan kebutuhan anggaran pembangunan Pemda bisa diajukan melalui pinjaman ke SMI Selanjutnya pemda bisa memenuhi kewajiban pinjaman tersebut melalui dana bagi hasil DBH DBH merupakan bagian dana transfer ke daerah TKD yang disalurkan pemerintah pusat Kalau daerahnya betul betul perlu bikin infrastruktur ya pinjaman ke PT SMI nanti dibayar pakai sebagian DBH itu ungkap Purbaya kepada wartawan di kawasan Sunter Jakarta Utara Selasa Namun begitu Purbaya mengatakan ada program infrastruktur yang tidak dijalankan sejumlah pemda salah satunya pembangunan jembatan Hal ini juga yang mendorong pemerintah pusat untuk membentuk program jembatan Misalnya jembatan yang ada segala macam Makanya dibuat program jembatan program pembangunan jembatan darurat itu yang dibangun oleh tentara jelasnya Purbaya menambahkan kebijakan tersebut sudah masuk dalam tahap sosialisasi Ia menekankan skema pendanaan ini dibentuk untuk memastikan anggaran daerah betul betul dimanfaatkan Jadi nanti barangnya betul betul jadi barang pungkasnya ahi hns,finance
Banjir besar melanda Nagoya Jepang menjelang Asian Games Kondisi tersebut menjadi perhatian Menteri Pemuda dan Olahraga Menpora Erick Thohir Tapi ia yakin pemerintah Jepang sudah menyiapkan langkah antisipasi Asian Games akan digelar di Aichi Nagoya pada September hingga Oktober mendatang Banjir yang melanda Nagoya menyebabkan sejumlah aktivitas dan transportasi di kota tersebut terganggu Meski demikian kondisi venue Asian Games dilaporkan tetap aman dan penyelenggaraan masih berjalan sesuai rencana Erick mengatakan pihaknya telah mendapat penjelasan mengenai rencana pemerintah Jepang untuk menghadapi situasi tersebut Alhamdulillah kemarin CdM Ketua Komite Olimpiade Indonesia KOI kami diundang oleh duta besar Jepang serta dijelaskan plan A dan plan B dari pemerintah Jepang kata Erick saat ditemui di Wisma Serba Guna GBK Rabu Saya yakin pemerintah Jepang adalah pemerintah yang sama seperti pemerintah Indonesia yang mawas dan peduli pada rakyatnya ujarnya Erick juga menilai Jepang memiliki pengalaman dalam menggelar ajang olahraga internasional besar sehingga diyakini sudah memiliki persiapan menghadapi kondisi darurat Dan tentu ketika ada event sebesar ini mereka punya pengalaman Kita dukung lah Yang penting tadi CdM Ketua KOI sudah sampaikan tadi untuk fokus karena tinggal hari lagi Jaga makan kesehatan yang lain lain serahkan kepada ahlinya tegasnya Erick turut meminta masyarakat Indonesia memberikan dukungan kepada tuan rumah Asian Games Saya kira kita harus dukung juga tuan rumah pemerintah Jepang Pasti mereka ada kendala kita harus dukung Nanti apa keputusan panitia CdM akan melobi dan beri pandangan seperti apa solusinya kata Erick Erick menegaskan kontingen Indonesia saat ini perlu tetap fokus mempersiapkan diri menghadapi Asian Games Keputusan terkait kondisi di lapangan nantinya diserahkan kepada pihak yang berwenang Indonesia sendiri akan ambil bagian dalam Asian Games yang digelar di Aichi Nagoya mulai September mendatang Simak juga Video Bicara Kesiapan Atlet untuk Asian Games Mensesneg Persiapan Sangat Baik,sport
Leo Rolly Carnando Daniel Marthin melaju ke babak kedua China Masters Leo Daniel mengalahkan unggulan pertama Kim Won Ho Seo Seung Jae Leo Rolly Carnando Daniel Marthin melawan unggulan pertama Kim Won Ho Seo Seung Jae Korea Selatan pada babak pertama China Masters Laga ini berlangsung di Court Shenzhen Arena Selasa Leo Daniel tertinggal di awal gim pertama Mereka bisa bangkit mengejar untuk hanya tertinggal satu poin saat skor Kedua ganda ini kemudian saling pertukar poin Kim Seo unggul saat interval gim pertama Leo Daniel bisa menyetarakan angka selepas interval saat skor Kejar mengejar poin terjadi hingga Kim Seo mendapatkan momentum untuk menjauh usai mendapatkan dua angka Kim Seo diambang menutup gim pertama usai unggul Namun Leo Daniel tampil menawan di poin poin krusial Mereka mendulang lima angka beruntun untuk membalikkan situasi Leo Daniel mengamankan gim pertama usai menang Laga berjalan sengit di awal gim kedua Kejar mengejar poin terjadi hingga Skor masih ketat sampai Leo Daniel mendapatkan satu angka untuk memimpin saat interval gim kedua Selepas interval situasi sempat berbalik dengan Leo Daniel tertinggal Mereka bisa mengejar hingga skor kembali sama kuat saat Skor sama kuat hingga Leo Daniel kembali menunjukkan mental yang sangat baik di poin krusial Leo Daniel bisa memenangi lagi usai mengamankan gim kedua Leo Daniel melaju ke babak kedua besar Leo Daniel mengikuti jejak dari Ali Faathir Rayhan Devin Artha Wahyudi Ali Faathir Rayhan Devin Artha Wahyudi mengalahkan unggulan kelima dari Malaysia Goh Sze Fei Nur Izzuddin Fathir Devin ke babak kedua usai Goh Izzudin retired Mereka mundur setelah kalah di gim pertama,sport
Pertumbuhan ekonomi Batam pada kuartal II tercatat secara yoy Angka ini lebih tinggi dibanding pertumbuhan ekonomi Provinsi Kepulauan Riau Kepri sebesar dan pertumbuhan ekonomi nasional sebesar Aktivitas ekonomi Batam sendiri ditopang sejumlah sektor antara lain industri investasi perdagangan dan jasa Kepala BP Batam Amsakar Achmad mengatakan capaian pertumbuhan tersebut menunjukkan kepercayaan dunia usaha terhadap Batam yang terus menguat Pertumbuhan adalah hasil kerja bersama Tugas kita sekarang adalah menjaga momentum melalui pelayanan yang semakin cepat infrastruktur yang semakin baik dan iklim investasi yang semakin kompetitif kata Amsakar dalam keterangan tertulis Kamis Menurutnya keberlanjutan pertumbuhan ekonomi Batam perlu didukung dengan peningkatan kualitas pelayanan pembangunan infrastruktur serta penciptaan iklim investasi yang semakin kompetitif Wakil Kepala BP Batam Li Claudia Chandra menuturkan pertumbuhan ekonomi tidak hanya diukur dari angka tetapi juga dari manfaat yang dirasakan masyarakat Pertumbuhan yang baik adalah pertumbuhan yang menciptakan pekerjaan memperluas peluang usaha dan meningkatkan kualitas hidup masyarakat ujar Li Claudia Oleh karena itu penguatan layanan dasar penyediaan air bersih transportasi serta pembangunan infrastruktur perkotaan disebut akan terus menjadi bagian dari prioritas pengembangan Batam Sementara itu Deputi Bidang Investasi BP Batam Fary Djemy Francis mengatakan investasi yang masuk ke Batam harus memberikan dampak ekonomi secara nyata terutama dalam mendorong produksi dan penciptaan lapangan kerja Investasi tidak boleh berhenti pada komitmen Investasi harus menjadi proyek proyek menjadi produksi dan produksi menciptakan lapangan kerja kata Fary Ia menambahkan keberhasilan investasi tidak hanya dilihat dari nilai investasi yang masuk tetapi juga dari kecepatan realisasi nilai tambah yang dihasilkan serta jumlah lapangan kerja yang tercipta acd acd,finance
Golf memang jadi salah satu olahraga papan atas dunia Tapi bukan sekadar adu kemampuan golf bisa merambah ke banyak sektor termasuk bisnis Bagi sebagian orang golf memang bukan cuma mencari keringat dan prestasi tapi juga sarana strategis untuk membangun jaringan bisnis melatih mental dan menjaga kesehatan Itulah mengapa banyak turnamen golf digelar di Indonesia tidak cuma untuk atlet tapi juga para para pemain amatir dan penikmat Salah satunya yang baru dilakukan oleh Inventra platform trading forex dan CFD berlisensi Bappebti Badan Pengawas Perdagangan Berjangka Komoditi Untuk memperkuat engagement di luar jaringan Inventra menjadi sponsor Mangkuluhur Cup turnamen golf yang diikuti oleh peserta dari berbagai wilayah Indonesia di New Kuta Golf Bali Agustus lalu Pesertanya sebagian besar adalah para pebisnis sehingga menjadikan turnamen ini sekaligus salah satu turnamen golf komunitas dengan jumlah peserta terbesar yang digelar di New Kuta Golf sepanjang Golf dipilih bukan tanpa alasan Sebagai olahraga yang identik dengan kalangan pebisnis dan profesional golf menjadi titik temu alami antara komunitas olahraga dan komunitas bisnis ruang yang relevan bagi Invetra untuk memperkenalkan diri kepada calon trader dan mitra baru di luar kanal digitalnya Selama dua hari turnamen Invetra hadir bukan sekadar lewat logo di banner Perusahaan membuka booth interaktif untuk memperkenalkan dan mengedukasi peserta seputar aplikasi trading Invetra dilengkapi merchandise eksklusif bagi pengunjung booth Sebagai nilai tambah bagi peserta yang tertarik memulai perjalanan trading nya Invetra turut menghadirkan promo pendaftaran senilai dolar AS khusus untuk peserta turnamen menjadikan partisipasi di Mangkuluhur Cup sebagai pintu masuk langsung bagi calon trader baru untuk mengenal platform Invetra Melalui Tournament Golf Mangkuluhur Cup kami melihat kesempatan untuk memperkenalkan Invetra kepada lebih banyak kalangan termasuk para profesional yang hadir dari berbagai latar belakang Bagi kami ajang seperti ini menjadi cara yang efektif untuk membangun koneksi secara langsung dengan calon trader dan mitra bisnis sekaligus melengkapi kehadiran kami di kanal digital ujar Jufri Ramadhan Sinurat selaku Direktur PT Invetra Teknologi Berjangka dalam rilis kepada detikSport Darma Mangkuluhur Hutomo selaku Komisaris Utama PT Intra GolfLink Resorts turut mengapresiasi keterlibatan Invetra sebagai sponsor utama tahun ini Kehadiran Invetra sebagai sponsor utama memberikan dimensi baru bagi turnamen khususnya dalam mempertemukan komunitas olahraga dengan komunitas profesional dan bisnis Partisipasi sekitar peserta pada tahun ini menunjukkan besarnya antusiasme masyarakat dan kami berharap kolaborasi seperti ini dapat terus memberikan nilai positif bagi perkembangan komunitas dan industri di Indonesia kata Darma Ke depannya event serupa Mangkuluhur Cup berpotensi digelar lagi karena tidak cuma jadi ajang untuk adu kemahiran bermain golf tapi juga membangun relasi bisnis,sport
Kanwil Direktorat Jenderal Bea Cukai DJBC Jakarta telah melakukan penindakan terhadap rokok ilegal dengan jumlah juta batang sepanjang tahun Menurut Kepala Kantor Wilayah Bea Cukai Jakarta Hendri Darnadi total kerugian tembus Rp miliar Ia menyebut peredaran rokok ilegal tidak hanya merugikan negara tetapi juga menciptakan persaingan usaha yang tidak sehat Untuk itu DJBC bersinergi dengan Kementerian Perindustrian dan instansi lainnya untuk melindungi industri hasil tembakau yang legal Selama tahun sebanyak kali kegiatan penindakan di bidang cukai yang kemudian menghasilkan juta hampir juta batang rokok ilegal kata Hendri dalam konferensi pers di Kantor Kanwil DJBC Jakarta Rabu Hendri menyebut jumlah tersebut meningkat sekitar dibandingkan capaian pada periode yang sama tahun Kanwil DJBC Jakarta mencatat penindakan yang dilakukan tahun lalu mencapai juta batang rokok ilegal Jumlah tersebut meningkat dibanding capaian pada periode yang sama tahun lalu yaitu sampai Agustus itu ada juta batang Ini menandakan bahwa ada permasalahan serius bahwa kegiatan perdagangan rokok ilegal ini sanga masif tuturnya Sebagai informasi total kerugian juga memperhitungkan hasil penindakan terhadap Minuman Mengandung Etil Alkohol MMEA sebanyak liter Selain itu Bea Cukai Jakarta turut menindak liter etil alkohol Jumlah penindakan bidang cukai secara keseluruhan meningkat dibandingkan capaian tahun Adapun nilai barang bidang cukai dari rokok ilegal MMEA dan etil alkohol sepanjang tembus Rp miliar Hendri menambahkan isu ini harus menjadi atensi karena penerimaan negara dari cukai tergolong besar Dengan beredarnya rokok ilegal penerimaan negara atau fiskal bisa digerogoti Yang harus menjadi atensi atau perhatian yang sangat serius dari kita semua rokok merupakan salah satu di bidang cukai merupakan sumber penerimaan negara terbesar Jadi peredaraan rokok ilegal ini tidak hanya kemudian menggerogoti penerimaan negara atau fiskal tegas Hendri Lihat juga Video Petugas Bea Cukai Razia di Warung Madura Viral Ternyata Cari Rokok Ilegal,finance
Team WRT sudah menuntaskan sesi latihan bebas jelang balapan Hours of COTA Mereka menggunakan itu untuk meraba persaingan di atas lintasan Circuit of The Americas COTA di Austin AS bakal menyajikan balapan sengit untuk dua kelas FIA World Endurance Championship WEC Hypercar dan Hal itu terbaca dari dua sesi latihan sepanjang Jumat Pada Ferrari dominan di kelas Hypercar dengan menyelesaikan sesi di dan Namun Aston Martin gantian menjadi yang tercepat pada i kelas McLaren finis dan pada sesi awal dengan Mercedes ada di antara keduanya Aston Martin melengkapi keperkasaan di karena bukan hanya di kelas Hypercar mereka jadi yang tercepat namun juga di kelas Heart of Racing Team terpatri di diikuti dua mobil Mercedes dan dua mobil McLaren Dari hasil tersebut tim pengguna Aston Martin McLaren dan Mercedes tampak siap untuk bersaing menjadi pemenang di Lone Star Le Mans atau Hours of COTA Mobil mobil Amerika sendiri tampak belum memperlihatkan taji ketika Corvette dan Ford belum berhasil menembus lima besar Mengingt Corvette memimpin klasemen maka hasil di COTA bisa membuat perburuan gelar juara semakin sengit hingga akhir musim Team WRT sendiri memilih jalur berbeda dalam menatap lomba WRT bersama Sean Darren dan Augusto Farfus berada di dan pada dan Hal serupa juga terjadi untuk mobil WRT yang finis di posisi kembar untuk dua FP Walau tak terlalu signifikan top speed juga bisa membantu mengingat COTA punya dua tempat ideal untuk menyusul Tikungan dan Bila top speed bagus dan kesempatan terbuka menyusul di dua tempat itu bisa menaikkan moral Saat top speed BMW mampu bersaing dengan Aston Martin sebagai pemilik kecepatan maksimal sepanjang Jumat Aston Martin menyentuh km jam sementara BMW km jam Hari Sabtu tergolong pendek untuk latihan karena berdurasi satu jam WRT bersama Sean akan mencoba bersaing di Top Qualifying sehingga lolos ke Hyperpole Race Hours of COTA disiarkan langsung di kanal youtube KUY Entertainment Senin mulai pukul WIB,sport
MotoGP Indonesia akan digelar awal Oktober Persiapan pun sudah dilakukan sejak dini agar event bisa berjalan sukses di dalam maupun luar lintasan Untuk MotoGP balapan digelar Oktober di di Sirkuit Mandalika Lombok Tengah NTB Mengingat Mandalika adalah seri ke dari balapan musim ini maka persaingan diprediksi makin ketat di sana Oleh karenanya Indonesia sebagai tuan rumah tidak boleh main main dalam mempersiapkan banyak hal baik di dalam maupun luar lintasan Untuk itulah InJourney Tourism Development Center ITDC sebagai panitia lokal akan melakukan kolaborasi pihak swasta dan BUMN Panitia akan mengatur sejumlah aspek krusial mencakup akomodasi transportasi konektivitas hingga logistik Menurut ITDC isu akomodasi dan transportasi yang selama ini disorot publik telah diantisipasi melalui skema terintegrasi yang disusun bersama para mitra seperti bank travel agent dan berbagai partner strategis lainnya Salah satunya ITDC bersama Mandalika Grand Prix Association MGPA menyiapkan paket yang menghubungkan tiket balapan dengan komponen perjalanan Kalau pertanyaan kita kesulitan akomodasi kesulitan transportasi rasanya akan terjawab dengan yang ditandatangani pada sore hari ini ujar Direktur Utama ITDC Troy Warokka dalam rilis kepada detikSport Skema tersebut meliputi akomodasi transportasi udara dan laut layanan airport hospitality serta travel package Kerjasama nantinya mencakup penanganan kargo yang dianggap sebagai elemen penting dalam operasional gelaran Aktivitas cargo handling akan mulai bergerak sekitar dua minggu sebelum MotoGP Indonesia untuk memastikan kebutuhan logistik berjalan baik terutama motor dan perlengkapan tim balap MotoGP Bagi Troy MotoGP bukan sekadar olahraga tapi juga bisnis Itulah mengapa MotoGP sangat penting mendorong pariwisata dan perekonomian dengan meningkatkan kunjungan wisatawan memperpanjang length of stay serta mengungkit tourism spending Menurut Troy penyelenggaraan MotoGP menghasilkan dampak ekonomi sebesar Rp triliun Efeknya tidak hanya dirasakan di Mandalika tetapi juga menjalar ke sejumlah daerah lain di Indonesia Troy berharap pola kolaborasi yang dibangun untuk MotoGP Mandalika dapat berlanjut dalam jangka panjang Troy menilai dukungan pemerintah BUMN sektor swasta dan masyarakat menjadi faktor penting agar MotoGP terus digelar di Indonesia serta memberikan dampak ekonomi yang lebih besar Dengan membangun ekosistem yang terintegrasi kami ingin memastikan dampak MotoGP Indonesia tidak berhenti di sirkuit tetapi mampu mendorong pergerakan wisatawan memperpanjang lama tinggal meningkatkan belanja wisatawan serta memberikan manfaat yang lebih luas bagi industri pariwisata dan masyarakat di Lombok sambungnya Bagi masyarakat yang ingin menyaksikan langsung balapan di Mandalika Presale masih berlangsung hingga September dengan potongan harga hingga untuk kategori Grandstand dan untuk kategori VIP Hospitality Berikut harga tiket untuk menonton MotoGP Indonesia Regular Grandstand Zona E G H I Rp Premium Grandstand Zona A Rp Premium Grandstand Zona B C J K Rp VIP Hospitality Deluxe Class Rp VIP Hospitality Luxury Tent Rp,sport
Menteri Keuangan Purbaya Yudhi Sadewa mengatakan sistem Lembaga National Single Window LNSW dapat mengejar potensi pajak dari perdagangan emas gelap Purbaya meminta LNSW untuk mendeteksi potensi pajak dari perdagangan emas ilegal LNSW nantinya dapat mendeteksi pembelian emas dari para Pertambangan Emas Tanpa Izin PETI Pihaknya akan mengejar pendapatan yang belum masuk ke kocek negara Itu akan ketahuan nanti sebelah belakangnya siapa yang melakukan pembelian tercatat atau beli barang dari PETI PETI itu yang ilegal Itu nanti akan kita kejar Income nya yang belum masuk ke negara akan kita kejar kata Purbaya di Kantor LNSW Jakarta Pusat Rabu Ditanya soal potensi pendapatan yang bisa dikejar Purbaya bilang masih dihitung secara keseluruhan Namun dia bilang sudah ada data besar potensi penarikan pajak dari perdagangan emas ilegal Lagi mau dihitung secara keseluruhan Kalau sedikit sedikit kan kalau besar sudah kelihatan lanjut Purbaya Yang jelas bila nantinya sudah jelas nama nama pihak yang melakukan perdagangan emas ilegal sudah bisa dikantongi pihaknya akan langsung menarik pajak Nanti harusnya kalau sudah clear kan nama PT PT nya ada kita kan bisa kejar Saya akan minta orang pajak periksa perusahaan itu belinya dari mana Ke belakangnya bisa diteruskan Kalau dia belum bayar pajak kita suruh bayar pajak kira kira Itu namanya ekstensifikasi dalam pengertian mengefisienkan meningkatkan efisiensi pengumpulan pajak dengan analisa big data papar Purbaya Tonton juga video Banggar Tagih Profil Utang Pemerintah Purbaya DPR Mau Minta Kapan hal ara,finance
Francesco Bagnaia akui sedang ada di titik terendah dalam kariernya Banyak jatuh di MotoGP dan sulit bersaing di papan atas Teranyar Francesco Bagnaia jatuh di MotoGP Aragon Di sesi sprint race dirinya cuma finis ke Bagnaia sudah jatuh tiga kali dalam empat balapan di sesi utama Bagnaia sementara duduk di peringkat kedelapan klasemen MotoGP dengan poin naik podium empat kali tapi belum menangi balapan utama Sulit untuk menerimanya sekarang salah satu titik terendah dalam karier saya ujar Francesco Bagnaia dilansir dari Sky Italia Saya bisa melihat dengan jelas dari data maupun apa yang saya rasakan bahwa saya tidak benar benar mengendalikan motor sambungnya Saya justru seperti hanya dibawa oleh motor tersebut Sebab saat saya mencoba melakukan manuver lebih agresif saya malah terjatuh Bahkan saat melaju pelan pun saya tetap saja terjatuh cetusnya Francesco Bagnaia masih mau berjuang untuk menutup musim MotoGP dengan manis Musim ini adalah musim terakhir dengan Ducati musim depan pindah ke Aprilia Untungnya datanya tersedia saya juga memiliki kesadaran akan kemampuan saya sendiri Saat saya melihat data data dari rider Ducati lain itu sebenarnya adalah hal hal yang bisa saya lakukan dengan mudah beberapa tahun lalu paparnya Jadi jelas kemampuan saya belum hilang Saya hanya belum bisa tampil sesuai harapan tutup Pecco Lihat juga Video Crash Bagnaia Ogura Warnai Kemenangan Fernandez di Silverstone,sport
Leo Rolly Carnando Daniel Marthin kandas di babak besar China Masters Leo Rolly dikalahkan Takumi Nomura Yuichi Shimogami dalam rubber game Babak besar BWF Super China Masters nomor ganda putra mempertemukan Leo Daniel dengan Nomura Shimogami Duel digelar di court Arena Shenzen Kamis sore WIB Leo Daniel tancap gas di awal gim pertama Keduanya mampu menjaga keunggulan angka dari Nomura Shimogami dan mencapai interval dengan keunggulan Laju Leo Daniel semakin tak terbendung setelah meraih dan angka beruntun untuk memimpin jauh Leo Daniel menutup gim pertama dengan keunggulan Leo Daniel meraih angka beruntun memasuki gim kedua tapi bisa disamakan Nomura Shimogami Susul susulan poin terjadi hingga kedudukan berimbang Leo Daniel mulai lepas dari tekanan dan meraih keunggulan Nomura Shimogami kembali bisa menyamakan kedudukan dan Nomura Shimogami memanfaatkan momentum dengan meraih poin demi poin Pasangan Jepang ini berbalik unggul dan memaksa duel lanjut rubber game Persaingan sengit terjadi di gim ketiga Leo Daniel sempat unggul angka sebelum disamakan Nomura Shimogami Nomura Shimogami berbalik unggul dan mencapai interval dengan keunggulan Leo Daniel mampu mengejar dan kemudian terjadi lagi susul susulan angka hingga kedudukan berimbang Nomura Shimogami memasuki match point dengan keunggulan Bola pengembalian yang out dari Daniel Marthin memastikan kemenangan Nomura Shimogami,sport
Nova Widianto mulai menangani tim ganda campuran Pelatnas PBSI pada hari Selasa Kehadiran Nova diumumkan PBSI melalui laman media sosial federasi bulutangkis Indonesia tersebut He is here Good luck Coach Nova tulis PBSI Nova sebelumnya telah resmi ditunjuk sebagai Kepala Pelatih Ganda Campuran Pelatnas pada Agustus lalu Ia kembali dipercaya menangani sektor tersebut untuk kali kedua setelah sebelumnya menduduki posisi yang sama pada Kepala Bidang Pembinaan dan Prestasi Pelatnas PBSI Eng Hian mengatakan pengalaman dan rekam jejak Nova menjadi alasan kembalinya sang mantan pemain ke Pelatnas Nova merupakan sosok yang memiliki pengalaman dan pemahaman yang sangat baik di sektor ganda baik sebagai atlet maupun pelatih kata Eng Hian Ganda campuran Indonesia memang tengah berupaya kembali bersaing di level tertinggi PBSI berharap kehadiran Nova bisa memberikan energi baru bagi sektor tersebut Kami berharap kehadirannya dapat membawa energi baru meningkatkan kualitas pembinaan memperkuat daya saing pasangan pasangan ganda campuran Indonesia serta mengantarkan mereka meraih prestasi terbaik di berbagai turnamen internasional ujar Eng Hian kala itu Kali Kedua Nova Tangani Ganda Campuran Pelatnas Kembalinya Nova ke lapangan Pelatnas menjadi periode keduanya menangani sektor ganda campuran Sebelumnya Nova menjadi asisten pelatih yang mendampingi Richard Mainaky sebagai kepala pelatih sejak Setelah Richard mengundurkan diri pada Nova kemudian dipercaya menjadi pelatih kepala ganda campuran Kini ia kembali mendapat tugas untuk membangun sektor tersebut Selama masih aktif sebagai atlet Nova merupakan salah satu pemain ganda campuran terbaik yang dimiliki Indonesia Bersama Liliyana Natsir Nova meraih gelar juara dunia pada dan Keduanya juga mempersembahkan medali perak Olimpiade Beijing dari nomor ganda campuran Setelah pensiun sebagai atlet Nova melanjutkan kiprahnya sebagai pelatih dan turut berkontribusi melahirkan pasangan pasangan berprestasi di level dunia Pengalamannya juga berlanjut ketika menangani ganda campuran Malaysia Nova mencetak sejarah dengan membawa Chen Tang Jie Toh Ee Wei menjadi juara dunia pada Pencapaian tersebut menjadi gelar juara dunia pertama bagi pasangan ganda campuran Malaysia tersebut Kini Nova kembali ke Pelatnas PBSI dengan tugas membenahi dan meningkatkan daya saing ganda campuran Indonesia,sport
Pacuan kuda Indonesia mulai diarahkan menuju panggung dunia melalui Indonesia s Horse Racing IHR Hal ini dikembangkan oleh Sarga co dengan konsep olahraga hiburan pariwisata dan ekonomi kreatif IHR dikembangkan bukan hanya sebagai kompetisi untuk menentukan kuda tercepat Platform tersebut dirancang menjadi bagian dari ekosistem yang menghubungkan olahraga berkuda dengan potensi daerah di berbagai wilayah Indonesia Sarga co hadir sebagai promotor pacuan kuda profesional pertama dan satu satunya di Indonesia melalui IP Indonesia s Horse Racing Kehadiran IHR menjadi bagian dari upaya mengubah cara pacuan kuda dikelola dikemas dan diperkenalkan kepada masyarakat Olahraga yang memiliki sejarah panjang di Indonesia tersebut kini mendapatkan pendekatan baru agar semakin dekat dengan generasi masa kini Pada IHR menggelar sembilan event dengan tema The Race of Rising Stars Memasuki Sarga co membawa ambisi lebih besar melalui tema Race to the World Stage Tema tersebut menjadi landasan pengembangan IHR menuju kompetisi yang lebih profesional sekaligus memiliki jangkauan penonton yang lebih luas Bersama PP Persatuan Olahraga Berkuda Seluruh Indonesia PORDASI Sarga co menghadirkan delapan kejuaraan dalam kalender IHR Rangkaian kompetisi tersebut digelar di sejumlah wilayah dengan karakter dan tradisi berkuda yang berbeda Agenda IHR dibuka melalui IHR Jateng Derby di Gelanggang Pacuan Kuda Tegalwaton Kabupaten Semarang pada Februari Setelah itu kompetisi berlanjut lewat IHR Triple Crown Serie Pertiwi Cup di Stadion Sultan Agung Bantul pada April Pada Mei giliran IHR Triple Crown Serie Piala Raja Mangkunegaran digelar di Gelanggang Pacuan Kuda Tegalwaton Rangkaian tersebut kemudian berlanjut pada Juni melalui IHR Piala Paku Alam di Stadion Sultan Agung Bantul Agenda utama lainnya hadir lewat IHR Indonesia Derby di Gelanggang Pacuan Kuda Legokjawa Pangandaran Jawa Barat pada Juli Memasuki Agustus kompetisi dilanjutkan melalui IHR Merdeka Cup di Sumatera Barat Rangkaian IHR selanjutnya dijadwalkan menuju Kejurnas Seri II di Sulawesi Utara pada Oktober Kompetisi kemudian ditutup dengan Piala Hamengku Buwono X di DI Yogyakarta pada November Kami sangat bersyukur dan mengapresiasi antusiasme masyarakat terhadap penyelenggaraan IHR sepanjang Bagi kami IHR bukan hanya mengenai siapa yang menjadi juara di lintasan melainkan juga bagian dari perjalanan untuk membangun pacuan kuda Indonesia menjadi semakin profesional dan modern sekaligus tetap menghargai tradisi dan kearifan lokal kata Direktur Komersial Sarga co Diana Airin Melalui Indonesia s Horse Racing tradisi dipadukan dengan pendekatan industri modern Kompetisi dikembangkan secara profesional produksi siaran ditingkatkan pengalaman penonton diperluas dan peluang komersial dibuka lebih jauh,sport
Dua petenis Indonesia menyusul Nathan Barki lolos ke Babak Kedua Seri IV M Men s World Tennis Championship Rafalentino Da Costa dan Anthony Susanto Pada pertandingan Babak Pertama di Lapangan A Bali Beach Country Club Nusa Dua Rabu Rafalentino menghadapi Shanker Heisnam asal India Meski sempat tertinggal jauh di set pertama Rafalentino tidak goyah dan malah bisa menyamakan skor sebelum akhirnya menang dengan skor Keberhasilan comeback di set pertama bikin Rafalentino terpacu semangatnya dan bisa menang mudah di set kedua dengan skor dalam waktu jam menit Rafalentino mengaku kaget dengan pola permainan lawannya di set pertama Dia sempat tertekan dengan gaya lawannya sebelum bisa menemukan celah untuk melakukan serangan balik Saya kaget melihat lawan yang agresif sehingga tertekan dan banyak melakukan kesalahan sendiri Namun saat mampu meredam serangan serangan dan mulai dapat mengejar defisit poin lalu menyamakan skor saya makin termotivasi dan percaya diri untuk memenangi pertandingan ujar Rafalentino dalam rilis kepada detikSport Satu lagi petenis Indonesia yang lolos adalah Anthony Susanto usai mengalahkan Hitesh Chauhan dua set langsung dan Sayangnya Anthony harus menghadapi Nathan Barki untuk berebut tiket perempatfinal Kamis Petenis Indonesia yang gagal lolos adalah Gunawan Trismuwantara Petenis jalur kualifikasi ini harus kalah dari Karan Singh yang merupakan unggulan keempat dengan dua set langsung dan Sempat kalah di set pertama Gunawan sebenarnya memberikan perlawan keras hingga skor imbang di set kedua Namun dengan ketenangan dan juga pengalaman dari Karan yang berusia tahun itu berhasil mematahkan servis dari Gunawan pada gim ke untuk menutup laga dengan skor akhir,sport
Mata uang dolar Amerika Serikat AS melemah terhadap rupiah pada perdagangan pagi ini Rabu Mata uang Paman Sam dibuka di level Rp Berdasarkan data Bloomberg dolar AS melemah ke Rp pagi ini Pada perdagangan sebelumnya Kamis dolar AS ditutup di Rp Sepanjang dolar AS menguat terhadap rupiah Kemudian hari ini mata uang Paman Sam diperkirakan bergerak pada rentang Rp Baca juga Dolar AS Hari Ini Menguat ke Rp Dolar AS bergerak variatif pada sejumlah mata uang negara besar Terhadap mata uang EUR mata uang dolar AS menguat Pelemahan juga terjadi terhadap mata uang GBP dolar AS menguat Dolar AS juga menguat terhadap mata uang AUD sebesar Selanjutnya dolar AS melemah terhadap mata uang CHF dan terhadap JPY turun Pelemahan juga terjadi terhadap mata uang CAD dolar AS juga berkurang Lihat juga Video BI soal Dolar AS Tembus Rp Beda dengan,finance
Menteri Keuangan Purbaya Yudhi Sadewa mengungkapkan fakta baru proses penyelesaian utang proyek Kereta Cepat Jakarta Bandung atau Whoosh Penyelesaian Utang ini akan dialihkan dari Badan Pengelola Investasi BPI Daya Anagata Nusantara Danantara ke Kementerian Keuangan Kemenkeu pada September nanti Berikut fakta utang kereta cepat yang diungkap Purbaya Cicilan Utang Kementerian Keuangan Kemenkeu akan membayar utang proyek tersebut secara bertahap sekitar Rp triliun per tahun Besaran cicilan tersebut diputuskan berdasarkan hasil restrukturisasi Jangka Waktu Pelunasan Jangka waktu pelunasan utang mencapai tahun Purbaya menilai besaran kewajiban dan tenor cicilan masih dapat disanggupi pemerintah Berarti kan total utang besar tapi di stretch tahun sudah direstrukturisasi cicilannya Rp triliun atau sedikit di bawah Rp triliun dari tahun ke tahun Ada yang tinggi ada yang rendah tapi kalau kita lihat oh masih bisa lah Tenor cicilan tahun saya dengar kemarin makanya hebat juga Iya kita sudah mati santai saja ujar Purbaya di kawasan Sunter Jakarta Utara Selasa Lembaga Pembayar Utang Purbaya mengatakan utang ini akan dibayarkan oleh Special Mission Vehicle SMV di bawah Kementerian Keuangan atau Indonesia Investment Authority INA Ada kemungkinan mungkin kita pakai SMV atau INA jelasnya Menurut Purbaya kewajiban utang ini tidak begitu besar sehingga bisa ditangani oleh satu entitas SMV di bawah Kementerian Keuangan Ia juga memastikan kebutuhan anggaran untuk membayar kewajiban tersebut tersedia Jadi gini saya cuma lihat bebannya setiap tahun seperti apa saya lihat setiap tahun saya lihat oh kalau segini saja cukup lah ditangani oleh satu SMV Satu perusahaan SMV di bawah Departemen Keuangan atau dua Tapi uangnya cukup lebih terang Purbaya Kemampuan Bayar Utang Purbaya memastikan SMV yang nantinya menangani kewajiban tersebut tidak perlu mencari investor baru untuk mendapatkan dana Menurutnya SMV Kemenkeu sudah memiliki kemampuan keuangan untuk membayar utang tersebut Menurut Purbaya kemampuan keuangan tersebut cukup untuk menangani kewajiban utang yang ada saat ini Namun perhitungan lebih lanjut masih akan dilakukan sebelum skema tersebut ditetapkan sudah ada uangnya Sudah ada juga Kan kalau SMV let s say satu perusahaan SMV keuntungannya berapa sekarang Rp triliun Rp triliun setahun Ditambah dengan operasionalnya sendiri mungkin dapat Rp miliar keuntungannya jelas Purbaya di Kompleks Istana Kepresidenan Jakarta Pusat Senin hns hns,finance
Kemajuan olahraga suatu negara bukan cuma soal kemampuan Atlet namun banyak fakto yang mempengaruhi Sistem pembinaan sport science infrastruktur kompetisi tata kelola hingga kebijakan yang berkelanjutan turut menjadi faktor penting Persoalan tersebut akan menjadi salah satu bahasan dalam bedah buku Membangun Otot di Negeri Kertas karya Sadik Algadri yang digelar di Gedung Serbaguna GBK Jakarta Sabtu Forum tersebut mempertemukan sejumlah tokoh dari latar belakang berbeda mulai dari akademisi wartawan senior olahraga hingga praktisi dan insan olahraga Akademisi sekaligus filsuf Rocky Gerung bakal turut membedah isi buku tersebut Olahraga Indonesia tidak cukup hanya memiliki atlet atlet berbakat Kita membutuhkan ekosistem olahraga yang kuat profesional berbasis ilmu pengetahuan dan berkelanjutan kata Sadik Saya percaya prestasi internasional tidak lahir hanya dari atlet yang hebat Prestasi membutuhkan ekosistem yang kuat sambungnya Melalui buku Membangun Otot di Negeri Kertas Sadik mantan atlet judo nasional Indonesia mencoba membongkar berbagai persoalan yang selama ini membelenggu olahraga Indonesia Saya ingin melihat atlet atlet Indonesia berdiri sejajar dengan atlet terbaik dunia Bukan sebagai pelengkap kompetisi Bukan sekadar penggembira Tetapi sebagai kekuatan yang diperhitungkan tandasnya Rocky merasa Indonesia punya banyak masalah dalam memajukan olahraga Dia merasa buku ini bisa menjadi rujukan dalam mengelola olahraga Indonesia menumpuk regulasi menerbitkan undang undang serta memproduksi jargon jargon teknokratis yang megah mulai dari sport science long term athlete development hingga produk mutakhir berupa Desain Besar Olahraga Nasional DBON kata Rocky Buku Membangun Otot di Negeri Kertas bukan sekadar gagasan brilian tapi juga solusi untuk meningkatkan prestasi olahraga nasional Indonesia pungkasnya,sport
Selesai sudah musim kedua BRI Indonesia Pingpong League IPL Arwana Jaya dan Onic Sport tampil sebagai juara Grand final season ini menghadirkan format kompetisi yang menuntut konsistensi setiap tim sepanjang empat hari penyelenggaraan Agustus di Main Atrium Trans Studio Mall Ciubur Depok Dalam format Grand Final ini seluruh tim pada masing masing kategori Elite Putera dan Elite Puteri saling bertemu Hasil akhir ditentukan berdasarkan total raihan poin setiap tim selama rangkaian pertandingan Khusus kategori Elite Puteri dalam setiap pertemuan terdapat sesi pertandingan ganda Sementara pada kategori Elite Putera pertandingan berlangsung tanpa sesi ganda Persaingan Elite Putera berlangsung ketat hingga pertandingan terakhir Arwana Jaya berhasil mengumpulkan poin dan keluar sebagai juara Keberhasilan tersebut menjadi pencapaian istimewa bagi Arwana Jaya karena mereka berhasil mengambil alih tahta dari Onic Sport yang merupakan juara IPL Season Pilar Arwana Jaya Muhammad Bima Abdi Negara menyebut keberhasilan merebut gelar dari juara bertahan menjadi pencapaian yang sangat berarti bagi timnya Kami sangat bersyukur bisa menjadi juara Onic adalah juara Season dan kami tahu mereka punya kualitas yang sangat bagus Jadi bisa merebut gelar ini tentu menjadi pencapaian yang sangat spesial bagi kami Semua pemain memberikan yang terbaik dan kami berusaha menjaga fokus sampai pertandingan terakhir ujar Bima dalam rilis kepada detikSport Dengan sistem seperti ini setiap pertandingan sangat penting Walaupun menang mendapatkan dua poin dan kalah masih mendapatkan satu poin kami tetap tidak boleh lengah Target kami adalah memenangkan setiap pertandingan dan mengumpulkan poin sebanyak mungkin Kekompakan dan mental tim menjadi kunci katanya Sementara itu Onic Sport tampil sebagai juara di kategori Elite Puteri dengan raihan poin Onic Sport mengungguli Sukun Kudus di posisi kedua dengan lima poin Arwana Jaya di posisi ketiga dengan poin dan Jasa Raharja Putera di posisi keempat dengan tiga poin Pemain Onic Sport Cindy Marcella mengaku bangga dapat membawa timnya meraih gelar juara Elite Puteri Menurut Cindy konsistensi jadi kunci kemenangan Onic Sport mengingat turnamen berlangsung cuma empat hari Pastinya kami sangat senang dan bangga bisa menjadi juara Perjalanan menuju Grand Final tidak mudah karena semua tim punya kualitas yang bagus Kami berusaha menjaga fokus saling mendukung dan memberikan kemampuan terbaik di setiap pertandingan papar Cindy Kami harus menjaga fokus dari pertandingan pertama sampai pertandingan terakhir karena setiap pertandingan punya nilai yang sangat penting Kami bersyukur bisa menjaga konsistensi dan akhirnya mendapatkan hasil terbaik sambungnya Grand Final Indonesian Pingpong League Season turut dihadiri Ketua Umum IPL Petrus Reinhard Golose Sekretaris Jenderal IPL Yon Mardiyono serta seluruh jajaran pengurus Indonesian Pingpong League Petrus mengatakan Grand Final menjadi momentum penting bagi para atlet untuk menunjukkan hasil kerja keras mereka sepanjang musim Grand Final adalah panggung bagi para atlet untuk menunjukkan hasil dari kerja keras mereka sepanjang musim Kami ingin IPL terus menjadi kompetisi yang memberikan ruang bagi atlet untuk berkembang berprestasi dan mendapatkan pengalaman bertanding di level tertinggi ujar Petrus,sport
Tokopedia dan TikTok Shop buka suara terkait laporan dari pelaku usaha mikro kecil dan menengah UMKM mengenai dugaan pemblokiran akun sepihak dan penahanan saldo Laporan tersebut disampaikan para UMKM ke Komisi VII DPR RI Executive Director of Tokopedia dan TikTok E commerce Indonesia Stephanie Susilo mengatakan penangguhan yang dilakukan bersifat sementara Ia menekankan penjual seller dan pembeli merupakan mitra penting bagi platform e commerce Keluhan yang disampaikan oleh mereka ditanggapi serius dan ditindak secara menyeluruh Jadi sebetulnya penangguhan dana itu bersifat sementara dan ini kami lakukan untuk melindungi penjual maupun pembeli ujar Stephanie usai rapat dengar pendapat umum bersama Komisi VII DPR RI Jakarta Pusat Selasa Baca juga Morgan Stanley Borong Saham GOTO Lagi Ia menjelaskan alasan pihaknya melakukan hal tersebut demi melindungi penjual dan pembeli Tak hanya itu ekosistem Tokopedia dan TikTok Shop juga menjadi platform yang aman bagi penjual dan pembeli Pihaknya juga sudah menelusuri kepada seller Dana total penahanan saldo sebesar Rp miliar bukan Rp triliun seperti yang dilaporkan Jadi berdasarkan data yang kami punya terkait seller yang sudah kami telusuri dana total itu adalah Rp miliar di mana untuk sebesar Rp miliar memang terdapat kasus fraud Jadi sangat jauh dibandingkan angka yang beredar sebelumnya beber ia Stephanie menjelaskan penangguhan dana dilakukan hanya saat investigasi berlangsung Apabila hasil investigasi tersebut seller tidak melakukan fraud ia memastikan dana tersebut akan dirilis oleh platform Untuk jangka waktu investigasi sesuai service level agreement adalah hari plus hari di mana yang penting untuk juga diketahui oleh teman teman media adalah kami juga memberikan kesempatan bagi seller untuk mengajukan banding dan pastinya akan kami telusuri dan tindak lanjuti secara serius tambahnya ia Melansir dari unggahan di akun Instagram Komisi VII DPR RI menerima pengaduan dari pelaku Usaha Mikro Kecil dan Menengah UMKM terkait dugaan pembekuan akun secara sepihak oleh sejumlah platform media sosial dan e commerce Aduan tersebut datang dari Peradi DPC Bekasi Raya dan Gerakan Ekonomi Kreatif Nasional Gekrafs DPC Kota Bekasi Berdasarkan laporan yang disampaikan perwakilan UMKM dalam audiensi estimasi total saldo yang tertahan diproyeksikan mencapai Rp triliun dari sekitar pelaku usaha yang terdampak di seluruh Indonesia Menindaklanjuti aduan tersebut Komisi VII DPR RI akan memanggil terhadap pengelola platform digital seperti TikTok Tokopedia dan Shopee untuk mengklarifikasi serta meminta penjelasan secara komprehensif DPR juga akan berkoordinasi dengan Kementerian Komunikasi dan Digital Komdigi serta Komisi Pengawas Persaingan Usaha KPPU guna mengevaluasi regulasi transaksi elektronik Langkah ini diambil untuk memastikan adanya aturan yang jelas dan adil bagi seluruh pihak dalam ekosistem perdagangan digital Kami tidak bisa hanya mendengar satu sisi Karena sudah menerima pengaduan tentu akan kami tindak lanjuti dengan menghadirkan pihak yang diadukan agar persoalan ini memperoleh solusi yang adil ujar Wakil Ketua Komisi VII DPR Evita Nursanty acd acd,finance
Men s World Tennis Championship sudah memasuki seri V Sayang tiga petenis tuan rumah gagal melaju ke babak utama Pada putaran final kualifikasi Seri V M Men s World Tennis Championship Senin Indonesia menurunkan tiga wakilnya yakni Ethan Jake Frans Ethan David Zapp dan Kareem Abdul Hakim Tapi ketiganya malah gagal menuntaskan misinya lolos ke babak utama turnamen yang berhadiah total ribu dolar AS Ada total petenis dari negara yang tampil di babak kualifikasi Bertanding di lapangan A Bali Beach Country Club Nusa Dua Ethan baru saja merayakan ulang tahun ke itu harus tumbang dari unggulan keempat Shanker Heisnam Ethan yang akhir pekan lalu jadi runner up Seri IV bersama Rafalentino Da Costa kalah dengan skor dan dalam waktu jam Ethan Jake tahun yang merupakan putra eks petenis Indonesia Wyne Prakusya kalah dari unggulan ketujuh asal Amerika Serikat Stefan Menichell dengan skor tiebreak dan dalam waktu jam menit Saya tetap puas dengan performa saya di final kualifikasi ini Apalagi saya kalah dari petenis asing seperti Stefan yang unggul teknik dan pengalaman serta peringkat ATP yang lebih tinggi ujar Ethan Jake dalam rilis kepada detikSport Wakil RI ketiga yang gagal adalah Kareem Abdul Hakim Dia takluk dari unggulan kelima dari Selandia Baru Matthew Shearer dan Dengan hasil itu Indonesia cuma punya empat wakil di babak utama yakni unggulan kedua M Rifqi Fitriadi serta Anthony Susanto Nathan Bark dan Rafalentino Ali Da Costa yang masuk ke babak utama dengan fasilitas wild card Sementara itu di sektor ganda putra Indonesia akan diperkuat oleh Rafalentino Ali Dacosta Ethan David Zapp Ethan Jake Frans M Ragil Putra Anthony Susanto yang menggandeng petenis Taiwan Yang Cheng Chen sebagai pasangannya serta Kareem Abdul Hakim yang berpartner dengan Andrez Nech dari Hungaria,sport
Siapa sangka ide sederhana bisa menjadi tambang uang Bermodalkan jasa garuk punggung seorang pria di China bagian selatan berhasil membangun jaringan bisnis yang mencetak cuan hingga yuan atau sekitar Rp juta kurs Rp per Yuan China setiap bulan Melansir SCMP Rabu usaha unik ini dipelopori oleh Zhang Xiaoqiao tahun Ia pertama kali membuka bisnis garuk punggung tersebut di Distrik Baoan Shenzhen pada awal Mei Hanya berselang satu bulan ia membuka gerai cabang di Distrik Futian Pada dasarnya Zhang bukanlah orang baru dalam menjajaki usaha usaha baru Setelah lulus dari universitas yang kurang dikenal ia sempat mencoba tujuh pekerjaan berbeda dalam satu tahun Sebelum menginjak usia tahun ia telah mendirikan dua perusahaan di sektor e commerce lintas batas meskipun keduanya kesulitan untuk meraih kesuksesan Hingga dua tahun lalu ia juga sempat berkecimpung di industri konten kreator namun gagal memberikan dampak yang signifikan Sampai tahun lalu ia secara tidak sengaja menemukan sebuah klip yang menampilkan seorang wanita sedang menggaruk punggung suaminya yang gatal saat sedang melihat lihat video pendek di media sosial Ia melihat banyak penonton berkomentar bahwa mereka bersedia membayar seseorang untuk melakukan hal yang sama untuk mereka Zhang teringat kenangan masa kecil saat ayahnya sering menggaruk punggungnya sesuatu yang membantunya tidur nyenyak dan hal itulah yang kemudian menginspirasinya untuk membuka jasa layanan garuk punggung ini Cuan Besar dari Jasa Garuk Punggung Dengan mengusung merek Suma staf yang dipekerjakan Zhang mengenakan alat bantu berbentuk kuku runcing yang dirancang untuk menggaruk tubuh pelanggan secara lembut saat mereka berbaring tengkurap mirip dengan suasana tempat pijat Dengan tarif yuan atau Rp per jam layanan ini bertujuan untuk meredakan stres dan meningkatkan kualitas tidur Sesekali staf akan menggaruk area tubuh tertentu yang terasa gatal untuk membantu pelanggan rileks bahkan memancing tawa Di kota kota besar orang orang umumnya mengalami tingkat stres yang tinggi Akibatnya layanan ini sangat diminati ungkap Zhang Karena belum ada jenis layanan seperti ini di China Zhang harus melakukan riset dan mengembangkan teknik menggaruk yang efektif secara mandiri dari nol Namun usahanya ini benar benar memberikan buah yang manis Pasalnya kedua gerainya ini secara total berhasil meraup pendapatan kotor sebesar yuan atau Rp juta setiap bulan Berkat itu dirinya bisa mencapai titik break even point alias balik modal dalam waktu singkat dan mulai mencetak keuntungan Kami melayani pelanggan pria maupun wanita dengan pelanggan pria mencakup sekitar ujar Zhang Beberapa pelanggan mengatakan layanan kami lebih menenangkan dibandingkan pijat pada umumnya sehingga kami memiliki basis pelanggan setia yang kembali menggunakan jasa kami sambungnya Kini Zhang berencana membuka gerai di seluruh negeri Di luar itu ia berharap agar jasa garuk punggung ini dapat diakui sebagai profesi secara luas Lihat juga Video Cuan Ratusan Juta Rupiah dari Manisnya Budidaya Buah Kelengkeng,finance
Jete Run Festival baru saja selesai digelar akhir pekan ini Event lari itu juga masuk buku rekor MURI Ajang lari itu digelar di kawasan Balai Kota Surabaya Minggu Sekitar pelari ambil bagian dalam dua kategori yakni dan Start dibuka langsung oleh Wali Kota Surabaya Eri Cahyadi Jete Run tahun ini juga tampil dengan format yang lebih luas dan berbeda dari sebelumnya Bukan hanya mengajak masyarakat berlari penyelenggara mengemasnya menjadi festival olahraga dan gaya hidup dengan berbagai aktivitas pendukung Pemilihan Balai Kota Surabaya sebagai pusat Jete Run memberikan pengalaman berbeda bagi para peserta Start dan finis berada di jantung kota sementara rutenya membawa pelari melintasi sejumlah ruas jalan utama Surabaya yang penuh dengan lanskap ikonik Kota Pahlawan Untuk kategori peserta memulai perjalanan dari Balai Kota Surabaya sebelum menuju Jalan Pemuda Rute kemudian berlanjut melewati Jalan Panglima Sudirman Jalan Basuki Rahmat Jalan Gubernur Suryo hingga Jalan Wuni sebelum kembali menuju garis finis di Balai Kota Sedangkan untuk kategori membawa pelari menjelajah area pusat kota dengan cakupan lebih luas Selepas start dari Balai Kota peserta bergerak menuju Jalan Pemuda Jalan Panglima Sudirman dan Jalan Basuki Rahmat Para pelari kemudian diajak menikmati lanskap lainnya melalui Jalan Embong Malang kawasan Blauran Jalan Bubutan Jalan Pahlawan hingga Jalan Yos Sudarso sebelum kembali menyelesaikan lomba di kawasan Balai Kota Surabaya Rute tersebut membuat peserta tidak sekadar menyelesaikan jarak Mereka sekaligus melintasi sejumlah koridor pusat kota yang menjadi bagian dari wajah Surabaya Di sepanjang jalur penyelenggara turut menyediakan titik water station dan layanan medis untuk mendukung kebutuhan peserta selama kegiatan berlangsung Jete Run tahun ini kita mengambil venue yang berbeda dari sebelum sebelumnya di Citraland Balai Kota jadi pilihan karena kita ingin menghadirkan nuansa lari dengan konsep lanskap kota modern khas Surabaya yang penuh nilai sejarah Jadi sepanjang rute pelari akan melintasi jalanan dan tempat bersejarah di kota ini ungkap Jhonny Thio Doran selaku CEO dan Founder Jete dalam rilis kepada detikSport Baca juga Jete Run Bidik Ribu Pelari Banyaknya kegiatan yang menyertai penyelenggaraan Jete Run Festival kemudian menghasilkan catatan tersendiri MURI memberikan penghargaan kepada Jete untuk kategori ajang lari dengan ragam kegiatan pendukung terbanyak Jete Run Festival menghadirkan kegiatan pendukung dalam berbagai kategori mulai dari olahraga wellness kreativitas hingga kegiatan yang mempertemukan berbagai komunitas Rekor tersebut menjadi salah satu penanda perkembangan Jete Run dari sebuah kegiatan olahraga menuju festival dengan cakupan yang lebih luas Jete Run Pecahkan Rekor MURI Foto dok Jete Run Terima kasih kepada seluruh masyarakat di Indonesia yang telah mendukung dan mempercayakan JETE sebagai pilihan Anda dalam beraktivitas sehari hari Mulai dari bekerja berolahraga dan menikmati hiburan di era digital Pencapaian luar biasa ini mustahil tercapai tanpa adanya dukungan dari keluarga tim konsumen setia JETE dan masyarakat Sekali lagi terima kasih untuk semuanya papar Jhonny Piagam MURI yang didapat memang menjadi pencapaian terbaik di tahun ini Namun kita janganlah berada di atas angin dan melupakan kualitas Ini adalah sebagai pengingat bagi brand untuk terus berinovasi di tengah teknologi yang terus berkembang dan memberikan yang terbaik Terutama menjadikan Jete sebagai solusi kebutuhan produk aksesoris gadget smarthome dan wearable Begitu juga dengan event olahraga dalam mendukung gaya hidup sehat tutupnya,sport
Chief Executive Officer CEO BPI Danantara Rosan Roeslani merespons rencana pemerintah memberikan rekening bank bagi warga negara Indonesia yang telah berusia tahun dan memiliki Kartu Tanda Penduduk KTP Rosan mengatakan pemerintah telah menunjuk dua bank pelat merah sebagai penyedia rekening yakni PT Bank Rakyat Indonesia Persero Tbk BRI dan PT Bank Syariah Indonesia Tbk BSI Iya memang sudah BRI dan BSI kata Rosan saat ditemui di Istana Kepresidenan Jakarta Pusat Rabu Untuk itu pemerintah bersama Danantara dan manajemen perbankan terkait telah melakukan koordinasi dan kajian bersama agar program tersebut dapat berjalan dengan baik di seluruh pelosok Tanah Air Memang dari manajemennya juga sudah berkoordinasi untuk apa melakukan rencananya agar akselerasi dari pembukaan rekening di seluruh Indonesia melalui BRI dan untuk Aceh itu khusus dengan BSI bisa terlaksana dengan secepatnya jelasnya Mengenai ketetapan saldo awal pembukaan rekening sebesar Rp hingga sumber pendanaan Rosan menyebutkan hal itu masih dalam tahap penyusunan Ia juga tidak merinci lebih jauh kapan program ini akan dimulai hingga teknis pendaftarannya di lapangan Ya nanti mekanismenya lagi dirancang segera kok ujarnya singkat fdl fdl,finance
Pegokar muda Indonesia Morgan Holindo tak puas cuma jadi runner up di Eshark Rok Cup tahun ini Morgan ingin jadi juara tahun depan Pada putaran keenam kelas Mini Rok di Sirkuit Karting Internasional Sentul Bogor Minggu Morgan yang memperkuat Dewa United Motorsport Team ini bernasib sial karena mengalami masalah mesin sehingga harus finis posisi ke Padahal Morgan meraih posisi pertama di kualifikasi lalu berlanjut finis kelima di sesi Heat dan Pre Final Namun Morgan yang sudah ngegas sejak putaran pertama berhasil mengamankan poin untuk finis runner up National Championship Hasil yang bikin pelajar kelas SD Tzu Chi itu senang karena ini merupakan musim debutnya Alhasil Morgan makin percaya diri untuk bisa tampil lebih baik musim depan dan meraih gelar juara nasional Ya itu harapan saya Semoga tak ada aral melintang hingga saya bisa muwujudkan keinginan itu tutur Morgan dalam keterangan kepada detikSport Morgan sejatinya bisa mengikuti Kejuaraan Dunia di Italia tahun ini karena juara nasional kelas Mini Rok Michael Vino menolak tampil Tapi Morgan juga menolak karena bakal menghadapi ujian nasional tahun ini Morgan saat ini kelas dan akan menghadapi ujian nasional untuk ke tingkat selanjutnya Jadi pastinya kami akan lebih memprioritaskan sekolah dulu Semoga saja tahun depan bisa juara nasional sehingga bisa berangkat dengan tiket dari hasil usaha sendiri sebagai juara nasional tutur ayah Morgan Merlion Sonmoahi Morgan kini akan fokus menuntaskan pendidikan dasar sebelum mempersiapkan diri meraih gelar juara nasional tahun depan Tetap semangat Morgan,sport
PT NexAl Digital Infrastruktur Tbk MGLV yang sebelumnya bernama PT Panca Anugrah Wisesa Tbk resmi mengubah fokus bisnis usaha Kini MGLV fokus pada bisnis penyedia layanan pusat data kecerdasan buatan artificial intelligence AI data center Keputusan ini diperoleh pada Rapat Umum Pemegang Saham Luar Biasa RUPS LB dan Rapat Umum Pemegang Saham Independen RUPS Independen pada Senin Selain itu pemegang saham menyetujui rencana penguatan permodalan melalui Penambahan Modal dengan Memberikan Hak Memesan Efek Terlebih Dahulu PMHMETD atau rights issue Dalam aksi tersebut perseroan berencana menerbitkan maksimal saham biasa baru Di mana dana yang diperoleh dari rights issue akan digunakan untuk mendukung pengembangan bisnis baru perseroan di sektor infrastruktur digital Ahmad Zulfikar Presiden Direktur NexAl mengatakan bahwa persetujuan pemegang saham ino menjadi landasan perseroan untuk mempercepat ekspansi ke sektor infrastruktur digital Kami berterima kasih atas kepercayaan dan dukungan pemegang saham Persetujuan ini menjadi landasan bagi kami untuk mengakselerasi penetrasi ke sektor infrastruktur digital sekaligus membangun fondasi pertumbuhan yang solid di industri Al data center yang berkembang sangat cepat ujarnya dalam keterangan tertulis Rabu Sejalan dengan perubahan kegiatan usaha tersebut pemegang saham turut menyetujui rencana Perseroan untuk melepas kepemilikan pada sejumlah anak perusahaan yang berkaitan dengan lini usaha sebelumnya kepada pihak ketiga sekaligus mengalihkan aset dan liabilitas terkait Sementara itu dalam RUPS Independen pemegang saham Independen juga menyetujul akuisisi oleh Perseroan atas saham PT Nextier Askara Center NAC dan PT Nextier GenAi Center NGC beserta piutang terkait dari PT Nextier Datamate Center NDC yang merupakan salah satu pemegang saham Perseroan Divestasi sejumlah anak usaha dan akuisisi NAC dan NGC merupakan langkah konkret menata kembali portofolio Perseroan sesuai fokus usaha yang baru Kedua perusahaan ini akan memperkuat pondasi operasional dan strategi pengembangan bisnis Al data center kami ujar Zulfikar Lihat juga Video Permintaan RAM Lagi Tinggi SK Hynix Mau Tambah Kapasitas Produksi,finance
Mata Derrick Michael Xzavierro berbinar saat berbicara soal Asian Games Dia akan mewujudkan mimpi masa kecilnya Aku ingat terakhir kali menonton Asian Games itu saat digelar di Jakarta Asian Games di Jakarta benar benar seperti mimpi buat aku Waktu itu aku masih SMA dan datang ke Gelora Bung Karno hanya untuk menonton Suasananya benar benar bagus begitu juga dengan penontonnya kata Derrick saat ditemui di Jakarta Selatan Sabtu Tak ayal saat mimpi itu terwujud Derrick mengaku benar benar antusias Apalagi klub tempat ia bernaung saat ini Saga Ballooners mengizinkannya memperkuat Indonesia Aku antusias karena ini pertama kalinya aku tampil di Asian Games ujarnya Ini juga merupakan salah satu impianku sejak kecil untuk bisa bermain di Asian Games Jadi aku ingin membuat semuanya benar benar berarti Di Asian Games Derrick dan kawan kawan langsung menghadapi tantangan besar Ia akan melawan tuan rumah di Aichi Nagoya pada September Alih alih gentar Derrick justru makin semangat Apalagi Derrick sudah terbiasa dengan atmosfer basket Jepang Kini ia akan merasakannya dengan jersey Merah Putih Kami akan bermain melawan Jepang Aku tahu arenanya akan sangat besar salah satu arena terbesar di B League Jadi aku sangat excited untuk bermain di sana ujarnya Tak hanya itu Derrick juga semakin bersemangat karena rekan rekannya di Jepang juga bakal mendukungnya secara penuh saat di Asian Games nanti Oh iya semua teman teman saya di Jepang B League dan tim saya benar benar mendukung saya Kemarin saya juga sempat latihan sekitar sebulan di sana Mereka bilang Kami akan menonton pertandinganmu Lakukan yang terbaik Kami akan mendukungmu Walaupun mereka berasal dari Jepang mereka tetap mendukung saya sebagai salah satu pemain mereka Jadi saya sangat beruntung bisa berada di Saga juga Mereka memberikan dukungan penuh kepada Indonesia ujarnya Pebasket berusia tahun ini pun membeberkan target pribadinya dalam debutnya di Asian Games Target pribadi pastinya menang sebanyak banyaknya dan memberikan kontribusi sebagus bagusnya untuk tim Semoga kami bisa memenangkan setiap pertandingan Setidaknya kami bisa lolos ke grup berikutnya kata Derrick Untuk masyarakat Indonesia aku sangat membutuhkan dukungan full support Jangan setengah setengah dalam memberikan dukungan ucapnya mcy aff,sport
Bilal Hasan memulai debut di UFC dengan meyakinkan menang KO Legenda UFC Henry Cejudo dibikin kagum olehnya UFC Fight Night Nurmagomedov vs Song dalam UFC Shanghai digelar di Oriental Sports Center Sabtu Bilal Hasan yang jalani laga debut hadapi petarung asal Peru Nilson Rojas di kelas flyweight Kedua petarung punya rekor sama Bilal menang di ronde kedua setelah pukulan lurus kanannya masuk sempurna Bilal Hasan kini punya rekor kemenangan di dunia MMA Petarung asal Indonesia itu memulai debut di UFC dengan mulus bikin Henry Cejudo kagum Bilal melepas pukulan jab dan sesaat ketika tangan kirinya turun bum Pukulan kanan yang lurus ke arah tengah katanya di sosial media Anak ini punya daya tarik Dia punya sebuah pertunjukan dan membuktikannya di dalam oktagon tambahnya Henry Cejudo merupakan legenda di UFC Dia pernah menyabet dua gelar di kelas flyweight dan bantam weight Cejudo sebelumnya pernah juga memuji Bilal Hasan saat kemenangan KO detik Itu ketika The IndoNinja menang atas petarung asal India Mridul Saikia dalam perebutan kontrak UFC di Dana White s Contender Series DWCS Season Agustus lalu Menang KO cuma detik ingat ingat namanya Bilal Hasan jelas Cejudo Dana White sudah terkesan padanya Apalagi di kelas flyweight banyak petarung hebat Saya sabar menantikan aksi aksinya sambungnya Simak juga Video Menlu AS Bicara Alasan Pemasangan Ring UFC di Halaman Gedung Putih,sport
PT MRT Jakarta Perseroda berencana mengembangkan Kota Tua dengan konsep yang sama dengan di Blok M namun tetap mempertahankan identitas heritage kawasan Pengembangan ini sejalan dengan rencana perpanjangan jalur MRT hingga Kota Tua Kepala Divisi Business Planning Expansion MRT Jakarta R Samuel Ryan Pradipta Pranowo mengatakan pengembangan kawasan berbasis Transit Oriented Development TOD tidak cukup hanya dengan membangun ruang fisik tetapi juga perlu dibarengi dengan ruang untuk beraktivitas Hal tersebut menjadi bagian dari konsep placemaking dengan menghidupkan kembali kawasan tidak hanya secara bisnis tetapi juga untuk mendukung kegiatan masyarakat perkotaan Konsep inilah yang diterapkan di Blok M dan selanjutnya di Kota Tua Placemaking sendiri merupakan proses menciptakan atau menghidupkan sebuah ruang sehingga ruang tersebut menjadi tempat yang punya fungsi karakter aktivitas dan makna bagi orang yang menggunakannya Area kota tua itu akan kami revitalisasi juga Mudah mudahan tetap hidup dengan mempertahankan identitas heritage nya Jadi heritage Chinatown nya Little Amsterdam nya itu hilang tapi tetap area nya akan dibuat hidup dengan kombinasi retail komunitas dan lain sebagainya ujar Samuel dalam acara Workshop MRT Fellowship di Wisma Nusantara Jakarta Rabu Dalam konsep besar dari placemaking sendiri pengembangan kawasan mengacu pada karakter dan demografi dari kawasan tersebut sehingga setiap tempat punya soul atau jiwa Hal ini yang menjadi identitas sekaligus keunikan dari tempat tempat tersebut Samuel menjelaskan salah satu kunci untuk mengembangkan kawasan dengan konsep ini ialah melalui activity generation partnership mendorong aktivtas dengan melibatkan komunitas di kawasan tersebut Konsep ini mengakomodasi masyarakat yang ingin berkumpul dan beraktivitas Seperti halnya di Blok M yang memiliki beragam aktivitas komunitas di dalamnya Blok M saat ini terus berkembang tidak hanya sebagai tempat berkumpul dan beraktivtas tetapi juga menjadi pusat kuliner dan lifestyle Di Blok M identitas kawasan dibangun sebagai urban youth hub untuk anak muda sekaligus membawa unsur nostalgia bagi generasi terdahulu Sementara di Kota Tua lanjut Samuel elemen Glodok Pecinan dan heritage tetap dipertahankan Selain itu di beberapa area di kawasan tersebut juga akan dikombinasikan dengan unsur yang lebih modern atau futuristik mengingat kawasan Glodok juga dulunya dikenal dengan pusat elektronik Heritage dan modern merupakan dua sisi yang berlawanan tetapi akan dikombinasikan di dalam kawasan tersebut Terkait komunitas apa misalnya tadi di Kota Tua nanti akan banyak heritage movie dan seni Mungkin komunitas pertama yang akan ditargetkan pertama untuk dirangkul Misalkan komunitas yang suka ngelukis art performer Jadi setelah placemaking ditentukan temanya komunitas sekitar dirangkul nanti berikutnya baru komunitas yang sesuai tema itu akan dirangkul juga dari luar ujar Samuel Pengembangan placemaking tersebut nantinya akan berjalan seiring dengan pembangunan MRT menuju Kota Tua Samuel belum merincikan kapan revitalisasi kawasan akan dimulai mengingat saat ini pembangunan masih berfokus pada penyelesaian Stasiun Thamrin dan Monas yang ditargetkan beroperasi pada Desember Revitalisasi kawasan Kota Tua kemungkinan akan dilakukan setelah jalur MRT Jakarta tersambung hingga kawasan tersebut Adapun dalam rencana besarnya jalur MRT North South ditargetkan tembus ke Kota Tua pada mendatang Mulai revitalisasi kawasan Kota itu akan seiring sejalan dengan target kami kota sudah dibuka Nah sebetulnya setelah Extended Concourse tahun depan di Desember itu mungkin palcemaking terdekat ada di Thamrin sama di Monas Karena stasiun Thamrin dan Monas itu target beroperasinya di bulan Desember katanya shc hns,finance
Kejuaraan Nasional Kejurnas Hoki Indoor telah berakhir Jawa Barat sukses keluar sebagai juara di sektor putra Tier sementara Jawa Timur tampil berjaya dengan merebut gelar juara sektor putri Ajang yang berlangsung di GOR Nambo Jaya Sport Centre Kota Tangerang Banten ini berakhir Minggu Jawa Barat mengalahkan tuan rumah Banten di laga final sektor putra dengan skor dalam adu penalti setelah imbang Sementara itu kejutan terjadi di sektor putri Jawa Timur sukses menghentikan dominasi Jawa Barat dengan kemenangan via adu penalti setelah sebelumnya imbang Alhamdulillah teknik pemain pemain kita semakin baik padahal kejurnas ini tidak dihadiri pemain nasional yang sedang melakoni training camp di Malaysia untuk menghadapi Asian Games Aichi Nagoya kata Gubernur Banten Andra Soni yang juga Ketua Dewan Pembina Federasi Hockey Indonesia FHI dalam keterangan persnya Baca juga Kejurnas Hoki Indoor Diikuti Tim Dengan pembinaan berjenjang dan konsisten olahraga Olimpiade ini akan semakin diminati dan prestasinya semakin mendunia Dulu kita hanya bermimpi dapat medali tapi kini kita membuktikan mampu meraih prestasi back to back pada SEA Games Kamboja dan SEA Games Thailand Andra Soni menambahkan Tidak hanya itu saja Andra Soni juga tampil memperkuat Tim Hockey PP FHI menghadapi Tim yang beranggotakan ofisial peserta kejurnas hockey Indoor dalam pertandingan ekshibisi sebelum dimulai laga final Ketua Umum PP FHI Mayjen TNI Purn Budi Sulistijono tampil sebagai penjaga gawang dalam pertandingan yang bertujuan mempererat hubungan masyarakat hoki tersebut Selamat dan apresiasi setinggi tingginya untuk PP FHI dan FHI Banten Pertandingan berjalan penuh semangat dan sportifitas Kejurnas ini menjadi ajang mengukur kualitas pembinaan sekaligus mempererat silaturahmi Saya berharap hockey terus berkembang pesat dan Banten bisa menjadi bagian penting dari kemajuan tersebut ujar Andra Soni Hasil Lengkap Kejurnas Hockey Indoor Putra Tier Juara Jawa Barat Runner up Banten Skor Final penalti Peringkat Jawa Timur Kalahkan Jateng Putri Tier Juara Jawa Timur Runner up Jawa Barat Skor Final penalti Peringkat Nusa Tenggara Barat Kalahkan Jateng Putra Tier Juara DKI Jakarta Runner up Kalimantan Timur Skor Final Peringkat Kalimantan Barat Kalahkan NTB penalti Putri Tier Juara DKI Jakarta Runner up Banten Skor Final penalti Peringkat Kalimantan Timur Kalahkan DI Yogyakarta,sport
Rider Ducati Marc Marquez mendominasi MotoGP Aragon Aprilia pun makin termotivasi bisa mengalahkan Baby Alien dalam perburuan gelar juara dunia Marc Marquez memenangi sprint race dan main race MotoGP Aragon pada akhir pekan lalu Oleh sebab itu pebalap tahun itu bisa menembus posisi kedua klasemen MotoGP Dengan raihan poin Marc Marquez kini tinggal berjarak angka dari jagoan Aprilia Jorge Martin Raihan angka Marc Marquez melewati Marco Bezzecchi dan kini unggul lima poin Bos Aprilia Massimo Rivola mengakui bahwa Marc Marquez masih menjadi rider terkuat di MotoGP Oleh karena itu Aprilia makin bersemangat mengalahkan Marc Marquez pada sisa musim ini Memang benar kami telah melakukan langkah langkah yang tepat terutama untuk masa depan tetapi itu saja tidak cukup kami ada di sini dan kami harus berjuang hingga balapan terakhir melawan pesaing seperti Marquez yang merupakan salah satu pebalap terkuat dalam sejarah Mendapat kehormatan untuk bisa mencoba mengalahkannya adalah hal yang luar biasa dan menjadi motivasi yang sangat besar Kami tidak akan menyerah sampai akhir kata Rivola di GP One Ada banyak hal yang bisa dipelajari dari Marc Ketika dia tampak kesulitan dia bisa menang tanpa mengambil risiko karena dia tahu bahwa konsistensi adalah hal terpenting dari sekarang hingga akhir tahun Dan ketika saatnya membawa pulang kemenangan karena dia tahu dia yang terkuat dia akan melakukannya Kami harus belajar dari sikapnya kata dia menambahkan MotoGP akan lanjut lagi pada September Balapan MotoGP San Marino yang akan digelar,sport
Jelang Asian Games Timnas basket putra terbang ke Taiwan untuk mengikuti FIBA Challenger Ajang ini penting untuk pembentukan mental Berlangsung di Kaohsiung Taiwan pada September Timnas basket Indonesia berkekuatan empat pemain dari total delapan nama yang ikut latihan di persiapan tahap akhir Keempat nama itu adalah Almando Davin Nepa Bait Halmaheranno Aprianto Lolaru Hady Erick Ibrahim Junior dan Daffa Dhoifullah Mereka berangkat ke Kaohsiung dengan membawa nama Tim Balige Sementara dua pemain yaitu Aymane Arip dan Richard Kornelius akan menyusul dan bergabung untuk melakukan scrimmage dengan tim klub lokal di Taiwan pada dua hari berikutnya September Di Kaohsiung Tim Balige akan berjuang dari babak kualifikasi Mereka tergabung di Grup B bersama Tim Shibuya asal Jepang dan Tim Phoenix dari Amerika Serikat Shibuya merupakan tim profesional yang diperkuat dua pemain Jepang dan rekrutan asal Latvia Kristaps Gluditis dan Zigmars Raimo Mereka pemain senior dengan usia tahunan Kemudian Phoenix dari USA diisi pemain matang dengan usia dan tahun Untuk di Kualfikasi Grup B hanya Balige yang diisi pemain muda dengan usia di bawah tahun Wakil Ketua Program Badan Tim Nasional BTN DPP Perbasi sekaligus General Manager Timnas Putra Derry Primasta Octa menegaskan pengiriman pemain muda ini sesuai regulasi Asian Games yang membatasi usia maksimal tahun untuk basket Pengalaman merasakan atmosfer pertandingan di ajang internasional dibutuhkan oleh pemain kita dalam membentuk karakter permainan menuju Asian Games kata Derry dalam keterangannya Tim Balige dengan kekuatan pemain usia lebih muda dikirim ke ajang ini dengan tujuan membentuk mental tanding dan mengambil pengalaman serta merasakan atmosfer pertandingan di level internasional Derry juga menekankan hasil akhir nomor dua Yang utama adalah proses Hasil akhir memang penting dalam pertandingan Namun dalam proses pembentukan tim saat ini melihat pemahaman pemain dalam menjalankan strategi permainan yang telah diberikan selama training camp nasional jauh lebih penting agar di Asian Games nanti bisa mendapatkan hasil maksimal ujarnya Di Asian Games Timnas Basket Putra tergabung di Pool C Di sana Indonesia akan bersaing melawan Qatar Taiwan dan Bahrain Komposisi pemain saat ini adalah yang terbaik dari proses training camp yang sudah berjalan dipimpin oleh Coach Donnda Kami melihat banyak perubahan positif sejak FIBA Batam Challenger Mari kita dukung anak anak muda berprestasi Indonesia wakil kita di kancah global melalui Basket Ultimately kami bersama mau memberikan yang terbaik untuk Asian Games tegas Derry mcy aff,sport
