dim_1,dim_2,dim_3,dim_4,dim_5,dim_6,dim_7,dim_8,dim_9,dim_10,dim_11,dim_12,dim_13,dim_14,dim_15,dim_16,dim_17,dim_18,dim_19,dim_20,dim_21,dim_22,dim_23,dim_24,dim_25,dim_26,dim_27,dim_28,dim_29,dim_30,dim_31,dim_32,dim_33,dim_34,dim_35,dim_36,dim_37,dim_38,dim_39,dim_40,dim_41,dim_42,dim_43,dim_44,dim_45,dim_46,dim_47,dim_48,dim_49,dim_50,dim_51,dim_52,dim_53,dim_54,dim_55,dim_56,dim_57,dim_58,dim_59,dim_60,dim_61,dim_62,dim_63,dim_64,dim_65,dim_66,dim_67,dim_68,dim_69,dim_70,dim_71,dim_72,dim_73,dim_74,dim_75,dim_76,dim_77,dim_78,dim_79,dim_80,dim_81,dim_82,dim_83,dim_84,dim_85,dim_86,dim_87,dim_88,dim_89,dim_90,dim_91,dim_92,dim_93,dim_94,dim_95,dim_96,dim_97,dim_98,dim_99,dim_100,label
0.23602997,-0.17074996,0.3193517,0.10937478,-0.31795198,0.06512119,0.15975165,0.2617053,0.18128549,-0.1470373,-0.12756158,-0.10768261,0.1147905,0.16238543,-0.123059526,0.027817978,0.0900843,-0.17527555,-0.2514281,0.02470512,-0.42305452,-0.11634965,0.15680665,0.5683602,0.06972038,-0.10605884,-0.020241147,0.30313647,0.028722223,-0.105301365,-0.13201942,0.0091478415,-0.019092213,0.42139065,0.47295755,-0.066048294,0.16950639,-0.5157853,0.1975341,0.10088041,-0.09016855,-0.17078282,0.56130016,-0.32743457,-0.001008179,-0.3769426,0.43525317,0.31239867,0.49013743,-0.07031877,0.0037636322,-0.65700436,-0.20937946,0.09898523,-0.010579077,0.16173533,-0.14796032,-0.20225757,-0.104768805,0.5437725,0.031932667,-0.36528844,-0.02535773,0.03548042,0.21438149,0.029730257,0.061238114,-0.24945317,-0.10472714,-0.05739308,0.046065725,-0.2591497,-0.33314085,0.0594946,0.18304786,0.031703006,0.118760005,0.10915701,-0.25258282,-0.35547277,0.047572028,-0.13611664,-0.15271768,-0.05555284,-0.49896887,-0.09950756,-0.051658016,-0.0027851088,0.030438688,0.24061489,-0.057883,0.15019214,0.13007985,0.17452994,-0.11875,-0.19344261,0.27369434,0.031360466,0.14264712,0.08825864,sport
0.25040117,0.0058712442,0.15040919,0.028580096,-0.29497364,0.10889321,0.047562867,0.22236654,-0.11676592,-0.16567415,-0.39690578,-0.06780318,0.002448811,0.07655726,-0.17412932,-0.039952856,-0.0116594145,0.06261377,-0.1260017,0.09011741,-0.30346975,-0.0916294,0.13161808,0.2498516,0.28578228,-0.044036325,-0.049816966,0.14267017,-0.017240144,-0.13703069,-0.083801195,0.01991409,0.13090348,0.15219074,0.10184389,-0.060965203,0.30083403,-0.21214241,0.014033939,0.07773888,0.1656083,0.027469903,0.40135893,-0.24112275,0.03991323,-0.36328915,0.27031213,0.29940024,0.35971195,-0.21195039,0.08446711,-0.57514364,0.070042096,-0.037398968,0.006852316,0.14412683,-0.08765328,-0.030767726,-0.08603279,0.3688962,0.053907264,-0.28437507,-0.11002072,0.16349614,0.15023813,-0.103512555,-0.0054734685,-0.42867097,-0.14873958,-0.059204493,-0.09270254,0.0056999773,0.051665075,0.10036951,0.13043721,0.16536622,0.22895077,0.10135618,-0.1544553,-0.29908007,0.037309807,-0.157976,-0.00391902,-0.11241173,-0.49960858,-0.0059290803,-0.066536345,-0.1689211,-0.041319538,0.20448813,-0.094529,0.22719598,0.009828376,0.04089694,-0.16067693,-0.11096534,0.108678654,0.042699877,-0.00031565555,-0.12044874,sport
0.27635232,0.07952303,0.15861139,0.0048293998,-0.36457005,0.1453119,0.060609795,0.23126948,-0.012073273,-0.11753526,-0.38136625,-0.08298893,-0.062696,0.076520644,-0.23995683,-0.2099937,0.03910327,0.13375676,-0.20754829,0.20779172,-0.27747795,-0.22969833,0.093802474,0.22718021,0.36913836,-0.0772195,-0.0030863695,0.24064344,0.01151145,-0.06062587,-0.05638378,-0.1508376,0.18385752,0.07670504,0.15922931,0.09952472,0.4869891,-0.29554498,-0.047674518,0.027940568,0.20735744,-0.062077258,0.25224683,-0.18438247,-0.053867877,-0.2710961,0.24006245,0.35915458,0.22065885,-0.31366077,0.14250138,-0.56474936,0.14817792,0.12978123,-0.19897269,0.12723546,0.036292564,-0.07568069,0.05699983,0.2499617,-0.057051327,-0.3625859,-0.18042456,0.12383162,0.08738749,0.031509664,0.04715725,-0.49782625,-0.19484596,-0.1260706,-0.2049465,0.06353446,0.29826534,0.28848258,0.32085028,0.14994176,0.28387585,0.075099565,-0.15052046,-0.40201205,0.12797283,-0.15797344,-0.19380821,-0.25602093,-0.5077462,0.029901247,-0.049344815,-0.10606583,-0.13940056,0.18649673,-0.07303134,0.24118042,-0.18413481,0.10298267,-0.063996345,-0.080684386,-0.031139335,0.02469522,0.041838158,-0.05235852,sport
0.21240811,0.1250115,0.15993291,0.052092783,-0.27658403,-0.064774856,0.08228552,0.2791352,-0.14760314,-0.21343462,-0.41728315,-0.1257569,0.077584594,0.05472047,-0.12190432,-0.053922955,-0.058693007,-0.010075802,-0.1148044,-0.046360552,-0.20885123,-0.031356506,0.1475131,0.38369045,0.22916749,0.007018793,-0.014460145,0.24301657,-0.18624616,-0.13390045,-0.17832085,-0.07743617,0.17717879,0.28189084,0.28350955,0.067278914,0.20630151,-0.25857127,-0.038719572,0.013504748,0.23655103,-0.026928393,0.44290432,-0.29524854,0.05352454,-0.23855472,0.29482514,0.35681745,0.23348348,-0.34422627,0.03074645,-0.5020225,-0.10674998,-0.08835154,-0.040588185,0.08709297,-0.04971885,-0.05260104,-0.07688891,0.4544796,-0.094232395,-0.27549258,-0.07779779,-0.052894667,0.14245749,-0.13368669,-0.059985947,-0.6316926,-0.066906266,-0.11080755,-0.21568863,-0.026529059,0.03136071,0.1629863,0.38007846,0.12141761,0.13768348,0.018180687,-0.13577092,-0.13904333,0.023235675,-0.20731342,-0.15066364,-0.13270578,-0.48952955,0.026812414,-0.18105869,-0.22725621,-0.009622216,0.27188268,-0.14882371,0.25101644,0.01798766,0.00022921605,-0.12831569,-0.14660709,0.18162996,0.09814943,-0.029897932,0.0063764234,sport
0.2429929,0.17121989,0.15358776,-0.04603846,-0.38344243,0.23505037,-0.04219292,0.23307766,-0.13378204,-0.06541527,-0.46201804,-0.05354197,-0.11147829,0.12984252,-0.22653024,-0.08480479,0.037314918,0.1265232,-0.13160132,0.10814034,-0.2511508,-0.14386834,0.1895852,0.09409741,0.33136055,-0.10106597,-0.09573661,0.15489967,-0.010893208,-0.16936901,-0.033647984,-0.089670666,0.19284578,0.04364062,0.040167198,0.09441021,0.3686028,-0.37039044,0.043915488,0.1292732,0.23064281,-0.01421958,0.38122797,-0.31148306,0.038478073,-0.2819724,0.32724434,0.3333617,0.33736557,-0.18845817,0.075780824,-0.63328826,0.08917964,-0.03322993,-0.12258841,0.21473414,0.010430043,-0.11206877,-0.10669905,0.38489,-0.055510037,-0.36623892,-0.23523842,0.0595842,0.19092357,-0.055233255,0.06455264,-0.49661443,-0.14282213,-0.02144582,-0.14891742,0.0059978645,0.2261556,0.2782896,0.19120339,0.09920367,0.10416542,0.00082108966,-0.15000345,-0.40547046,0.12111841,-0.113334276,-0.1825701,-0.20755005,-0.5214874,0.03354284,-0.04205261,-0.27010307,-0.10125538,0.20557976,-0.18388014,0.19559853,-0.20375107,0.060186885,-0.041849464,-0.25449517,0.07565536,-0.005685892,-0.030317912,-0.034501377,sport
0.20114586,0.074243054,0.12663947,0.005173163,-0.38440695,0.2212524,0.065726675,0.25485364,-0.020765487,-0.09276595,-0.46748498,-0.0031618092,-0.012997359,0.20622098,-0.14901775,0.048966687,0.018310914,0.052793488,-0.17594571,0.10612799,-0.18256879,-0.09829724,0.19536376,0.26204744,0.39211217,-0.2080201,0.029313551,0.14400667,-0.06254031,-0.13609752,-0.1152979,-0.11726588,0.07325154,0.16481517,0.021197684,0.0179076,0.36199325,-0.3322262,0.12676537,0.13216846,0.19379999,-0.04683725,0.29047683,-0.27153328,0.13221768,-0.2036142,0.3436999,0.28433555,0.23028974,-0.287415,0.04335796,-0.56790334,-0.009485672,0.05330044,-0.20475344,0.22003621,0.075777695,-0.18852942,-0.13180785,0.33168826,-0.011271559,-0.37715587,-0.11320979,0.051209416,0.10669322,-0.031133937,0.062594846,-0.5228539,-0.19720249,0.0068267914,-0.121961415,-0.06954199,0.09517047,0.24262926,0.20629674,0.1278866,0.1498606,-0.07279834,-0.20835263,-0.3877554,0.1138415,-0.110752404,-0.20847367,-0.2849512,-0.5692222,0.05501483,-0.11772341,-0.254168,-0.13386594,0.24511877,-0.12852469,0.27697325,-0.117553785,0.1757808,-0.026735796,-0.2244459,0.048941277,0.11597494,-0.04108019,-0.059773035,sport
0.30656156,0.07406557,-0.12290965,-0.06309701,-0.18812466,0.14712577,-0.1099926,0.34807017,-0.10030979,-0.09954274,-0.41375488,0.1353713,0.084347926,-0.0018576072,0.011115026,0.079830214,0.13196342,-0.009540068,-0.13849497,0.033683512,-0.16255155,0.031005029,0.062300444,0.35470167,0.31317297,-0.11705782,-0.021164546,0.2439961,-0.1061431,0.036096167,-0.13455598,-0.11584302,0.13666475,0.2151991,0.306186,0.09465787,0.42067295,-0.22889166,-0.06892791,0.005362028,0.23531418,0.036265235,0.31292334,-0.18252021,-0.104710266,-0.07349984,0.13266933,0.25669688,0.21769579,-0.4026674,0.031789284,-0.48355094,-0.14836448,-0.13808227,0.16579995,0.10697645,-0.04900087,-0.059741072,-0.008957133,0.41271275,-0.045664903,-0.35381797,-0.1342503,0.13223742,0.13574524,-0.07706143,-0.11948332,-0.46138832,-0.1293931,-0.09574427,-0.22099222,-0.12852786,0.10957166,0.004471806,0.22407085,0.044171136,0.109524995,-0.124122396,-0.07367573,-0.11642809,0.0129649155,0.007240212,-0.18698478,-0.11101559,-0.26921254,-0.060842175,-0.018250512,-0.17733398,0.036705524,0.2274446,-0.104734935,0.26386884,-0.033986613,-0.07780653,0.04013928,-0.21856244,0.2382197,0.28757152,0.058456324,-0.1480222,sport
0.25489682,0.0032522802,0.1593497,-0.08087965,-0.4020041,0.15242198,0.054274652,0.15615676,-0.035346076,-0.08053192,-0.37196752,-0.013436396,0.09943289,0.25457236,-0.10423482,-0.102707006,0.086002946,-0.06853236,-0.14334653,0.090084165,-0.2375608,-0.20633799,0.20076238,0.2707856,0.348047,-0.16130282,-0.08513999,0.15351312,-0.087407164,-0.15565221,-0.09916235,0.009712144,0.17651482,0.08666639,0.16552593,0.023216607,0.2837873,-0.43314868,0.09228579,0.18188588,0.19005856,-0.083854675,0.3909831,-0.26700878,0.1361275,-0.36220354,0.29240957,0.3454107,0.44230554,-0.20185758,-0.0048903115,-0.6541448,-0.009936725,0.021463744,-0.021100609,0.15093766,0.14858028,0.020107284,-0.11643939,0.46391323,0.049653158,-0.40262124,-0.044115894,0.058977105,0.22526528,-0.020494923,-0.048980687,-0.33892754,-0.13768469,0.0270444,-0.13578936,-0.10262581,0.074891604,0.2675847,0.1859835,0.050822236,0.12880586,-0.17545336,-0.1789037,-0.4427738,0.1227853,-0.061715607,-0.18276444,-0.1804705,-0.618115,0.03687116,-0.12317218,-0.30092517,-0.16478376,0.09564063,-0.032199275,0.0738539,-0.11499104,0.06503624,-0.10871615,-0.16928017,0.28235555,-0.054600056,0.1240317,-0.030511867,sport
0.23630095,0.09104262,0.1586475,-0.031315073,-0.3715024,0.112819396,-0.013150001,0.14983693,-0.16279642,-0.09256381,-0.3972919,0.014428578,0.015857741,0.20844343,-0.11742161,-0.097660206,0.061520968,-0.013884074,-0.16988114,0.16031225,-0.24342121,-0.15993468,0.18803298,0.17854139,0.31147805,-0.1335761,-0.09601094,0.13484877,-0.11455055,-0.23739593,-0.06829781,-0.03984418,0.17427184,0.070641704,0.093902215,0.06540285,0.29882658,-0.35991162,-0.0003939715,0.16251568,0.2577729,-0.010432975,0.38715693,-0.26870117,0.03334812,-0.2581987,0.19140126,0.37338614,0.3644446,-0.23435104,-0.043855194,-0.6084545,0.040088803,-0.049473364,0.0816246,0.06116733,0.026080998,0.016227819,-0.09207176,0.43677607,0.034811936,-0.3725463,-0.14507957,0.072493196,0.19978817,-0.07549243,-0.07583474,-0.44821113,-0.052112825,0.012737417,-0.1684013,-0.0312838,0.19008368,0.17894737,0.154556,0.063087605,0.062208064,-0.03583441,-0.15301415,-0.3474089,0.048911296,-0.031356595,-0.16342062,-0.1276226,-0.54554164,-0.021523422,-0.038725045,-0.30111334,-0.16278818,0.19794692,-0.16369787,0.12883165,-0.16181023,0.012726813,0.0009200275,-0.17812943,0.25622588,0.033692952,0.08745386,-0.06743759,sport
0.20049562,0.025946833,0.062815174,0.011455342,-0.37085184,-0.013884102,-0.0389715,0.13583785,-0.2629909,-0.16133614,-0.3497313,-0.0550835,0.09290111,0.17188124,-0.075712234,0.12199212,0.15074453,-0.14399722,0.0015426403,0.115185216,-0.33986425,-0.23469763,0.06305802,0.27508882,0.15133134,0.02860552,-0.08487184,0.17244601,-0.112961665,-0.12465568,-0.2155104,0.08205905,0.14375588,0.20679308,0.24173513,-0.008418058,0.38524288,-0.22171645,-0.0056065465,0.14373754,0.2300844,-0.039832845,0.5596552,-0.22276704,-0.0046509425,-0.18833719,0.16705443,0.31072423,0.3508383,-0.20254122,-0.015612464,-0.6137576,0.015321657,-0.034499004,0.14962696,0.038718306,0.03233607,0.12944199,-0.10854979,0.4850468,-0.004240706,-0.33542213,-0.2000348,0.19341913,0.30384827,-0.1505404,-0.10183792,-0.39355418,-0.056218576,0.034616157,-0.028664667,-0.12251696,0.17061691,0.078115635,0.13743927,-0.08661044,0.22687869,-0.057289507,-0.16875216,-0.1921802,0.048556652,-0.04818428,-0.09088866,0.036036894,-0.4251553,-0.038407054,-0.080768414,-0.2068153,-0.06739099,0.34065577,-0.14261109,0.20859157,-0.16870761,-0.07306529,-0.043326985,-0.0819763,0.19939588,0.1499032,-0.0073746317,-0.21287334,sport
0.20530823,-0.058895923,0.11480339,-0.043169547,-0.415219,0.3698928,-0.15325712,0.11598142,-0.016703885,-0.08562321,-0.545446,0.08064029,0.062853426,0.004696665,-0.21106638,-0.13608164,0.22596246,-0.0020985403,-0.17063823,0.12547334,-0.2694579,-0.21732937,0.103441186,0.16510491,0.27241763,-0.120705485,-0.25525248,0.15914842,-0.023255607,-0.15283889,-0.07970487,-0.0010868445,0.2086022,-0.042211704,0.14869292,0.07345849,0.5134232,-0.47716692,0.09009059,0.080611594,0.25023538,-0.14897572,0.20593685,-0.3429443,0.21766347,-0.06046821,0.35041505,0.27164558,0.35974383,-0.3469753,0.05512006,-0.57105976,0.018479224,0.0747506,-0.0293543,0.056005463,0.11161589,-0.03541502,-0.35567498,0.36341754,-0.14098977,-0.48148927,-0.1288253,0.13244165,0.12320295,0.035920516,-0.026099922,-0.43716097,-0.27514032,0.079036444,-0.032992437,-0.11145384,0.3163924,0.13463162,0.13359198,-0.09875613,-0.006233524,-0.057217307,-0.20194367,-0.6459383,0.10553009,-0.09747151,-0.20983094,-0.15246788,-0.7435715,-0.14689721,-0.19101359,-0.42848784,-0.05971935,0.2558705,-0.19827259,0.07210027,-0.22134674,-0.061012495,-0.18483643,-0.2383344,0.15925601,-0.00080921047,-0.15794793,0.015412983,sport
0.27774364,-0.12543996,0.15657225,-0.050779346,-0.3444424,-0.012979428,0.0041076196,0.09838455,-0.13848837,-0.12465423,-0.4004815,-0.12151152,0.119175784,0.12031434,-0.13748643,-0.07846452,0.07368411,-0.11476475,-0.074813925,0.0813534,-0.26695207,-0.19479531,0.075145714,0.31928298,0.16301174,-0.122140735,-0.114289574,0.0943846,-0.1590594,-0.13677217,-0.23606783,0.042429086,0.15627034,0.18053603,0.20288755,0.077833846,0.23460536,-0.34313607,0.059169088,0.09987115,0.26093972,-0.049050827,0.43409505,-0.33550477,0.12471659,-0.2661169,0.3043438,0.36661923,0.43195236,-0.17648673,-0.023826765,-0.71774715,-0.034197766,-0.07241564,0.11910341,0.042806063,0.11525423,0.10057541,-0.15012169,0.44747996,0.057737898,-0.34436056,-0.07602954,0.09472,0.1351628,-0.039498195,-0.07703432,-0.29351452,-0.16018142,0.17109673,0.021033963,-0.051443502,0.102619536,0.1285959,0.12973885,-0.057403076,0.20163028,-0.13221498,-0.09484583,-0.36181816,0.05520426,-0.1017147,-0.25343123,-0.053115338,-0.5998297,-0.07236431,-0.1437845,-0.28278393,-0.1244624,0.23441786,-0.13826853,0.15364906,-0.09250761,-0.06735575,-0.15411423,-0.22243349,0.24784058,0.031537116,0.039814148,-0.1147782,sport
0.20438236,0.03391111,0.1431631,-0.06766813,-0.33621085,0.18999076,0.03122299,0.19701882,-0.1809957,-0.16503309,-0.36981857,0.022095297,0.016799077,0.18680826,-0.14802776,-0.101415,0.10375105,0.0046571223,-0.13753025,0.1289538,-0.26675254,-0.24536313,0.1627991,0.13939124,0.33355606,-0.10554028,-0.006566353,0.09364256,-0.028140172,-0.29168275,-0.060260132,0.008715427,0.17794418,0.08040272,0.13173147,0.07144437,0.34194034,-0.3540246,-0.041949015,0.19032305,0.24194409,-0.076265335,0.3472855,-0.2010881,0.08591546,-0.22596754,0.1786639,0.4037197,0.43909535,-0.18850224,-0.019055864,-0.6284939,0.017772442,0.011678856,0.104788475,0.1258643,-0.031147815,0.0011116167,-0.12564774,0.41273713,0.003274644,-0.36635444,-0.1850967,0.056296792,0.28480035,-0.04528173,-0.082821906,-0.48821768,-0.047049858,-0.033807445,-0.10063281,-0.061739083,0.1266864,0.1370409,0.14014064,0.13981786,0.004024087,-0.05189659,-0.13394073,-0.32890442,0.08901446,-0.012043632,-0.18898463,-0.05488871,-0.5065179,0.039093174,-0.07738567,-0.36955112,-0.21851517,0.09732106,-0.088505715,0.12483716,-0.12465475,-0.0031960176,0.012048825,-0.11285782,0.25533545,-0.060943533,0.041048948,-0.042824935,sport
0.25070342,0.015678164,0.14366205,-0.12115317,-0.2864356,0.19987619,0.023597613,0.18955095,-0.080688246,-0.121125385,-0.50015163,0.056254596,0.016796758,0.21481597,-0.13731764,-0.08132326,0.106296964,0.027196072,-0.11901388,0.12951675,-0.2173913,-0.1926188,0.13815577,0.14726461,0.2617806,-0.12447833,-0.07745711,0.13554333,-0.0225786,-0.2664434,-0.038882487,-0.00065355416,0.29105178,0.079607196,0.1808988,0.083020255,0.34059206,-0.35825813,-0.021592915,0.19891292,0.20866486,0.009167612,0.38043067,-0.30379102,0.13366057,-0.23634389,0.15705474,0.35663342,0.48765305,-0.14631633,-0.004463493,-0.7205314,0.04981627,-0.04145883,0.032022037,0.049806625,0.10381855,-0.03099255,-0.118752055,0.4103081,0.049761556,-0.35777754,-0.13047224,0.068235904,0.16784662,-0.009877829,-0.009114846,-0.4767729,-0.09639902,-0.05325681,-0.12381801,-0.07428529,0.1531881,0.17120332,0.1963967,0.0784306,0.023686698,-0.1335796,-0.056565568,-0.3827236,0.1264122,-0.013529503,-0.17741938,-0.13426895,-0.6129312,0.003177263,-0.013378028,-0.28552696,-0.24873784,0.09164264,-0.21072549,0.15584941,-0.19834772,-0.06428664,0.009395007,-0.22946596,0.15123872,-0.07551751,0.026711466,-0.008679517,sport
0.17666617,0.009870122,0.13931115,-0.14286749,-0.40372637,0.12625185,-0.16751535,0.13670318,-0.13878515,-0.03207793,-0.45366085,0.09462781,0.037532285,0.06376916,-0.16457474,-0.15271111,0.11190596,0.009949864,-0.1614671,0.14050917,-0.24734496,-0.14649777,0.11190424,0.18902078,0.29482853,-0.06791204,-0.2243352,0.17980732,-0.058660384,-0.15788934,-0.089479715,0.042201817,0.23059498,0.051068656,0.18615775,0.083331965,0.42450067,-0.4309397,0.009885567,0.1427484,0.24973887,-0.043596588,0.35442567,-0.30505553,0.029125372,-0.14223188,0.28051662,0.28275898,0.30550644,-0.24859136,0.006917582,-0.6077236,0.045807917,-0.014175482,-0.030224556,0.0778883,0.12645017,0.057567745,-0.14036547,0.4523941,-0.018704396,-0.41738415,-0.16611616,0.12836076,0.16985835,0.016631356,-0.033250514,-0.37574837,-0.2393202,0.12188676,-0.11882728,-0.029581716,0.2657061,0.20378467,0.122564375,-0.06871954,0.08069868,-0.0047954842,-0.09688134,-0.40675834,0.11193118,-0.11770771,-0.23191252,-0.06893964,-0.56837267,-0.08597194,-0.045535456,-0.23044659,-0.21161185,0.20185365,-0.21257536,0.14231527,-0.20432664,-0.12180689,-0.0232737,-0.17899181,0.22773935,0.09668453,0.08540281,-0.08143833,sport
0.2192666,0.22567719,0.2199635,0.006885291,-0.24347635,-0.012599223,-0.19035712,0.16368072,-0.06812696,-0.01393664,-0.2778749,-0.177794,0.17144963,0.056349583,0.0064222296,-0.035776746,0.1191073,0.057618205,-0.20836492,-0.054563157,-0.24235587,-0.13014774,0.18979327,0.53078735,0.2615858,0.0247524,-0.04223818,0.24378178,-0.031449765,-0.15793034,-0.18756641,-0.1007057,0.16920516,0.295625,0.35973972,0.15986235,0.24990071,-0.25208235,0.057064466,0.012569946,0.24392186,0.05778858,0.60046375,-0.11002615,-0.03963703,-0.1973582,0.27311435,0.38410363,0.3587492,-0.3140297,-0.10680298,-0.5416059,-0.3156611,-0.2475401,0.1673214,0.04027427,0.089813024,0.03309369,-0.09867972,0.4657108,-0.14474067,-0.3336525,0.0641455,-0.032343075,0.19708326,-0.10949629,-0.12019495,-0.55141056,-0.043532558,-0.06826342,-0.22338027,-0.09431606,0.054145172,0.09389704,0.27330586,0.05060206,0.15830204,-0.20267743,-0.13475803,-0.16286588,-0.031219354,-0.08042194,-0.19889183,-0.09670286,-0.495237,-0.10854254,-0.24543963,-0.3114884,0.10315919,0.31269956,-0.018550714,0.18582278,0.0652171,0.051928565,-0.16791616,-0.22274488,0.27800035,0.27115932,0.041856203,-0.106917284,sport
0.1726946,0.07040261,0.10323849,0.070503846,-0.28494963,0.1315735,-0.032653123,0.22667168,-0.03324342,-0.07231091,-0.28757977,-0.006512548,0.0017505656,0.26962495,-0.13730396,0.036147136,0.08206718,-0.035274696,-0.26990834,0.10532817,-0.19722548,-0.09315295,0.10031585,0.32640678,0.42759138,-0.3275906,0.023828395,0.21855226,-0.004140615,-0.08078087,-0.1698883,0.05424166,0.084346354,0.18788442,0.06212968,0.018169498,0.25871626,-0.31341046,0.03461665,0.18832807,0.19814336,-0.093000874,0.35126004,-0.113667,0.08056405,-0.32482472,0.30987418,0.22337842,0.26970306,-0.31343508,-0.008257731,-0.531815,-0.11391401,0.08312963,-0.07018239,0.17193288,-0.07519098,-0.14878899,-0.0768976,0.3406367,-0.02275122,-0.28472203,0.002898739,0.1308557,0.10677862,-0.064344294,-0.052450754,-0.40424708,-0.0069706757,-0.030007243,-0.08161023,-0.072059155,0.085119314,0.16514324,0.18265432,0.14125878,0.13634512,-0.0807441,-0.3119327,-0.3260875,-0.03239986,0.018030286,-0.1700672,-0.13301633,-0.4024065,-0.02242441,-0.112373695,-0.19084312,-0.026743568,0.20733765,-0.061546035,0.22461784,-0.038289633,0.23130816,0.050429363,-0.16302647,0.15668644,0.065479934,0.07355946,-0.11974061,sport
0.31760794,0.021056326,0.19053409,0.1327078,-0.30508077,-0.08940673,0.018721933,0.14591262,-0.1365045,-0.17310914,-0.20236646,-0.3375908,0.00080307527,0.025430422,-0.20370074,-0.15284348,0.057130326,-0.01097902,-0.13485503,0.13972038,-0.30538443,-0.1907012,0.15795536,0.38312522,0.06158829,-0.046939403,-0.09816635,0.20725062,-0.24470513,-0.06549655,-0.24931484,0.11005192,0.12786539,0.2518434,0.33097148,0.14614393,0.23187284,-0.3378221,-0.015315358,-0.04820834,0.22068287,-0.13544844,0.5314956,-0.12029334,0.08082305,-0.2582123,0.40471256,0.30406272,0.27804515,-0.24560447,0.029269215,-0.6713732,-0.14973366,-0.07823993,-0.05043113,0.103978984,0.020552816,-0.11548794,0.010035548,0.46306804,-0.030957697,-0.37319937,-0.16244389,0.1225914,0.12981671,-0.16765997,-0.0201253,-0.37059906,-0.16991742,-0.0014990073,-0.10579219,-0.02250022,0.07596227,0.17618799,0.334472,0.022729361,0.21830517,0.03818227,-0.17635505,-0.14811331,0.07497199,-0.15804772,-0.2451777,-0.081363484,-0.4553852,-0.10919212,-0.15415224,-0.15167235,0.044675365,0.2944894,-0.071436845,0.25411838,0.14970103,0.008757622,-0.23556294,-0.09117835,0.2241712,0.07684673,0.00422949,0.01656978,sport
0.24820255,-0.09373119,0.21912025,0.04785903,-0.330495,0.109391674,0.19587784,0.24599431,0.19575357,-0.12303958,-0.1349567,-0.006376192,0.1663782,0.1310703,-0.117834,0.051394146,0.045232806,-0.17386213,-0.23702823,0.027851906,-0.333561,-0.035049792,0.09976735,0.5653521,0.115658514,-0.1825045,-0.015317659,0.28664863,0.032245696,-0.06584892,-0.07270822,-0.026817808,-0.048318163,0.3179073,0.44678596,-0.08975834,0.18190579,-0.5154669,0.20320618,0.10876446,-0.101837076,-0.17768317,0.4900571,-0.30461466,-0.019054934,-0.3956232,0.40201828,0.35075593,0.42549548,-0.12848628,0.018672774,-0.62199503,-0.18423569,0.17974313,-0.02803988,0.15961191,-0.11740806,-0.22710072,-0.09051689,0.4824634,0.08763028,-0.37554187,-0.020003118,0.10359837,0.153381,0.07152384,0.1284508,-0.29502842,-0.13869157,-0.046113197,0.046787523,-0.22645102,-0.2571699,0.034766987,0.20797934,0.04322964,0.19833305,0.11544057,-0.24122365,-0.33637616,-0.0027690125,-0.13478248,-0.17797615,-0.09900177,-0.5139959,-0.08200273,-0.03091436,0.0086817155,0.0017030779,0.23045886,-0.010646095,0.1845554,0.12896274,0.20045908,-0.064663924,-0.1798605,0.20533171,0.054063383,0.14201479,0.0970056,sport
0.24847391,0.03708651,0.20778258,0.023531403,-0.26770306,0.13923024,0.078512624,0.32937315,0.105697036,-0.09477066,-0.38580233,-0.09911477,-0.04016537,0.14607862,-0.26832175,-0.29145426,0.16668862,0.22150137,-0.18895213,0.18417947,-0.31005245,-0.28284854,0.015789742,0.31594944,0.32070878,-0.020366326,0.09928782,0.3078271,0.12733448,-0.06746343,-0.033721793,-0.10085898,0.2631913,0.02173194,0.15722498,0.1668143,0.6440398,-0.22244787,-0.092957154,0.02048674,0.15700239,-0.07213128,0.26186213,-0.026813615,-0.1662596,-0.26377982,0.089187436,0.41480073,0.27946895,-0.27626273,0.25160092,-0.53997445,0.18821725,0.19187255,-0.20258696,0.14793245,-0.05731201,-0.14320111,0.036290698,0.19883384,-0.17729989,-0.32285026,-0.35402432,0.060134333,0.039681908,0.057417497,-0.0010631472,-0.5340732,-0.21011327,-0.23498106,-0.20125465,0.037632618,0.32811075,0.21482387,0.33486164,0.20315453,0.26634884,0.15749943,-0.266104,-0.36258695,0.15176389,-0.17971182,-0.1391043,-0.26052344,-0.3471718,0.06795891,-0.056647822,-0.14061181,-0.099527754,0.21214008,-0.011967174,0.3234757,-0.19374558,0.10015137,0.05771029,-0.0073587624,-0.0838345,0.012281879,-0.074311726,-0.05552174,sport
0.25449368,0.31459972,0.062283136,0.0067880326,-0.31713462,0.17637141,0.12527254,0.47279313,-0.14752749,-0.17580804,-0.35333663,0.06842613,-0.0657126,0.12366692,-0.11727495,0.009438509,0.1550085,0.07611815,-0.042646587,0.046969395,-0.22213715,-0.19076264,0.046280548,0.34424552,0.29051116,-0.039715033,0.09023838,0.14783292,0.05661145,-0.06711106,-0.0061867456,-0.09693118,0.04800749,0.2107613,0.175722,-0.04365519,0.5732601,-0.21239695,0.0263039,-0.011801337,0.16373523,-0.1463394,0.35454693,-0.10867129,-0.068051614,-0.24956699,0.3251369,0.318747,0.2581989,-0.18601172,0.13395442,-0.515865,0.016042445,-0.0057062954,-0.11440547,0.18004386,-0.19320953,-0.27167547,-0.13403709,0.18436348,-0.12250588,-0.22097227,-0.23032469,0.0927505,0.16003245,-0.086258836,-0.047390595,-0.49057546,-0.06618829,-0.1243822,-0.053812195,-0.08154584,0.09407305,0.11660327,0.22893398,0.16727366,0.13631527,0.14822598,-0.4045301,-0.1267889,0.11006891,-0.11535398,-0.021612717,-0.13630857,-0.28565556,0.07843376,-0.0037340322,-0.09811306,0.035823803,0.19834174,-0.04598912,0.32953054,-0.13992901,0.094521895,-0.03323105,-0.06982439,0.097597115,0.19905512,-0.13292846,-0.1814848,sport
0.2156376,0.23668934,0.08461134,-0.07223794,-0.3998089,0.11815322,0.055658925,0.24623908,-0.134543,-0.13291314,-0.49631196,0.058598284,-0.06976085,0.09902994,-0.15934771,-0.00715308,-0.009066675,-0.020525051,-0.14176226,0.072949216,-0.17723499,-0.058171067,0.2096048,0.16222174,0.31707346,-0.11374158,-0.14156206,0.13859737,-0.051326577,-0.15267037,-0.10386386,-0.099785015,0.19722505,0.016121326,0.17520556,0.010963346,0.3878154,-0.34470776,0.049432512,0.21327992,0.30752736,-0.025638368,0.40585232,-0.2979033,0.059785977,-0.21454987,0.31480598,0.29397753,0.24387178,-0.29476893,0.0071103573,-0.5903346,0.020933881,0.0019847595,-0.070499964,0.14638068,0.053684484,-0.023077073,-0.09594642,0.35555813,-0.03878236,-0.36117923,-0.16414106,0.06209991,0.06521786,-0.053728946,0.0012042243,-0.601513,-0.15133347,0.041862786,-0.2114107,-0.07191934,0.25367928,0.26894403,0.23712324,0.095916495,0.043694742,0.068879336,-0.06413102,-0.27794507,0.079968266,-0.07779443,-0.10700728,-0.2083882,-0.6081631,0.038303755,-0.13412468,-0.295489,-0.20202456,0.18509668,-0.25872874,0.16788553,-0.24076483,0.031074945,-0.07720703,-0.19329996,0.15625134,0.046415325,0.08551465,0.0059153177,sport
0.23833437,0.13230503,-0.063816264,0.112871446,-0.3389493,0.13387732,-0.057881735,0.21599382,-0.06986324,-0.117194615,-0.48324645,0.03329806,-0.028126573,0.1774108,-0.17070377,0.0846677,0.07637106,0.025826449,-0.21354313,0.09253244,-0.16839857,0.03632843,0.22637491,0.28318372,0.41113484,-0.27936107,-0.116242655,0.122119375,-0.054035094,-0.10126161,-0.14112866,0.16992524,0.060259078,0.18164612,0.078254856,0.008239914,0.2538983,-0.3279909,0.08823137,0.0603985,0.22593929,-0.11916753,0.2995043,-0.17176461,0.20055762,-0.22906555,0.33860043,0.23258261,0.20132042,-0.31724352,-0.01765155,-0.51737726,-0.13938846,0.16189237,-0.25050303,0.20600994,-0.030693782,-0.24430346,-0.22769263,0.31156275,-0.044882257,-0.38174754,0.07587119,0.035789274,0.197144,-0.11409405,0.073041365,-0.5768236,-0.111825384,-0.060630146,-0.105238974,-0.10245144,0.08447324,0.3532984,0.17126575,0.15004882,0.14225487,-0.067494445,-0.3878095,-0.27778107,0.06294295,-0.16627698,-0.18271765,-0.13615832,-0.48350242,0.0072197043,-0.21285422,-0.2688849,0.097626574,0.20761928,-0.12787376,0.32585692,-0.051367763,0.24592668,-0.01805842,-0.12546454,0.06199953,0.11546587,-0.06510564,-0.004577598,sport
0.25003257,0.00822403,0.13777202,-0.011826846,-0.43832067,0.053688873,-0.023411032,0.14494967,-0.12837312,-0.20140415,-0.34608206,0.011404062,-0.011142201,0.29483515,-0.12263239,-0.1044597,0.067312144,-0.04267765,-0.19389904,0.112564385,-0.26284122,-0.2755324,0.14146198,0.14207374,0.3581798,-0.12828146,-0.15672645,0.13639626,-0.11834969,-0.27832428,-0.048309717,0.05468309,0.13342626,0.15668355,0.12921752,0.02290374,0.3220936,-0.39446488,0.031743553,0.19070625,0.26397878,-0.13522053,0.36093315,-0.109201126,0.060690604,-0.35299987,0.27723566,0.3223532,0.42180005,-0.18464918,-0.046275992,-0.6806147,0.0073475176,0.016700694,-0.047156956,0.12647273,0.071056925,0.02490956,-0.09665751,0.42102313,-0.018865205,-0.45740065,-0.2550683,0.12034494,0.20073724,-0.042870697,-0.055811167,-0.44682333,-0.052738767,-0.096949086,-0.06957493,-0.04170875,0.06604115,0.2125428,0.1336931,0.027548848,-0.007885961,-0.115816556,-0.16616558,-0.3512262,0.17902315,-0.09629848,-0.22137254,-0.06676423,-0.6228908,-0.004373173,-0.008879975,-0.36460143,-0.15558846,0.13681062,-0.08593603,0.039698314,-0.11741659,0.001089598,-0.027305607,-0.1131995,0.33841908,-0.07443642,0.120903805,-0.04887957,sport
0.17825134,0.20226522,-0.066838495,-0.09523871,-0.2859146,0.11217218,0.077185586,0.37786198,-0.297216,-0.29501384,-0.39840427,0.12958373,0.02873293,0.12547463,-0.080375776,0.04438973,0.05093051,-0.028648907,-0.040201325,0.10710996,-0.2526802,-0.13215461,-0.0040400024,0.35196254,0.30041716,-0.07719383,0.019477779,0.21311899,-0.15819442,0.021328505,-0.13922355,-0.17008933,0.022301657,0.21653706,0.17249654,-0.18094134,0.5280566,-0.16088656,-0.09372819,0.13908707,0.262609,-0.02950128,0.387373,-0.1806981,-0.08735876,-0.15011927,0.20563012,0.42330867,0.21640192,-0.21284394,0.10929839,-0.49213493,-0.053240065,0.02937793,0.05169106,0.061259266,-0.099708244,-0.07675893,-0.007778857,0.28675562,-0.05649019,-0.20883188,-0.3487613,0.21618411,0.14728019,-0.18830016,0.028285954,-0.5067894,-0.0034738213,-0.08385569,-0.015834795,-0.033926267,0.17210032,0.015817283,0.22642462,0.11451886,0.2004132,0.0603222,-0.204375,-0.1628569,0.0168328,-0.11292116,-0.13098952,-0.048677176,-0.2762933,-0.0036164701,-0.119886704,-0.18463914,-0.026312467,0.27618805,-0.16096519,0.3139789,-0.13971622,-0.020057056,0.028246531,-0.13671492,0.10714918,0.2307168,-0.06752367,-0.22244674,sport
0.23913395,0.05927753,0.18295924,-0.034618516,-0.38994092,0.09250271,0.013502329,0.18034789,-0.11289615,-0.10644397,-0.3479925,-0.021476889,0.045808107,0.28208467,-0.13936651,-0.12462464,0.056904294,-0.034553166,-0.13636665,0.13504869,-0.2396027,-0.15941378,0.1692843,0.3223264,0.31624132,-0.17857486,-0.1673225,0.18159568,-0.0455384,-0.24937826,-0.1961037,0.050120182,0.07922078,0.17131244,0.14349662,-0.02955006,0.34722364,-0.31887883,0.09003984,0.13076319,0.15587798,-0.07211937,0.35910836,-0.27031565,0.062993385,-0.3367558,0.29238,0.23724519,0.30903745,-0.24965857,-0.06632627,-0.586941,-0.09991608,-0.014992076,0.021529414,0.078817345,0.08213136,-0.000853793,-0.11446494,0.41023695,0.028603738,-0.3496469,-0.06873332,0.1260012,0.14355016,-0.041038707,-0.064556256,-0.38703403,-0.09290378,0.03416565,-0.050362766,-0.15260392,0.036784865,0.13843067,0.1443721,0.099680096,0.09970005,-0.08080906,-0.1627847,-0.34055126,0.04711493,-0.061894882,-0.17045377,-0.16443737,-0.5436322,-0.023265047,-0.028253077,-0.288244,-0.087938175,0.1639677,-0.0876923,0.12135354,-0.06177619,0.12363822,-0.013701702,-0.21426772,0.2575386,0.037967425,0.0580688,-0.047820073,sport
0.21499196,-0.015862344,0.1684083,0.012600489,-0.31943431,0.19571574,0.01710626,0.1844134,0.006898616,-0.042859152,-0.37188354,0.050064083,0.11248892,0.20255443,-0.0914971,-0.039227854,0.11124219,-0.03624137,-0.07989787,0.10285386,-0.24181782,-0.12718448,0.13714023,0.3111308,0.32440546,-0.20308091,-0.008684229,0.1600856,-0.052938696,-0.15622503,-0.123006985,-0.035040423,0.049800467,0.10922516,0.08548142,0.013300576,0.35030466,-0.33905083,0.19592433,0.11961001,0.1748013,-0.06927027,0.33937877,-0.24271137,0.16393343,-0.26267448,0.28604335,0.2508206,0.3482269,-0.2132633,0.008720226,-0.53296846,0.00427022,0.02232884,-0.11447428,0.125106,0.0628542,-0.029661437,-0.11916839,0.42301008,0.012411228,-0.37982243,-0.02704767,0.13925572,0.17376275,-0.03782041,-0.058959566,-0.41478348,-0.22367465,-0.026379513,-0.05776428,-0.10385443,0.07349272,0.17265965,0.14854687,0.023937361,0.14702113,-0.1075009,-0.19829513,-0.41115096,0.13155027,-0.05729092,-0.21375933,-0.17334123,-0.5776212,0.10236812,-0.10866745,-0.30049592,-0.12638564,0.22184664,-0.041629057,0.20399931,-0.15005241,0.104951575,0.00083913654,-0.14001721,0.15528661,0.12605035,-0.0027355638,-0.04442986,sport
0.24819455,0.012121379,0.13637222,-0.022640698,-0.35110262,0.14005654,-0.045333248,0.1427782,-0.095472604,-0.13997664,-0.33729002,0.000117617434,0.093357295,0.1455833,-0.11409741,0.030091485,0.120937854,0.033059135,-0.13540705,0.10979588,-0.20385869,-0.1448111,0.23117746,0.3078018,0.2866544,-0.2046925,-0.12269392,0.19837846,-0.12326621,-0.20900384,-0.23655869,0.030314216,0.104334794,0.07948171,0.18058288,0.06944996,0.30900744,-0.35282093,0.107667014,0.11479233,0.2797582,-0.05252314,0.39966133,-0.22679146,0.116903014,-0.2787188,0.34091258,0.22659668,0.31004888,-0.22729628,-0.016489685,-0.5398128,0.012512031,-0.01363812,-0.010320925,0.10689678,0.13400856,-0.016398042,-0.18239376,0.43563306,-0.006799829,-0.40687597,-0.09931353,0.13254616,0.16405414,-0.048439715,-0.063218474,-0.3763885,-0.13867353,0.06341775,-0.11605927,-0.13697143,0.12891272,0.19140382,0.114632696,0.019673655,0.08678922,-0.14000787,-0.16996294,-0.35416892,0.116462596,-0.06728359,-0.20288758,-0.13322428,-0.5913808,-0.016372593,-0.1585191,-0.34164524,-0.13986488,0.20631842,-0.056386303,0.13828643,-0.115439415,0.036416955,-0.08733178,-0.18547122,0.2258277,0.07701384,0.0625252,-0.042688064,sport
0.22819804,0.044074122,0.21918614,0.096381396,-0.32499102,-0.07465724,0.028358778,0.25520554,0.032191962,-0.024015572,-0.14848599,-0.18327165,0.19649808,0.10935527,-0.07082802,-0.013505432,0.12756383,-0.10652609,-0.1464094,0.009727472,-0.39257812,-0.14785014,0.07747266,0.36708066,0.051160675,0.036763847,0.039501153,0.25793713,-0.107645154,-0.07942226,-0.24187553,0.08561581,0.00046282698,0.29757774,0.27225658,0.053965606,0.22521625,-0.29827154,0.06958978,0.057071514,0.18892828,-0.06987439,0.41276267,-0.060229216,0.012043996,-0.102810346,0.2673528,0.28776348,0.3808235,-0.24772096,0.004857103,-0.6592129,-0.36363974,-0.074310616,-0.03112108,0.0953163,-0.06258032,0.011212468,-0.07016059,0.5834384,-0.016488006,-0.43462092,-0.16557756,0.0815131,0.16039783,-0.092501886,-0.032314297,-0.35589066,-0.120268494,-0.09279178,-0.06757608,-0.097153656,-0.09750839,0.03007218,0.2565166,-0.0570114,0.10142791,-0.0633761,-0.18034807,-0.16509028,0.08498117,-0.1608044,-0.23422813,-0.017584786,-0.43625328,-0.094656676,-0.1824952,-0.21356447,-0.038153872,0.27018687,-0.024106035,0.16069256,0.14862636,-0.045873124,-0.13413478,-0.14313354,0.3614114,0.16925016,-0.005109759,0.004341887,sport
0.2297231,0.16646142,-0.0069836974,0.048117645,-0.32431883,0.10080635,0.09850211,0.29393867,-0.10084118,-0.20571044,-0.43604076,0.025187079,-0.024673242,0.18653312,-0.16828373,-0.033321455,-0.042998172,-0.07363365,-0.103239805,0.14725307,-0.21531199,-0.0417074,0.056167018,0.26133853,0.37983263,-0.1484655,-0.042322155,0.25265336,-0.06440473,-0.10677013,-0.061283667,-0.0467805,0.061903637,0.24604683,0.17990929,-0.10907477,0.37874532,-0.21179682,0.011873543,0.023081759,0.19429457,-0.15656817,0.36402926,-0.15950064,-0.060202662,-0.2962288,0.19148344,0.34158143,0.2796928,-0.25833902,0.003399591,-0.5420521,0.010382403,0.035553504,-0.09456059,0.12068642,-0.061349213,-0.10890093,-0.12766033,0.3340799,-0.06300963,-0.24144936,-0.14561966,0.13794811,0.11316988,-0.16745538,0.0064375456,-0.53137356,-0.12439688,-0.09985502,-0.10911432,-0.03538654,0.08808447,0.14136992,0.2743093,0.09801271,0.20859273,-0.012851864,-0.15033098,-0.25927255,0.09727625,-0.13933371,-0.013820503,-0.054712582,-0.43190992,0.044184327,-0.0456736,-0.15740064,0.057180807,0.16354719,-0.14588471,0.30537093,-0.00026516346,0.07879011,0.020327417,-0.121906854,0.15482067,0.10527405,-0.033639036,-0.09067798,sport
0.3253687,0.07676219,0.036269356,0.025084117,-0.37579438,0.09468594,-0.029492008,0.30233604,-0.19610538,-0.11775406,-0.37861162,-0.09142926,0.011096383,0.08770198,-0.1843134,-0.0028628134,0.1037554,-0.021354033,0.023943197,0.10881953,-0.24424663,-0.025765583,0.09825112,0.2463891,0.28972226,-0.11619775,-0.1235041,0.20435442,-0.13742755,-0.10728489,-0.1798419,0.056951478,0.14085674,0.08591443,0.20131887,-0.07388027,0.43938804,-0.26187456,0.010114007,0.18030877,0.24614945,-0.035694726,0.3935656,-0.23744667,-0.04224491,-0.3915872,0.2826168,0.3262159,0.22353235,-0.22422361,0.017622424,-0.5600264,0.0013099093,0.071244575,0.02705985,0.1669183,-0.031809613,-0.014525728,-0.05795121,0.35548326,0.0154186515,-0.26043576,-0.096704364,0.20152025,0.21720514,-0.07109619,-0.014938406,-0.36775583,-0.1607928,0.025369704,-0.14509209,-0.055880535,0.20961237,0.18415748,0.1477912,0.106641024,0.13455749,0.015999647,-0.2017974,-0.21315978,0.080648646,-0.117741294,-0.11281159,-0.10252807,-0.4795788,-0.055104703,0.0811272,-0.18083867,0.0054230434,0.16436392,-0.053749323,0.13591635,-0.14773344,0.059108324,-0.042615946,-0.12733757,0.18132353,0.13892838,0.05928558,-0.14467505,sport
0.21402326,0.27780306,-0.02553615,-0.05266171,-0.31042427,0.088444866,0.13217004,0.31341267,-0.273622,-0.2058365,-0.46189198,0.08479524,0.033366676,0.07755481,-0.08829743,0.057604015,0.016141083,-0.044164516,0.008865084,0.10266887,-0.2916855,-0.05071592,0.020696903,0.28020436,0.26364937,-0.03491965,0.013832888,0.21607088,-0.09402203,-0.02580268,-0.12567838,-0.024324069,-0.0072336392,0.19725351,0.16636518,-0.09238586,0.47036156,-0.18968634,-0.07364771,0.15093963,0.19427414,-0.06437752,0.45092344,-0.29986045,-0.107041076,-0.24914658,0.16395572,0.3801417,0.25095275,-0.23657264,0.05645395,-0.54573685,0.025290644,-0.049413808,-0.01176721,0.08471016,-0.1251557,-0.10820923,-0.07078851,0.32670605,0.018917028,-0.22078365,-0.098653585,0.07810922,0.25050107,-0.1592641,0.00762449,-0.4640341,-0.08263123,-0.07122647,-0.12213719,-0.060881034,0.20109324,0.08538929,0.20379604,0.10516386,0.21108064,0.12788318,-0.22117639,-0.14352374,0.00030814292,-0.079446316,-0.02563089,-0.10536407,-0.36500055,0.08126558,-0.05186874,-0.11355615,-0.018965524,0.23188469,-0.13100275,0.3303871,-0.12464916,0.011529152,0.043321095,-0.12580177,0.20247298,0.12083275,-0.05816153,-0.20498618,sport
0.26319802,-0.041678347,0.24486673,0.01647942,-0.36230537,0.07666552,0.15899815,0.29323268,0.22248356,-0.16276853,-0.12491189,-0.09243738,0.19327657,0.020870956,-0.18111923,0.03889894,0.14005493,-0.15896437,-0.2823612,0.003040229,-0.37393242,-0.06421831,0.060400277,0.56346524,0.15267982,-0.1586433,-0.034876708,0.2996432,0.08164533,-0.045250267,-0.113740556,0.0122876465,-0.0330813,0.3775081,0.42241192,-0.051774077,0.17931059,-0.50407517,0.21949542,0.070113525,-0.060789425,-0.2100298,0.51323557,-0.26469052,-0.0453711,-0.43802467,0.371508,0.35586596,0.5167738,-0.103735484,0.00016995231,-0.634783,-0.21483292,0.25918457,-0.10623316,0.09933079,-0.108994894,-0.20384136,-0.10152118,0.45115253,0.06825423,-0.3849948,-0.030406855,0.06330371,0.16565613,0.10056447,0.1365082,-0.31500205,-0.17915876,-0.037813235,0.033867594,-0.1679439,-0.29301667,0.007884594,0.17765954,0.006062172,0.15503787,0.09699307,-0.2247131,-0.44457397,0.053202022,-0.1704061,-0.08219644,-0.038741652,-0.5256086,-0.04280538,-0.085715055,0.014610059,0.027146254,0.13811117,-0.033861797,0.19256657,0.13830867,0.19951071,-0.06534921,-0.19767338,0.23841573,0.11058652,0.063667476,0.073503256,sport
0.2926459,0.16442192,0.19255547,0.13520196,-0.27666447,0.082326345,0.104384124,0.27111265,-0.13761443,-0.17157981,-0.24248545,-0.36423525,-0.008549489,0.07565688,-0.15019713,-0.08263788,0.063898295,0.0050117346,-0.16133499,0.025300609,-0.3195266,-0.19865061,0.23251139,0.37089294,0.1766115,-0.07306528,0.09107304,0.113807,-0.065697566,-0.060755115,-0.22804838,0.053948194,0.05059894,0.44137263,0.29852954,0.15255995,0.27527183,-0.3478981,0.013702957,-0.12150653,0.24573788,-0.14685415,0.3998792,-0.12938254,0.12607658,-0.23511124,0.45872334,0.30732742,0.2739449,-0.31714702,0.05497523,-0.6989393,-0.3446679,-0.05786489,-0.088888265,0.1799572,-0.03830012,-0.1262658,-0.11785115,0.3324482,-0.14446433,-0.37779164,-0.1775113,0.03674197,0.16790748,-0.1837962,-0.03859209,-0.39559123,-0.12127827,-0.06404477,-0.06553411,0.027308473,-0.03951695,0.16663867,0.38115436,0.12573728,0.10011475,0.047295485,-0.29629958,-0.14601551,0.12197609,-0.23701048,-0.23183678,-0.052591957,-0.42436627,-0.029237075,-0.18719162,-0.13971207,0.14144488,0.25018433,-0.06702821,0.2349707,0.2237113,0.14313392,-0.29179972,-0.2024404,0.18658091,0.16978452,-0.14963976,-0.057663485,sport
0.2741013,0.13495031,0.2476903,-0.05261269,-0.22851227,0.025780996,-0.09241999,0.21419828,-0.14536664,-0.09126947,-0.28813475,-0.18279606,0.2040595,0.0887928,-0.00027219707,-0.034411814,0.09534035,0.04796933,-0.15512283,-0.03025969,-0.28400096,-0.17177191,0.17457092,0.48702216,0.22930063,-0.05356016,-0.008421733,0.1780173,-0.02122056,-0.19610225,-0.28273895,-0.036507867,0.17564197,0.2863993,0.33705473,0.13634378,0.24265061,-0.2836187,-0.0020215241,0.02564985,0.23510812,0.052803084,0.5257544,-0.24657397,0.0032876332,-0.17904803,0.25274244,0.34737006,0.39878106,-0.27438098,0.020916702,-0.62464267,-0.29592004,-0.16061884,0.21559542,-0.022097493,0.110240795,0.048641283,-0.043149415,0.5113212,-0.111099415,-0.34735614,-0.056312654,0.02085178,0.19781552,-0.09882016,-0.10029336,-0.50825393,0.021858102,-0.07749036,-0.15748094,-0.10435251,0.02512936,0.04994734,0.22259225,0.11530129,0.14066659,-0.11978538,-0.059097018,-0.12796128,-0.06517757,-0.06917733,-0.23080467,-0.10235344,-0.44588795,-0.074478626,-0.2658349,-0.2917537,0.10275227,0.33271894,-0.077127144,0.19326372,0.07648935,0.058918417,-0.1704277,-0.3513059,0.24215357,0.20819886,-0.0774736,-0.06626361,sport
0.16283429,0.14981952,0.17298669,-0.034782097,-0.20777376,0.0763919,-0.028657502,0.16470703,-0.2095466,-0.07749533,-0.3920436,0.12164085,0.17005308,0.14824419,-0.0033789848,-0.004711894,0.10597607,-0.085309,-0.035454802,0.020844556,-0.25005135,-0.12506393,0.16278411,0.44988826,0.11558532,-0.020937694,-0.085033305,0.051256575,-0.097252786,-0.14365949,-0.046626203,0.042981453,0.13402905,0.2447229,0.34407732,0.17496206,0.19087449,-0.34812483,-0.15989,0.053075727,0.20505202,0.089422785,0.44468096,-0.23472537,0.121970505,-0.12673807,0.09483518,0.31094605,0.3759344,-0.13792405,-0.04668149,-0.57450956,-0.123064324,-0.09435572,0.24527255,-0.04735697,-0.0053283977,0.07460426,-0.101257235,0.5342412,-0.015897833,-0.22519596,0.021574661,0.03982553,0.31728348,-0.11990773,-0.13796036,-0.4419137,-0.013771676,-0.16782269,-0.044006642,-0.08675512,0.024100926,0.09437151,0.20717953,0.1432874,0.13540645,-0.18368381,-0.20602679,-0.101960264,-0.104301244,0.03612298,-0.1880874,-0.025726492,-0.40834582,-0.08214508,-0.15099339,-0.26791885,-0.0006861593,0.34382257,-0.12881105,0.23921399,-0.008696619,0.012769562,-0.11792365,-0.22941762,0.16935742,0.24001072,-0.07073373,-0.08843351,sport
0.25629258,0.05224847,0.23928362,0.09061576,-0.31804377,-0.07822381,-0.07402971,0.14502643,0.0065630996,-0.049136538,-0.22808312,-0.28583398,0.20676582,0.08411443,-0.12533598,-0.0014309405,0.098655954,-0.05365938,-0.18659882,0.042890593,-0.42406166,-0.12776813,0.16174708,0.43480927,0.1295105,0.06068664,0.06190273,0.2588464,-0.091456816,-0.11930417,-0.2212713,0.12788558,0.110069364,0.3128724,0.2733685,0.04930827,0.2622956,-0.2648534,-0.04872205,0.09353191,0.2156519,-0.054726623,0.52547634,-0.13218959,0.03652664,-0.14231631,0.3135774,0.35471922,0.4156908,-0.29251844,0.017334726,-0.6481126,-0.29409522,-0.11138313,0.12977621,0.04414069,-0.0510675,0.08654551,-0.07327181,0.60876065,0.008040978,-0.30933246,-0.11751551,0.13702254,0.24894704,-0.06314842,-0.029126052,-0.3401219,-0.031820998,0.0035713727,-0.06682555,-0.08352015,-0.0022782718,-0.031393886,0.2689162,0.121430695,0.18299025,-0.04495793,-0.125915,-0.17598942,-0.10705973,-0.077993095,-0.14961769,-0.015416869,-0.42807895,-0.15021828,-0.16381474,-0.24715135,0.1306023,0.30048126,-0.04005906,0.11892295,0.1154632,0.052885894,-0.23216777,-0.17907654,0.3180572,0.21356593,0.042859394,-0.043118805,sport
0.27260613,-0.07398364,0.29826275,0.017050803,-0.36671475,0.036913317,0.12292295,0.29253802,0.09362745,-0.1664112,-0.15545796,-0.100424744,0.13341404,0.16641903,-0.123021334,-0.024899581,0.11018399,-0.08237305,-0.20860305,0.058142085,-0.31970766,-0.06387776,0.14149414,0.56683505,0.10703251,-0.12453267,-0.051286213,0.279576,-4.0220624e-05,-0.07892251,-0.16332184,-0.034947786,0.01452001,0.38387412,0.4387473,-0.065655865,0.25611243,-0.38898724,0.18359692,0.045190092,0.051711965,-0.1652836,0.4884406,-0.27686584,-0.064724006,-0.30931452,0.38831636,0.31434566,0.37384278,-0.12833671,-0.010458245,-0.669706,-0.16989613,0.112071015,0.037897933,0.11702083,-0.063726544,-0.20822638,-0.07833269,0.44917598,0.009651767,-0.3588879,-0.058540877,0.08292254,0.15858309,0.0021616416,0.014625263,-0.31496766,-0.13101193,-0.030919153,-0.008609836,-0.1639448,-0.20500767,0.057684626,0.23835096,0.08950374,0.15699726,0.10997146,-0.24517316,-0.28790686,0.045439422,-0.15822266,-0.17944273,-0.0374906,-0.45625147,-0.09719069,-0.07521159,-0.04042236,0.046640135,0.22514147,-0.03148657,0.14455914,0.119569704,0.19394395,-0.08285067,-0.21609113,0.22649148,0.1322431,0.11166963,0.056138415,sport
0.14229272,0.17459904,0.07750085,-0.068038575,-0.2664561,0.12750635,0.08791692,0.36912435,-0.20894262,-0.27618343,-0.2809724,0.1077798,0.009675527,0.09286079,-0.18198225,-0.060994346,0.037580147,-0.021677084,-0.020493569,0.13818699,-0.25927395,-0.17069419,-0.034056973,0.35010675,0.3674206,-0.0626993,0.0723684,0.25325882,-0.07498296,-0.07805955,-0.1350235,-0.13630189,0.058328584,0.17248999,0.19512275,-0.17678842,0.5069457,-0.12154646,-0.08572713,0.14087847,0.24384148,-0.05288018,0.33040535,-0.20930281,-0.05693715,-0.23725787,0.18856893,0.40734166,0.25318232,-0.2536245,0.11645317,-0.4981231,0.00479408,0.14966194,0.019046288,0.10664321,-0.13752188,-0.08393065,-0.049769823,0.33187756,-0.05891779,-0.20409273,-0.33319813,0.10961942,0.1605384,-0.13842352,0.05093772,-0.51040214,-0.0613185,-0.19945626,-0.021446154,-0.03987833,0.13233197,0.07746909,0.27271318,0.059367023,0.16566898,0.043983184,-0.29185066,-0.16098475,-0.024303542,-0.12939008,-0.1616538,-0.047668565,-0.3241926,-0.025505383,-0.12965114,-0.14677382,-0.07580815,0.35568932,-0.074865155,0.2172875,-0.080584854,0.0056147478,-0.062004868,-0.15706705,0.16781498,0.26200467,-0.0672822,-0.2258647,sport
0.13931245,0.06560284,0.06904823,-0.23949967,-0.26485503,0.2603779,0.1133377,0.39864627,-0.12902737,-0.15955807,-0.2947601,0.29716846,0.1042387,0.11996473,-0.08805218,-0.017511671,0.04768538,-0.06583897,-0.10086258,0.01319833,-0.14501192,-0.0048874062,0.08165194,0.43696716,0.13402225,-0.111496836,0.04872655,0.15370072,-0.037764415,0.0023261956,-0.08187649,-0.13948722,0.24493611,0.25385118,0.298786,0.01836482,0.30254278,-0.29887322,-0.28606978,0.16677596,0.077362284,0.15289146,0.36010385,-0.16320191,0.12773445,-0.1655433,0.021184457,0.42830116,0.2669186,-0.2772813,0.02775632,-0.43311325,-0.0363197,0.046294045,0.16983062,-0.08704831,-0.1242016,0.044179596,-0.114380665,0.43661037,-0.017519092,-0.21207656,-0.21265706,0.10911781,0.15280347,-0.0709106,0.058896653,-0.5060496,-0.045768805,-0.16100796,-0.012350688,-0.06585121,0.009419427,0.034943942,0.06978166,0.16876838,-0.028124457,-0.07261276,-0.0064720027,-0.06603864,0.09871115,0.002808895,-0.0980829,-0.11398437,-0.38369298,-0.019180838,-0.051059403,-0.32443923,-0.19303444,0.12877585,-0.23857461,0.1413665,-0.11605708,-0.09808886,-0.08580507,-0.22671172,0.0041827746,0.33235243,0.043743387,-0.11472786,sport
0.17178525,0.11119934,0.2941148,0.18306124,-0.29479882,-0.015038779,-0.010827547,0.3299269,0.2962614,0.18126012,0.024027333,-0.2802065,0.22879367,0.07985662,-0.08783668,-0.015793622,0.21755409,-0.015838614,-0.16526516,-0.022681106,-0.41324064,-0.06719637,0.109026335,0.54723465,-0.050545927,0.16647078,0.17672378,0.25301903,-0.0012280284,0.033381734,-0.066601016,0.04545418,0.04176653,0.44355574,0.40249085,0.13562179,0.15151872,-0.28186804,0.13453563,-0.110948935,0.063939616,-0.12561625,0.44694445,0.07252698,0.08929705,0.055465862,0.28957522,0.3509633,0.42231748,-0.24890698,0.06941534,-0.6283716,-0.39139244,-0.19840655,0.029836863,0.08225638,-0.18266529,-0.04123877,-0.019014828,0.5280764,-0.055090193,-0.43637118,-0.09334156,0.16135715,0.24340273,-0.087020114,-0.061768502,-0.3008462,-0.20936592,-0.026415614,0.014687443,0.018492742,-0.20580173,-0.009840448,0.34593284,0.037206933,0.16935767,-0.06561271,-0.1387626,0.0186074,0.13318549,-0.15760998,-0.24235313,-0.08050986,-0.35588455,-0.12880658,-0.27529868,-0.1869443,0.10163761,0.2808587,0.010344055,0.18275136,0.28399584,0.0082270885,-0.19956319,-0.1469236,0.15777914,0.43133026,-0.051713537,-0.06827741,sport
0.33977348,0.03180125,0.20716079,0.13656095,-0.39639327,-0.028342258,0.01015522,0.28498352,0.08256642,-0.024661317,-0.13728116,-0.19866894,0.15151486,0.10310556,-0.15170953,-0.06907571,0.10317268,-0.0947815,-0.16731693,0.008925429,-0.42173457,-0.13562202,0.16088189,0.33843338,0.07348257,-0.08767542,0.036441423,0.28615355,-0.07491221,-0.044916183,-0.31215072,0.06571912,-0.06624406,0.25913388,0.21272264,0.060191788,0.25578848,-0.23307605,0.029628903,0.10401276,0.2074486,-0.053828847,0.40541998,-0.08953249,0.04027891,-0.16926019,0.2929394,0.3528992,0.3559548,-0.24717362,0.019151442,-0.59030247,-0.32887697,-0.05772724,-0.014866535,0.17728095,-0.1104163,-0.04511682,-0.0845701,0.55624163,-0.029667154,-0.41277668,-0.21621415,0.1459533,0.11951243,-0.099194594,-0.034805436,-0.39210147,-0.11232182,-0.11544278,-0.019933607,-0.12032658,-0.10488022,0.024450209,0.23452081,-0.061925154,0.12210307,0.032929525,-0.1539762,-0.20952882,0.031588335,-0.15905291,-0.2538234,-0.08060997,-0.40143043,-0.114081986,-0.2211544,-0.21248814,0.014313688,0.30653653,0.028079672,0.13558595,0.18183282,0.008270525,-0.1737206,-0.18878049,0.35879079,0.17625496,-0.006812672,-0.0022630324,sport
0.23841712,0.1974464,-0.00075016386,0.016949482,-0.2430485,-0.043108895,-0.20166019,0.24852309,-0.25470853,-0.07975552,-0.46637285,-0.038724,0.018749319,0.056469515,-0.14089757,0.022708578,0.11884943,0.0071993894,-0.18764551,-0.034378868,-0.19339222,0.08623763,0.087993935,0.33946258,0.21207267,-0.16498563,-0.031868502,0.21388331,-0.10004948,-0.100857526,-0.21310346,0.043927237,0.12175153,0.3109533,0.2514394,0.046852004,0.23137772,-0.1522802,-0.16543698,0.12919334,0.3034914,0.07348146,0.48347995,-0.16163982,0.047595963,-0.20514078,0.26153126,0.3461392,0.33325467,-0.23172408,-0.11686215,-0.62686914,-0.14655884,-0.14846444,0.062046632,-0.027036326,-0.03952355,-0.011232624,-0.017304339,0.41990387,0.021832889,-0.24943356,0.00077823614,0.073794425,0.21145517,-0.03680872,0.010203923,-0.4970465,0.048715718,0.048142638,-0.119476914,-0.056012765,0.1795531,0.1510287,0.15989557,0.05775769,0.18588144,-0.14360733,-0.043785285,-0.16807768,-0.043370787,-0.12442083,-0.16218925,-0.053958517,-0.55163544,-0.025312759,-0.05003472,-0.2653218,0.017339656,0.22082138,-0.26189122,0.22405364,-0.102014996,0.08272103,-0.06854696,-0.22864562,0.14565189,0.17225356,-0.086264946,-0.22261113,sport
0.28672943,0.0783339,0.27735016,0.015321822,-0.13300562,0.11884974,-0.21654376,0.28615138,0.08858403,0.06983001,-0.13066322,-0.3156391,0.2699541,0.10494617,0.10547853,0.07049883,0.22101106,0.15717924,-0.16866627,-0.08386044,-0.29519263,-0.26111808,0.08631952,0.6593209,0.26636326,0.11673854,0.09885772,0.15330453,0.042286564,-0.10596054,-0.061014667,-0.20960224,0.21023913,0.409102,0.36783618,0.2154759,0.2974781,-0.27609965,0.13264118,-0.11551712,0.19912112,0.012962923,0.5746616,-0.024691844,-0.0611952,-0.08309152,0.23959346,0.3906267,0.48805487,-0.34923533,0.08510775,-0.67260474,-0.44447002,-0.29254213,0.123951174,0.20489521,0.01297777,-0.049553305,-0.09083244,0.45094892,-0.33854192,-0.4438976,-0.0959062,-0.11369772,0.29580903,-0.10498266,-0.1468197,-0.5056827,-0.064210534,-0.1300499,-0.22808015,-0.085743934,-0.030955546,0.07216017,0.3513288,0.10533996,0.21656735,-0.2544861,-0.15042342,-0.12344882,0.035764415,-0.18587019,-0.2751751,-0.10324108,-0.38994068,-0.19436212,-0.26635608,-0.3456018,0.2161708,0.40625852,0.057069436,0.30639288,0.19575778,0.092515275,-0.14635538,-0.25946164,0.2771094,0.3096396,-0.053598013,-0.1523088,sport
0.2747465,0.0877495,0.13989873,-0.034236226,-0.25891107,-0.008899504,-0.16642807,0.16448802,-0.15986952,-0.025271187,-0.3938323,-0.09997599,0.27579787,0.09664191,0.07390125,0.054460686,0.14968307,-0.036335766,-0.118141115,0.008237202,-0.29175934,-0.00754492,0.09659982,0.4339421,0.15888584,-0.008978096,-0.10997496,0.18104208,-0.09336914,-0.104602434,-0.21039847,0.07906034,0.1864765,0.2265352,0.329244,0.15318698,0.20404534,-0.2932409,-0.03696475,0.044491153,0.19692221,0.11302304,0.540339,-0.25335965,0.07581557,-0.16189551,0.20816179,0.31674019,0.37729105,-0.22387967,-0.064994045,-0.69167113,-0.22414206,-0.22665507,0.23607053,0.031099362,0.095656924,0.062307015,-0.06431131,0.5677873,-0.025492245,-0.3324755,-0.0071214978,0.055856053,0.30721796,-0.060457103,-0.076305255,-0.3826508,-0.022824934,-0.05927268,-0.14020447,-0.10578595,0.071807675,0.104749195,0.1880145,0.040879767,0.17149165,-0.22380808,-0.12357389,-0.08621707,-0.089062475,-0.0513968,-0.18742265,-0.04238491,-0.5065379,-0.12273694,-0.20975265,-0.35740107,0.052162025,0.3266264,-0.18565704,0.15851322,-0.03523614,0.042009477,-0.12084355,-0.24075232,0.2020432,0.21047463,-0.04896952,-0.124518156,sport
0.26618394,0.04189007,0.18229523,0.08335932,-0.31421566,-0.011668866,0.018599752,0.29594103,0.07161446,-0.008211669,-0.17022069,-0.20779465,0.17862423,0.12071862,-0.077294454,-0.029555855,0.131908,-0.016756928,-0.09178443,-0.009456517,-0.3273823,-0.07118506,0.15982477,0.46460286,0.09514169,-0.04660165,0.088218816,0.2867875,-0.1048729,-0.070776075,-0.26724055,0.021029864,-0.04590103,0.32219508,0.290566,0.094476305,0.29796824,-0.22985813,0.058101427,0.013867575,0.2304697,-0.031913213,0.36056226,-0.040523022,0.058428,-0.060341664,0.33337095,0.27930242,0.38659778,-0.23053448,0.011331105,-0.5706192,-0.33125523,-0.17509182,0.012655617,0.10718802,-0.108760044,0.0024687562,-0.10459778,0.5715103,-0.056517392,-0.4163747,-0.1550833,0.07138851,0.13741566,-0.15028818,-0.12381552,-0.36648065,-0.12628007,-0.08760758,-0.09968339,-0.12413319,-0.092828736,0.037863895,0.28223506,-0.08074861,0.11759225,-0.05860862,-0.18681036,-0.11492397,0.066754766,-0.17081611,-0.25157937,-0.09335485,-0.35234526,-0.03845031,-0.24375387,-0.21006268,0.021519255,0.30207995,0.053476058,0.17482115,0.16000018,-0.04836964,-0.13088292,-0.12185484,0.36465392,0.21213765,-0.00032147847,-0.043736555,sport
0.24440739,-0.05660039,0.23221098,0.023324627,-0.3198295,0.080807276,0.12973885,0.27398217,0.15157898,-0.17425601,-0.19855972,-0.06260736,0.11967515,0.06555496,-0.10790354,0.061622687,0.048439126,-0.15923236,-0.23316084,0.040220607,-0.3455512,0.011721224,0.14626159,0.56809384,0.09466458,-0.15851964,-0.09618205,0.27672213,-0.013456665,-0.094150975,-0.10781259,0.03433889,0.011485352,0.34276256,0.46826163,-0.08666214,0.18057334,-0.45254713,0.22889632,0.18166184,0.0072241332,-0.13699436,0.4585428,-0.25700036,0.019097505,-0.36568418,0.3861888,0.34362194,0.40571702,-0.18508342,-0.013397553,-0.63618606,-0.17617418,0.18055522,-0.03285676,0.09571545,-0.08610847,-0.20891126,-0.08586382,0.49008414,0.036127925,-0.3807348,0.015503875,0.07982706,0.15991189,0.025795264,0.099071994,-0.34323356,-0.14368421,-0.02983343,-0.011339905,-0.19952995,-0.20690405,0.019453373,0.252195,0.07805804,0.22204128,0.07947748,-0.24976237,-0.31998166,0.0029830765,-0.179056,-0.13967861,-0.064909905,-0.50933224,-0.08229219,-0.103085175,-0.03452684,0.016779907,0.26492807,-0.06615692,0.17800266,0.12363983,0.22731145,-0.083527654,-0.20788656,0.23261404,0.081948265,0.11998067,0.11027027,sport
0.2878122,0.16658433,0.057266194,-0.03873904,-0.39770773,0.1148534,0.018047215,0.2760946,-0.1489139,-0.13590638,-0.32855198,-0.004373421,-0.0027369515,0.1110906,-0.21283221,-0.05330496,0.0316708,-0.025673475,-0.10773991,0.09110302,-0.2206811,-0.06425344,0.09884521,0.3336013,0.32022575,-0.21428967,-0.04695451,0.20515205,-0.034099694,-0.01227587,-0.13394955,-0.025795097,0.17796473,0.15530065,0.18251143,-0.09932859,0.4747438,-0.2438282,-0.03566549,0.10631216,0.23551615,-0.060788136,0.35130408,-0.21809074,-0.047185488,-0.26695263,0.22157456,0.3348192,0.21440265,-0.2534587,0.04163957,-0.51677305,0.029878497,0.10160905,0.09289288,0.13749577,-0.102243066,-0.11766648,-0.05193512,0.31229636,-0.027798938,-0.24714497,-0.24861744,0.19225092,0.072203964,-0.0947188,-0.03257847,-0.40494013,-0.14611657,0.0041482593,-0.1259088,-0.012281887,0.13314667,0.05822213,0.27262968,0.13418034,0.21837161,0.13289082,-0.2126489,-0.196357,0.028874692,-0.0006805648,-0.072809495,-0.12850246,-0.3818254,-0.021125479,0.016959155,-0.16149572,-0.013507499,0.14714777,-0.05983287,0.17911771,-0.07203913,0.086677834,0.013175333,-0.18591884,0.17386594,0.15484509,0.02596518,-0.115896635,sport
0.15020713,0.112141386,0.069495216,0.015490745,-0.3821939,0.06386761,-0.029122066,0.1439178,-0.15741241,-0.03092097,-0.49959114,0.10954511,0.029503422,0.07326659,-0.07587432,-0.07725483,0.07654092,-0.03852467,-0.09174671,0.054486886,-0.30457634,-0.1358602,0.12255004,0.26611277,0.22541709,0.003447542,-0.17237625,0.1599428,0.0001765464,-0.13006085,-0.03836055,0.09387274,0.19943947,0.1369855,0.26658925,0.11517238,0.42801052,-0.34568003,-0.10565453,0.17773081,0.18662427,0.0058865,0.48340222,-0.19238867,0.01317731,-0.20810047,0.114218205,0.27850544,0.36605215,-0.13628955,0.0035194384,-0.55692756,0.078940585,-0.0019586938,0.04548463,-0.004236542,-0.011968698,0.01967114,-0.09005664,0.40806812,0.00922307,-0.28952473,-0.15116231,0.11435159,0.22550902,-0.03715525,-0.0760372,-0.36082298,-0.098282024,-0.040901583,-0.14746122,-0.010140368,0.1430915,0.14948383,0.16743009,0.024589188,0.10346415,-0.013500613,-0.20385467,-0.20618516,0.02345664,-0.031633254,-0.032068074,-0.12223918,-0.39100245,-0.056686223,-0.11888682,-0.2346474,-0.1467638,0.20653851,-0.17318484,0.25198606,-0.20004079,-0.06153779,0.02239699,-0.11259121,0.058125693,0.10887023,-0.056976553,-0.14187083,sport
0.25268728,-0.00858665,0.19669355,-0.04213848,-0.36309263,0.10018747,-0.021319697,0.28074637,-0.18742548,-0.1299863,-0.33637846,-0.12745433,0.06820086,0.18149251,-0.17637318,-0.045673214,0.110962234,-0.06512412,-0.15872516,0.09416787,-0.22201383,-0.2675501,0.14836977,0.18687636,0.23743287,-0.17927614,-0.061256547,0.11775568,-0.05660795,-0.23105411,-0.21839991,0.010485613,0.27361876,0.101174764,0.17832498,0.016905924,0.26934066,-0.34316042,0.01615486,0.16490182,0.27190605,-0.009591609,0.38986304,-0.29697597,0.084065005,-0.33618802,0.2678085,0.3070697,0.4006475,-0.25476673,0.000483143,-0.67449826,0.06230873,-0.07693737,0.113564834,0.056490537,0.10407593,0.064737104,-0.055514194,0.5112958,0.00751408,-0.37265164,-0.04965153,0.066104114,0.15885317,0.0049649198,-0.15479615,-0.40948918,-0.17812937,0.1380654,-0.037157398,-0.13242732,0.09048163,0.14795318,0.12604147,0.022325814,0.1376669,-0.11586788,-0.090965815,-0.25763214,0.0043332153,-0.022167139,-0.21311548,-0.08339533,-0.5818779,-0.07346602,-0.05182298,-0.32955647,-0.15641762,0.13989107,-0.10124332,0.13004635,-0.1108168,0.026223533,-0.15687473,-0.23046185,0.32985315,-0.027112333,0.07983176,-0.008464146,sport
0.24803445,0.051131245,0.072063334,-0.05603508,-0.43860015,0.023233809,-0.07208112,0.22365783,-0.09333327,-0.15801594,-0.4120013,0.015407018,0.0048045884,0.17481142,-0.13692494,-0.06727487,0.05631319,-0.027827302,-0.20364398,0.12347154,-0.21842977,-0.17782514,0.19227874,0.14022614,0.31859684,-0.1974963,-0.13835946,0.18965621,-0.11218807,-0.24672617,-0.053913385,0.021553438,0.20603944,0.11101339,0.16664715,0.024646167,0.2820588,-0.35341707,0.0355658,0.1679763,0.26823768,-0.07124991,0.3412008,-0.19283085,0.07139035,-0.36182007,0.28732425,0.3516557,0.35372233,-0.21820037,-0.040319916,-0.63257045,-0.008619368,-0.036093198,-0.064489424,0.06604948,0.11030305,0.027894491,-0.1042775,0.45396587,0.038523234,-0.49207565,-0.12140623,0.09550462,0.14983423,-0.030098619,-0.07923033,-0.4803831,-0.12880152,-0.014088025,-0.13040364,-0.02703071,0.1725044,0.25487202,0.16254273,0.015393812,0.033516053,-0.1439669,-0.13936041,-0.317884,0.14575821,-0.035898756,-0.20723312,-0.103417724,-0.63920665,0.024919536,0.0020300162,-0.28794333,-0.16856425,0.11143207,-0.13122022,0.10958292,-0.13673589,0.0094551025,-0.05029791,-0.16360943,0.31965244,-0.05054118,0.14487432,-0.017940778,sport
0.10509188,-0.09568119,0.24891347,0.0129462,-0.34245402,0.0931551,0.096638195,0.14040346,-0.06709937,-0.08409866,-0.31184116,-0.0021100435,0.1523634,0.42075947,-0.048138674,0.013543053,-0.0041762134,-0.09211882,-0.0643564,0.1123919,-0.32792443,-0.17335756,0.22576138,0.35077763,0.108374745,-0.042789277,-0.04694286,0.22822791,-0.12066366,-0.21954003,-0.1834975,0.052472163,0.11899066,0.22678867,0.23663352,-0.04442226,0.2679013,-0.38938162,0.12057592,0.13750573,0.10446322,-0.1990539,0.4613443,-0.3620724,0.050243776,-0.2614738,0.37581524,0.20110655,0.3887166,-0.2108177,0.008158446,-0.67860234,-0.0738248,0.005821805,-0.035597734,0.14144321,0.01657563,-0.013331052,-0.0643888,0.4847718,0.07721273,-0.36971414,-0.06148142,0.21769209,0.20930576,-0.021328125,0.031665225,-0.36249924,0.011760008,0.021771904,-0.0018807088,-0.119599305,-0.0068283584,0.16436104,0.1499658,0.075882636,0.07540457,-0.09932731,-0.1838199,-0.29182944,0.027950024,-0.117976196,-0.21998048,-0.04908559,-0.54388636,-0.043417163,-0.00792626,-0.22300547,-0.03046478,0.18254182,-0.1017599,0.07354555,0.02043157,0.08396742,-0.12966587,-0.28458804,0.16109645,0.06506371,0.090244144,-0.014324481,sport
0.27632758,0.012378787,0.20212562,0.08802255,-0.3523268,-0.07268227,0.041184086,0.255959,0.09515155,-0.03762682,-0.1635751,-0.20876479,0.14869379,0.13624723,-0.09850097,-0.064755656,0.10605765,-0.023001824,-0.13228966,-0.014598097,-0.32119063,-0.14230825,0.13604756,0.51430845,0.12321556,-0.015034681,0.023352137,0.25919262,-0.16510129,-0.07086929,-0.24296132,0.0041952557,-0.021313751,0.34046116,0.25730014,0.08251645,0.26575616,-0.2803254,0.13004474,-0.038297206,0.18581507,-0.083207004,0.37052742,-0.05182667,0.060807344,-0.09927004,0.33465514,0.24239631,0.39412922,-0.2575064,0.04836545,-0.58399177,-0.27577034,-0.15153743,-0.008561376,0.10397309,-0.08387337,-0.031173782,-0.10109698,0.5546638,-0.074849896,-0.41256192,-0.11618898,0.11342589,0.1825318,-0.11708841,-0.11186503,-0.4160396,-0.16334908,-0.16069654,-0.14872912,-0.11411998,-0.1166017,0.04084777,0.2890225,-0.06777909,0.13373488,-0.042635527,-0.120206825,-0.19318613,0.08168893,-0.16519827,-0.20089696,-0.115847185,-0.44155368,-0.06269384,-0.2575965,-0.16008021,0.08513315,0.3261592,0.029482095,0.13583048,0.17484814,-0.038594995,-0.18177386,-0.10184677,0.34464446,0.17870316,0.02296976,-0.019093592,sport
0.26194474,-0.14453177,0.24912505,0.03494588,-0.3312805,0.04678254,0.13142774,0.24736474,0.12649296,-0.1604665,-0.15585984,-0.095941536,0.1534269,0.101163924,-0.12576047,0.053263515,0.04236468,-0.1705236,-0.24940321,0.0499071,-0.372866,-0.05665107,0.17034744,0.55409557,0.09830567,-0.1506555,-0.08132193,0.27507576,0.0001399933,-0.09008843,-0.11792056,0.0408881,0.0036894304,0.38619366,0.43837634,-0.09844424,0.14668578,-0.4776814,0.185609,0.19018103,-0.012931146,-0.15490203,0.53236765,-0.29236075,0.042954832,-0.38068673,0.40148503,0.33117405,0.44873396,-0.14272796,-0.025098504,-0.655683,-0.19138046,0.12877388,0.0013753176,0.10517665,-0.12916857,-0.15618388,-0.09303676,0.5365989,0.062735334,-0.39011517,0.026633281,0.06565281,0.16719274,0.040749364,0.07829633,-0.30150917,-0.100203514,0.009636829,0.0065823654,-0.22844552,-0.26284033,0.058820296,0.21735993,0.054599855,0.21903116,0.06907367,-0.21501015,-0.3352802,-0.0014998972,-0.122096315,-0.14764741,-0.06934123,-0.48356858,-0.098768145,-0.104898974,-0.098625764,-0.0015191127,0.21973097,-0.05618657,0.1601732,0.12247027,0.22395146,-0.12184253,-0.2121481,0.2893898,0.023828415,0.14051013,0.12615238,sport
0.2533617,-0.011006977,0.15771395,-0.067063764,-0.3714236,0.11581509,0.007691797,0.16436683,-0.089853555,-0.1454271,-0.33650625,0.056278188,0.10041519,0.2978477,-0.07047241,-0.03886448,0.09888188,-0.016216636,-0.16341995,0.096008405,-0.24631351,-0.20930222,0.18076076,0.28200626,0.34045708,-0.15131085,-0.0739128,0.24158125,-0.08245057,-0.25196016,-0.11353818,0.04185032,0.108293526,0.10599149,0.16331927,0.033639967,0.2870501,-0.35013983,0.18162599,0.11873685,0.21365075,-0.12794659,0.4024695,-0.18732813,0.068607,-0.35594878,0.23208752,0.24939768,0.38199812,-0.18367636,0.01509322,-0.67094177,-0.034759115,0.030517923,0.0051328237,0.12130236,0.1537933,-0.0031696705,-0.060041793,0.43984994,0.078630246,-0.45930168,-0.05894795,0.1065489,0.20288914,-0.014278633,-0.0009090871,-0.43674898,-0.08538233,-0.05363552,-0.12942822,-0.12488312,0.040318344,0.24397674,0.08483382,-0.003008943,0.046739914,-0.2101013,-0.17371042,-0.4280422,0.2130821,-0.079202354,-0.26284862,-0.113748245,-0.64606076,0.05794631,-0.041338105,-0.3265598,-0.17037015,0.05304413,-0.037944343,0.13184895,-0.15233785,0.022316333,-0.009530508,-0.13538332,0.2873266,0.019809239,0.1487736,0.0016282825,sport
0.29746953,0.071705036,0.121259265,-0.028939135,-0.32641825,0.20666037,0.05559311,0.4224006,-0.15210927,-0.13399231,-0.3167302,-0.081863776,0.027113458,0.025051974,-0.20713094,-0.01857374,0.122783534,0.043418773,-0.14776318,0.069182165,-0.18338035,-0.102473244,0.08657787,0.36783287,0.35435295,-0.074273296,-0.050756153,0.22806454,0.0011799735,-0.18832171,-0.16874243,-0.048945624,0.03922938,0.15342721,0.16492599,0.003133086,0.38696083,-0.2772844,-0.014732344,0.11607424,0.1547345,-0.07253155,0.31916258,-0.26149482,-0.036852133,-0.21402611,0.16381122,0.38044018,0.28077313,-0.21048449,0.087380014,-0.46439746,-0.011016643,0.25766903,0.10018936,0.20090078,-0.029263092,-0.123331845,-0.11518999,0.23388188,0.01599459,-0.19268063,-0.38502014,0.15931249,0.11301479,-0.041211113,0.024311583,-0.38546175,-0.1421997,-0.023800949,-0.109593764,-0.130286,0.08009962,0.07114349,0.02607262,0.07207146,0.08218303,0.050899465,-0.25906086,-0.2498803,0.059856296,-0.1466743,-0.10239711,-0.050091535,-0.36942905,-0.04574829,-0.07037731,-0.21267362,-0.024778446,0.23138657,-0.037105724,0.22943994,-0.08944967,0.080051966,-0.0009415675,-0.1752124,0.15930358,0.17682539,-0.036387254,-0.11100178,sport
0.41638914,-0.19440368,0.24678156,-0.11014618,-0.37443322,0.17096086,0.16198945,0.19375865,0.023747077,0.01854686,-0.08748346,-0.16338788,0.046324134,0.20951334,-0.072419174,0.104464985,0.27936733,0.055329777,-0.008375913,0.20801647,-0.082997635,-0.27772823,-0.18014796,0.35653317,0.1390167,0.03616634,-0.04260973,0.057839833,0.14536698,0.061475407,0.07612357,-0.1822056,0.24012497,0.29026765,0.1452909,-0.06853403,0.44674268,-0.26207325,0.09841322,0.044782598,0.19152811,-0.21056704,0.36498934,-0.21277288,0.06777362,-0.144511,0.32703954,0.3221869,0.24117127,-0.13032472,0.19109352,-0.6777683,0.013288079,-0.04649528,0.12892024,0.30030885,0.028378759,-0.15636125,-0.05091278,0.2899713,-0.2324762,-0.23611434,-0.30768645,-0.0022437915,0.055453412,0.11639245,-0.093068354,-0.22387521,-0.26793888,0.12275276,0.031505607,-0.23602672,0.052097857,0.13237794,0.20461634,0.14188638,0.19639245,0.063745745,-0.23257789,-0.32481077,0.14782095,-0.16690448,-0.20794435,-0.06531868,-0.61601853,-0.16841052,-0.1631881,-0.33293146,-0.1685923,0.28979012,0.20393428,0.103229545,-0.21882708,-0.06376438,-0.070040695,-0.04205938,0.1303546,-0.011391012,-0.08357034,-0.21647711,sport
0.034469545,-0.11621088,0.13400625,0.18497367,-0.64168227,0.12820524,0.36557698,-0.0065823733,0.23933789,-0.09482623,0.052903056,-0.039470322,0.21904933,0.44084927,0.028482718,-0.06458147,0.021666642,-0.3177018,-0.3881268,0.007067104,-0.35534143,-0.019784706,0.23645304,0.51476866,0.15977031,0.08280757,0.17690927,0.23258875,-0.14938927,-0.18545933,-0.032906044,-0.17779507,-0.22760935,0.14231132,0.36253384,-0.298957,0.117808685,-0.7733186,0.3793806,0.20753455,0.033984404,-0.13736628,0.65011877,-0.09999513,0.18694596,0.024601838,0.47642753,0.5183626,0.5800167,-0.2634685,-0.04025616,-0.62122416,-0.07332527,-0.023167793,-0.14457612,0.093856156,-0.04174609,0.20175493,0.069664635,0.66458106,-0.16312274,-0.44941628,0.08518645,0.34753546,0.41514766,0.053914472,-0.01768941,-0.49323905,0.073258534,0.15272142,-0.0022244286,-0.031285547,-0.06680397,-0.0189941,0.40113813,0.33272845,0.32128802,0.023094023,-0.029173903,-0.25540188,-0.06927853,-0.032991942,-0.40088218,-0.2792559,-0.4532559,-0.10613661,-0.03786612,-0.6436019,0.08532872,0.5335833,0.10432489,0.12183533,0.16204809,0.108983494,-0.20414889,-0.20103623,-0.027081363,0.172283,0.033273164,-0.060861822,sport
0.27704874,0.07585188,0.10448255,0.047176104,-0.206743,-0.054676116,-0.15206654,0.12310167,-0.16774215,-0.083095826,-0.2049399,-0.16351584,0.17467144,0.06834193,-0.000950921,0.008929704,0.088007234,0.023293436,-0.1106455,0.007664742,-0.32467195,-0.123456135,0.15043311,0.47954044,0.15305941,-0.028958138,-0.051264226,0.18856251,-0.0636797,-0.15197675,-0.2326704,0.14257917,0.17760424,0.27081344,0.31367606,0.1808696,0.32739788,-0.2677084,-0.035358116,-0.0021265324,0.26286012,0.054902945,0.5013593,-0.09511458,-0.0010096132,-0.12555088,0.31258255,0.24556486,0.3559717,-0.33722293,-0.041095156,-0.6976609,-0.24499884,-0.15725076,0.20926233,0.036302675,0.03229898,0.078460634,-0.0109196585,0.54046756,-0.060739927,-0.34153104,-0.06337803,0.071843944,0.21843457,-0.09155262,-0.14311983,-0.3767238,-0.041387524,-0.010509704,-0.17752314,-0.08159728,0.119812995,0.07957053,0.23210604,-0.026276918,0.20964773,-0.12761612,-0.106165595,-0.11723471,0.043736972,-0.055817623,-0.22301732,-0.008085046,-0.49638838,-0.11000025,-0.1609824,-0.19256926,0.056075204,0.31476253,-0.09401272,0.13605535,0.019231534,-0.010380979,-0.12559007,-0.15355274,0.352598,0.21270934,0.04608552,-0.078292064,sport
0.19536577,-0.08700992,0.24774069,0.10978246,-0.35100865,0.116562806,0.08299799,0.20977728,-0.0018715466,-0.12614706,-0.2648092,-0.118395165,0.088208176,0.31668684,-0.020641776,-0.062268548,-0.048473645,-0.09350601,-0.13509057,0.06796908,-0.4144946,-0.08334365,0.3014775,0.4404213,0.14404628,-0.119079575,-0.08133989,0.29851994,-0.060700446,-0.19947089,-0.13669899,-0.020047056,-0.037258,0.37662867,0.29352963,-0.13642086,0.1955489,-0.43943515,0.20853055,0.09893628,0.0070698587,-0.14347218,0.48369092,-0.3307067,0.107913636,-0.28273496,0.39149645,0.26926294,0.38312963,-0.15903659,-0.109729245,-0.6257751,-0.20725787,-0.06653868,-0.07799037,0.22596003,-0.035512682,-0.012481082,-0.023046,0.5153849,-0.043795343,-0.45081666,0.012453484,0.093715355,0.2338267,-0.08121587,0.030392095,-0.30696666,0.055488467,-0.06797193,-0.04907605,-0.18763731,-0.12607497,0.14805438,0.24746862,0.11621666,0.12695831,-0.08323773,-0.1576556,-0.26412854,0.0377173,-0.15716963,-0.1598065,-0.11019823,-0.4746574,-0.038836144,-0.11342019,-0.1987127,-0.018081587,0.31728458,-0.071343645,0.10127788,0.064615265,0.22751068,-0.15604171,-0.283886,0.16087778,0.05423862,0.11990493,0.08156083,sport
0.24027252,0.046230152,0.11973078,0.029767059,-0.32127988,0.11746201,0.028142912,0.23712587,-0.0547476,-0.14670706,-0.41931197,-0.008031734,0.030624118,0.19382814,-0.13390626,-0.061722048,0.030832876,-0.007185716,-0.19180876,0.14272621,-0.22606441,-0.18475716,0.12942687,0.24961226,0.36223337,-0.24168703,-0.018487146,0.20832683,-0.060582414,-0.17281328,-0.109664775,-0.04326229,0.040284455,0.19820444,0.062724866,0.008782935,0.26678413,-0.2920805,0.0478985,0.06193318,0.16242453,-0.13282752,0.30513537,-0.254679,0.06774528,-0.31004447,0.31548026,0.21347314,0.3107294,-0.22127907,0.017689051,-0.56547135,-0.05361154,-0.006995787,-0.11983048,0.1562197,0.06604075,-0.04378523,-0.06127727,0.45226607,0.002822549,-0.35435635,-0.055640522,0.10331062,0.19299074,-0.05456831,-0.0020598476,-0.4445215,-0.16637148,-0.01935899,-0.084469594,-0.025486933,0.025970917,0.19619563,0.14126067,0.07271865,0.12888291,-0.14478058,-0.109517284,-0.42852005,0.07771953,-0.079585336,-0.14159322,-0.19626704,-0.54783475,0.05919222,-0.091746606,-0.18189594,-0.07804337,0.09995701,-0.09022143,0.24042389,-0.08882438,0.07716979,-0.017512938,-0.17012678,0.24979074,0.017212912,0.08229427,-0.0038181178,sport
0.19448933,0.0036017385,-0.020548653,-0.09044124,-0.38264316,-0.022211064,0.0016023145,0.2466004,-0.15412486,-0.07436824,-0.3005364,-0.09381887,0.035457287,0.14826632,-0.039921533,0.153473,0.14160742,-0.084892236,-0.043230645,0.09345839,-0.2854199,-0.12224921,0.05590461,0.33472174,0.14942507,-0.018065553,-0.08937796,0.18113568,-0.10570214,0.010008509,-0.21434021,0.0785329,0.14910121,0.22703844,0.24947208,0.0418965,0.35607043,-0.2936329,-0.03910945,0.1314386,0.16938697,-0.01787209,0.40584105,-0.0971092,-0.01970895,-0.04647294,0.15387623,0.28011137,0.32360232,-0.2066618,-0.00081452605,-0.5950914,-0.07170028,-0.07957414,0.17374104,0.05731974,-0.04194083,0.1067663,-0.049481947,0.5010682,0.011956207,-0.3076215,-0.22641511,0.19607805,0.18629774,-0.07506094,-0.05920246,-0.28575093,-0.07097377,0.08506745,-0.046712823,-0.11703376,0.079675674,0.05774847,0.087262645,0.023879763,0.20366879,-0.06294789,-0.06887687,-0.17765313,0.11322398,-0.028535135,-0.07881786,0.0011268446,-0.36440343,-0.07027231,-0.09399131,-0.19484651,-0.12791935,0.20360819,-0.1653775,0.13742359,-0.0124172475,-0.12348111,-0.009642906,-0.1102063,0.3332713,0.19575496,0.080442496,-0.21218787,sport
0.19372858,-0.17673096,0.2648373,0.033303864,-0.3114989,0.08803386,0.16386592,0.22608104,0.13389473,-0.17103474,-0.11810961,-0.058913216,0.16312842,0.18024649,-0.13248208,0.0054840134,-0.002686925,-0.2098741,-0.23879997,0.03167732,-0.37301058,-0.067727126,0.13171938,0.5932345,0.09937174,-0.19180572,-0.056719266,0.27275833,-0.012924789,-0.1021828,-0.11591575,0.008942719,0.0005479734,0.33219552,0.46149275,-0.13174501,0.15803732,-0.5237802,0.12864058,0.19661662,-0.09080199,-0.1733257,0.58983886,-0.29717413,0.014428332,-0.3778344,0.39365575,0.36029226,0.46001482,-0.1342624,-0.0056456546,-0.66137993,-0.18900152,0.13432561,0.001089622,0.06378116,-0.12147926,-0.18269661,-0.0665257,0.57355535,0.032859765,-0.36755547,-0.032790776,0.0734792,0.19994304,0.057578273,0.07915657,-0.28998655,-0.1068526,-0.018986408,0.0328855,-0.27105054,-0.27509367,0.034745846,0.22068745,0.052579477,0.19302794,0.1281069,-0.20779528,-0.3358146,-0.051383067,-0.10010109,-0.19375739,-0.10076733,-0.47748598,-0.1074183,-0.07787002,-0.08133398,0.028929854,0.30695727,-0.06498514,0.15735829,0.11585761,0.20796253,-0.0680256,-0.20937482,0.23316249,-0.019287925,0.18097565,0.12747645,sport
0.20900276,0.17632048,0.14720424,0.045582894,-0.27834576,0.18061858,0.07428775,0.35305497,-0.16364643,-0.114930205,-0.2669454,-0.03790602,-0.12519833,0.15566272,-0.21257065,-0.09776726,0.08166573,-0.06313172,-0.037724905,0.09182396,-0.17760512,-0.20549437,-0.005555454,0.27256382,0.3598672,-0.16145374,0.042577088,0.16473007,-0.004751091,-0.08945696,-0.07521555,-0.10598008,0.13182244,0.17386533,0.11488933,-0.103791036,0.4147057,-0.18443784,-0.050993696,0.15251595,0.20686008,-0.078806855,0.30476698,-0.20505032,-0.013844909,-0.34858304,0.20700331,0.4333561,0.30535072,-0.26464802,0.056496307,-0.46317014,0.031541973,0.069986895,0.040100973,0.14119107,-0.14890526,-0.110554144,-0.065488175,0.34929588,-0.120012514,-0.20277165,-0.2752391,0.18367426,0.11889251,-0.107853234,-0.041657016,-0.4530378,-0.12238219,-0.05530921,-0.078743584,-0.0002583412,0.16901115,0.09263318,0.26844952,0.03094223,0.23399858,0.024283554,-0.23361056,-0.2556737,0.033507966,-0.15852927,-0.13081764,-0.055032764,-0.35377592,-0.044010077,-0.06426191,-0.110171884,-0.02863142,0.31543568,-0.011939681,0.19806676,-0.0030040233,0.0020338793,0.0042623067,-0.2212001,0.10768544,0.19823751,-0.0708485,-0.22346269,sport
0.079313874,-0.15700452,0.19103262,0.16328962,-0.6018814,0.21406196,0.34180862,0.11130564,0.32893142,-0.08530196,0.11359228,0.031476162,0.22769313,0.39049202,-0.041909415,-0.06580457,0.042297877,-0.30382833,-0.3826307,-0.07578737,-0.43100697,-0.06544298,0.21204947,0.5830044,0.18986785,0.06522364,0.19564877,0.22325529,-0.1226069,-0.16822231,0.016208682,-0.26789254,-0.27694267,0.22120264,0.31327054,-0.34842685,0.17417713,-0.74664813,0.4182933,0.115326695,-0.009838025,-0.1479823,0.62685597,-0.10053116,0.20813431,-0.057906315,0.46881285,0.5588458,0.5843057,-0.23741226,-0.07142287,-0.5879099,-0.1024632,0.0072142966,-0.21043919,0.1431146,-0.11201637,0.106559835,0.08115141,0.5103464,-0.1306526,-0.44494486,0.052542686,0.27903426,0.46482834,0.11828468,0.035123434,-0.35127205,0.02756657,0.16372278,0.07609848,-0.0629192,-0.084981784,0.0006055015,0.3624424,0.34757796,0.2928696,0.011921711,-0.0018526518,-0.26143435,0.07198374,-0.08082256,-0.38609597,-0.3480283,-0.46997678,-0.07637595,0.0400028,-0.51652956,0.061902504,0.45488808,0.14084509,0.14174251,0.14848423,0.14162719,-0.15258905,-0.17031911,-0.10789967,0.2069469,0.011313301,-0.04062334,sport
0.3613846,0.08677332,0.33071405,0.15574555,-0.2684398,0.21633069,0.13197012,0.36053613,-0.07374818,-0.10645361,-0.2594698,-0.04203154,-0.22889614,0.055959452,-0.42589194,-0.22239077,0.13966359,0.09559101,0.040758997,-0.046791263,-0.15436609,-0.09161128,0.02917267,0.32218048,0.3838024,-0.008067413,0.0051612887,0.08345382,0.14666359,-0.20087187,0.14092115,-0.08157513,0.32889855,0.15790373,0.13264188,-0.100764185,0.4341345,-0.17001091,-0.12316048,0.12065507,0.1904213,-0.057442196,0.33403727,-0.17628352,0.08040286,-0.47341385,0.3170914,0.45290613,0.37230343,-0.22864598,0.13252842,-0.36949304,0.2973565,0.050466858,0.05452503,0.16584814,-0.2281987,-0.07510689,0.0061417245,0.2760339,-0.13385096,-0.2298529,-0.282275,0.25424945,0.086332686,0.02577565,-0.086781465,-0.49533612,-0.3354718,-0.0968156,-0.08507533,0.042121302,0.21328458,0.21626766,0.24961331,0.060220733,0.30822062,0.18945767,-0.10056836,-0.1649877,0.13115512,-0.31935954,-0.053944476,-0.15252416,-0.48158592,-0.07001422,0.06571831,-0.08832406,-0.11446357,0.11878783,0.0402289,0.25394267,-0.05895092,-0.041706856,-0.04346139,-0.081784,-0.14861065,0.051372573,-0.12740132,-0.06916524,sport
0.28271544,0.104483046,0.16115387,-0.068784654,-0.2811876,-0.12177764,-0.14819112,0.16842252,-0.21035258,-0.023499357,-0.3445325,-0.15288065,0.17242323,0.10165374,-0.10728331,-0.054596916,0.0995114,0.053781174,-0.21863195,0.033450186,-0.28770357,-0.10853155,0.13767476,0.54312354,0.24418977,-0.065741785,-0.06084378,0.2608907,-0.12757921,-0.15020797,-0.21725062,0.013885464,0.14628446,0.17439222,0.35004804,0.13246931,0.1728416,-0.29048243,0.013812224,0.0019186479,0.1906354,0.04153721,0.541152,-0.22345982,0.036458753,-0.17452958,0.25742656,0.3567849,0.36799422,-0.29666412,-0.062693365,-0.6634209,-0.26912647,-0.21503499,0.2522891,-0.07272433,0.11096584,0.10840979,-0.19448473,0.56699294,-0.07228867,-0.35259557,0.030007651,0.026959354,0.17917664,-0.105907,-0.118181325,-0.47605494,-0.041550864,-0.02743288,-0.11930347,0.013637787,0.21035975,0.11340721,0.25063008,0.055361297,0.15934888,-0.14242138,-0.02505383,-0.112205744,-0.07311535,-0.087002955,-0.22552337,-0.079233885,-0.52282244,-0.09761406,-0.20321368,-0.34469453,0.08158076,0.29391605,-0.11879048,0.23399697,0.07985134,-0.008374806,-0.21438295,-0.2664356,0.3263972,0.2179054,0.01680685,-0.11022283,sport
0.22978075,0.10372651,0.12964498,-0.06342728,-0.20080827,-0.014352927,-0.08602486,0.195591,-0.23237418,-0.07827288,-0.4317749,-0.083871715,0.18313538,0.12425411,0.0803929,0.056589667,0.12038739,-0.07796474,-0.15484962,0.012601371,-0.25714877,-0.13389671,0.15216996,0.51494473,0.1405864,-0.055318803,-0.09416096,0.13653392,-0.08485055,-0.14106968,-0.1991879,0.059830315,0.25084874,0.2748046,0.3781272,0.20759475,0.21241066,-0.28311753,-0.09534277,0.042332888,0.2351251,0.1161135,0.5483614,-0.22760798,0.053497724,-0.21645416,0.24422331,0.31410515,0.383794,-0.25777742,-0.04668787,-0.67495215,-0.2372127,-0.21096998,0.21702985,-0.07984332,0.11699949,0.12305334,-0.03626573,0.5620642,-0.051895544,-0.29591566,0.047871772,0.055044506,0.2317756,-0.057393517,-0.18997715,-0.429891,-0.0070791333,-0.025459683,-0.16784331,-0.11850671,0.1126961,0.12500626,0.26717302,0.05448786,0.19653398,-0.20931685,-0.10253346,-0.03208978,-0.087420546,-0.07404552,-0.22166355,0.015679095,-0.48389417,-0.14623052,-0.1922749,-0.30613795,-0.0071659945,0.30580977,-0.16257219,0.2019795,-0.064705506,0.016786547,-0.1485407,-0.27238956,0.2096885,0.19336449,-0.049842875,-0.081615776,sport
-0.0018574485,-0.19692446,0.26906735,0.14114097,-0.49269894,0.2641919,0.2807634,-0.029332666,0.24331872,-0.1557674,0.17532477,0.14205377,0.2773434,0.36132652,-0.0023028003,-0.104210794,-0.014670206,-0.28020567,-0.38157716,0.060286183,-0.40114143,-0.0012506043,0.22133477,0.622083,0.1851337,0.01174814,0.19636038,0.19225168,-0.17236426,-0.101403296,0.00674557,-0.24491127,-0.22471407,0.27306256,0.31879535,-0.28906998,0.144743,-0.67046714,0.37645638,0.021347731,-0.024196748,-0.07330075,0.62968695,-0.1470289,0.18382296,-0.024099188,0.41498435,0.50872344,0.5766366,-0.2608009,-0.16438214,-0.61369896,-0.16152635,0.022555502,-0.10272005,0.033448517,-0.027302975,0.1482284,0.06476135,0.5337892,-0.28895983,-0.46014696,0.01752914,0.2863088,0.43754238,0.021276422,0.0057991706,-0.38892472,0.02614263,-0.0024889759,0.17976941,-0.0003898596,-0.08842727,-0.042501297,0.35676643,0.2949841,0.2658384,0.034907013,-0.105400935,-0.34306273,0.003864786,-0.17168461,-0.4307801,-0.3682078,-0.54155344,-0.16564846,-0.057646394,-0.58895814,-0.017305195,0.5354766,0.100019686,0.23340875,0.21794069,0.18429045,-0.07392584,-0.08482664,-0.15190972,0.27791923,0.11110118,0.0721537,sport
0.29479975,0.28278074,0.013848085,0.017053628,-0.3961132,0.121431105,0.084362954,0.28595203,-0.1569457,-0.07936748,-0.5678324,0.1614656,-0.051962994,0.04651327,-0.067175396,0.062160626,0.013100124,-0.10499791,-0.17581016,0.004593727,-0.22947356,-0.07749502,0.14268453,0.16148807,0.29824206,-0.09427809,-0.115109555,0.14337705,-0.062969804,-0.08864185,-0.0631306,-0.08959113,0.08974472,0.08334881,0.15987328,0.072714426,0.4659793,-0.31651768,-0.031457327,0.13567166,0.23729253,-0.018935475,0.43614417,-0.3476728,0.06739811,-0.20095854,0.1786789,0.33509833,0.20512056,-0.25814018,-0.0032624158,-0.5348626,0.06160697,0.045052804,-0.08087031,0.058370687,0.0012943142,-0.12649438,-0.1387203,0.32131213,-0.009289336,-0.3388981,-0.05362335,0.10426612,0.117497474,-0.095857225,-0.03268212,-0.6753481,-0.14895584,-0.12667617,-0.23533154,-0.031930875,0.19772074,0.22899312,0.15819746,-0.008356178,0.06170761,0.15338565,-0.18005268,-0.17327489,0.13142194,-0.06174803,-0.06300025,-0.2036831,-0.5439584,0.11407329,-0.12104366,-0.21889943,-0.13231322,0.23881967,-0.22126131,0.31477714,-0.30488834,0.010234901,0.0028285622,-0.14033249,0.07516641,0.054097425,-0.059552215,-0.039888598,sport
0.19750719,-0.23414356,0.2146085,0.10931896,-0.413338,-0.038190067,-0.10495179,0.023418657,-0.024920944,-0.09003484,-0.24372847,-0.20654665,0.18254581,0.18601644,-0.11512889,-0.05316842,0.10889403,0.014682758,-0.22074907,0.017529665,-0.42607963,-0.22588064,0.27091947,0.45244136,0.062065132,-0.068330176,-0.12525176,0.21068294,-0.070719734,-0.11989858,-0.23236491,0.19662213,0.2231421,0.3373956,0.39019823,0.11056671,0.3651484,-0.3041404,0.07611586,-0.00028784084,0.19546527,-0.064011455,0.4964017,-0.15232171,0.111392364,-0.2841042,0.40735462,0.23852558,0.44789582,-0.050969187,-0.053342674,-0.7098676,-0.16000389,-0.10010571,0.106048375,0.16008253,-0.011708417,0.093345396,0.020892637,0.5418735,0.025767298,-0.33732235,-0.13126843,0.07269875,0.23251964,-0.13374895,-0.108037725,-0.14687707,0.005621899,-0.01720532,0.03282754,-0.08412314,-0.036406353,0.010093682,0.17861183,-0.037755102,0.22189729,-0.02563712,-0.17472887,-0.17907602,0.03301795,-0.07565185,-0.21318726,0.047171615,-0.40533364,-0.15418617,-0.09980712,-0.118009344,-0.036923133,0.26488706,-0.09195142,0.10883484,-0.010607799,0.052834738,-0.18626145,-0.09748191,0.19568923,0.16710927,-0.0061375406,0.07058273,sport
0.16416788,-0.10998479,0.292799,0.12052499,-0.38128173,0.18716386,0.21982446,0.169506,0.28383213,-0.047874782,-0.04041342,-0.041787237,0.11354504,0.37211084,0.01538784,-0.033390474,0.010838206,-0.19911112,-0.26551342,0.009488266,-0.41936207,-0.17146762,0.26338187,0.57076323,0.19810213,-0.112899415,0.11460475,0.15805289,-0.11011406,-0.18502128,-0.0561229,-0.09528181,-0.101234786,0.3341256,0.20046526,-0.14131674,0.15898181,-0.5565001,0.3614056,0.09315552,-0.0454081,-0.17849718,0.53359157,-0.17675804,0.14231181,-0.23526941,0.38216177,0.31658372,0.5975377,-0.2484163,-0.033698402,-0.66623634,-0.1761845,0.06203475,-0.17554449,0.16453065,-0.06286503,-0.06890554,-0.08844938,0.499554,-0.10580223,-0.4124423,-0.0013931191,0.12005325,0.39679646,-0.032279257,0.011058719,-0.28287563,-0.07602421,-0.058940243,0.0060643707,-0.24047382,-0.15125604,0.054662142,0.27603015,0.16534816,0.20063585,-0.05475873,-0.2169935,-0.37143856,0.114241585,-0.046909396,-0.23242234,-0.23961611,-0.49578407,-0.0018678788,-0.095415436,-0.3569626,-0.029282374,0.43761137,0.1285239,0.15478978,0.14061083,0.20662701,-0.0038761692,-0.20736258,0.026171617,0.023488803,0.08166433,-0.0093254335,sport
0.2545902,0.29975,0.0043789796,-0.0032949839,-0.34292984,0.22032472,0.079788685,0.30094653,-0.20082437,-0.14604759,-0.40537483,0.115731336,-0.092670545,0.086506814,-0.19437657,-0.031585716,-0.049301945,-0.05365263,-0.018683976,0.0702755,-0.32100487,-0.19711547,0.07290538,0.28234193,0.33668804,-0.13335064,-0.0280953,0.15594964,-0.037021723,-0.07893565,-0.047845885,-0.08009911,0.10188332,0.12800272,0.18096137,-0.120150626,0.5343051,-0.1846873,-0.10837072,0.18051082,0.17953809,-0.0072143814,0.44194025,-0.20063661,-0.076636076,-0.34287456,0.16011798,0.3973579,0.23017102,-0.28565368,0.08187124,-0.5505037,0.08454204,-0.023451624,-0.008842375,0.04876861,-0.10886139,-0.1357229,-0.085124135,0.34921902,-0.025901705,-0.2240963,-0.21221061,0.16769528,0.14939037,-0.12990332,0.05641562,-0.4875638,-0.16265121,-0.09723678,-0.13023904,-0.042456552,0.24323212,0.12900156,0.29154924,0.0849645,0.24087462,0.16144805,-0.14400838,-0.14425358,0.03300058,-0.056504812,-0.003325573,-0.19429561,-0.3582822,0.016788987,-0.029115412,-0.07316739,-0.097379066,0.27636254,-0.0671676,0.25633729,-0.13301037,-0.008544423,-0.011553061,-0.17288782,0.11947854,0.09385643,-0.048956037,-0.18505622,sport
0.17643972,-0.13539219,0.21781695,0.05929658,-0.37848637,0.077869184,0.18820024,0.22668225,0.10505641,-0.144933,-0.13688989,-0.016727949,0.12401161,0.23854898,-0.08415663,-0.003413242,-0.011279586,-0.18509458,-0.25513628,0.0649298,-0.37142867,-0.039151605,0.15769121,0.527745,0.06128508,-0.13520421,-0.010004402,0.25323713,-0.068597816,-0.11869932,-0.076861255,0.031397436,-0.0424854,0.35084856,0.47737396,-0.12752627,0.14487226,-0.5440265,0.13042428,0.17055583,-0.037581556,-0.15032127,0.5391751,-0.34771514,0.02349243,-0.32659417,0.37903893,0.3292255,0.46969032,-0.12783167,-0.030461282,-0.65416884,-0.22242361,0.06774446,0.011409608,0.061861552,-0.065382406,-0.08576039,-0.07854069,0.63080794,0.012577613,-0.38241005,0.0049440376,0.12514931,0.22616753,0.0023804088,0.031429406,-0.31895447,-0.06790782,-0.07657214,0.05017815,-0.2163346,-0.23804586,0.056786835,0.23267703,0.027095098,0.1538046,0.07980246,-0.18441907,-0.26974612,-0.053923037,-0.11441249,-0.22543831,-0.077996865,-0.51194155,-0.107703246,0.011332258,-0.10332774,0.056295767,0.32836723,-0.0614272,0.18058144,0.10324806,0.101992145,-0.10668706,-0.21605209,0.25207043,0.017528621,0.1778892,0.10625998,sport
0.19581084,0.21428055,0.015451808,0.0031086311,-0.4025258,0.15195341,0.0016793924,0.25247198,-0.16340305,-0.11458566,-0.5550321,0.044964906,-0.0054662134,0.0032302572,-0.12538691,0.038779937,0.008054995,-0.008993049,-0.030097213,0.06194655,-0.29028392,-0.07330216,0.099293925,0.18238491,0.23977014,0.0048785876,-0.097353145,0.15786348,-0.0036028072,-0.12448717,-0.056897167,0.046379436,0.08535587,0.07227282,0.13741614,0.023888107,0.495122,-0.2111581,-0.05071167,0.09884039,0.21288106,0.046158638,0.47526413,-0.23102176,-0.048976053,-0.15946533,0.1723956,0.32157335,0.2893351,-0.108881235,0.054656334,-0.576178,0.07681214,0.023791185,-0.034539085,0.10270699,-0.007747577,-0.034367435,-0.113950804,0.37071547,0.025828041,-0.32749766,-0.17627765,0.14504263,0.20252417,-0.13079628,0.02159863,-0.47627687,-0.1331744,0.0065482445,-0.11691868,-0.006936304,0.21905793,0.18112333,0.15341704,0.06295243,0.2282979,0.027612152,-0.18484676,-0.07122654,0.0118407095,-0.06281006,0.040102873,-0.16453072,-0.35984683,0.033148322,-0.13561966,-0.20089106,-0.13915701,0.21194954,-0.13566989,0.35618067,-0.1972369,0.027938865,-5.4495304e-05,-0.12533829,0.09007208,0.14472578,-0.08161218,-0.15534501,sport
0.22279885,0.13859347,0.019491885,-0.02231513,-0.26184756,0.23187372,0.065624334,0.31437522,-0.14014293,-0.17122513,-0.37953794,0.16213381,0.04382499,0.041738324,-0.11312265,-0.0073818103,0.06439004,0.012388043,-0.18464383,-0.0031620115,-0.22825308,-0.029435394,0.10709729,0.42062604,0.30169883,-0.11644171,-0.025177367,0.18731631,0.0027981405,-0.06310219,-0.17290498,-0.058486044,0.0904643,0.10971016,0.20039387,0.009618598,0.39232463,-0.2746218,-0.08418332,0.06261394,0.18641908,-0.010539961,0.38210005,-0.20673266,0.0098274695,-0.12994674,0.12306039,0.30416512,0.34289274,-0.3320802,0.041016318,-0.4944599,-0.14078811,-0.009810446,0.062358037,0.07233056,-0.053622607,-0.07825245,-0.05949386,0.30894434,-0.04911561,-0.28721294,-0.18434894,0.06641365,0.05626134,-0.0821894,-0.022430362,-0.5273407,-0.09290943,-0.11973759,-0.151148,-0.13814381,0.012446191,0.07798539,0.16958325,0.07199119,0.11334935,0.036452193,-0.10733569,-0.19071156,0.042096965,-0.084556,-0.17021666,-0.15906444,-0.34735042,0.0062890737,-0.11394712,-0.27451128,-0.010821832,0.19690736,-0.11598139,0.23004036,-0.08623,0.031847768,-0.07209353,-0.23489466,0.1506015,0.19449612,-0.10517398,-0.0659354,sport
0.22883074,0.11922024,0.17084713,0.008058367,-0.21412179,-0.05504787,-0.18834475,0.11711218,-0.097055346,-0.08331171,-0.28708944,-0.13465834,0.20044677,0.092586525,-0.01451882,0.000775902,0.13258684,0.028308973,-0.23625024,-0.04906238,-0.30611464,-0.09287997,0.15529981,0.5519851,0.19560382,0.013306819,-0.090343,0.18764606,-0.06965981,-0.15630428,-0.17990835,0.036225483,0.22183786,0.2689337,0.395451,0.1530335,0.21552803,-0.2927697,-0.0040379274,0.016770154,0.2289006,0.055046905,0.62932914,-0.17852814,0.0075500733,-0.16996583,0.2984608,0.31947175,0.38801458,-0.24951361,-0.073751785,-0.68230325,-0.28278276,-0.25114906,0.22042406,-0.04159751,0.083698735,0.09611235,-0.030117426,0.55457205,-0.1300988,-0.350742,0.014198538,-0.00076425134,0.2599727,-0.09191783,-0.147452,-0.46435085,-0.014177604,0.0043323417,-0.1408773,-0.027895981,0.112342075,0.108770244,0.2864192,0.07798205,0.19245142,-0.1621561,-0.07330832,-0.11854331,-0.01841936,-0.16625807,-0.24685068,-0.03910773,-0.45804036,-0.2061899,-0.21026492,-0.25244233,0.124125145,0.38868886,-0.154137,0.21946014,0.009797517,0.09374766,-0.15376416,-0.23287553,0.24334632,0.2311241,0.034157302,-0.07496423,sport
0.11226711,-0.19166516,0.19516352,0.2026789,-0.54957205,0.21119013,0.33417606,0.07036566,0.26450676,-0.07836938,0.05176696,-0.016249057,0.22101788,0.46771413,-0.024173819,-0.1555162,-0.034452137,-0.34512022,-0.3494358,-0.067352325,-0.50657207,-0.051672447,0.2530038,0.5461822,0.11666494,0.04910141,0.19892399,0.22057572,-0.18384287,-0.2593202,-0.03566882,-0.16371311,-0.25864628,0.3147756,0.35451514,-0.3207857,0.16458932,-0.739896,0.463409,0.19620419,-0.013080269,-0.18083021,0.6592068,-0.19884782,0.17452538,-0.011067202,0.48732647,0.57006896,0.5636377,-0.20643562,-0.12293361,-0.6389702,-0.17533828,-0.012454094,-0.10931191,0.19044764,-0.101958975,0.100894615,0.057205275,0.62757874,-0.136204,-0.43816486,0.034543913,0.25875637,0.4544708,0.066247985,-0.0045214947,-0.35790873,0.016788643,0.19854736,0.053460773,-0.1532996,-0.07485685,-0.047413945,0.4087768,0.27640685,0.34858647,0.002023631,0.038370077,-0.23870774,-0.011318611,-0.05922601,-0.50768435,-0.26685697,-0.4360974,-0.12751576,0.021046063,-0.61153686,0.054592032,0.50195825,0.09855625,0.185773,0.12559102,0.105650745,-0.15515421,-0.21874313,-0.021398406,0.056245785,0.04588916,0.0005689482,sport
0.24256487,0.058304828,0.12801678,-0.024438223,-0.27545556,-0.014839883,-0.11430864,0.19578266,-0.16728629,-0.025900872,-0.32202125,-0.09782075,0.20398188,0.08590111,-0.11403088,-0.027391434,0.1323831,0.018792517,-0.13586867,0.0792416,-0.32202384,-0.06697561,0.0467208,0.45689896,0.19417244,-0.11156956,-0.047227237,0.21671067,-0.08766278,-0.1530842,-0.17970346,0.09407857,0.18138592,0.13917774,0.36407903,0.12560676,0.22500207,-0.26594326,-0.022976574,-0.029860623,0.16475545,0.05893236,0.559122,-0.13962784,0.019672044,-0.24824001,0.15548117,0.31127104,0.4211156,-0.32325795,-0.070830956,-0.61498994,-0.28291613,-0.13950916,0.27918017,0.031342275,0.055364776,0.16608034,-0.19261286,0.600375,-0.018756177,-0.33141378,-0.042207498,0.10107399,0.2006484,-0.070463955,-0.094552614,-0.29926738,-0.10384854,-0.041709896,-0.14579017,-0.053951494,0.11586865,0.09534404,0.18706448,0.040901896,0.10153699,-0.14271283,-0.08437102,-0.13356239,-0.106938586,0.015610294,-0.1760446,-0.05134623,-0.4902878,-0.08657194,-0.12579362,-0.3913667,0.032241363,0.22615744,-0.077606104,0.17040841,0.045421664,-0.041505285,-0.18165733,-0.25931975,0.35354993,0.20977837,0.06867879,-0.15722384,sport
0.157179,-0.09251272,0.18420513,0.029324342,-0.34266594,0.21655723,0.055396806,0.19028328,0.118716486,-0.090070456,-0.31101504,0.09975816,0.06633734,0.27511588,-0.11799001,-0.0052383263,0.13843887,0.013216853,-0.22109725,0.12261606,-0.21729623,-0.0635911,0.14561245,0.36637,0.36915722,-0.23569106,0.014871307,0.22305691,-0.081639595,-0.17082222,-0.12883316,-0.039149467,0.021507997,0.1447439,0.023294695,-0.014964897,0.26656404,-0.31942773,0.23321323,0.08675793,0.11533864,-0.1320207,0.30501845,-0.14900373,0.1623786,-0.25045732,0.2978322,0.21884777,0.35483086,-0.24329604,0.046733372,-0.52187616,-0.008540348,0.075149514,-0.17518678,0.15781574,-0.0028853063,-0.20127945,-0.0885681,0.36611313,0.008348561,-0.41413537,-0.06862122,0.124726065,0.120560005,0.032433342,-0.009254355,-0.41121227,-0.22998138,-0.057747714,-0.07048395,-0.15352017,-0.02949153,0.1690998,0.11553057,0.09465063,0.065655045,-0.13383658,-0.22446372,-0.4784712,0.15034276,-0.115439065,-0.23689578,-0.25977486,-0.55879456,0.06893439,-0.14865331,-0.32398918,-0.16994749,0.23159474,-0.040314637,0.27236202,-0.10076374,0.10943923,0.09162787,-0.13412578,0.075250976,0.10903236,0.024404444,-0.07085747,sport
0.28935373,0.19416541,0.17249042,-0.06650944,-0.43815538,0.192569,0.10653934,0.37686145,-0.06870537,-0.15047012,-0.46514514,0.0333561,-0.11931291,0.069544025,-0.28962857,-0.09563004,0.022605034,0.16324252,-0.12732254,0.053877916,-0.2321778,-0.042927418,0.12454498,0.19302739,0.36866504,-0.09119637,-0.12431602,0.13727537,0.09827917,-0.11863267,0.056185767,-0.11234409,0.29727092,0.06436065,0.15001819,-0.019635277,0.5154612,-0.15456817,0.03784629,-0.00054122385,0.14504185,-0.039070383,0.40216377,-0.20391184,0.004690976,-0.34284937,0.26295617,0.45199424,0.23293501,-0.14596215,0.1275645,-0.51181674,0.18004268,0.10251069,-0.04556974,0.13339569,-0.13420178,-0.167615,-0.12974462,0.27181643,-0.06358023,-0.25719357,-0.26172048,0.105384044,0.12781377,0.04026432,0.053471472,-0.6200586,-0.26047194,-0.13716382,-0.13863334,0.025750287,0.14838402,0.25030902,0.12268548,0.14297906,0.11815663,0.25971276,-0.18083465,-0.18086518,0.1446589,-0.13466537,0.016094642,-0.2100262,-0.43562022,0.046747398,-0.0040073963,-0.09678784,-0.11104119,0.14362277,-0.08558058,0.24935164,-0.24435362,0.02895792,-0.06609647,-0.09095025,0.030405028,0.051694717,-0.1225605,-0.039433118,sport
0.2779234,0.22554763,0.15277138,-0.090776585,-0.4619538,0.34507117,0.13717017,0.45428342,-0.10241603,-0.18167427,-0.42645115,0.1293118,-0.057658173,0.16705635,-0.25990438,-0.07320674,0.047499448,0.12799902,-0.110006735,0.027081076,-0.1517097,-0.020805104,0.034782268,0.21156126,0.3485835,-0.07860587,-0.0955096,0.2103899,0.1306369,-0.009443342,0.0368465,-0.14259,0.27182746,0.06695433,0.16054039,-0.03520494,0.5466232,-0.17352556,0.049636822,-0.09050244,0.14207074,-0.0303044,0.42103252,-0.23593152,-0.01949154,-0.30850336,0.28434318,0.4478583,0.18151514,-0.0870114,0.14300929,-0.45358267,0.16748267,0.13318074,0.025118046,0.15223701,-0.08409506,-0.1966918,-0.15993688,0.26826498,-0.13074501,-0.21092609,-0.2991174,0.09329166,0.10417581,0.0038348245,0.12709664,-0.6849973,-0.29727292,-0.18718086,-0.04646746,-0.025124602,0.087402806,0.2281472,0.11934857,0.13557003,0.091195635,0.2627809,-0.27049434,-0.10500114,0.1434293,-0.18613024,0.0013114505,-0.1491549,-0.40360728,0.063675374,-0.007212729,-0.14738157,-0.06618466,0.17611536,-0.045924667,0.2545823,-0.31499445,0.07718226,-0.02722847,-0.102624595,-0.0568342,0.10387681,-0.16983597,-0.09753382,sport
0.2115431,0.24445638,-0.04678058,-0.03477223,-0.3691696,0.12369392,0.034503877,0.4365333,-0.2722381,-0.1654172,-0.49670804,-0.007937163,-0.10583459,0.05425526,-0.22074577,0.08011411,0.0139113935,0.01756107,-0.06528182,0.097460285,-0.1787774,0.029734695,0.086349525,0.32746786,0.35241625,-0.12389449,-0.07721562,0.27849102,-0.103489846,-0.034269765,-0.21392554,0.0025403488,-0.010497467,0.16281603,0.18445803,-0.08152969,0.47916943,-0.16232057,-0.07013035,0.16785072,0.22993398,-0.10218511,0.36208257,-0.20363207,-0.056220777,-0.19714211,0.2656509,0.33780792,0.16654515,-0.31036916,0.06131563,-0.56603664,-0.007384332,0.044846747,0.04219613,0.09188225,-0.15416247,-0.21569262,-0.09490193,0.3381054,0.08925258,-0.16556722,-0.27095008,0.19124155,0.14857788,-0.10847565,0.11200151,-0.45031995,-0.12662119,0.08217045,-0.06521778,-0.14441152,0.09175942,0.09252608,0.14715533,0.13033912,0.14706023,0.052031435,-0.20184654,-0.17065226,0.0077419756,-0.07683003,-0.058833543,-0.10071597,-0.30419722,0.006814017,-0.09678973,-0.11459878,0.010233473,0.15864837,-0.117188275,0.22839105,-0.029892499,0.013835036,-0.0053016455,-0.20758359,0.21663411,0.18980436,-0.051410295,-0.22536665,sport
0.14972086,-0.15163063,0.2845366,0.09487658,-0.32841754,0.10512576,0.19476315,0.2605641,0.1263923,-0.17349017,-0.114916265,-0.04563707,0.1176444,0.2547999,-0.042975232,-0.011160648,-0.019943105,-0.17340404,-0.23648359,0.028238555,-0.41949344,-0.02564325,0.1892769,0.57213473,0.08911398,-0.1404057,-0.025313124,0.24695668,-0.048177883,-0.12076589,-0.09964003,0.06886142,-0.06869145,0.36925384,0.47368884,-0.17919435,0.12310067,-0.5258052,0.21107621,0.14456725,-0.11315195,-0.16215457,0.57421076,-0.29855886,0.025975281,-0.3339905,0.4436419,0.33070758,0.47374198,-0.12691784,-0.040386576,-0.66304487,-0.24633332,0.07957997,0.007828373,0.0832148,-0.16873534,-0.14808238,-0.081672676,0.59546494,0.036103167,-0.40988255,0.033699602,0.17239903,0.27636215,-0.035271056,0.06455883,-0.33398432,-0.08807162,-0.05924659,0.05848181,-0.27889326,-0.36213836,0.049960304,0.22700365,0.07177649,0.15374959,0.062730335,-0.18066473,-0.28334972,-0.08362313,-0.13602026,-0.22974716,-0.103559926,-0.479217,-0.11546905,-0.060281448,-0.09593945,0.07895301,0.3235967,-0.040753283,0.16800578,0.19724627,0.20279272,-0.105035275,-0.24486096,0.26471502,-0.02088888,0.17040838,0.12519425,sport
0.20242605,0.06989972,0.19864532,0.0051331436,-0.16222385,-0.065725766,-0.07812761,0.17553572,-0.22822462,-0.12446477,-0.40566602,-0.098366134,0.13156085,0.026268547,0.029472653,-0.02892963,0.027697127,-0.0019637665,-0.09647789,-0.002499614,-0.22813585,0.031309754,0.14605768,0.55225694,0.13924883,0.028792527,-0.09121864,0.22587045,-0.15830956,-0.11458169,-0.23479567,-0.0862831,0.107556604,0.29854712,0.32648233,0.07560324,0.18217055,-0.2296263,0.022961345,0.050589643,0.25429994,0.0052493312,0.6567001,-0.2955838,0.013651588,-0.2611427,0.30465457,0.35555515,0.32529226,-0.323392,-0.071666665,-0.61474603,-0.23608509,-0.2247814,0.0044983895,0.06538921,0.13196,-0.02185532,-0.010477953,0.46804652,-0.095714085,-0.23844488,-0.017628392,0.033653993,0.1672832,-0.13235812,-0.0784045,-0.5045194,0.08044629,0.019498395,-0.15605237,-0.08603772,0.1183841,0.116566285,0.36928234,0.061002932,0.20224309,-0.13360178,-0.049826123,-0.1069635,-0.0073599415,-0.19954965,-0.23543262,-0.09993348,-0.5038958,-0.05231877,-0.21886872,-0.40093133,0.05795255,0.3363211,-0.20563172,0.23510507,-0.004429022,0.10683528,-0.12780872,-0.3204495,0.12073837,0.21830435,-0.08902355,-0.071981505,sport
0.19227932,0.11778496,0.12645814,-0.00455554,-0.2360675,0.09525323,-0.08195706,0.26816145,-0.07813582,-0.0670242,-0.25009662,-0.11559182,0.19517441,0.08022215,-0.019988818,-0.023911186,0.08352533,0.00040641383,-0.12833332,0.01844557,-0.30599895,-0.059933912,0.18310577,0.4499096,0.21260291,-0.01697618,0.072858535,0.1624067,-0.058752414,-0.098796606,-0.17093077,0.0051048878,0.10718406,0.35422283,0.36182687,0.11342642,0.27730772,-0.25700852,0.07411777,-0.06292493,0.20119317,0.04582086,0.4513429,-0.11567831,0.007211962,-0.10261364,0.25670242,0.30310965,0.34824866,-0.3232066,-0.027982175,-0.57971454,-0.33486488,-0.13446695,0.12853476,0.092790306,-0.048109215,0.008087837,-0.06141343,0.50652736,-0.109941244,-0.34869644,-0.071682215,0.109105445,0.27820256,-0.11670235,-0.108848035,-0.44208506,-0.06406721,-0.031208329,-0.15104271,-0.062290765,-0.046181407,0.05527219,0.26421076,0.08988446,0.11955317,-0.114200585,-0.18298954,-0.11826557,-0.042359654,-0.115802206,-0.20734856,-0.042277142,-0.3264732,-0.09857357,-0.19642106,-0.22788173,0.0836209,0.30027017,-0.043780692,0.15268803,0.110975794,0.022555605,-0.17221576,-0.24808677,0.25714535,0.3107492,0.0037486467,-0.09130248,sport
0.28733242,0.01860598,0.21409658,0.034410503,-0.33020014,-0.027032766,-0.08110167,0.12082487,-0.053932402,-0.038592517,-0.18653263,-0.21728063,0.2984217,0.12186503,-0.0766735,-0.120342955,0.14520767,-0.04275155,-0.25067988,0.07147088,-0.4168607,-0.16726252,0.07087233,0.39542228,0.16214274,-0.044401366,0.08228743,0.1847843,-0.10584115,-0.16548549,-0.2142208,0.094830595,0.10394771,0.226763,0.33820605,0.15504143,0.10089151,-0.29889113,0.07741089,-0.03712279,0.18199188,-0.07498017,0.57213247,-0.1899934,0.010019803,-0.27924222,0.20326215,0.28409058,0.46281478,-0.27721885,-0.049240645,-0.6576631,-0.39470348,-0.09620261,0.19172177,0.022871032,0.033857703,0.07958958,-0.1039812,0.61938435,-0.07362893,-0.42691183,-0.066848606,0.09093491,0.2416147,-0.015902305,-0.10678501,-0.38976473,-0.06397179,-0.07471841,-0.14716105,0.013723128,0.03911907,0.08434696,0.22604729,-0.030753905,0.10881511,-0.13210864,-0.08157165,-0.22640108,-0.029430285,-0.08565078,-0.27608764,-0.03773648,-0.4984317,-0.06961265,-0.16933249,-0.35875863,0.1429039,0.30452,0.008476779,0.16520585,0.08833848,-0.056782197,-0.22008657,-0.22792333,0.2862843,0.20625481,0.05088548,0.0006034539,sport
0.2046005,0.16934735,0.19276646,-0.023505205,-0.18128121,0.11325402,-0.2605431,0.23555316,-0.048534725,0.015053099,-0.3261071,-0.26016963,0.24679135,0.058533233,0.043592706,-0.016390178,0.15121183,0.06980307,-0.16738549,-0.06779864,-0.23977484,-0.16821894,0.24056359,0.5694092,0.24352051,0.06043267,-0.048602477,0.14003974,-0.009221588,-0.14410396,-0.089892834,-0.038156386,0.25935027,0.29303995,0.4675888,0.2061475,0.19853659,-0.2885235,0.06565917,-0.03301295,0.23803027,0.07689603,0.59715676,-0.108038396,0.038441613,-0.15408473,0.2751472,0.4090999,0.40273148,-0.2831565,-0.043025874,-0.65897137,-0.33903465,-0.24538748,0.2390811,0.08134397,0.11260263,0.01961794,-0.086110376,0.5088341,-0.12682019,-0.3506859,0.09075983,-0.045750957,0.3447603,-0.09123223,-0.14317618,-0.52314824,-0.07108695,0.021242626,-0.1738534,-0.073808976,0.029905427,0.16814592,0.26173702,0.050353646,0.23714815,-0.3116009,-0.14887752,-0.09217465,-0.06248421,-0.13595998,-0.24818733,-0.08125333,-0.4081468,-0.26490796,-0.2668812,-0.27406463,0.20206475,0.40473673,-0.05972832,0.23394367,0.095593855,0.07763806,-0.2027348,-0.28121927,0.22160022,0.3334233,-0.03098448,-0.122698165,sport
0.019323407,-0.19534235,0.23492673,0.14899272,-0.47729498,0.22494788,0.27857968,0.07765094,0.28188297,-0.19442366,0.10606057,0.0062514306,0.30262387,0.41884246,0.018502938,-0.14495678,0.05097133,-0.31236985,-0.36769962,0.03368913,-0.3558177,0.011656707,0.23920107,0.5018902,0.1826545,-0.0048760017,0.17502864,0.1747722,-0.14655593,-0.1693213,-0.008436455,-0.12484199,-0.1557254,0.30041224,0.2919155,-0.23397753,0.12990679,-0.6690589,0.4084091,0.07268567,-0.093497604,-0.13984928,0.61272115,-0.13587552,0.14927197,-0.12933965,0.44077072,0.4575835,0.64861375,-0.20667449,-0.109185316,-0.7015086,-0.15727122,0.07966009,-0.14255679,0.033535585,-0.05105915,0.12254043,0.0075222855,0.5955752,-0.26190478,-0.41742355,-0.0010503095,0.2776076,0.43409446,0.07399757,-0.049902692,-0.40731254,-0.019478258,0.043054845,0.1786811,-0.06468833,-0.18427378,-0.018133488,0.31346565,0.28453147,0.28080428,-0.015774036,-0.15105979,-0.34660947,-0.013375163,-0.16674305,-0.4041705,-0.28416887,-0.51068854,-0.17638937,-0.07823041,-0.6328788,0.02400806,0.5132367,0.02694895,0.21501425,0.28714216,0.206748,-0.03470317,-0.08550803,-0.034274347,0.10862589,0.07897594,0.11813064,sport
0.19827734,0.18080384,0.14814267,-0.004120333,-0.23980835,0.07058097,-0.061354723,0.20153786,-0.19349451,-0.029556278,-0.364686,-0.07850235,0.1808083,0.15796456,-0.029297106,0.010549301,0.04141577,-0.06307237,-0.12506579,0.044762604,-0.23185298,-0.031941928,0.14641479,0.43948585,0.121481225,-0.012118632,-0.00720914,0.1347373,-0.11144807,-0.16282538,-0.14684767,0.10415012,0.21347082,0.300808,0.38240325,0.19035532,0.27015933,-0.284332,-0.14015216,0.030640766,0.1701494,0.06320401,0.5247334,-0.23146622,0.0671545,-0.11230207,0.24512674,0.2912534,0.2657396,-0.30530968,-0.037088998,-0.55884486,-0.29113615,-0.19733563,0.21735106,-0.011563416,0.07512689,0.108515866,-0.11067892,0.5829178,-0.049002353,-0.27920485,-0.049341496,0.016784871,0.19238001,-0.05937234,-0.12294124,-0.434985,-0.15297659,-0.027601369,-0.21988423,-0.093158446,0.10811503,0.19747907,0.31630638,0.003893864,0.10357632,-0.13706814,-0.14994164,0.0072977967,-0.05021869,-0.0062200204,-0.21365306,-0.048443146,-0.460783,-0.09328945,-0.12328198,-0.37745538,-0.053371243,0.25971326,-0.1340395,0.24835178,-0.09556522,-0.018509623,-0.10320418,-0.252597,0.25979537,0.15307042,0.058625195,-0.1000774,sport
0.20217513,0.29668134,-0.005499736,-0.016004397,-0.4198079,0.1606258,0.037059028,0.20901842,-0.23700349,-0.088215254,-0.5370843,0.18845248,-0.09770519,0.15481494,-0.13577448,0.006541101,0.00848255,-0.035590284,-0.1429658,0.004018351,-0.27605492,-0.033811267,0.23420098,0.22044614,0.26141304,-0.08910289,-0.17991664,0.16589603,0.014038382,0.009437565,-0.08736906,0.03630494,0.13456856,0.091871195,0.14347936,0.010754254,0.43479845,-0.34073916,-0.0495699,0.15342347,0.2511423,-0.015047093,0.5301004,-0.2963058,0.065033495,-0.25598115,0.19485971,0.36620826,0.2575529,-0.2912677,-0.0016343294,-0.52937305,0.18376875,-0.015496061,-0.071574196,-0.002514472,-0.0501364,-0.048443194,-0.06803422,0.30827606,0.05306758,-0.3025594,0.018175187,0.23248811,0.17285554,-0.11266802,-0.021593545,-0.61024344,-0.18976925,-0.046197962,-0.18911943,0.03061524,0.15922818,0.21626258,0.10305002,0.020920208,0.13728802,0.15145396,-0.12779805,-0.1571322,0.19120792,-0.0564538,-0.070400886,-0.18010129,-0.47146523,0.11836886,-0.0581122,-0.094093524,-0.09552617,0.15669754,-0.25753883,0.26682764,-0.22232373,0.0018379173,-0.021776382,-0.17815384,0.024480246,0.14878157,-0.037856445,-0.12871963,sport
0.14156762,-0.14737527,0.20759879,-0.013250736,-0.3286892,0.043447997,-0.05355883,0.2384217,0.05197817,0.032228515,-0.21583563,0.03764961,0.1363907,0.17623593,-0.00742592,0.022000907,0.17356095,-0.1150796,-0.16920888,0.07994128,-0.38361478,-0.17648278,0.116275206,0.38107225,-0.014142172,-0.08092715,-0.08028176,0.24816743,0.094827905,-0.0016769883,-0.09757455,0.082304396,0.07296642,0.24982171,0.3627067,0.09890239,0.38101974,-0.32606274,0.04516299,0.094466336,0.008355291,-0.0838856,0.43535635,-0.106508814,0.1168012,-0.18729797,0.34622082,0.28518713,0.33837664,-0.042250533,0.058930404,-0.5746379,-0.16308792,-0.07054868,0.10758245,0.15719792,-0.089496136,0.04350265,0.0018551606,0.5424098,0.16679317,-0.337061,-0.09949804,0.27635425,0.16426164,-0.018168636,-0.06855821,-0.16823664,-0.06104831,-0.03632688,0.14782134,-0.106279,-0.046682622,-0.028545214,0.1284032,-0.020686885,0.1680174,-0.0049904827,-0.095899746,-0.053087458,0.079432085,0.078479834,-0.11205658,-0.08226642,-0.39028558,-0.08981082,-0.030441642,-0.0819711,-0.15778458,0.14768974,-0.1392456,0.11671591,-0.006467913,-0.032099973,-0.10465285,-0.15787773,0.2908694,0.18920535,0.062242523,0.057168208,sport
0.23596175,-0.23183659,0.30335042,0.043617375,-0.40437114,0.06572834,-0.04221461,0.10901652,0.100755215,-0.0549138,-0.28600222,-0.18211035,0.15048078,0.18712182,-0.082536966,0.029504491,0.17293145,-0.0115861595,-0.08111844,0.016474845,-0.38120258,-0.13516752,0.18835859,0.3961006,-0.00043763444,-0.06809138,-0.124365374,0.1721183,0.13985677,0.00023774116,-0.14722008,0.16598725,0.19169167,0.32395196,0.30335003,0.10340314,0.41118845,-0.2561685,0.14111984,-0.027437517,0.11426853,-0.024876496,0.39777753,-0.10409256,0.15151894,-0.29398102,0.4247647,0.20690788,0.3527254,0.016970178,0.021063045,-0.6919301,-0.14738922,-0.093241245,0.09476126,0.28498656,-0.13803515,-0.017202523,0.0035945477,0.5091404,0.07230051,-0.3275749,-0.10201624,0.10104687,0.2302519,-0.022160774,-0.05649641,-0.13737275,-0.16407734,0.006959163,0.07927989,-0.08466989,-0.14551857,0.019715697,0.18755196,0.01691252,0.24038643,0.023403585,-0.28107047,-0.16965626,0.05410903,0.031964466,-0.09238011,-0.00581275,-0.35894424,-0.056190215,-0.12327289,-0.072514005,-0.081741124,0.18010746,0.011010613,0.027412532,0.055322044,0.052538287,-0.19932477,-0.06670856,0.2856071,0.21597105,-0.028138353,0.07591208,sport
0.124633536,-0.11747522,0.22181493,0.10357911,-0.43462768,0.24403378,0.14760648,0.21549527,0.19410194,-0.12554246,-0.076682694,0.059045937,0.18501939,0.28140402,-0.022234675,0.025426142,0.081194974,-0.17802648,-0.25036606,-0.05160492,-0.36037233,-0.036458593,0.24599923,0.4269845,0.22559617,-0.14444256,0.09403959,0.21872905,-0.11483415,-0.18237972,-0.14635521,-0.078233644,-0.15180051,0.25679907,0.2064356,-0.15863235,0.20940244,-0.557964,0.33644345,0.103156894,0.01394145,-0.10804241,0.49285084,-0.23276848,0.17829646,-0.17327297,0.43666247,0.337268,0.49794537,-0.22319518,-0.019173112,-0.60477334,-0.12861064,0.07840011,-0.21859649,0.18926808,-0.0730873,-0.08226044,-0.09146117,0.5115121,-0.07854005,-0.41207516,-0.06265243,0.1454543,0.40129498,0.0710228,-0.008778129,-0.30033323,-0.100426205,0.03642599,0.037335552,-0.17241053,-0.14463297,0.07716764,0.21338855,0.13804425,0.13120097,-0.062470805,-0.18579096,-0.31436312,0.13715592,-0.07546816,-0.25131187,-0.2233056,-0.4920449,0.022127626,-0.046737205,-0.36618438,-0.047923163,0.37731472,-0.021813216,0.13988551,0.05783333,0.22144058,0.026129223,-0.17433487,0.031540167,0.11114194,0.03268269,0.024066608,sport
0.33795658,0.079564765,0.23439561,0.03522172,-0.36245272,-0.012560676,0.055157356,0.30483988,-0.07927904,-0.16253613,-0.3015565,-0.20141056,-0.013322883,0.07389295,-0.10374014,-0.07867413,0.033515908,0.008216782,-0.17151155,0.085046075,-0.14490299,0.10863902,0.1663379,0.4044047,0.29033604,-0.14288497,-0.108474314,0.3146041,-0.09746767,-0.12528723,-0.24801847,-0.06049644,0.0350604,0.2833549,0.20449847,-0.11041804,0.21505009,-0.2221331,0.09677136,0.03998404,0.25762105,-0.07798047,0.42156795,-0.28015444,-0.025264578,-0.31477097,0.37208256,0.29955304,0.23144469,-0.3191144,-0.07490254,-0.4990627,-0.10939603,-0.05771749,-0.048590045,0.1075816,-0.009673169,-0.054746322,-0.13000843,0.4419509,-0.16493545,-0.34125412,-0.09328503,0.087413974,0.032842603,-0.14931732,0.0009529542,-0.5770309,-0.043330647,-0.043939315,-0.14513993,-0.06404627,0.11011958,0.15371257,0.38694504,0.084392875,0.20466399,-0.0133023495,-0.092449404,-0.188789,-0.008696615,-0.26218355,-0.10439814,-0.06799157,-0.511499,-0.06552308,-0.20677772,-0.2807442,-0.00055932306,0.3300647,-0.06659705,0.11257842,0.12932232,0.19296779,-0.122418724,-0.27292407,0.15381414,0.18110295,0.034528576,-0.024557088,sport
0.25718293,0.14575219,0.18245722,-0.015876692,-0.20884316,0.044513907,-0.1756721,0.1929742,-0.08634597,-0.03113256,-0.2300785,-0.14646369,0.24593323,0.012248634,0.03591207,0.03831359,0.16016875,0.03767999,-0.1730567,-0.036154505,-0.28672916,-0.20792073,0.16879182,0.5349986,0.29456034,-0.010641337,-0.02078038,0.13336813,-0.0340551,-0.1600138,-0.20813474,-0.02997797,0.17260039,0.25149545,0.3121323,0.16588639,0.2783966,-0.2989533,0.06050886,-0.08364587,0.2320383,0.046376463,0.5538627,-0.14592324,-0.0243053,-0.13798395,0.2341843,0.28372008,0.38721788,-0.32001886,-0.024037462,-0.66435516,-0.32917148,-0.15224944,0.16855085,0.05123317,0.07277437,0.043886896,-0.064845756,0.5353461,-0.13060378,-0.35704398,-0.009757792,0.044463202,0.27887866,-0.10300321,-0.09663071,-0.5075712,-0.105192795,-0.10955086,-0.25410873,-0.07142737,-0.018456154,0.07757224,0.24669555,0.051034488,0.18749349,-0.23404405,-0.07956887,-0.16302362,-0.048673827,-0.04534522,-0.22292212,-0.07171184,-0.4406457,-0.13917996,-0.2448482,-0.21781516,0.16280039,0.35539827,-0.083129704,0.20194657,0.086546995,0.045811422,-0.2257108,-0.26165116,0.3201946,0.29416358,-0.046501946,-0.06737776,sport
0.2714322,0.14575179,0.13098209,0.0022071118,-0.33110467,0.15837148,0.08585504,0.41539046,-0.08297221,-0.15763892,-0.31525716,-0.090259485,-0.03485451,-0.06382383,-0.2243128,-0.030393071,0.14243102,0.10467363,-0.08135388,0.08355964,-0.18073685,-0.13401479,0.11932762,0.3113715,0.38139322,-0.09216526,-0.012708855,0.13505197,0.010836517,-0.15770446,-0.07152022,-0.03374294,0.065768525,0.1493923,0.09357811,0.008222081,0.47031,-0.17845222,0.045095418,0.05100047,0.2220956,-0.09440966,0.24798211,-0.100543916,-0.055974647,-0.32860526,0.22003734,0.40018222,0.263598,-0.21533807,0.13452683,-0.41523388,0.008232704,0.19545746,-0.04236011,0.15035577,-0.13988604,-0.13774055,-0.08089966,0.28821698,-0.013311072,-0.24134336,-0.3041077,0.20718035,0.12655672,-0.06133028,0.0059729354,-0.4655274,-0.17402679,-0.049028434,-0.0692983,0.022528185,0.103989154,0.1255545,0.22928734,0.10406221,0.21843196,0.039056033,-0.17501512,-0.24027127,0.0801026,-0.15287839,-0.13401116,-0.06282456,-0.29783788,-0.05533722,-0.06537762,-0.09062387,-0.05888795,0.22703227,0.011132484,0.22264639,-0.0020370616,0.040672973,0.012732665,-0.15546931,0.100795664,0.2516585,-0.10070124,-0.07766294,sport
0.23545346,-0.09604337,0.22535299,0.064768836,-0.35594478,0.0809803,0.21716216,0.2823833,0.17402479,-0.14477399,-0.22346257,-0.049849227,0.11856183,0.20706098,-0.08817523,-0.010267908,0.03437267,-0.17887667,-0.23102368,0.0601474,-0.37487727,-0.05502946,0.13642876,0.5335052,0.121455096,-0.16363226,-0.047838606,0.29482037,-0.011886537,-0.10697304,-0.13911685,0.053318698,-0.027396614,0.35971165,0.39597353,-0.10102996,0.1996789,-0.50177634,0.17205882,0.13398227,-0.07749161,-0.16438131,0.5063718,-0.32434,-0.000981151,-0.39531335,0.3614963,0.312229,0.49316934,-0.14063643,-0.03252729,-0.6258836,-0.19920382,0.17985524,-0.086948074,0.12571055,-0.107682906,-0.18353815,-0.119639315,0.5339294,0.022754341,-0.3738242,-0.021571994,0.07021984,0.1905274,0.025414662,0.08980718,-0.36094257,-0.09618967,-0.08048213,-0.019136483,-0.25729552,-0.29352438,0.080162734,0.20023397,0.028959636,0.119462006,0.059557028,-0.24578822,-0.35716742,-0.0006502116,-0.11428209,-0.17062235,-0.10906685,-0.45268866,-0.050139394,-0.0557597,-0.097714715,0.024890104,0.23409139,-0.06696644,0.14757173,0.0704155,0.18998803,-0.0811436,-0.22427247,0.21483526,0.025503917,0.09173331,0.07043924,sport
0.24173872,-0.00015845684,0.20630254,0.05123143,-0.31283993,0.0019193474,0.026062084,0.31386548,0.051817346,-0.04587684,-0.12374684,-0.18503127,0.21327342,0.07678692,-0.074173845,-0.008230721,0.15484972,-0.031778846,-0.13828178,0.0031556212,-0.39513496,-0.1713497,0.140008,0.4411851,0.11971966,0.03722149,0.0992268,0.2469816,-0.056935888,-0.084080815,-0.2185768,0.07308923,-0.024599014,0.3358574,0.26278785,0.044422038,0.26161355,-0.24042349,0.10583162,-0.00544045,0.1761694,-0.108593516,0.40353015,-0.09947603,0.00080857,-0.14711584,0.31351742,0.28316936,0.4283513,-0.20574756,0.051080827,-0.5501776,-0.2833315,-0.056500535,-0.021957384,0.10991686,-0.13330047,-0.03716372,-0.107451074,0.526203,-0.064408876,-0.4044987,-0.13118875,0.09804911,0.219917,-0.08053566,-0.08256921,-0.33801964,-0.15034796,-0.12182427,-0.08800983,-0.10522341,-0.104508415,0.023863958,0.22553794,-0.032618646,0.11148653,-0.05651201,-0.24885212,-0.13552909,0.04106559,-0.14058447,-0.21593165,0.036390994,-0.3507711,-0.03983849,-0.1867419,-0.16769484,0.048566584,0.27762663,0.09407033,0.14800991,0.13919352,0.020437557,-0.1466274,-0.123647176,0.32653993,0.17722955,-0.04442557,-0.0557623,sport
0.26999378,0.041460823,0.34712517,0.08652151,-0.26035938,0.24334507,0.09905387,0.38585576,0.047024116,-0.14094439,-0.23103715,-0.17250638,-0.044789653,0.032561775,-0.16339394,-0.08130537,0.18196273,0.08751499,-0.116704926,0.02507385,-0.18601443,-0.09613766,0.17639685,0.33923107,0.3968545,-0.07123974,0.03605971,0.04164905,0.06627777,-0.2492304,0.0273947,-0.05037865,0.14496608,0.19154318,0.18308662,-0.031550635,0.31070772,-0.26557526,0.13757107,0.13750094,0.12739456,-0.08638235,0.3919037,-0.23189941,0.14330252,-0.434073,0.39110124,0.41200584,0.29807472,-0.21964432,0.1661852,-0.4853841,0.028668974,0.2078691,-0.06670446,0.22296745,-0.119394,-0.17155816,-0.10722808,0.35982683,-0.05751141,-0.24065565,-0.15883467,0.11443112,0.16178997,-0.0011411307,0.05516322,-0.40384698,-0.26406538,0.018307677,-0.10166236,-0.00052152586,0.093021296,0.17968509,0.24004674,0.15617287,0.24511723,-0.01067445,-0.2789506,-0.21360378,0.07963405,-0.22239666,-0.21072873,-0.12232,-0.47976896,-0.04450253,-0.09717409,-0.24396221,-0.114907436,0.3192909,0.048995633,0.26927748,0.0028380675,0.17834015,-0.008572566,-0.10985873,0.018405994,0.103893235,-0.017513953,-0.026041824,sport
0.15676937,0.24062121,0.15949541,-0.06474521,-0.3526976,0.29787225,0.045420792,0.44667813,0.14365256,0.076446,-0.47967294,-0.2804207,0.15457028,0.07785937,-0.37686902,-0.2130796,0.21206513,-0.26992857,-0.10289333,-0.04927531,-0.31828755,-0.025514701,0.20574942,0.70900923,-0.003235999,-0.17564015,0.06380098,-0.03226205,0.07286267,-0.024764271,-0.09803754,0.09837301,0.12357663,0.5040097,0.15487823,0.074751444,0.52185094,-0.5099015,0.106382124,0.10375822,0.23876348,-0.038485106,-0.18874718,0.0037141524,0.34684956,0.095319405,-0.19665782,0.24636057,0.4312208,-0.5375622,-0.27703103,-0.42635834,-0.42844594,0.26081946,0.14522429,0.39284927,-0.16255513,0.11496154,-0.182293,0.18601084,-0.35439238,-0.3795432,-0.23652458,-0.14972878,0.09802051,0.026546828,-0.11665909,-0.093947746,-0.32888848,0.114402,-0.028278172,-0.07152432,-0.17749369,-0.3054472,0.29546398,-0.0021916751,-0.05517787,0.08462471,-0.2377937,-0.53933674,0.2673337,0.039262813,-0.10376507,-0.11702243,-0.5209308,0.20474212,-0.10000318,-0.43311006,-0.029939666,0.13829799,-0.31841746,0.048275813,-0.07702324,0.15638432,-0.021671403,-0.41953772,0.23767895,0.50935495,-0.29780656,0.20180407,finance
0.08809818,0.076205075,0.014230807,0.078683406,-0.23615609,0.2512132,0.1275979,0.50738,-0.13223092,-0.09812004,-0.60171705,0.28279278,-0.20347333,0.13456632,-0.17413834,-0.23076184,0.081186816,-0.19363967,-0.26593995,-0.0030675728,-0.037148014,0.12472565,0.013329591,0.43860763,0.42312267,-0.16452204,-0.099534646,0.2251747,0.049981553,-0.03934398,-0.01996094,-0.31955737,0.1756204,-0.025804792,0.35839856,-0.05946435,0.27240282,-0.32140744,-0.15007567,0.14535323,0.08343614,0.08115778,0.3134224,-0.16904996,0.0674327,-0.101499476,0.0739991,0.36539882,0.2730949,-0.37741512,-0.016207784,-0.20242533,0.11395427,0.08069929,0.19661133,0.003703005,-0.075384185,-0.22714812,0.014809342,0.35257298,-0.06491444,-0.20706394,-0.27881628,0.2106185,-0.018151302,0.11702926,-0.009335661,-0.802773,-0.19161415,-0.32791433,-0.1870927,-0.21735641,-0.065804705,0.022463968,0.17223468,0.16499001,-0.099256165,0.27482557,-0.14199044,-0.102043785,0.044632584,-0.019462168,-0.117663,-0.31364033,-0.36958042,0.01977851,-0.09633128,-0.3929388,-0.093259215,0.23738207,-0.22381355,0.2397793,-0.21587619,-0.20058608,-0.0060692546,-0.21584591,-0.01747818,0.07310734,-0.049585655,-0.06920557,finance
0.1297528,0.14975123,0.016370578,0.20947906,-0.32043886,0.2869942,0.22819768,0.12300975,-0.08108362,-0.06541112,-0.352934,-0.21311818,-0.00231896,0.35394242,-0.42297697,-0.06620373,0.21556191,-0.24666053,-0.1853143,0.03393113,-0.18389301,-0.096086614,-0.12018771,0.60472804,0.14449726,-0.08041822,0.058386534,0.01890299,0.074128196,-0.19429328,-0.073650055,0.0017171158,-0.032787725,0.3737813,0.07411316,-0.06583807,0.2276608,-0.65086436,-0.033491507,0.08092384,0.13735111,-0.22360155,0.0144640785,-0.21402578,0.3323932,0.17066664,0.04452783,0.32677734,0.37706655,-0.5750737,-0.15749931,-0.43357104,-0.2903312,0.114567876,0.20889223,0.40191597,-0.05617142,0.07910132,-0.2648775,0.34401628,-0.51623654,-0.27504146,-0.37460506,0.012032091,0.2455984,-0.050402336,-0.24628527,-0.1923503,-0.31282914,-0.044068232,-0.057059027,-0.01485829,-0.05305373,-0.14621954,0.40165454,0.25350472,-0.015300451,0.19438836,-0.19934955,-0.5694251,0.028292231,-0.17223114,-0.06484008,-0.08522808,-0.7062799,0.09790546,-0.21323173,-0.41226897,0.27175635,0.2801151,-0.31533003,0.13375543,0.015333073,-0.08022894,-0.006126712,-0.20192286,0.39009297,0.3458942,-0.23931019,0.07888786,finance
0.13695017,0.121385746,-0.08728029,0.07933677,-0.3701386,0.021808283,0.15911052,0.29900426,-0.04769106,0.021273049,-0.44955006,0.24184883,-0.06958786,0.1463552,-0.13100116,-0.010838402,-0.06058562,-0.15637127,-0.2902193,-0.14321077,-0.13304122,0.07837259,0.018963326,0.34806007,0.29410607,-0.3358744,-0.12363435,0.20009583,-0.017855637,0.088137776,-0.01076881,-0.09215186,0.07396413,0.27860686,0.19853576,-0.12945676,0.28790355,-0.35128227,-0.18501744,0.10756431,0.16986233,0.03848629,0.39461014,-0.061880782,0.058839682,-0.11307375,0.17204146,0.32231224,0.36744285,-0.24996859,-0.018353382,-0.5094523,-0.02839245,0.057789154,0.10382681,0.047093645,-0.1996701,-0.18479486,-0.06758695,0.36509588,-0.00460778,-0.2543122,-0.2415424,0.20048037,-0.11642961,-0.15599813,0.025693791,-0.5785912,-0.08366193,-0.14353044,-0.11598837,0.088397734,-0.036589548,0.09652992,0.30063686,-0.048590478,0.14979655,0.07239192,-0.16290382,-0.2038822,0.103369705,0.078053996,-0.062006176,-0.13467754,-0.38041377,0.0798337,-0.21486452,-0.25229883,-0.076364495,0.15890136,-0.27752483,0.43479937,0.02585694,-0.11956239,0.17059636,-0.10321177,-0.058041345,0.11741798,-0.10977283,-0.16921034,finance
0.19228421,0.056074157,0.0065619806,0.22053218,-0.29557735,0.26351503,0.11066071,0.21192162,-0.05936145,-0.19560207,-0.40398434,0.056770753,-0.023444472,0.15249288,-0.32311445,-0.010258924,0.24079227,-0.12519446,-0.25060785,-0.07887935,-0.1788382,-0.08700371,-0.05729987,0.48923403,0.27254072,-0.10918594,0.012922823,0.10887467,-0.034659453,-0.13514267,-0.13760372,-0.07245348,0.08821021,0.30301264,0.17262536,-0.00446008,0.21653062,-0.48883763,-0.07626996,-0.08686185,0.20775029,-0.0805845,0.09979623,-0.17351717,0.25113362,0.052387856,0.14127363,0.26275897,0.38748983,-0.3261271,-0.094062574,-0.37237623,-0.125214,0.17749263,0.14430843,0.17886874,-0.105128184,-0.053213917,-0.10333055,0.26017383,-0.3477863,-0.29858804,-0.29861137,0.029863946,0.056549348,-0.021952886,-0.11164986,-0.4341437,-0.08544489,-0.17772219,-0.063967355,0.0067173257,-0.10048793,0.019412057,0.22664365,0.049020667,-0.020825285,0.05592657,-0.20194995,-0.30937755,0.096589334,-0.18924625,-0.08753388,-0.013196648,-0.48009706,0.08745751,-0.23551026,-0.27994227,0.07076955,0.20857313,-0.1902595,0.20582435,-0.113205865,-0.050194416,-0.036484834,-0.083406575,0.020111494,0.35095522,-0.3127123,-0.09735599,finance
0.045430437,0.29908112,-0.10203691,0.0100862775,-0.3793187,0.120558426,0.15594344,0.2035919,-0.2648815,-0.16082427,-0.50527775,0.29828715,-0.047444426,0.03597113,-0.14227505,-0.03347528,0.028948203,-0.23315902,-0.24720891,-0.096556604,-0.15750009,0.04945106,0.12998839,0.50543636,0.20969738,-0.12622231,-0.11492648,0.11942988,0.047191102,-0.0126797445,-0.02085291,0.0069300835,0.14701174,0.2040645,0.194013,0.017824205,0.33523977,-0.34646973,-0.16309437,0.060997523,0.23923628,-0.04040843,0.4526453,-0.23699586,0.063008144,-0.03921115,0.09843344,0.39407343,0.2516408,-0.27065536,-0.08742407,-0.44188628,-0.015283999,0.076299734,0.04981065,-0.0926278,-0.12096557,-0.08327863,-0.09683573,0.25017205,-0.14199781,-0.20043088,-0.07337886,0.13899595,0.013646811,-0.15358306,-0.12859663,-0.60791254,-0.21340065,-0.07724712,-0.026818914,0.091297805,0.0061419453,0.034035552,0.33038133,0.06982366,0.16973801,0.05415485,-0.21626028,-0.09212823,0.19162211,-0.10028216,-0.07741485,-0.0695521,-0.41058025,0.20931001,-0.22424679,-0.28934336,-0.032655794,0.047734644,-0.3256395,0.39209026,-0.13080932,0.017691884,0.0644549,-0.19284031,-0.0051829554,0.2361292,-0.20924498,0.09929812,finance
0.13989174,0.13197596,0.107094236,0.14170536,-0.22430615,0.10460792,0.08251715,0.21148506,-0.16712186,-0.13376531,-0.47273976,-0.022041168,-0.017242465,0.087460205,-0.2734668,-0.14885743,0.17261049,-0.15740186,-0.14634566,-0.024799064,-0.19390336,0.066901974,0.104823396,0.5200919,0.049629882,-0.053152833,0.03648269,0.0042815097,-0.045796834,0.018893288,-0.08929716,-0.02355739,0.048423715,0.324179,0.20694695,0.0048889485,0.30167732,-0.41570157,-0.047940567,0.041440234,0.2475606,-0.025996802,0.17625742,-0.088075966,0.21086153,0.009598403,0.0881731,0.20670249,0.4210999,-0.30321166,-0.10596594,-0.46023923,-0.17201963,0.04865858,0.09477625,0.16719104,-0.165265,0.055844456,-0.103865124,0.27724397,-0.1284427,-0.1849452,-0.07974417,-0.0381052,0.17958513,-0.11951159,-0.17573498,-0.29610595,-0.15294032,0.12946157,-0.080394745,-0.096802905,-0.028450776,-0.050392624,0.1656,0.10542449,0.111669965,0.11868067,-0.2607399,-0.38532516,0.071669966,-0.17932674,-0.12087578,-0.049505744,-0.49573353,-0.046206627,-0.12108725,-0.28629687,-0.017832566,0.2160815,-0.25878212,0.19993468,-0.08796222,-0.020520868,-0.06483803,-0.08340251,0.15604514,0.3064776,-0.08605732,0.00053084764,finance
0.115743734,0.068023935,-0.20272137,0.30243105,-0.26589462,0.14823392,0.16251585,0.31361014,0.17406517,0.10415719,-0.2222393,0.13514188,0.27739432,0.45876536,-0.4088902,-0.16110961,0.29042676,0.15935194,-0.42458686,-0.10138294,-0.2742286,-0.12272732,-0.07205032,0.72489506,0.36949176,-0.16444202,0.1331281,0.109089695,-0.14573771,0.08177068,-0.3301891,-0.31841978,0.17201257,0.24137525,0.246787,-0.109158,0.36367613,-0.45074192,-0.3316472,0.114589006,0.14596938,-0.10253318,0.21512248,-0.3895168,0.17212097,-0.013646443,0.09624268,0.25336513,0.17015977,-0.4104847,0.048924044,-0.6158695,-0.053170297,-0.0141693745,0.13073331,0.17262436,-0.40151584,-0.079346694,-0.24722558,0.1207858,-0.31620714,-0.13289967,-0.16834217,-0.16361043,-0.17212088,-0.31103438,-0.11498492,-0.5258253,0.20354266,-0.21845436,-0.16522107,-0.29176697,0.02080176,0.12625776,0.11039963,-0.080488466,0.021293314,-0.06767452,-0.2898959,-0.08679291,0.123860426,0.023926083,-0.39938563,-0.14114082,-0.37691772,-0.14935608,0.015681908,-0.24524821,-0.15940312,0.04334132,-0.1610513,0.4517192,-0.068629466,-0.13145009,0.16123767,0.029467167,-0.10430487,0.46682498,0.2317465,-0.2559255,finance
0.16458969,0.046567302,0.025671814,0.029875875,-0.2660753,0.1435789,-0.06177562,0.031116582,-0.074563906,-0.106966056,-0.3845668,0.24796838,-0.0419005,0.06411767,-0.2772334,-0.18739529,0.115998805,-0.12045572,-0.20833282,-0.015057119,-0.2639795,-0.027698562,-0.07701227,0.36203852,0.13366616,-0.14325407,-0.1553215,0.10276125,-0.0018997611,-0.21467473,-0.043503746,0.08241608,0.1799659,0.22697145,0.2705497,-0.018816983,0.3013145,-0.39427808,-0.048209246,0.072449565,0.16987532,0.07442066,0.36679587,-0.07008783,0.06721533,0.04061092,0.11814642,0.47338632,0.4990142,-0.2567685,-0.11185881,-0.43639207,-0.078346156,-0.04881691,0.08671445,-0.077335924,-0.0011529897,0.022922117,-0.19409025,0.39423826,-0.13191079,-0.4155055,-0.25091687,0.24036232,0.087292425,-0.008826502,-0.07125824,-0.47896805,-0.14184442,-0.27752241,-0.022688664,-0.004569518,-0.048299838,0.0017713865,0.2024004,-0.13639554,0.062205665,-0.1100272,-0.1353273,-0.33598378,0.042466182,-0.023166252,-0.22170559,-0.10980203,-0.47268456,-0.034445517,-0.10356784,-0.38444328,-0.14341296,0.20556362,-0.22059664,0.31326005,0.020777388,-0.1860538,0.02498069,-0.04614989,0.17865777,0.14366929,-0.15935513,0.002731618,finance
0.14661653,0.07746869,-0.049740277,0.14336605,-0.3624012,0.01704744,0.10233187,0.20488703,-0.05816789,0.027611325,-0.3948053,0.1898815,-0.13242735,0.12413197,-0.1634629,-0.10631829,0.0018223131,-0.12192573,-0.3489338,-0.19062284,-0.15723343,0.0153125655,0.0111968955,0.34753677,0.3028163,-0.32470956,-0.09400844,0.16768959,0.017196279,-0.019652111,0.107186735,0.028604861,0.08289605,0.29497522,0.19893438,-0.09699149,0.2922715,-0.3619066,-0.20912832,0.056364004,0.20025481,0.05829235,0.38512388,0.014474189,0.05327637,-0.106508516,0.21454465,0.35228103,0.46771023,-0.23646247,-0.06874004,-0.5694659,-0.051488627,0.043539014,0.1404959,0.022010395,-0.2231914,-0.16689432,-0.08851233,0.47291496,-0.050266277,-0.319165,-0.20915334,0.1605851,-0.113274395,-0.17072055,-0.024079874,-0.6162922,-0.052876238,-0.18479036,-0.13698176,0.095975146,0.006523545,0.083086655,0.3228252,-0.0967723,0.17596048,0.0627262,-0.1695608,-0.24320991,0.13575357,0.05743163,-0.07642333,-0.13555309,-0.50699717,0.064421915,-0.13329206,-0.28322455,-0.07991683,0.2118329,-0.22484678,0.3982162,0.084146395,-0.12796552,0.12331683,-0.07731685,-0.015550665,0.017827997,-0.115485676,-0.1687324,finance
0.22943671,-0.009380389,0.14942527,0.23478013,-0.41071808,0.25634918,-0.14797314,0.23855372,-0.16189602,-0.09749402,-0.40624705,0.084095955,0.22405282,-0.16679925,-0.33778733,-0.3558011,0.45554525,-0.28779656,-0.24402498,-0.29189044,-0.17004356,-0.23818895,-0.022740306,0.46693844,0.3904902,0.03747553,-0.18705001,0.03550353,-0.21697016,-0.22630009,-0.18706529,0.006587107,0.1831665,0.107820116,0.17880204,-0.06269185,0.35480636,-0.61340266,-0.2607571,0.07679027,0.33748314,0.04803954,0.18829106,-0.36519548,0.12623866,-0.22402132,0.11664102,0.48008192,0.41017884,-0.3148788,-0.009376199,-0.33551437,0.24169281,0.34927997,0.27037725,0.06260748,-0.40823683,0.14845386,-0.22658694,0.43471944,-0.2828351,-0.14803644,-0.2789669,0.055907737,0.3044229,-0.13614562,-0.082231395,-0.47942686,-0.26687717,-0.11309647,-0.05957707,0.12819847,0.11530993,-0.1697276,0.29392007,-0.17945988,0.1759638,0.1413004,-0.46906266,-0.2681353,0.043197844,-0.21409167,0.14296314,0.19547655,-0.51139814,-0.04080706,-0.12669533,-0.3264253,0.09062382,0.27119476,-0.27487788,0.2535494,0.003992568,-0.17429884,-0.091755114,-0.017197527,0.078328334,0.45945325,-0.18294802,-0.03506519,finance
0.2839183,0.10458611,-0.12823036,-0.1021716,-0.41695347,0.26421297,-0.105833486,0.22188751,-0.055701733,-0.1388927,-0.35986012,0.24669452,-0.14724338,0.11755417,-0.3154612,-0.30318236,0.3194382,-0.033925388,-0.295235,-0.051455002,-0.11426374,-0.12917219,0.16530494,0.1960684,0.22365552,-0.35277596,-0.3293508,0.34631824,0.16172336,-0.0047575417,0.0010831892,0.050925627,0.23749188,0.009696241,0.26358318,0.15836442,0.43704465,-0.55342513,-0.27695134,0.107654795,0.08954169,0.09061118,0.4375312,-0.03861656,0.27688915,-0.23022796,0.13807613,0.3033662,0.44490615,-0.19692706,-0.054539904,-0.583278,0.22937879,-0.09713049,0.16142558,0.042682067,-0.037178896,-0.06689019,-0.122347794,0.4883363,-0.1385887,-0.3500108,-0.2618844,0.34362695,0.059342667,0.012661481,0.12402223,-0.5973289,-0.089034,-0.3340445,-0.093754254,-0.0032971292,0.049017437,0.13102694,0.14137945,-0.062305097,-0.1324808,-0.09501558,-0.0096059395,-0.38876525,0.19768076,0.14861189,0.048067518,-0.19746077,-0.5125175,0.015778804,-0.052673876,-0.27246276,-0.051403426,0.079123124,-0.32908478,0.027017642,0.00893913,-0.25948402,-0.09712269,-0.17457624,-0.0056479503,-0.038670827,-0.047176935,-0.026169294,finance
0.09617383,0.1600101,0.07665539,0.024281397,-0.29865667,0.13567829,0.062295724,0.26468158,-0.27519485,-0.18255542,-0.2500286,0.21584052,-0.053675663,0.22445041,-0.1615871,-0.076131225,0.19618075,-0.053254716,-0.04084243,0.062240206,-0.14462169,-0.13237289,0.020538293,0.3295779,0.28780672,-0.16302751,0.018256338,0.17854694,0.100893974,-0.114093944,-0.0070980554,-0.044451002,0.056647837,0.2156238,0.19723609,-0.004669662,0.34384274,-0.19618447,-0.17124006,0.118554085,0.23152351,-0.014503008,0.45660597,-0.12165746,0.028019039,-0.24607153,0.23058522,0.390684,0.36361,-0.12651242,-0.05638628,-0.47732237,0.047215488,0.06512813,0.23730554,0.025357021,-0.16800122,-0.06499985,-0.01674983,0.39452055,-0.011997119,-0.20994596,-0.24601944,0.1489693,0.18378387,-0.042724706,-0.026962377,-0.46986026,-0.015646638,-0.13461754,0.030952936,-0.018948335,0.10016284,0.12158634,0.15885392,0.08097439,0.14125894,0.085154295,-0.26969698,-0.12501349,-0.065067194,0.056796692,-0.15612027,-0.015186597,-0.32702827,0.023922697,-0.061141424,-0.21173386,-0.045499556,0.27211267,-0.1013918,0.095392995,-0.07211166,-0.042309225,-0.049228925,-0.16786368,0.1759883,0.1970665,-0.13287276,-0.23281813,finance
0.12180545,0.120806806,0.07121217,0.0084835375,-0.25515956,0.22563484,-0.019801766,0.294265,-0.16740508,-0.010380004,-0.55355966,0.14167608,-0.050777514,0.14014614,-0.21118584,-0.10225575,0.06751282,0.05595205,-0.16806237,0.016647918,-0.1654135,0.0034764274,0.1466917,0.32440877,0.28865686,-0.08560677,-0.06414357,0.17681336,-0.10350589,-0.1332489,-0.033227466,0.0030262547,0.31451678,0.1606319,0.24859355,0.123362474,0.29583588,-0.32256967,-0.19321793,0.112312585,0.11836389,0.093777366,0.3448663,-0.22861491,0.10086805,-0.19251175,-0.030420294,0.3366112,0.3981612,-0.20716883,-0.10644463,-0.4528593,-0.059244283,0.009989825,0.16172849,-0.010503661,-0.163959,-0.08528771,-0.1793658,0.34279618,-0.078956254,-0.12837572,-0.29328355,0.13702723,0.17469783,-0.023354834,-0.030719958,-0.47376847,-0.1154036,-0.23253241,-0.24457592,-0.09145033,0.04880406,0.056825157,0.17725667,0.13020079,0.0102910865,0.036109593,-0.17889547,-0.25839114,0.015129317,0.0004883312,-0.08756579,-0.105180815,-0.3482652,-0.001836813,-0.002796441,-0.2622122,-0.1347778,0.13279189,-0.2713574,0.3270258,-0.08654779,-0.1475723,0.028564341,-0.1610995,0.0192259,0.044978872,-0.116741225,-0.10031518,finance
0.03925124,0.027471026,-0.022919863,0.14574717,-0.35308343,0.20497604,-0.0120335305,0.03824893,-0.12534615,-0.0069863973,-0.5266264,0.104961894,0.071112216,0.13366227,-0.2257994,-0.21402542,0.16797107,-0.057294644,-0.26834404,-0.027078293,-0.21846856,0.06397616,0.040720444,0.5586749,0.17594856,0.055663366,-0.25126275,0.14902198,0.073519856,-0.057371546,-0.027319472,0.03439917,0.22089235,0.18618542,0.2524577,0.12228982,0.28242993,-0.47635725,-0.21464957,-0.09198078,0.16555384,0.094298854,0.24343745,-0.12140996,0.05238643,0.0036270374,-0.10666724,0.3041817,0.5496998,-0.18566403,-0.20646456,-0.5236184,-0.08159198,-0.13372327,0.16193485,-0.16225734,-0.090108015,-0.014167247,-0.17110279,0.22803621,-0.29371145,-0.26964715,-0.26738718,0.1378497,0.080348544,-0.11844653,-0.040004436,-0.49822885,-0.23324847,-0.25145862,-0.13402872,-0.036979467,-0.0002777159,-0.09739548,0.26948157,0.043365583,0.06347735,0.016718011,-0.18972714,-0.36165234,0.16261385,-0.16330665,-0.08499912,0.00046213678,-0.43358284,0.039443094,-0.10524815,-0.2663853,-0.03994655,0.15713677,-0.43186292,0.3095805,0.08338458,-0.2602499,-0.010704437,0.025233243,0.060261764,0.26660392,-0.2497236,-0.09160727,finance
0.07593495,0.10804609,-0.13148145,-0.04123393,-0.30172613,-0.046763144,0.047697444,0.32296416,-0.25408477,-0.111305036,-0.41895458,0.1185661,0.066995636,0.19010529,0.0015625508,0.19942337,0.15316997,-0.15275423,-0.062004164,0.043024376,-0.1125527,0.13256672,0.037359666,0.3170253,0.19135772,-0.13434085,-0.12063382,0.24310559,-0.14420846,0.08785524,-0.22899139,-0.062580496,0.115009084,0.18859287,0.3187802,-0.08257906,0.3052448,-0.3349127,-0.09319426,0.10427233,0.20018098,-0.05009839,0.38880885,-0.18822435,-0.036536016,-0.045400254,0.24963616,0.22784442,0.34485167,-0.2579058,-0.0012337102,-0.57060564,-0.009717286,-0.14344114,0.09909899,0.027397895,-0.11987559,0.044302896,-0.008567054,0.43168938,-0.0119958045,-0.26237953,-0.15876988,0.24717154,0.15427265,-0.11127087,-0.043800764,-0.43968624,-0.0076525337,0.074327834,-0.05103234,-0.12776984,0.15511763,0.015087778,0.09036867,0.03746877,0.08076899,-0.014814423,-0.09073293,-0.16310826,0.030996129,-0.09503622,-0.07244351,0.10895799,-0.38999987,0.005743359,-0.09419335,-0.24057056,0.0005724547,0.17731588,-0.34299684,0.2468725,0.035410114,-0.18700702,0.07734095,-0.10076178,0.16989854,0.20700142,0.001919935,-0.2665611,finance
0.034437243,0.03140333,-0.13554654,-0.026391752,-0.36846554,-0.09606788,0.12610476,0.18969434,-0.053738214,-0.028225798,-0.380808,-0.037716668,0.08696715,0.23957643,-0.037020337,0.1652384,0.09662405,-0.19362965,-0.10208585,0.13586876,-0.24739566,-0.11649073,-0.0085724285,0.43017724,0.090253174,-0.05766444,-0.12288764,0.30284518,-0.05977179,0.043336313,-0.1401846,-0.023273533,0.096672334,0.20882916,0.24893072,0.07015055,0.40333667,-0.3332621,-0.09469775,0.010927106,0.10130041,-0.18797648,0.32423297,-0.048741877,-0.09142689,0.048122995,0.0020188235,0.30298418,0.4622078,-0.38668525,0.10210712,-0.60282826,-0.0145215625,-0.026626814,0.050914284,0.044418126,-0.029549193,0.10684799,-0.0036100715,0.36784992,0.055260114,-0.18750834,-0.21216714,0.24946697,0.118406914,-0.1432121,0.0055891,-0.32395425,-0.04302097,0.013527529,0.054087315,-0.12220396,0.078965254,-0.035422105,0.21394996,0.0010871956,0.23038311,0.024676362,0.09783884,-0.27045712,0.23918906,-0.06975331,0.09237747,0.05054144,-0.36329922,0.0274169,-0.16067085,-0.18053538,-0.040915325,0.055323463,-0.34897748,0.21615362,0.11154855,-0.21069957,0.06656744,-0.044465993,0.14146778,0.27440736,-0.06313171,-0.07939242,finance
0.17718564,0.17868567,-0.05453795,-0.025306148,-0.4267312,0.061298978,-0.059666514,0.07795052,-0.19697104,-0.07704791,-0.43467116,0.15817796,-0.009072278,-0.012855634,-0.16742256,-0.25036976,0.17885599,0.06754985,-0.1865663,-0.00035267125,-0.18221578,-0.09678577,0.16298401,0.30209932,0.21314096,-0.08642659,-0.19501022,0.113005824,-0.0066424063,-0.04553869,-0.031649236,0.050188925,0.12831952,0.15259787,0.23354831,0.10118606,0.42947513,-0.43284342,-0.15807009,0.14184412,0.22275385,-0.034593035,0.36943686,-0.28253925,-0.053706847,-0.15892349,0.30912882,0.29781264,0.38933632,-0.23001942,-0.051959626,-0.60670835,-0.025116514,-0.09425123,-0.056220762,-0.00593383,-0.047129102,-0.020408602,-0.12697311,0.3615699,-0.033767786,-0.26180685,-0.13521133,0.07491491,0.21359017,-0.038152512,-0.053538475,-0.4371135,-0.055381823,0.058476783,-0.049245916,0.06906667,0.17200576,0.23332958,0.23890264,0.006333952,0.15298118,0.0030440062,-0.1372017,-0.45681658,0.06731161,-0.0352828,-0.10644903,-0.1124175,-0.45366433,-0.0491421,0.040302474,-0.23223679,-0.0869983,0.14979541,-0.2910759,0.06499576,-0.048089664,-0.029670453,-0.074764386,-0.1376486,0.09760446,0.16581014,-0.09876081,-0.073844165,finance
0.18408625,-0.104359046,-0.06452026,0.024528248,-0.37699893,0.08862781,-0.21553011,0.031050391,-0.027678778,-0.0698362,-0.3836302,0.24552666,-0.12089191,0.13326299,-0.32338268,-0.27935442,0.22853243,-0.031004786,-0.37224972,-0.036030214,-0.21672997,-0.093144186,0.0011990048,0.174495,0.33659402,-0.2218232,-0.25084165,0.30667207,0.14989251,-0.050760828,0.1189686,0.21921016,0.30549338,0.16992584,0.26731157,0.16028935,0.42691988,-0.44453222,-0.2072982,0.16194475,0.12733014,0.014517259,0.4387578,0.03309242,0.14746697,-0.20037974,0.18524247,0.3455394,0.4888635,-0.151385,-0.050922047,-0.6501851,0.22292775,-0.042007722,0.10931736,0.08501219,-0.13352346,-0.02491467,-0.0502205,0.5690916,-0.1576664,-0.38997883,-0.36579862,0.28101212,0.105449386,0.041258503,0.010109348,-0.46982738,-0.14974189,-0.2821997,-0.15880626,0.088946216,0.08686739,0.18598896,0.09473712,-0.23011307,0.051784273,-0.112690866,-0.08665642,-0.50144815,0.07927771,0.086174,-0.11678985,-0.11038689,-0.50702894,-0.09390763,-0.056235682,-0.33419853,-0.1456578,0.09251655,-0.2984787,0.20709094,-0.03782346,-0.25658742,0.077724315,0.029626513,0.066692054,-0.07741398,-0.081092395,-0.001970762,finance
0.06335036,0.07424875,-0.12676992,0.04955916,-0.30333042,0.046038292,-0.15084597,0.3378273,-0.18063435,-0.013938181,-0.49562114,0.17510654,-0.14218682,0.22549915,-0.36616942,-0.27793118,0.17809124,-0.110741585,-0.15468279,-0.069937706,-0.18157206,-0.022270812,0.2379754,0.33772606,0.39598575,-0.23681173,-0.17859298,0.22714606,0.1618089,-0.014517158,-0.08614737,0.031479772,0.22858211,0.03995991,0.20216422,0.065629825,0.22521906,-0.41158724,-0.1562562,0.2529007,0.31097445,-0.05529852,0.44594002,0.0061657038,-0.007903143,-0.22681515,0.20587851,0.34780717,0.47547308,-0.31093058,-0.16122131,-0.5942781,0.22941329,-0.15354246,0.24952133,0.12572943,-0.11930672,-0.11051361,0.17792778,0.44749352,0.045114476,-0.38374245,-0.3243364,0.1213627,0.16652903,0.09554276,-0.09073176,-0.4701048,-0.091599315,0.13742514,-0.14165129,0.065550156,0.10523833,0.11848505,0.16864412,-0.01246165,0.06260954,0.13966887,-0.14135821,-0.20110722,0.101508446,0.13067791,-0.13771579,-0.13481522,-0.30884555,0.07110423,-0.11122925,-0.29172242,-0.08639643,0.08736238,-0.3233887,-0.068018936,-0.024020987,-0.2407082,-0.07239304,-0.26128963,0.1610628,0.12064006,-0.039125767,-0.16172554,finance
0.07248489,-0.0646791,-0.16680458,0.14793314,-0.22121896,0.27768677,-0.01885281,0.2185289,0.047228843,-0.24331705,-0.5352528,0.21202108,-0.063587315,-0.09557614,-0.353921,-0.36064503,0.31406182,-0.14641938,-0.38526726,0.0137477,-0.1865655,0.027060691,-0.07551685,0.50545454,0.40909627,-0.23965733,-0.221709,0.17091964,0.054696426,-0.123123385,-0.03888692,0.014486957,0.30336654,0.13647576,0.3614129,0.13356134,0.29559398,-0.3866296,-0.046687573,0.060240313,0.0328017,-0.06936741,0.2974057,-0.27300024,0.2945616,0.08235127,0.058597334,0.5005508,0.5980715,-0.18116824,-0.061963342,-0.3189127,-0.08495294,0.25647154,0.29036754,-0.13525902,-0.23316364,0.12061595,-0.019197458,0.3495607,-0.25305817,-0.34327328,-0.2359406,0.24856159,0.015144906,0.07604709,-0.18920156,-0.42665842,-0.10266426,-0.41255626,-0.047433045,0.012126936,0.011079714,-0.02223162,0.03332246,-0.18665014,0.041075673,-0.12551051,-0.10563402,-0.3333172,-0.09883326,-0.15954247,-0.2595843,-0.065165445,-0.4866612,0.032408047,-0.23709129,-0.35592732,-0.040156353,0.20592675,-0.30682826,0.19640866,-0.19570655,-0.15589616,-0.14834085,-0.18082191,0.1324973,0.22530419,-0.46684027,0.06584832,finance
0.07903768,0.08015019,-0.102691814,0.15581824,-0.24484193,0.13463028,0.044362377,0.30015072,-0.089429684,0.009962499,-0.55238193,0.20067973,-0.024448918,0.014613745,-0.26388785,-0.0949765,0.16083269,-0.17693277,-0.21125975,-0.0019318766,-0.12947436,0.17792006,0.06716056,0.41307908,0.17996295,-0.09201634,-0.08146425,0.2832789,-0.063729525,-0.021642985,0.03675863,0.04000626,0.22409172,0.015142149,0.36870965,0.07521143,0.25256398,-0.34913248,-0.26660866,0.13682523,0.05071444,0.019231262,0.40758982,-0.09118082,0.12548721,-0.027823973,-0.07266065,0.40114427,0.42672825,-0.2984664,7.618219e-05,-0.5083429,0.064527,0.07583599,0.20234485,-0.048422217,-0.096315406,-0.089716345,0.030456401,0.38843128,0.047716256,-0.111316465,-0.20452261,0.16317858,0.052929696,0.016977191,-0.026819726,-0.5227237,-0.088891365,-0.056513194,-0.0984843,-0.11655767,0.066747755,0.10731858,0.13561049,0.12850879,0.0066312393,0.10209582,-0.097286336,-0.08031169,0.053105664,-0.040739175,-0.081354804,-0.2009912,-0.45775783,0.008497658,-0.13728316,-0.44498035,-0.121709734,0.0075898976,-0.37691733,0.22306679,-0.13183153,-0.25466165,-0.046401855,-0.13746129,-0.01174331,0.1551529,-0.103182934,-0.09000404,finance
0.098232195,0.056921117,-0.11671918,0.015212942,-0.2869395,-0.013472677,-0.050792694,0.25675273,-0.16476826,-0.088136494,-0.60268706,0.26786333,-0.12160089,0.15489863,-0.34494898,-0.18422365,0.17321861,-0.22144687,-0.19815497,-0.06637399,-0.1562207,-0.038462605,0.017854985,0.3344949,0.2487041,-0.19022019,-0.2048816,0.20397137,-0.050587513,-0.03909317,-0.14937733,0.0036875342,0.11502995,0.16301031,0.29570162,0.09094747,0.34272853,-0.3828664,-0.069667354,0.1833909,0.24096958,-0.05646993,0.2960571,-0.039298374,0.2322991,0.04856779,0.21878026,0.38428354,0.4338612,-0.15398383,-0.12595974,-0.4265082,0.097130634,-0.126543,0.044537768,0.04187639,-0.013769802,-0.10000992,0.0614634,0.37765616,-0.10853466,-0.29517388,-0.30433443,0.27547503,0.20487653,0.08647198,-0.1270356,-0.55496967,-0.12613298,-0.0745025,-0.060123194,-0.03761171,-0.070114575,0.06461562,0.13536094,-0.044690423,-0.029077273,0.12855183,-0.015817452,-0.26531136,0.098927975,-0.081894845,-0.1949976,-0.128956,-0.41398245,0.08806702,-0.28034514,-0.3669725,-0.001233614,0.083387494,-0.40361303,0.13122855,-0.22685052,-0.2976679,-0.05900689,-0.107952446,0.112700894,0.04114751,-0.226532,0.023113094,finance
0.06563013,0.02234359,-0.076757856,0.039088916,-0.3244527,0.043911565,-0.13160084,0.2920318,-0.20123568,-0.0180335,-0.5468504,0.2162721,-0.12116287,0.15562327,-0.30706528,-0.27687275,0.1906907,-0.16905634,-0.2355959,-0.02069338,-0.16312703,0.009524932,0.14262499,0.31794825,0.35672745,-0.16130327,-0.22570357,0.20237045,0.098052554,-0.022213867,-0.11391522,0.053414322,0.19257997,0.0027568468,0.22809805,0.018364228,0.25181752,-0.45410362,-0.18333305,0.20499533,0.28088894,-0.038738776,0.42680866,-0.0118402485,0.026859919,-0.14768308,0.16220485,0.3421748,0.5090049,-0.3054571,-0.16215907,-0.55476236,0.1322361,-0.13877381,0.22226949,0.063423105,-0.06997186,-0.016676942,0.050436977,0.45528126,-0.0027937095,-0.40002054,-0.20237586,0.11092367,0.11136525,0.011645757,-0.14375989,-0.4934732,-0.13661861,0.102928445,-0.15109554,-0.007902545,0.09177932,0.106275685,0.10668764,-0.0022597366,-0.020330448,0.09136973,-0.16280858,-0.23022787,0.064175785,0.037677273,-0.16917753,-0.03981919,-0.4001924,-0.013998693,-0.15302269,-0.36857003,-0.1013873,0.100823656,-0.32638898,0.021747319,-0.03777223,-0.2777503,-0.06682254,-0.20025213,0.23521887,0.08704835,-0.012700034,-0.117665134,finance
0.23021267,-0.15212978,0.15149507,-0.017455248,-0.3265221,0.18531522,0.2151119,0.22899659,0.07560036,0.007992073,-0.110029705,-0.032558657,-0.07694602,0.2869231,-0.1276467,0.04169331,0.24379745,-0.017451674,0.016267344,0.13365866,-0.076409504,-0.09523933,-0.057199568,0.39108354,0.070068635,-0.057836227,0.050111767,0.20956372,0.23375067,0.05948281,0.018811774,-0.15002091,0.21127498,0.23066765,0.1904004,-0.11167306,0.368696,-0.24676478,-0.09581029,0.13065968,0.08312542,-0.13218293,0.27455878,-0.226614,-0.037099015,-0.1516585,0.2226223,0.43526733,0.36289394,-0.16570802,0.14034805,-0.3567009,0.04729799,0.011959712,0.12094761,0.2352418,-0.110524945,-0.10038806,-0.04914088,0.2637705,-0.15158339,-0.16907163,-0.38797238,0.14401847,0.11068488,0.11724073,0.0512729,-0.36621854,-0.18275568,0.08228027,0.07472949,-0.07317841,0.06564206,0.100157894,0.23285076,0.18348037,0.22177643,0.25362992,-0.13607016,-0.29455358,0.14757247,-0.20321265,-0.02115161,-0.013589667,-0.43376866,-0.08431146,-0.042850662,-0.1687897,0.042938974,0.26243758,-0.06717277,-0.0024820152,0.08845101,-0.0957088,-0.138216,-0.14698118,-0.055039104,0.30011782,-0.23887572,-0.21578027,finance
0.3477837,-0.040831402,-0.041111834,0.08595857,-0.35013336,0.34889644,-0.110004514,0.24319789,0.048712272,-0.121876076,-0.38171458,0.17082192,-0.1494391,0.07941043,-0.3004207,-0.2719844,0.30741262,-0.116490714,-0.21771216,-0.076238886,-0.03541509,-0.08015379,0.14521386,0.16634834,0.20229305,-0.39528397,-0.33643684,0.28824228,0.11565986,-0.060312834,0.11391543,0.025416424,0.26658234,0.0045579216,0.22270149,0.09535592,0.47097257,-0.6088288,-0.29559872,0.124542795,0.17039266,0.11595415,0.3610316,-0.04135679,0.37420142,-0.24664463,0.24460253,0.3602551,0.5049598,-0.11796333,0.030101517,-0.5209905,0.31936777,0.07089227,0.25823066,0.07488312,-0.12807927,-0.110658735,-0.10805309,0.5282161,-0.14514741,-0.32767427,-0.36620492,0.38476387,-0.010518184,-0.041966513,0.013717928,-0.69795156,-0.13327745,-0.2667848,-0.090394534,0.0752313,0.05713636,0.14379191,0.15125403,-0.07301773,0.012116275,-0.0719798,-0.07882883,-0.42075428,0.15041758,0.13177033,0.017811822,-0.28829977,-0.50737673,-0.033838615,-0.04513112,-0.41720083,-0.0044352985,0.08530072,-0.3313707,0.08719984,-0.013647771,-0.26169294,-0.1061634,-0.15938435,-0.019217625,-0.001879591,-0.059156794,-0.06013385,finance
0.289663,-0.1699828,-0.16742952,-0.012687346,-0.38358924,0.2877133,-0.1505883,0.20996799,0.029347463,-0.20035283,-0.503659,0.24784124,-0.1472006,-0.0019245037,-0.42311564,-0.36652023,0.41607374,-0.07388046,-0.33462268,-0.0642764,-0.20098871,-0.10967324,0.101451285,0.26757264,0.20786941,-0.31682873,-0.3596181,0.3176006,0.08916453,-0.17139049,-0.070201464,0.111080416,0.27841237,-0.006229611,0.32298923,0.16733572,0.48403102,-0.53864235,-0.24107933,0.07474264,0.074688956,0.10040297,0.3168422,-0.027916975,0.35238656,0.009225571,0.11533048,0.43955037,0.5564863,-0.20188333,-0.08746492,-0.562949,0.20031464,0.07401417,0.27239054,0.032087676,-0.121848345,-0.021617668,-0.16770826,0.53533465,-0.14465353,-0.42264262,-0.4349595,0.42436078,0.06652991,0.123065725,0.032870747,-0.5140832,-0.08008719,-0.29765037,-0.040818915,0.028779207,0.046040133,0.09995666,0.06849481,-0.2048062,-0.068071514,-0.15490036,0.07772849,-0.4102206,0.10974503,-0.036960967,-0.0015611203,-0.11760959,-0.51551384,-0.09557216,-0.12880522,-0.4196333,-0.084823854,0.108237274,-0.34726351,0.045678,0.007520215,-0.32438648,-0.1946491,-0.16650368,0.07396968,0.12513365,-0.23597899,0.028428297,finance
0.11722294,0.079243034,0.07218457,0.15213846,-0.27655864,-0.02479368,-0.08061301,0.20535952,-0.16035776,0.009029791,-0.5743314,0.1390146,-0.100270905,0.22532678,-0.2513962,-0.22913964,0.17592603,-0.18638366,-0.13374275,0.02399933,-0.15453048,-0.07188886,0.09115691,0.21689492,0.35307056,-0.16019915,-0.23306197,0.12133672,0.14162478,-0.19954954,0.11295806,0.05847196,0.32652318,0.14381991,0.20942037,0.2038881,0.19013765,-0.3887004,-0.14477634,0.08570162,0.22305833,-0.075834,0.45370677,-0.06697871,0.034954663,-0.24832502,0.19492348,0.37570435,0.43063796,-0.17268176,-0.09851255,-0.56784457,0.043783333,0.09498522,0.29515314,0.110641815,-0.22191362,-0.051069528,0.07211488,0.5746316,0.06135012,-0.25293055,-0.31125948,0.21280997,0.17243597,0.11533502,-0.12099801,-0.42904145,-0.052522805,0.09352393,-0.08150164,0.05052919,-0.0104332175,0.15445612,0.15903404,0.16818902,0.08313322,-0.016832639,-0.16419974,-0.16099775,-0.012922829,0.13926876,-0.07575899,-0.09481548,-0.3612981,-0.017886117,-0.17725484,-0.36175177,-0.028621431,0.032737546,-0.20513454,0.10307743,-0.042064518,-0.25371304,0.045652676,-0.21282323,0.2816646,0.079609096,-0.13777924,-0.12307052,finance
0.24976918,-0.00411963,-0.13314304,-0.058342464,-0.35685268,0.27352086,-0.15967456,0.28208563,-0.037304647,-0.14175043,-0.4543436,0.21293965,-0.08493095,0.09756414,-0.36466318,-0.21507058,0.35400862,-0.10226454,-0.318902,-0.058461357,-0.1175477,-0.08915451,0.06771151,0.23497353,0.2594364,-0.3484036,-0.31294635,0.34833157,0.05839256,-0.050384954,-0.065219216,0.03466786,0.20867363,-0.001362032,0.33587652,0.0925963,0.37979564,-0.51152956,-0.25882873,0.118899256,0.18123895,0.09974996,0.34712774,-0.011549975,0.23718952,-0.18637663,0.1283228,0.33369032,0.4676244,-0.16976944,-0.091499306,-0.4953548,0.1255365,0.00807418,0.22641806,0.079175346,-0.09892461,-0.041577816,-0.073736764,0.5236141,-0.14761694,-0.3537306,-0.3128265,0.35909215,0.05178506,-0.005758476,0.055864677,-0.5785204,-0.065471485,-0.33860144,-0.09140932,0.012450009,0.061285328,0.01229363,0.14744353,-0.10167954,-0.10518021,-0.049993455,-0.004324543,-0.43415102,0.13696578,0.0676144,0.017453356,-0.061616614,-0.4833768,0.007845997,-0.06660872,-0.31733978,-0.04312004,0.13406436,-0.3550239,0.047166694,-0.03290285,-0.25690633,-0.082508184,-0.14185324,0.06780129,0.04693455,-0.07006076,-0.04588211,finance
0.2935371,0.054782882,-0.03543857,0.067749076,-0.31508172,0.1732973,-0.011614794,0.22793211,-0.0044037285,-0.096630186,-0.41245034,0.2565479,-0.12444146,0.15664881,-0.19153927,-0.14813715,0.18206401,-0.05240158,-0.18670522,-0.1029803,-0.105370596,-0.08290846,0.14582159,0.18488541,0.25586343,-0.26965493,-0.18117003,0.25523764,0.06726831,-0.07739231,-0.0040641255,0.05858699,0.17355083,0.08902201,0.19142509,0.113428146,0.40126526,-0.5025949,-0.21654981,0.15297984,0.18445216,0.035803612,0.36995792,-0.10902419,0.25083032,-0.22192769,0.17740606,0.2779539,0.45680666,-0.22911333,-0.0011164728,-0.5372658,0.1916214,0.028001232,0.18474913,0.11058461,-0.063806556,-0.070489086,-0.057991102,0.44253075,-0.07509145,-0.32941297,-0.26032493,0.2887894,0.070314646,0.01404142,0.0385765,-0.6748537,-0.026759792,-0.26854306,-0.1137765,0.021255704,0.02141675,0.16894877,0.17444868,-0.056341883,-0.03211489,-0.046029057,-0.08935811,-0.3114499,0.15367071,0.09819145,-0.029430127,-0.2371985,-0.50133175,0.023810161,-0.06336526,-0.2686311,-0.0048797065,0.09573103,-0.2569098,0.12417403,-0.034489784,-0.22797719,-0.074169755,-0.13243264,-0.02256751,-9.166449e-05,-0.05438423,-0.067180865,finance
0.2331271,-0.013874876,-0.088114254,-0.083245955,-0.3715546,0.17628919,-0.20525521,0.18107432,-0.052674644,-0.052003134,-0.44300547,0.23623446,-0.088646755,0.20053916,-0.30342302,-0.20264043,0.34309047,-0.063496575,-0.34786424,-0.010072469,-0.15720262,-0.11818232,0.044159893,0.18858087,0.3011729,-0.3209715,-0.2983108,0.34632963,0.11521194,-0.0369278,0.041839033,0.13919552,0.24899279,0.09672791,0.28709283,0.15060475,0.418293,-0.48405296,-0.26872712,0.16286457,0.1613413,0.056840684,0.43986347,0.03019798,0.21722206,-0.24405198,0.12727307,0.30418882,0.45220566,-0.14951053,-0.08034315,-0.6188796,0.15410069,-0.029954711,0.18607192,0.079581924,-0.07215234,-0.047759134,-0.083250396,0.58017683,-0.11182137,-0.3536354,-0.29444316,0.3350754,0.119737,0.01470563,0.06489707,-0.51703006,-0.076187044,-0.3415315,-0.14686084,0.06558967,0.05326173,0.08646657,0.1437384,-0.10973145,-0.08157299,-0.11711871,-0.0631764,-0.47061986,0.1339401,0.11960712,0.015921775,-0.042875778,-0.5103573,-0.00490571,-0.06487863,-0.3098518,-0.0802601,0.105839126,-0.35378164,0.12447176,-0.03303911,-0.28880045,0.010481704,-0.059605785,0.059909023,-0.0356886,-0.027294582,-0.085589185,finance
0.08080858,-0.0024981373,-0.1329579,0.12706783,-0.19448887,0.07665998,-0.1032547,0.26718244,-0.08285282,-0.059979115,-0.5380298,0.27528656,-0.18922532,0.12666272,-0.34708124,-0.30504158,0.16489007,-0.23387718,-0.3714578,-0.03234826,-0.14698702,0.015641512,0.043433674,0.17737018,0.32724592,-0.32142225,-0.10933953,0.1513377,-0.0048091593,-0.12686686,0.03771758,0.002409189,0.18464926,0.15400654,0.2647424,0.1303222,0.22692011,-0.37903872,-0.14626725,0.12438765,0.22300568,0.034437608,0.3601509,0.07897599,0.13337561,-0.057686314,0.20555499,0.40111148,0.5435495,-0.23313156,-0.14384018,-0.51148975,0.056008384,-0.017489389,0.17191823,0.0082083335,-0.16378652,-0.10740453,0.076532155,0.51973414,-0.03447805,-0.37191883,-0.25845963,0.23811461,0.026353309,0.10244119,-0.11798107,-0.5990509,-0.10355365,-0.122476585,-0.11644092,0.035434574,0.0048637805,0.12606789,0.14124086,-0.024632894,0.042245723,0.06126883,-0.061080992,-0.18331736,0.08922226,-0.014066437,-0.19250129,-0.119032055,-0.39416143,-0.03214661,-0.08076716,-0.38882658,-0.18024994,0.04564045,-0.37983707,0.26273215,-0.09624252,-0.2805631,0.008906039,-0.14960618,0.18792094,-0.091675505,-0.06426623,-0.04651764,finance
0.11641563,0.07702735,-0.041403808,0.34470552,-0.28733605,0.057225183,0.15167755,0.22392417,-0.083790556,-0.06727956,-0.5366022,0.09265881,-0.10632524,0.26830998,-0.23832212,0.0637666,0.2036251,-0.07004014,-0.09987164,-0.05675724,-0.05336096,0.020876385,0.17134978,0.29644626,0.19122756,-0.25785583,-0.0026212046,0.3228372,-0.035495084,0.03795523,0.062502764,-0.025444156,0.23817042,0.29710165,0.21622457,0.14159223,0.36310235,-0.38150573,-0.25810668,0.068246536,0.13128194,-0.17850952,0.41144237,-0.17849843,0.16766974,-0.04671576,0.19609258,0.19718832,0.42916304,-0.33340624,-0.08310504,-0.49821714,0.07058243,0.21364868,0.119579084,0.11270977,-0.31779352,-0.10864658,-0.042246845,0.38570422,-0.025765795,-0.10831249,-0.152362,0.23735404,0.07329334,0.038249686,-0.042997945,-0.61726815,-0.057485536,0.05071889,-0.044006463,0.043029312,0.061595704,0.24824919,0.22511218,0.04418355,0.10069228,0.052235246,-0.027108254,-0.23283134,0.07675588,-0.020000916,0.06820356,-0.023740815,-0.42802638,0.04739249,-0.015332316,-0.24867372,0.057206597,-0.0488787,-0.46990368,0.18714365,0.091393664,-0.14556749,-0.03530506,-0.16605534,0.020610437,0.23167694,-0.18506801,-0.17023839,finance
0.23596695,-0.13887113,-0.13243808,-0.035299268,-0.44123292,0.2650399,-0.17800912,0.17991851,-0.06126722,-0.20225629,-0.36955774,0.15653728,-0.04459518,0.047328874,-0.37518436,-0.30630052,0.40646657,-0.120982155,-0.3477655,-0.08058755,-0.18171915,-0.11465651,0.09630176,0.3201156,0.17622468,-0.25286266,-0.36981037,0.3312233,0.055570405,-0.06350049,-0.1376294,0.09922885,0.24428777,0.036036666,0.29980415,0.15423964,0.43543935,-0.5176517,-0.2517209,0.11144501,0.11557908,0.048877012,0.31732875,-0.08254216,0.31765267,-0.038473748,0.14184701,0.3806765,0.49358922,-0.16906543,-0.047263984,-0.51889145,0.17691427,0.014636435,0.29343724,0.0032073292,-0.10331259,0.041957725,-0.09370669,0.48446107,-0.1698971,-0.35520172,-0.4288701,0.32741982,0.05839604,0.10088047,-0.006307832,-0.41799027,-0.12541547,-0.2924713,-0.04190599,-0.028758243,0.07261289,0.01709104,0.055560816,-0.18882541,-0.0809315,-0.11110003,0.010644572,-0.43593043,0.12353857,-0.025591731,-0.046741746,-0.077887125,-0.49552932,-0.094726436,-0.09676044,-0.46421355,-0.05698191,0.06554157,-0.36527994,-0.011170281,-0.09678489,-0.26392442,-0.16254336,-0.12682761,0.11917287,0.13578703,-0.14142746,0.04991329,finance
0.122742906,0.19686256,0.017577592,0.17242864,-0.2844473,-0.043741982,0.018781725,0.24371621,-0.17518951,0.0109962495,-0.61734337,0.22606117,-0.13271381,0.2189233,-0.19855714,-0.16157445,0.122520596,-0.22496341,-0.200477,-0.043453526,-0.10249725,0.06923997,0.057434034,0.31754455,0.32236984,-0.17910433,-0.16397674,0.21650247,0.036964945,-0.09916508,0.08991847,-0.07683706,0.21799058,0.19476792,0.18619451,0.13664547,0.24022302,-0.37714273,-0.13172016,0.103287615,0.1680707,-0.08888052,0.46312186,-0.12679736,0.06551529,-0.22237308,0.24716464,0.4147749,0.31334212,-0.30168468,-0.055844672,-0.5471278,-0.010562109,0.104918696,0.23352842,0.041094538,-0.20996644,-0.09907579,0.0048382515,0.4647772,0.072697766,-0.19835092,-0.26285726,0.22101748,0.075623,0.04597586,-0.072011165,-0.4721032,0.0119419675,0.01247528,-0.0977006,0.040852245,0.010712478,0.108490296,0.20172381,0.19354425,0.05934833,0.08192829,-0.20299011,-0.118095525,0.043185215,0.05381717,-0.07833543,-0.11927342,-0.43406346,0.03693985,-0.18971811,-0.3295831,-0.034351967,-0.016392274,-0.21132784,0.14328572,-0.08773738,-0.19454223,0.06128365,-0.18091656,0.208161,0.20297232,-0.12686314,-0.20472877,finance
0.23333721,-0.04129914,0.08120666,-0.033342764,-0.42300898,0.2316295,-0.14720182,0.123564936,-0.027831817,-0.09928149,-0.4858643,0.15624124,-0.0024174063,-0.061307494,-0.28143096,-0.12490043,0.17418541,0.046805914,-0.21140525,0.032299466,-0.18280597,-0.05724428,0.12654011,0.151903,0.22200269,-0.16304514,-0.1812452,0.20840192,0.019617131,-0.11044393,-0.008009239,0.017043205,0.2717386,0.019966463,0.15893596,0.014986076,0.46436247,-0.4232742,-0.032869816,0.15347017,0.22220124,-0.043129735,0.3704573,-0.31733075,0.20483659,-0.15426809,0.28183976,0.3182172,0.36641413,-0.25418657,0.074157014,-0.5992927,0.12318279,0.017347056,0.049496297,0.045890342,0.04819357,0.01977521,-0.20074055,0.4360737,-0.061717074,-0.34877944,-0.16869539,0.2175469,0.054795682,0.056355853,-0.009062715,-0.41195306,-0.19517137,0.10304701,-0.0031643207,-0.018077206,0.27044582,0.16310139,0.1723073,-0.02385539,0.0837431,-0.028311241,-0.08994001,-0.53424764,0.046308804,0.0021807866,-0.14101483,-0.17570312,-0.69894457,-0.09026883,-0.08748251,-0.3692718,-0.13081194,0.12077149,-0.21639983,0.080173776,-0.23794968,-0.033281773,-0.117270224,-0.15658867,0.04004071,-0.036332317,-0.04701384,0.022265393,finance
0.13017017,0.08193607,-0.028624587,0.0073973453,-0.28475347,0.118357815,-0.10742753,0.17346314,-0.17928341,-0.032396402,-0.42345047,0.23514722,0.005295313,0.14590083,-0.14402549,-0.052130874,0.08132733,-0.083670184,-0.1838498,-0.080938034,-0.27700967,0.12689571,0.12041719,0.2800911,0.21872663,-0.013160497,-0.1380095,0.22554916,-0.0045932345,-0.03129319,-0.082325764,0.18384297,0.11442219,0.19781393,0.23478158,0.05707795,0.32311553,-0.40973556,-0.10382239,0.1252713,0.21888062,-0.04575133,0.34685057,-0.1137832,0.11768078,-0.066018015,0.15059853,0.2845058,0.38155445,-0.24640934,-0.036626905,-0.5663951,-0.00063202064,-0.028917152,0.0655668,0.07965449,-0.068024404,-0.02560002,-0.098597735,0.38058493,-0.04910234,-0.29531458,-0.18678555,0.1382971,0.20581934,-0.059843004,-0.083789155,-0.40953082,-0.12679917,-0.004206728,-0.09756907,-0.009225323,0.10996024,0.08323936,0.1707449,-0.05508661,0.034342527,0.06668245,-0.24723372,-0.19662419,0.091718204,-0.042860784,-0.2019575,0.002092797,-0.47995406,-0.043516412,-0.07530476,-0.24751844,-0.024774645,0.22897416,-0.3127727,0.1985356,-0.070183426,-0.092328705,0.05805286,-0.10065965,0.13022603,0.1314725,-0.16013399,-0.15524758,finance
0.032387096,0.0059206677,-0.06406607,-0.013615649,-0.38487345,0.11853321,-0.22448346,0.104858495,-0.15942095,-0.023636306,-0.40874118,0.21106799,0.13808711,0.11839487,-0.2894884,-0.25768486,0.29553992,-0.18143284,-0.34981194,-0.044116493,-0.22333916,-0.050470933,-0.06353864,0.30787036,0.16774063,-0.19844112,-0.17167114,0.29924455,0.032351207,-0.16534819,-0.097250015,0.08994685,0.1922497,0.13886805,0.3045345,0.1316359,0.3035669,-0.53243506,-0.13257062,0.18905553,0.20783594,0.029411618,0.40394253,-0.06258522,0.014029304,-0.047048017,0.10826802,0.50950027,0.3906616,-0.23680295,-0.13603283,-0.41013688,0.039489605,0.068439186,0.28257722,-0.02544872,0.048235938,0.21093893,-0.13644221,0.42298093,-0.04376456,-0.32144973,-0.2867971,0.28807977,0.2710167,0.05651666,0.007827781,-0.25112802,-0.0768379,-0.04113659,0.06403879,0.1247077,0.15452048,-0.06565953,0.043522716,-0.13748522,0.1268883,0.029296063,-0.13226599,-0.3135478,0.19004638,-0.10482971,-0.13803364,0.056464706,-0.55861235,-0.12950395,-0.05484414,-0.28592053,-0.18248722,0.18469603,-0.37954774,0.13989554,-0.10764735,-0.29065606,0.029784001,-0.06347059,0.19039181,0.22240509,-0.00040272262,-0.04150506,finance
0.15710577,0.08209598,-0.09207119,0.2949941,-0.25547594,0.0978754,0.04101525,0.22786239,-0.019826697,0.056771107,-0.53734,0.19794816,-0.17994925,0.17448469,-0.20584185,-0.1735523,0.18365458,-0.034272425,-0.17602608,-0.11043261,-0.11470378,0.112431176,0.1440931,0.28365254,0.2302964,-0.15030167,-0.09073156,0.21172968,0.05458197,-0.12150792,0.2310563,0.1332024,0.20775913,0.25042513,0.22540283,0.09216321,0.17561707,-0.5221596,-0.118824355,0.115963265,0.041893493,0.0157356,0.33480442,-0.07317367,0.15570605,-0.12986268,0.13208824,0.33873188,0.46633735,-0.252171,-0.11139821,-0.52394813,0.12714714,0.10239203,0.250286,0.15456626,-0.18356223,-0.17285953,-0.05455973,0.37881514,-0.022297492,-0.26540592,-0.16930379,0.23303786,0.16644765,0.13383156,-0.13662854,-0.43236715,-0.12902641,-0.043202434,-0.17067349,0.04820469,0.09327324,0.20601784,0.2239736,0.1071041,0.097021624,0.09138612,-0.16931179,-0.3057723,0.030706473,0.06828857,-0.057189886,-0.15513752,-0.4554975,0.00962683,-0.041319158,-0.21831079,-0.05186694,0.0670455,-0.3936838,0.24215485,0.01812753,-0.26430514,0.054090925,-0.013444554,0.05791079,0.08126563,-0.14766258,-0.21690449,finance
0.30200195,-0.05686199,0.18384174,0.0893922,-0.24714483,0.27310807,0.012137832,0.15944892,0.052563846,0.17070942,-0.13877173,-0.055774555,-0.14521207,0.30458733,-0.10405349,-0.08428006,0.25399095,-0.11490887,-0.033889763,0.069621645,-0.07335392,-0.20376304,-0.06194938,0.4952793,0.13093017,-0.027360559,0.019781062,0.06282894,0.13017362,-0.037644435,0.018822782,-0.12964845,0.34294012,0.18014155,0.057196006,-0.024642074,0.3149734,-0.2864958,-0.15382391,0.16791841,0.09813587,0.0005489902,0.24076186,-0.15351945,0.08228424,-0.12184146,0.073942974,0.48924196,0.50497144,-0.25896847,0.16580647,-0.35503006,0.04132846,-0.020208921,0.31849867,0.23431288,-0.14623356,-0.06149395,-0.057609957,0.2747224,-0.22942008,-0.11666736,-0.5244391,0.09615328,0.19137149,-0.012032824,-0.10556807,-0.2764898,-0.21404591,-0.100634255,-0.07756889,-0.18543512,0.08363225,-0.024981834,0.22370403,0.13398366,0.31279272,0.115229845,-0.23302263,-0.32027268,0.07712609,-0.18429461,-0.15316464,-0.014866584,-0.3850339,-0.12832876,-0.15599997,-0.40763047,0.05360909,0.3533072,0.074639216,0.062740944,0.022393905,-0.1761805,0.024001667,-0.07888151,-0.052969232,0.13042136,-0.17055781,-0.25192884,finance
0.12144003,0.003713457,0.040084314,-0.07009643,-0.28882325,0.21410155,0.02862281,0.16406459,-0.20824684,-0.07135188,-0.41389945,0.22323634,0.11675659,0.1464629,-0.2187083,-0.11028059,0.11900604,-0.14819932,-0.1717859,0.014801478,-0.18505281,0.05691739,0.060343962,0.44692996,0.19916408,-0.054939758,-0.06381172,0.056230932,-0.019273782,-0.04314575,-0.12360071,0.030746032,0.21182127,0.14094755,0.27588406,-0.01622182,0.31949374,-0.401364,-0.25868812,0.09854116,0.19272132,0.066295736,0.29981408,-0.10339724,0.15666747,0.0012623097,-0.05424851,0.41308078,0.47963744,-0.3430406,-0.04709948,-0.5277043,-0.0922751,0.047813512,0.28582755,0.03512268,-0.03403005,0.14093378,-0.13276817,0.30741808,-0.05482661,-0.30502358,-0.21781915,0.047761492,0.20420597,-0.093196526,-0.08293003,-0.38676035,-0.14501105,-0.048021764,-0.068171814,-0.023529084,0.013084428,0.028779773,0.16444309,0.14221054,-0.03550858,0.010580922,-0.2549962,-0.24184552,0.047468435,-0.041343503,-0.19460632,-0.0066024805,-0.4735301,-0.049366295,-0.20228386,-0.5013316,-0.15154211,0.039280444,-0.21554464,0.06582768,-0.070412464,-0.11977724,-0.114144646,-0.0849774,0.2162237,0.23424649,-0.0061405315,-0.07418618,finance
0.15856399,0.08124494,-0.04809871,0.14760022,-0.36828685,0.017344525,0.10888894,0.19388463,-0.047356065,0.03832315,-0.39111784,0.1733361,-0.10750793,0.11866544,-0.17200838,-0.11836478,-0.012354995,-0.12076603,-0.34133992,-0.1638602,-0.15277037,0.018948788,0.014872572,0.33924094,0.3064133,-0.31908634,-0.10077876,0.16798986,0.01155101,-0.029394161,0.10387817,0.04200338,0.09388576,0.2852115,0.19598551,-0.10293378,0.28904796,-0.3706565,-0.212082,0.055263042,0.1993295,0.048853528,0.381233,-0.0042388416,0.048510782,-0.116757445,0.2009222,0.3670206,0.46824333,-0.24595092,-0.07258139,-0.57364047,-0.04632579,0.054180473,0.1461896,0.044463404,-0.21647719,-0.15447289,-0.09626495,0.47810605,-0.044377178,-0.31215474,-0.21755895,0.15244557,-0.10536176,-0.1534539,-0.0314936,-0.60190904,-0.04918976,-0.15488799,-0.118490756,0.095738,0.016579796,0.08645885,0.33684242,-0.08320039,0.18273962,0.07040762,-0.15921888,-0.25664073,0.12368146,0.066947736,-0.056687444,-0.13166751,-0.5136153,0.063645914,-0.13753031,-0.29607037,-0.08211518,0.2119809,-0.20654048,0.3830134,0.078895085,-0.12502201,0.10617114,-0.06838676,-0.006881733,0.00026643887,-0.11453263,-0.1595495,finance
0.08493665,0.058625586,0.004804621,0.045517575,-0.37695026,0.08694548,-0.04685129,0.14231771,-0.12474803,-0.14800116,-0.42729634,0.2086281,0.019365173,-0.038169175,-0.29699832,-0.12947768,0.1664746,-0.16265354,-0.21780092,-0.032729957,-0.22855844,-0.058488637,0.02395366,0.4319438,0.22869372,-0.15496258,-0.21513265,0.26475006,-0.001282006,-0.06326524,-0.07058364,0.013903825,0.16599825,0.12188662,0.28859493,0.006839229,0.45390555,-0.32680812,-0.1732551,0.030322649,0.26036358,-0.029491015,0.27533382,-0.059091195,0.043176576,-0.00949482,0.007253487,0.3344064,0.46736702,-0.3368472,-0.04005918,-0.46970466,0.115018055,0.14477618,0.21518017,0.06176264,-0.1009767,0.08493157,0.05793507,0.36288804,-0.010709885,-0.19922054,-0.2866238,0.21381186,0.113995224,-0.11318961,-0.009811292,-0.37905306,-0.08183745,-0.11785162,-0.002340968,-0.005305616,0.0022683812,-0.05995417,0.13719109,-0.05061469,0.047803205,0.14819524,-0.08669131,-0.34818414,0.08605228,-0.01748223,-0.057627883,-0.09824426,-0.41606438,-0.042937838,-0.25062752,-0.29331732,-0.07910501,0.08041395,-0.33285415,0.07159237,-0.09987035,-0.22869211,-0.11458154,-0.12423301,0.1260379,0.2621979,-0.14628527,0.0033069071,finance
0.04635987,0.109253906,-0.04720243,-0.05252032,-0.36771986,0.1043042,-0.08354346,0.13615271,-0.2293816,-0.023062361,-0.33214095,0.17975384,0.09441474,0.16716677,-0.28229243,-0.24966653,0.22289498,-0.13074498,-0.32935998,0.02628616,-0.16167854,0.036739476,-0.028905978,0.29234278,0.1883212,-0.21894848,-0.1365382,0.27633506,0.050643712,-0.09345425,-0.110592924,-0.00046682166,0.14409535,0.11528253,0.2379779,0.038973827,0.28823426,-0.40157735,-0.18551457,0.12513031,0.16961387,0.02805697,0.4573854,-0.14057764,-0.03247978,-0.03144741,0.08201975,0.5505504,0.3330171,-0.21660733,-0.13791233,-0.41448662,0.058264557,0.0055333986,0.23670755,-0.06386257,-0.064283274,0.09588068,-0.124714956,0.43205863,-0.036536034,-0.26490125,-0.22236048,0.24633662,0.18787503,-0.034802686,0.022666484,-0.36623028,-0.08081346,-0.03710608,0.05575041,0.09517947,0.12679139,-0.0064868624,-0.018927755,-0.029363299,0.14143862,0.094925955,-0.12715375,-0.23173733,0.13814814,-0.051695615,-0.13396798,0.057337623,-0.5088374,-0.09307608,-0.006271418,-0.24609032,-0.16304095,0.22668321,-0.3302625,0.2181551,-0.034302965,-0.22214988,0.08760944,-0.120225064,0.14594254,0.22284459,-0.036542285,-0.14576238,finance
0.3313981,0.16554771,-0.05054836,-0.08740039,-0.25172922,0.12487816,0.033769704,0.4781357,-0.24065873,-0.22046132,-0.5572872,0.3234278,0.0035130002,0.3102963,-0.016271831,0.035499074,0.21886736,-0.20816812,-0.15161982,0.020136885,0.0035560958,0.15229288,-0.067203976,0.33939928,0.21387134,-0.24928427,-0.25249547,0.29292417,-0.24784516,0.07291497,-0.2193637,-0.28443715,0.03896091,0.087977365,0.1963974,-0.058769945,0.38307336,-0.54069966,-0.1044391,-0.037526924,0.15644199,0.050992932,0.23347059,-0.2636838,0.14008844,-0.15328552,0.34364468,0.2565375,0.26983392,-0.29718664,0.07926885,-0.447449,0.026694326,-0.06879078,0.02140513,-0.032283127,0.02776343,-0.13933726,0.042907353,0.37467566,-0.014460242,-0.44500327,-0.28799742,0.5019038,0.15509298,-0.053487178,0.11114155,-0.72602105,-0.061875846,-0.24679033,-0.17188296,-0.1689718,0.05433525,0.067463174,0.033522736,0.019809626,-0.26445544,-0.023480602,-0.015987761,-0.05555532,0.2134891,-0.11891409,-0.15485157,-0.13138227,-0.46889582,0.052504227,-0.017529365,-0.19147961,0.040756892,0.18422608,-0.38246596,0.24626856,-0.08781453,-0.27413067,0.02715587,-0.21402717,-0.18491192,0.3269838,-0.15383834,-0.4043201,finance
0.13716035,0.048125383,-0.017034786,-0.019797012,-0.24984878,0.09646431,-0.027059034,0.1928399,-0.10672984,-0.122350894,-0.43015337,0.17125519,-0.018587835,0.019343374,-0.20386928,-0.117504425,0.15802117,-0.071688384,-0.17384854,0.054766987,-0.15977381,0.023892974,0.03405571,0.3035927,0.24388032,-0.10676556,-0.076703675,0.21204516,0.0028543822,-0.067577094,-0.01824443,0.051480044,0.22748984,0.19174445,0.30312118,0.1317373,0.2664485,-0.38285348,-0.14903784,0.15924835,0.15651678,0.034256496,0.36815175,-0.14148593,0.08610886,-0.07841629,0.11264106,0.3691912,0.39741072,-0.18040563,-0.0033829072,-0.49724743,-0.02767203,0.04064778,0.13398387,0.0041209683,-0.11992255,0.051122554,-0.043558773,0.4143923,-0.047023546,-0.21994537,-0.21272545,0.1384727,0.12617756,0.00607076,-0.03558373,-0.4000421,-0.024714235,-0.068031885,-0.08663483,0.013719112,0.039338514,0.07964745,0.13645439,0.05271122,0.061583064,-0.050214227,-0.06290414,-0.3004721,0.033663854,-0.0084977,-0.15295304,-0.1173694,-0.39135408,-0.0339145,-0.066386715,-0.31438696,-0.10196348,0.082486466,-0.25890672,0.18597406,-0.09868135,-0.14931515,0.00955455,-0.106262304,0.11602195,0.18945396,-0.0361603,-0.07210914,finance
0.19217716,0.05728398,0.048544455,0.08168102,-0.14181197,0.18040544,-0.17369415,0.2810983,0.12919907,0.0079826135,-0.44750798,0.19943003,-0.03716643,0.023059841,-0.2897894,-0.15462215,0.14463226,0.028299738,-0.1445178,-0.10881741,-0.180693,0.19381815,0.01602003,0.12750272,0.2439664,-0.07693975,-0.15122372,0.22644165,0.19452627,-0.043486565,0.102473944,0.17363091,0.26308504,0.18427026,0.2057496,0.24219015,0.28929663,-0.2571693,0.0070279217,-0.01700348,0.096861966,-0.009387496,0.2640035,-0.072152965,0.11351201,-0.075652614,0.10985375,0.37085888,0.36321464,-0.16707283,0.1035724,-0.579971,0.078521,0.03224114,0.092748806,0.2497238,-0.29605383,-0.18581931,-0.18617465,0.4656024,-0.079023406,-0.23711881,-0.25300193,0.14190498,0.1304871,0.096502796,-0.07607065,-0.41285598,-0.26250535,-0.14999269,-0.06856668,-0.030049538,0.05226267,0.103667945,0.19945304,-0.051483944,0.18887818,-0.058869474,-0.15848137,-0.12196194,0.15228583,0.0011814967,-0.07056145,-0.12922676,-0.41891393,-0.106866784,0.001592788,-0.18406707,-0.07592637,0.187786,-0.33606586,0.41545635,0.048017498,-0.14621252,0.21419154,-0.07072217,-0.03936595,0.054763805,-0.24667765,-0.0466783,finance
0.109884106,0.25217244,-0.0200438,0.20445018,-0.24677512,0.20108534,0.11533216,0.28875607,-0.033958293,-0.052565113,-0.46662113,0.17506644,-0.12848091,0.25779492,-0.32721466,0.06251504,0.1916753,0.0020506606,-0.17485006,-0.047418132,-0.09171951,0.08742004,0.07901726,0.32503253,0.26888475,-0.2450726,0.02414268,0.23743796,0.055690676,-0.024660336,-0.06100798,-0.02964039,0.12944655,0.23207608,0.17299321,-0.027200105,0.2721422,-0.384664,-0.1522351,0.0764808,0.10072739,-0.09765714,0.2927201,-0.14638807,0.16636898,-0.056877054,0.15842396,0.20303187,0.28023988,-0.34201863,-0.10974103,-0.49132013,0.0041055465,0.12940747,0.06797598,0.16518022,-0.23586255,-0.22025159,-0.13405325,0.24436443,-0.1469095,-0.1304477,-0.19947536,0.15941182,0.060632553,0.0031552555,0.00607762,-0.4817972,-0.11868166,-0.024192955,-0.010019914,-0.029674271,0.007361769,0.15685712,0.21839264,0.20608845,0.017155385,0.12830126,-0.10721762,-0.2892532,0.12464738,-0.068148926,-0.008709279,-0.12790394,-0.4295968,0.1252739,-0.05709384,-0.18687674,0.093586124,0.052190498,-0.39573184,0.17985351,0.058934707,0.0072052167,0.010584583,-0.20363568,0.00028902013,0.22979075,-0.22862476,-0.10366737,finance
0.18032254,0.058093354,0.12149176,0.027559813,-0.18890558,0.10800061,0.1748014,0.25946593,-0.022438977,-0.073052086,-0.33827907,0.3009562,-0.022322545,0.18281758,-0.08916538,-0.14999202,0.21462055,-0.08876428,-0.25718233,0.054741845,-0.160289,0.04218364,0.052212864,0.4429237,0.33653784,-0.059053402,-0.0037515473,0.17089549,0.06736129,-0.013695157,0.15781362,-0.13142651,0.15725167,0.13893011,0.17451535,0.18815726,0.27186248,-0.32946765,-0.16587697,0.20876652,0.16066983,-0.005655833,0.50838435,-0.18869902,0.12551321,-0.15821177,0.056950297,0.37798548,0.3856024,-0.26463354,-0.013944886,-0.34525532,-0.038043857,0.19403748,0.3139306,-0.034867123,-0.28117245,0.07161759,-0.023723794,0.48794106,0.021405391,-0.23637258,-0.19828036,0.09561302,0.10860224,0.09343172,-0.1034839,-0.55860895,-0.052855615,-0.3940311,-0.17925946,-0.02572334,0.081457205,0.14352632,0.09851698,0.14097743,-0.009097052,0.037198972,-0.20540501,-0.13656038,0.052221082,0.08921806,-0.20713948,-0.1465305,-0.38005117,0.023754181,-0.063651994,-0.35602468,-0.14200795,0.16802785,-0.08277606,0.16863419,-0.16799776,-0.06976769,0.0009810972,-0.09693266,0.12231561,0.24514696,0.111808315,-0.13587576,finance
0.20933115,0.11506967,-0.096164435,0.2553001,-0.25532717,0.19931804,0.1921096,0.13842022,-0.08841288,-0.22214858,-0.5408206,0.23264563,-0.1106675,0.17342363,-0.23877373,-0.04682982,0.14373232,-0.15075634,-0.24460097,-0.16616465,-0.14036384,0.03012581,0.06625851,0.38151526,0.35621974,-0.24189636,0.038986493,0.21735163,-0.010849929,0.005829013,-0.020485794,-0.0010575238,0.13729022,0.23245448,0.23214096,0.10947479,0.3280258,-0.41330028,-0.27211228,-0.026520561,0.21105321,-0.10400498,0.25239572,-0.12659769,0.32014206,0.0052594915,0.12498468,0.31952584,0.29688781,-0.36641842,-0.049176022,-0.4940862,0.040277496,0.23808524,0.25568023,0.09412648,-0.22365737,-0.052520603,0.007344545,0.33816484,-0.11953551,-0.15122332,-0.19520584,0.1317979,-0.00045539462,-0.016787153,-0.096298285,-0.5884707,-0.06333262,-0.17975911,-0.06932023,0.09510133,-0.074323654,0.073942766,0.24406533,0.0026363805,0.121442504,0.023447383,-0.0783316,-0.09815957,0.029031903,0.001535225,-0.083008714,-0.08216985,-0.4664605,0.08972908,-0.20943664,-0.35039887,0.0700993,0.07182866,-0.23087549,0.24456851,-0.0824897,-0.05991773,0.015909875,-0.12648398,-0.041819938,0.21092556,-0.30092782,-0.13182762,finance
0.22697297,-0.0076828087,0.15727109,0.24422954,-0.39252594,0.26085356,-0.14619485,0.24422121,-0.14016417,-0.0923714,-0.38611135,0.08246748,0.20193319,-0.1612358,-0.3174625,-0.33721256,0.43255246,-0.2534338,-0.22337037,-0.27990964,-0.17336428,-0.19628002,0.0034739394,0.45792517,0.38020632,0.014310235,-0.15381461,0.051979445,-0.17887385,-0.20270291,-0.16830719,0.0030720388,0.19291379,0.10776198,0.17378145,-0.052014206,0.35349193,-0.5801768,-0.2272295,0.077732496,0.33171877,0.056147464,0.18609498,-0.3466749,0.1295625,-0.21996294,0.1087698,0.4630145,0.4017373,-0.314644,0.0057753483,-0.33248746,0.22204587,0.34811246,0.26899788,0.074430704,-0.40034652,0.13458201,-0.20775461,0.4287428,-0.2582574,-0.16467166,-0.2666579,0.06264826,0.26687372,-0.122382306,-0.09085871,-0.47976124,-0.26891223,-0.13122673,-0.066146515,0.11241677,0.093827344,-0.15675707,0.28516287,-0.17573121,0.16767853,0.1403996,-0.43775216,-0.24373698,0.06401754,-0.16709532,0.11004631,0.15622924,-0.48586097,-0.00726442,-0.0969255,-0.31328082,0.07662889,0.253663,-0.25649548,0.2596021,-0.011469043,-0.15420529,-0.07692754,-0.031326126,0.06841226,0.45046985,-0.16307297,-0.032173857,finance
0.11395396,0.124062166,0.035321187,0.019591315,-0.27578354,0.13684727,0.027427284,0.22977658,-0.22561738,-0.08273399,-0.501418,0.024552187,0.010944511,0.1506237,-0.21263742,-0.012587192,0.13083245,-0.06548836,-0.19184215,0.004670396,-0.16730641,0.041547112,0.031226387,0.44812983,0.18998031,-0.04021323,-0.04075737,0.08958298,0.0381302,-0.058084067,-0.14563346,0.016452255,0.148836,0.29712346,0.1464179,0.050078634,0.21971993,-0.29302597,-0.05781286,-0.0029596875,0.19395103,0.010354336,0.26000065,-0.15737732,0.13467075,-0.008299568,0.07261481,0.31471473,0.34241533,-0.2771977,-0.15607972,-0.491827,-0.18188924,-0.10818419,0.10972526,0.10478925,-0.026751425,-0.014555457,-0.16906427,0.28756776,-0.20041288,-0.27587897,-0.19852263,-0.020482231,0.12372098,-0.10100838,-0.090278365,-0.40907547,-0.11906167,-0.064263985,-0.0254501,-0.07812814,-0.047464274,0.042702213,0.17327827,0.11400525,0.019626647,-0.03313077,-0.227583,-0.22111079,0.11171178,-0.15554002,-0.15191057,0.011424279,-0.48644733,0.012001349,-0.19134687,-0.36228117,-0.05833155,0.19887555,-0.24990697,0.25323123,-0.0918097,0.0023371326,0.029812966,-0.115913406,0.1219603,0.19807622,-0.18567911,-0.052453693,finance
0.21957953,0.04543642,0.23773828,0.25534695,-0.35378802,0.41310966,-0.080827,0.3761229,-0.029990705,-0.04006466,-0.3216304,0.12702367,0.047618717,-0.10022515,-0.27150717,-0.3914575,0.35126418,-0.21731772,-0.26513457,-0.20794769,-0.13974172,-0.17082733,0.010120884,0.43224123,0.45601165,-0.14480735,-0.09577335,0.038146295,0.024938032,-0.23692042,0.00032379912,-0.06541234,0.18901595,0.05212713,0.18664768,-0.032851484,0.3276486,-0.49133182,-0.1556373,0.11895223,0.23950759,0.04536934,0.18207756,-0.23329519,0.13375357,-0.31436118,0.06111976,0.46877366,0.44919664,-0.3235352,0.023541601,-0.2861271,0.1729372,0.39131278,0.3169209,0.0665146,-0.396893,0.095662385,-0.16937582,0.4358747,-0.228726,-0.15658282,-0.2541452,0.1592296,0.15872328,-0.035501245,-0.091089286,-0.47076923,-0.22498253,-0.23648146,-0.12453937,0.08334558,0.10805277,-0.08950858,0.27964875,-0.1356267,0.19329543,0.13411899,-0.38637394,-0.28146434,0.019029347,-0.07947697,0.003629921,-0.023416676,-0.41503957,0.014828291,-0.07093262,-0.3060006,-0.009756326,0.24248731,-0.1621059,0.243455,-0.010650865,-0.120464474,-0.026134254,-0.11160554,-0.007459632,0.39403853,-0.16987436,-0.003857197,finance
0.24963991,0.110789664,0.04499355,0.27187046,-0.15288338,0.1891689,0.13616163,0.20387408,0.048190087,-0.25186348,-0.33839664,0.11213728,-0.08901045,0.23281236,-0.18880114,-0.17870407,0.17893828,-0.11321885,-0.19926524,-0.14374904,-0.11896788,-0.17219692,-0.10688353,0.31394264,0.36131316,-0.087763995,0.14840908,0.17026958,-0.08686817,-0.06558511,-0.05183177,-0.11671941,0.14376557,0.2805571,0.20411766,0.10064256,0.24806945,-0.37932622,-0.16771297,-0.029094169,0.24777424,-0.12172393,0.18706425,-0.084560096,0.2568446,-0.119824566,0.17601337,0.35702318,0.40417916,-0.25005913,0.014100317,-0.41071156,0.0075886077,0.23093495,0.260617,0.256555,-0.14871944,-0.0088797165,-0.025538227,0.28171164,-0.3336419,-0.12896273,-0.34501967,-0.038423378,0.028745648,-0.022175608,-0.045977145,-0.65815663,0.071677975,-0.31208816,-0.106222905,-0.024119813,-0.11861547,0.09827121,0.33271268,-0.03724342,0.05222281,-0.020764366,-0.18517363,-0.10889379,0.056626413,-0.09975883,-0.13964096,-0.07123716,-0.4837967,0.05851958,-0.2288964,-0.40016463,-0.040721104,0.25747958,-0.05987884,0.2088853,-0.14986357,-0.12061155,0.01645514,0.05828532,-0.11679847,0.13902937,-0.23150578,-0.2649448,finance
0.2019751,0.15149355,0.0123539325,-0.06676808,-0.25921935,0.1510871,0.1818961,0.31438455,-0.13262372,-0.1177488,-0.39189565,0.2891123,-0.017731106,0.32511997,-0.051711295,-0.0042750267,0.08033919,-0.11362676,-0.28093517,0.057585776,-0.08306219,0.06487155,-0.049675032,0.41266933,0.33821476,-0.25007817,0.07081884,0.15441293,-0.08725722,0.0031126249,-0.08803727,-0.21717367,0.041886665,0.30173078,0.18131244,-0.053619582,0.2470473,-0.2525457,-0.24871016,0.12251372,0.07897928,-0.0011492994,0.31569943,-0.2175386,0.08638475,-0.14825423,0.13340056,0.2887826,0.20659763,-0.28349417,-0.040746965,-0.49857995,-0.16224922,0.0041247243,0.07752713,0.00061422837,-0.17118432,-0.10341687,-0.16890746,0.46388334,-0.06403636,-0.23919407,-0.16798203,0.005535456,0.06065662,-0.07196926,-0.05227226,-0.51789665,0.07944929,-0.28597882,-0.07639807,-0.10471294,-0.051955238,0.116644375,0.14896363,0.15130626,-0.07014599,-0.11151301,-0.16086732,-0.12666126,0.07855761,0.0072701243,-0.27191335,-0.047207482,-0.37502214,0.016475419,-0.07364028,-0.30349565,-0.15560934,0.1710566,-0.16293441,0.28831849,-0.123187326,-0.050612576,0.140457,-0.18338719,0.06906496,0.3536679,0.10560913,-0.2156958,finance
0.15263276,0.1036585,0.038933735,-0.07294352,-0.28988084,0.21531951,0.11378732,0.47176927,-0.15658543,-0.15519193,-0.46929064,0.2599196,-0.10797223,0.12849279,-0.16823259,-0.14373235,0.022844858,-0.068830416,-0.06344054,0.013956196,-0.06645643,0.056903515,0.12894025,0.39194652,0.25588337,-0.1831096,-0.030456407,0.24022888,-0.048271775,0.014715821,-0.09415215,-0.18303682,0.27364668,0.04122474,0.28391057,-0.0492626,0.30589265,-0.29348484,-0.2541297,0.2028034,0.09558429,0.11641577,0.3169788,-0.16875982,0.10166855,-0.12848237,0.040172044,0.38829157,0.22173865,-0.3281536,0.016530396,-0.36972243,0.043063715,0.07025623,0.14572641,0.001116992,-0.18944484,-0.122880414,-0.026904408,0.4082042,-0.02882848,-0.25909573,-0.25044885,0.101615675,0.024505783,-0.005385716,0.05282902,-0.6567232,-0.10510808,-0.18356957,-0.082237914,-0.13860428,-0.031388618,0.117322,0.09852298,0.16707842,-0.061050106,0.10372527,-0.022618964,-0.12770733,0.047537502,0.0002485037,-0.13766915,-0.279214,-0.3291849,0.082126364,-0.107012875,-0.39614096,-0.1615956,0.12871674,-0.21654592,0.10073125,-0.101583496,-0.051026475,-0.08031498,-0.26770234,0.022193486,0.20934637,-0.012953949,-0.083372004,finance
0.091468096,-0.1298704,0.059130114,-0.02154683,-0.2189717,0.14289922,0.112791516,0.2788919,-0.041385684,-0.07942825,-0.664242,0.29379275,0.027125407,0.13136828,-0.25291362,0.023658838,-0.017420426,-0.08935913,-0.13113898,0.09272981,-0.20935002,0.15253866,-0.13390398,0.37839958,0.23065375,-0.16363712,-0.10269112,0.24084705,0.10938229,-0.05211381,0.003118589,-0.046311084,0.18062298,0.14809246,0.24308652,-0.024252996,0.32696217,-0.32409728,-0.14969721,0.11545726,0.07262484,0.033591833,0.26229802,-0.16150875,0.094977304,-0.0408348,-0.013180701,0.3559575,0.2569222,-0.19010544,0.19935896,-0.32344425,-0.010256839,0.07051411,0.111396134,0.16782993,-0.18764198,-0.2210439,0.06815225,0.39427784,0.023126468,-0.17916232,-0.4041295,0.24046822,0.0508259,-0.025999468,0.102531165,-0.40143192,-0.2812675,-0.30967072,-0.13887739,-0.112255536,-0.20890841,0.0027472659,0.05289855,0.08627222,0.006390546,0.17342901,-0.09471512,-0.18138047,-0.0010024743,0.0009465919,-0.1611363,-0.24774963,-0.22651835,0.074407995,-0.21017258,-0.37935197,0.006038009,0.029338758,-0.25773492,0.47742948,-0.16250895,-0.18784784,0.19847198,-0.15052693,0.07756762,0.26099893,-0.27385518,0.1602446,finance
0.1733872,0.23829101,0.0035887593,0.18414071,-0.27450728,0.21104878,0.1649924,0.3064643,-0.10214,-0.120144606,-0.4918301,0.23223026,-0.11764027,0.23071739,-0.21978062,-0.054139614,0.11591177,-0.08770542,-0.11172966,-0.11764066,-0.150329,0.044292945,0.099212475,0.33848834,0.3148148,-0.22686075,-0.009878744,0.22107708,0.085486785,0.04611346,-0.07683635,-0.1284251,0.039128043,0.20737943,0.17072631,-0.075684294,0.35343874,-0.38981035,-0.09658723,0.012061004,0.08771411,-0.11073269,0.30080768,-0.2154337,0.1173796,-0.14024694,0.24108288,0.24716407,0.23358977,-0.33581161,0.009848726,-0.44534117,0.043247133,0.0909294,0.0150046665,0.20312637,-0.19484264,-0.24706928,-0.015274626,0.20991376,-0.10399868,-0.12549582,-0.2454275,0.22891115,0.07724816,0.027576065,0.07793644,-0.5107218,-0.09101409,-0.085459284,0.056622405,-0.026966767,-0.07223484,0.06043593,0.28717822,0.17353022,0.06564895,0.24715234,-0.18533003,-0.16025202,0.11045852,-0.028585525,-0.012937972,-0.21859042,-0.34150642,0.122346625,-0.09975134,-0.13157398,0.12933293,0.13193344,-0.24506822,0.102070495,0.040774297,0.045875393,-0.055555474,-0.1890131,-0.06346696,0.2154668,-0.26199535,-0.13825712,finance
0.11495209,0.096837424,0.035490796,0.095110126,-0.31030506,0.07838689,0.027556216,0.24191406,-0.13638869,-0.16410688,-0.48455733,0.10215212,0.08656808,0.058796067,-0.17999749,-0.07607564,0.12961413,-0.13446094,-0.1797262,-0.075951025,-0.26416716,-0.08868949,0.0755784,0.4543378,0.16520044,-0.10608078,-0.007153897,0.17669381,-0.12274703,-0.021752052,-0.14062876,-0.026371216,0.10000361,0.24299774,0.20742497,0.027232133,0.3158644,-0.34697047,-0.118881725,0.035004195,0.23431396,-0.04071597,0.2691366,-0.1890359,0.13513352,-0.12591365,0.0845469,0.27189383,0.4003441,-0.23078215,-0.01736201,-0.5090475,-0.08099999,0.035882168,0.09990734,0.031451613,-0.14980845,0.027238326,-0.025803274,0.34845522,-0.029253755,-0.17005773,-0.094264165,0.0967701,0.15205495,-0.0987622,-0.09088778,-0.36359885,-0.049021237,-0.066315055,-0.06635505,0.009613704,-0.03677289,-0.03644515,0.17016304,0.004936422,0.16955425,0.03335269,-0.14274351,-0.24496251,0.07795591,-0.04002169,-0.04125691,-0.027583629,-0.38473913,0.003446824,-0.113642365,-0.19755915,-0.013943816,0.11368614,-0.25910512,0.3003602,-0.09572611,-0.058812384,-0.05108892,-0.08730356,0.10395317,0.29873925,-0.09621877,-0.06782096,finance
0.12283485,0.19497524,0.03277398,0.03842457,-0.21922542,0.30755582,-0.0068372237,0.49745432,-0.12268653,-0.1433766,-0.40863547,0.10973155,0.058742333,-0.053791076,-0.1964669,-0.15839049,0.28301445,-0.28816906,-0.27697653,-0.12536986,-0.20305564,-0.058095463,0.009292925,0.3360847,0.25790352,-0.17475061,0.110590406,0.018038107,-0.0959236,-0.09253151,-0.13268025,-0.052314095,-0.014664568,0.17275819,0.23963647,-0.0394455,0.3405322,-0.39014542,-0.14097361,0.15982528,0.26991802,0.10541098,0.12372539,-0.06265599,0.1576901,-0.17502704,0.022115054,0.33524352,0.40623626,-0.33802953,-0.0331412,-0.4542657,-0.0773344,0.18722625,0.12481614,0.064800054,-0.32555875,0.02231,-0.14847076,0.41415432,-0.12189528,-0.046825856,-0.100196905,0.0522716,0.35752538,0.022568861,0.016141534,-0.4161777,-0.12774278,0.03061992,-0.051279638,-0.055781096,-0.12402309,-0.16146387,0.13269247,0.03831543,0.06551676,0.10805289,-0.26361424,-0.22235164,0.17514892,-0.079625726,-0.06575637,0.039095726,-0.29922798,0.071441285,-0.03118376,-0.28699154,-0.027778143,0.18283537,-0.24692814,0.25209165,-0.08594031,-0.1334113,-0.017813008,-0.15097538,0.08097528,0.37242803,-0.08797206,-0.083431035,finance
0.122450225,0.15368946,-0.042368364,0.10657226,-0.3239635,0.07712194,0.09209017,0.20655702,-0.15164249,-0.11317173,-0.39786607,0.08748714,0.109002694,0.21639232,-0.14242843,-0.036138333,0.0716895,-0.16402802,-0.13827385,0.032156277,-0.21145017,-0.044159997,0.02073144,0.3630974,0.24415234,-0.15640633,-0.042660654,0.22509089,-0.17575032,-0.006225429,-0.25358233,-0.01876299,0.08988099,0.1509024,0.27619663,-0.051514238,0.31639573,-0.349736,-0.1143986,0.07756953,0.17989528,-0.06601105,0.31667256,-0.22676249,0.08722104,-0.091103554,0.15548334,0.3161754,0.31248078,-0.2791735,-0.022564705,-0.49309573,-0.016413607,0.033510346,0.14155246,0.017770506,-0.06450708,0.024495777,-0.08604795,0.3868991,0.017624956,-0.15548827,-0.1354533,0.1636667,0.15380532,-0.09626692,-0.017564787,-0.44822997,-0.058310777,-0.053007223,-0.021069987,-0.12140575,0.018814396,0.03938609,0.1264626,0.070797235,0.12063399,0.010825927,-0.10722683,-0.17585184,-0.012758053,-0.06808281,-0.036567014,0.030764833,-0.402805,-0.04153661,-0.16085249,-0.30619234,0.01306773,0.1295246,-0.20460314,0.21285258,-0.028854435,-0.053153984,-0.04461936,-0.09513845,0.10615814,0.16668236,-0.028832857,-0.101547986,finance
0.12945648,0.337747,-0.103560716,0.06005992,-0.33417028,0.13331275,0.18218745,0.27560216,-0.20337097,-0.07214021,-0.604373,0.40569425,-0.059597902,0.04768193,-0.17781864,-0.061598364,-0.046872877,-0.24872701,-0.22166742,-0.08708202,-0.16052599,0.056406427,0.10190991,0.3236642,0.32835704,-0.24867028,-0.1538473,0.27102625,-0.0370575,0.1218334,-0.15952171,-0.13639891,0.090504,0.10910127,0.28677997,-0.117441565,0.42187685,-0.32071573,-0.1924974,0.11371456,0.27015704,-0.0079772975,0.43005887,-0.23477991,0.08009056,-0.14184228,0.12370863,0.40044406,0.33471885,-0.34071702,-0.061327275,-0.508164,0.1321764,-0.015567909,0.045591004,-0.07064749,-0.17150894,-0.12979373,-0.039492413,0.2828587,0.016643766,-0.1087695,-0.1273092,0.22492951,-0.0045560454,-0.15579519,0.045383617,-0.628367,-0.13884562,-0.0926048,-0.07524387,-0.018320594,0.083941154,0.07646497,0.3262086,-0.0033269064,0.17778905,0.21966991,-0.098285414,-0.1416399,0.12970975,-0.07898832,-0.027554674,-0.11200851,-0.3627787,0.14092082,-0.28249475,-0.23358919,-0.035808273,0.07404772,-0.43312335,0.41126034,-0.05428562,-0.09456179,0.020216623,-0.14931126,-0.095049895,0.09818102,-0.21605848,0.012778395,finance
0.22541593,-0.024428241,-0.04458181,0.09761265,-0.33579636,0.13508435,-0.04109705,0.21191396,-0.17413013,-0.14102651,-0.4520446,0.024112819,0.02298235,0.015428982,-0.2860975,-0.1861783,0.19279937,-0.05961048,-0.2566909,0.019129004,-0.23741908,-0.030668778,0.06757599,0.28972375,0.24172246,-0.101891726,-0.12455926,0.17863585,-0.119377606,-0.15227395,-0.15003991,0.067709506,0.10121686,0.16532187,0.2622378,0.121255666,0.25093952,-0.39555672,-0.15689082,-0.013750662,0.18418396,0.0039086104,0.27923837,-0.19607598,0.09958891,-0.016156167,0.15313876,0.22583826,0.41818944,-0.29248703,-0.060339276,-0.456904,-0.073410414,-0.013169337,0.15352148,0.038344685,-0.050255165,0.05453704,-0.1383946,0.4329975,-0.14093395,-0.30606738,-0.17184983,0.08635137,0.13506046,-0.010418621,-0.15482171,-0.4253322,-0.1353612,-0.092588484,-0.10019211,-0.0074942536,0.17646328,0.11121339,0.19990787,-0.017344385,0.022154888,-0.016738512,-0.03483827,-0.28651577,0.03467086,-0.11338751,-0.11141051,0.0033736748,-0.43061414,-0.085262075,-0.007600881,-0.2772685,-0.07470078,0.16191815,-0.2712952,0.24517971,-0.07712012,-0.14380914,-0.09645319,-0.079320356,0.17181873,0.20079085,-0.11027397,-0.08201651,finance
0.13199593,0.17776848,-0.009768188,0.024905208,-0.25638115,0.11360002,0.1374208,0.2806738,-0.3621163,-0.24592398,-0.6308197,0.30307877,0.017721899,0.09008096,-0.15817265,0.0047125667,0.06980842,-0.17658268,-0.1729272,-0.0949107,-0.19811769,0.12776782,0.11684572,0.4471397,0.22538029,-0.020496972,-0.032186173,0.2365585,-0.17636812,0.010877763,-0.21030737,-0.085431345,0.09086773,0.100141555,0.21695662,-0.115997724,0.27350715,-0.45703813,-0.27389073,-0.006666641,0.25056624,0.021072997,0.5182108,-0.3201428,0.1551726,-0.026161246,0.10603027,0.3060661,0.25802845,-0.32880056,-0.016285324,-0.42227727,-0.010776759,-0.022777801,0.034331106,-0.052457668,-0.085546695,-0.071571626,-0.067154005,0.31984234,-0.017086992,-0.33327407,-0.15795302,0.1480278,0.12288801,-0.113285564,0.031596944,-0.6493046,-0.024268294,-0.086792685,-0.114800856,-0.047107875,0.044294808,0.081249125,0.13450506,0.03473974,-0.02679932,0.10037778,-0.21196724,-0.01323343,0.08978079,-0.08453944,-0.094741955,-0.06365731,-0.396654,0.085680656,-0.14850162,-0.36545527,0.10929929,0.14914544,-0.30687362,0.3192064,-0.12311213,0.023347326,-0.053438243,-0.2147652,-0.04340225,0.29012504,-0.18599418,-0.053838275,finance
0.22129327,-0.354634,0.17624266,0.20855547,-0.34649083,0.5266138,-0.117040716,-0.07280014,-0.021511577,-0.15400192,-0.59578,0.0506362,0.12518038,0.037713364,-0.3694444,-0.272829,0.31433797,-0.24606204,-0.316382,0.09506271,-0.38607424,0.053812094,-0.051836383,0.6255706,0.16950019,-0.16085212,-0.18216604,0.097400434,0.20679973,-0.18184352,-0.3385096,-0.067757465,0.13926545,0.2055087,-0.1429258,-0.079187274,0.45715812,-0.5096086,0.018164195,-0.050966907,0.1970171,-0.22997324,0.19159782,-0.39426258,0.35019416,0.19055638,0.28074443,0.31019574,0.553562,-0.5389658,0.05046443,-0.1902236,-0.39092082,0.26472968,0.1468097,0.31170908,0.115452714,0.25591913,-0.27787343,0.11955138,-0.24460869,-0.59113264,-0.27694187,-0.05264516,0.10490658,0.12138966,-0.096664146,-0.053236935,-0.44660076,0.095658205,-0.049579315,-0.11321535,0.18782675,-0.08767224,0.08907671,-0.07832894,0.16538213,0.36742374,-0.28892407,-0.76153624,0.037289094,-0.3352929,-0.31070143,-0.058385383,-0.75992984,-0.31647652,-0.39789578,-0.643265,-0.056279007,0.33643228,-0.23888388,-0.010350491,-0.24666618,0.009499985,-0.15266046,-0.2772104,0.33830696,0.36571118,-0.35286853,0.13678423,finance
0.15596384,0.16221203,0.11226689,-0.032345414,-0.1891715,0.07783211,0.1260426,0.36927423,-0.0022613776,-0.10386126,-0.34174526,0.2974202,-0.058739968,0.14374591,-0.12181743,-0.18416212,0.29249987,-0.079231836,-0.23498006,0.06457916,-0.16403131,0.04085988,0.09537969,0.42048934,0.34011734,-0.06431392,-0.006899892,0.16922297,0.07893639,0.0028685848,0.11712476,-0.0799584,0.17116028,0.12487879,0.17867063,0.20495564,0.26697025,-0.31835473,-0.18000235,0.210503,0.13132851,-0.00047687438,0.4834882,-0.23038955,0.10691906,-0.14905168,0.081869066,0.3783727,0.40815514,-0.22289954,-0.018978432,-0.36589542,-0.02540556,0.18611619,0.22057278,-0.08489049,-0.2942777,0.10018052,-0.11961679,0.5162397,-0.026271587,-0.2007731,-0.2016088,0.10570953,0.19523124,0.06958087,-0.11776982,-0.56697434,-0.060887657,-0.36896318,-0.124487355,-0.045840915,0.10028055,0.16225488,0.07153256,0.10996299,-0.025718613,-0.0034904163,-0.24252987,-0.15701708,0.042570073,0.080086574,-0.16743608,-0.10210488,-0.34132892,0.0361063,-0.1295676,-0.31419477,-0.05832905,0.21358939,-0.1493493,0.13652237,-0.1540841,-0.04438228,-0.013190253,-0.11009319,0.13352688,0.2858016,0.058591362,-0.14406686,finance
0.21727078,0.15541275,0.12575728,-0.14165772,-0.35701355,0.2934843,0.0007396221,0.4159648,0.08624275,-0.04389967,-0.48434496,-0.28579706,0.15425129,0.03469313,-0.44509426,-0.29365936,0.26136136,-0.30461568,-0.17629482,-0.032128103,-0.37821227,-0.04299541,0.23259571,0.73826253,-0.0038966017,-0.2317155,0.05802286,-0.08545585,0.028535483,-0.06911086,-0.08870953,0.16569732,0.2131485,0.5280021,0.14238182,0.13427459,0.5677786,-0.4939341,0.05799333,0.13692848,0.3226469,-0.1245391,-0.17081179,-0.017481556,0.3631734,0.17932375,-0.1752185,0.24134919,0.47233358,-0.6343896,-0.3249999,-0.42590922,-0.38181588,0.29942954,0.20766534,0.35699338,-0.19930075,0.08831528,-0.1424536,0.18090717,-0.34570202,-0.34948087,-0.28788784,-0.15604961,0.15907036,0.094285846,-0.16239148,-0.08031989,-0.34410894,0.15384227,-0.09757139,-0.026543213,-0.114891216,-0.3599929,0.31328017,-0.07465761,-0.039640084,0.19469775,-0.26934627,-0.5860238,0.28466365,0.107789576,-0.14912648,-0.07491659,-0.49003014,0.19795024,-0.056160502,-0.4753994,-0.008068555,0.06675627,-0.33641243,0.0061592464,-0.17855233,0.11791214,-0.01713458,-0.39098755,0.26523668,0.49467185,-0.30914116,0.22213067,finance
0.16547662,0.042243183,0.07773112,0.1502311,-0.35947147,0.31585374,0.102778696,0.0953182,-0.036333885,-0.07721559,-0.35521775,-0.28612354,0.059868496,0.38309923,-0.35373586,-0.08040443,0.24434848,-0.20492466,-0.1985356,0.028750839,-0.28430766,-0.1636419,-0.08514244,0.5342202,0.15802665,-0.06737012,0.12958804,-0.042833503,0.0870843,-0.19586816,-0.06036119,0.14210558,0.08249927,0.38514838,0.020743849,0.0436158,0.26647928,-0.56148696,-0.007925342,0.052158184,0.15801667,-0.20180269,0.006795028,-0.16318348,0.37521586,0.16033526,0.04547721,0.26832888,0.43262178,-0.46216634,-0.092891306,-0.516896,-0.3714538,0.16430698,0.15166348,0.35323653,-0.08667147,0.05118021,-0.2226097,0.45505595,-0.52483505,-0.31006095,-0.41949627,-0.007649535,0.3152949,-0.013848585,-0.19934292,-0.09997194,-0.27223563,-0.13711366,-0.043321233,-0.0009517206,-0.17877568,-0.16023046,0.38192442,0.24112885,0.032895777,0.1345101,-0.18947956,-0.53159356,0.114939205,-0.0925866,-0.16891062,-0.041165736,-0.6043738,0.13813494,-0.21185978,-0.49349406,0.2896306,0.26856622,-0.28735095,0.094489485,-0.0027503574,0.018905962,-0.042435396,-0.18656605,0.33590648,0.3056333,-0.32489276,0.09948048,finance
0.11390799,0.28532666,0.009553261,0.02587719,-0.2628897,0.2997947,0.22005947,0.46823147,-0.22412083,-0.23274459,-0.5210888,0.2864799,-0.16753826,0.17560998,-0.21891138,-0.19120575,0.14980185,-0.1601949,-0.25117287,-0.060027074,-0.17345244,0.10106749,0.12411917,0.46547002,0.37983838,-0.16423164,0.013282768,0.16674216,0.021861924,0.03610729,-0.12122508,-0.28028122,0.053815782,-0.034331772,0.20372383,-0.20230041,0.38509938,-0.38825658,-0.17913172,0.111545004,0.11821663,0.08047472,0.3726061,-0.09268134,0.12108692,-0.23096855,0.09369321,0.43869573,0.2909757,-0.41604906,-0.035338886,-0.31403014,-0.016675508,-0.012663233,0.12106484,0.044571534,-0.1625889,-0.1496246,0.008403475,0.1712634,-0.0031645028,-0.23909678,-0.2683515,0.2865471,0.07422018,0.03828802,0.06167143,-0.5682626,-0.061074704,-0.18789634,-0.16446948,-0.08322835,0.049709335,-0.015924448,0.16832106,0.28201532,-0.019548252,0.28629497,-0.2370881,-0.1309037,0.111816704,-0.058450114,-0.077438176,-0.28706944,-0.3804027,0.11830493,-0.08226826,-0.30294096,-0.044800017,0.15034541,-0.23001248,0.1397307,-0.109846145,0.018246058,-0.07200492,-0.19720738,-0.068514846,0.26120147,-0.09264716,-0.15524657,finance
0.3987589,-0.29657733,0.17171103,0.18936881,-0.2215113,0.19165646,-0.0004270482,0.012069092,0.092574686,0.08969961,-0.2856122,-0.18166174,-0.1114122,0.2968787,-0.30348232,-0.11652432,0.3477052,-0.21240744,-0.08836251,0.08665664,-0.20386344,-0.13371149,-0.2241242,0.5171753,0.05409911,-0.026570253,-0.11383882,-0.07689092,0.16738789,0.04944729,-0.08309254,-0.15878187,0.29892078,0.34218925,0.05738663,-0.08918875,0.34580523,-0.45934352,-0.06851996,0.07938193,0.14556205,-0.20869777,0.17922586,-0.24448757,0.20445432,0.05342585,0.26763225,0.36465067,0.42186978,-0.31559345,0.121238284,-0.2750556,-0.2606807,0.038869806,0.18348391,0.42865652,-0.12980327,-0.07607753,-0.020286236,0.2665411,-0.3739214,-0.3191767,-0.5661234,0.062608995,0.10223528,0.16470799,-0.10361481,-0.12439508,-0.36600772,0.03366709,-0.021407044,-0.09967896,0.040932786,-0.12361102,0.28158522,0.14594978,0.18821894,0.2950751,-0.15421285,-0.4585091,0.14786835,-0.30845225,-0.181112,0.02212558,-0.4525136,-0.20014846,-0.20170951,-0.35614553,0.116714716,0.4225934,-0.0613189,0.03681314,-0.05465591,-0.14257613,-0.07248124,-0.11013064,0.11838643,0.19682837,-0.25760666,-0.07984363,finance
0.15744083,0.055383954,0.019248115,0.20597649,-0.3008593,0.26370856,0.089825474,0.22360778,-0.10988312,-0.15112768,-0.47567993,0.034454778,-0.01756979,0.124651,-0.37690854,-0.008672078,0.24030119,-0.17003056,-0.23735991,-0.051662475,-0.16479468,-0.03214557,-0.016964985,0.54353815,0.23632085,-0.099968016,-0.051453073,0.12442656,-0.026698105,-0.12314995,-0.14553067,-0.066891596,0.0778899,0.27193782,0.18387657,-0.02372991,0.23235515,-0.52232426,-0.09417255,-0.08441798,0.21508414,-0.10154316,0.06687724,-0.21979289,0.27613062,0.14875779,0.14468926,0.23911813,0.37080243,-0.36356515,-0.11003917,-0.35500103,-0.14692491,0.14755253,0.094756566,0.13181417,-0.12188192,-0.07291565,-0.13532712,0.22981116,-0.34302297,-0.28678426,-0.272219,0.05984115,0.06589275,-0.06616763,-0.14697982,-0.39242592,-0.1436391,-0.11189497,-0.06139074,-0.02185822,-0.079386674,-0.04404468,0.24261165,0.09992454,-0.03269159,0.10072107,-0.22851449,-0.36192247,0.12116596,-0.19891801,-0.08718156,-0.0057073752,-0.48677757,0.098014034,-0.23501648,-0.29101712,0.14265789,0.19420181,-0.27973604,0.1645631,-0.07783187,-0.03425089,-0.084940866,-0.1255476,0.068929344,0.41359177,-0.3674688,-0.05925836,finance
0.19843371,0.076921396,0.086172946,0.02859659,-0.2709243,0.2257789,0.038583785,0.27574953,-0.016593717,0.10003228,-0.29667205,0.19720368,0.16219324,0.19957668,-0.10475397,-0.18719909,0.18054396,-0.06881051,-0.14873269,-0.0663583,-0.19043486,-0.081297755,-0.012813006,0.49799216,0.35378852,-0.2253073,0.005610765,0.00874982,0.009686066,-0.17576171,-0.13381897,0.058430083,-0.0070628203,0.20449913,0.22697273,0.05033375,0.31440878,-0.25670826,-0.23462248,0.049722034,0.17859817,0.09398503,0.1591769,-0.10353047,0.03684169,-0.13810618,0.017720109,0.3054288,0.4546408,-0.26047125,-0.106892906,-0.4643073,-0.08369046,0.17180333,0.21597332,0.033796243,-0.1846375,0.039179426,-0.24554542,0.43467548,-0.03658803,-0.15293664,-0.141541,0.026781417,0.24406104,0.056408845,-0.09964319,-0.40200362,-0.030102478,-0.1954201,-0.051961508,-0.03903869,-0.06932181,0.07968467,0.119531095,0.08622316,0.07214163,-0.02648537,-0.27953213,-0.18734147,0.07032007,0.085617885,-0.055075586,0.033949405,-0.3156102,-0.0028616458,-0.12321225,-0.23819968,-0.16445774,0.20287266,-0.08519995,0.0800926,0.044349346,-0.07426592,0.007162513,-0.09602371,0.063900754,0.38142282,-0.037344392,-0.20560525,finance
0.2886566,-0.03974954,0.091174856,0.103185005,-0.22488378,0.10145384,0.04461557,0.22045927,0.06313566,0.06231404,-0.26305908,0.027972516,-0.15143445,0.115292504,-0.250894,-0.1309567,0.24960409,-0.14213702,-0.1745398,-0.02226032,-0.11048845,-0.052438382,-0.15681341,0.41586635,0.15027203,-0.008034062,-0.11172257,0.07715377,0.15846762,0.09977726,-0.04706336,-0.22221898,0.35485384,0.26320383,0.21506153,-0.102571845,0.19741921,-0.39718106,-0.17297795,0.21966238,0.14986622,-0.0017091777,0.34920603,-0.2499933,0.12723376,-0.082492575,0.12523723,0.43244472,0.42787418,-0.3159639,0.0004329231,-0.27015644,0.043168247,-0.014983677,0.22871904,0.30744195,-0.15843438,-0.11631383,0.041672654,0.21184261,-0.27161857,-0.19710548,-0.44177866,0.16803831,0.04572964,-0.028298995,-0.010308163,-0.36400667,-0.19103545,-0.11855538,0.005370251,-0.15506378,0.10337654,-0.12359387,0.27137983,0.0994282,0.19380452,0.19593406,-0.11624863,-0.2201466,0.06457333,-0.18391943,-0.14218932,-0.011202301,-0.42849866,-0.17790861,-0.15031768,-0.280048,0.035942256,0.39265102,-0.20312372,0.1490154,-0.033726513,-0.11077511,-0.006803225,-0.07560501,-0.14405848,0.013580572,-0.15551625,-0.18586898,finance
0.087697454,0.07311793,0.11481857,0.01322219,-0.22023042,0.06063392,0.010794705,0.25476807,-0.037993748,0.0039725755,-0.38118616,0.24956702,-0.025236454,0.12608628,-0.14467385,-0.09986893,0.23263405,-0.065584525,-0.15482408,0.06512731,-0.16050117,-0.06887091,0.14394322,0.28960997,0.23698618,-0.04031175,-0.06682963,0.2153085,-0.026399016,-0.11025436,0.06052394,0.09035501,0.26728532,0.12396523,0.25923693,0.2139999,0.3252903,-0.3907606,-0.26907894,0.22070493,0.21947794,-0.04317887,0.4601912,-0.12429598,0.063393585,-0.0816565,0.033436976,0.32310978,0.4619031,-0.2553322,-0.011026596,-0.4525626,0.09508901,0.091925554,0.20867719,-0.11052619,-0.26045728,0.036894582,-0.09852281,0.51843894,-0.03691488,-0.23968403,-0.19711515,0.21056569,0.13435276,-0.012283484,-0.11981681,-0.5167679,-0.011571529,-0.16596606,-0.12390428,-0.00088248844,0.12934984,0.120238826,0.17402434,0.04144027,-0.007896249,-0.004953863,-0.10032789,-0.18369134,0.06601666,0.050703,-0.09455676,-0.032993317,-0.35013855,-0.08305918,-0.021781672,-0.28520393,-0.09020483,0.12712367,-0.30137098,0.23604041,-0.07531473,-0.23803669,0.045263536,-0.1831819,0.05712606,0.15621383,-0.029401375,-0.069218844,finance
0.15912154,0.13736767,-0.073294096,-0.06464344,-0.30116177,0.068248205,0.006898806,0.347367,-0.19709639,0.016472092,-0.5433207,0.2560605,-0.07210827,0.11017193,-0.14442338,-0.027931122,0.15916395,-0.091798656,-0.18908103,-0.012797972,-0.10894502,0.11261353,0.03767997,0.35730243,0.29462063,-0.13422745,-0.21477766,0.17557003,0.015253339,0.034782548,-0.11313326,-0.04091575,0.11580689,0.15196775,0.2422042,0.022253048,0.25760883,-0.27851656,-0.14167926,0.11151253,0.10467382,0.058444977,0.44148374,-0.12694131,0.11708879,-0.09723735,0.14365378,0.3045129,0.31211555,-0.20926645,-0.14769652,-0.3601595,-0.010553256,-0.16820623,0.09340999,-0.019104693,-0.12237198,-0.079695255,-0.160314,0.46335894,-0.024343312,-0.29260793,-0.13686094,0.24710952,0.12982394,0.0062467656,-0.048106465,-0.5903982,-0.20251092,-0.21388105,-0.034913708,-0.09035047,-0.023167133,0.087802604,0.105296336,0.049866285,-0.114667416,0.036182493,-0.10399727,-0.18952675,0.08106843,-0.036432683,-0.050703827,-0.026019836,-0.42953834,0.017589882,-0.17798369,-0.28759,-0.11615996,0.16248333,-0.30269435,0.2790793,-0.08968421,-0.1772045,0.055613294,-0.11274006,0.15698196,0.097084604,-0.0402356,-0.049929988,finance
0.0721012,0.099888206,0.001825467,0.14742188,-0.12144577,0.09657869,-0.014527355,0.32285398,-0.17445356,-0.07091811,-0.5364229,0.25274286,0.06408508,0.11743588,-0.098112166,-0.14551266,0.098444715,-0.30061626,-0.20307624,-0.059869908,-0.13347091,0.10053538,0.046967484,0.34885216,0.32299158,-0.054961074,-0.13417949,0.11919393,-0.10022302,-0.12989019,-0.069202565,-0.031168122,0.12784305,0.2376175,0.35420632,0.12662315,0.17322601,-0.54324234,-0.1461861,0.09495342,0.21858203,-0.015798815,0.23600173,-0.22557744,0.12242056,-0.09311307,0.22863203,0.25462016,0.49006155,-0.3005017,-0.011162731,-0.4975663,-0.055200737,0.13956267,0.22235496,0.06092784,-0.20346682,0.0335384,-0.076689646,0.41306654,-0.05826627,-0.07551764,-0.20843768,0.12759016,0.12314858,-0.051768053,-0.07817364,-0.3384232,-0.05795642,-0.03594718,-0.10622379,-0.060697198,0.051916145,-0.09927486,0.1797547,0.04700085,0.056634042,0.008650812,-0.32154334,-0.20166454,-0.07678367,-0.08469137,-0.10721118,0.03217044,-0.36768022,-0.07516942,-0.17046797,-0.3452384,-0.050239254,0.0995179,-0.35028234,0.3181822,-0.048109382,-0.23288675,0.11498015,-0.1040525,0.14068371,0.13476075,-0.12812948,-0.13428473,finance
0.118139945,0.09877721,0.09863088,0.07962832,-0.25315982,0.07341262,-0.035823554,0.16740744,-0.2550717,-0.062130827,-0.4781663,0.15662043,-0.07501962,0.216207,-0.24491538,-0.15326631,0.12225501,-0.15086477,-0.13308857,0.02863475,-0.12146859,0.05905035,0.07555722,0.33357614,0.32504034,-0.10823405,-0.1404769,-0.007531258,-0.021464787,-0.03540223,-0.12539664,0.010457554,0.19402327,0.12618488,0.13766938,-0.025371887,0.3030521,-0.40288633,-0.16696094,0.09543196,0.30617264,-0.006680101,0.32057527,-0.098962784,0.088672094,-0.07869095,0.09448653,0.31984073,0.48940536,-0.2199889,-0.08391513,-0.4874389,-0.058700114,0.035194486,0.18926692,0.03587559,-0.16510871,0.029888982,-0.050208893,0.28763658,-0.094072394,-0.2428423,-0.29679504,0.16203192,0.13435616,-0.12229169,-0.113208294,-0.46339938,-0.113823004,0.01863304,-0.10844224,0.007913833,0.007978941,0.051199745,0.13622594,0.15359823,0.04368107,0.12164307,-0.21284468,-0.28656086,0.045107335,-0.057792217,-0.111667514,0.054884795,-0.43318266,-0.019264482,-0.16068302,-0.36383596,-0.025168838,0.082028694,-0.29196513,0.14470893,-0.023638602,-0.1318211,0.014729551,-0.15360695,0.11202304,0.24395561,-0.09529255,-0.104817055,finance
0.17352897,0.06607471,-0.040956687,-0.04454009,-0.33327657,0.06184859,-0.032860845,0.19372825,-0.2577487,-0.17582305,-0.42376667,0.17515114,-0.090790346,0.079015434,-0.27658656,-0.093846776,0.14118667,-0.14964055,-0.20872262,0.037695684,-0.2673981,-0.11959461,0.11713946,0.33925188,0.09624559,-0.12145631,-0.14474851,0.16210206,-0.07951332,-0.15945229,-0.10215539,0.14087825,0.21805881,0.21137315,0.3320469,0.054685608,0.2147824,-0.37299913,-0.12368298,0.08249506,0.1832202,-0.0063657924,0.42918524,-0.11753105,0.06397639,-0.09345811,0.10846461,0.36629274,0.41398457,-0.22221778,-0.089091726,-0.529404,-0.03184863,-0.07915064,0.13231865,-0.058757406,0.010332247,0.014877931,-0.07001903,0.4355504,0.012799911,-0.32460427,-0.16869757,0.18714778,0.1459668,0.040285,-0.07943242,-0.37515956,-0.0866151,-0.007826022,-0.057421047,-0.028259965,0.035571434,0.12544975,0.17216985,-0.03658228,0.10191268,-0.13376185,-0.057532504,-0.16295663,0.056832474,0.023030113,-0.17874604,-0.019458858,-0.44149476,-0.052954905,-0.06267446,-0.288836,-0.07804975,0.12793833,-0.27408612,0.289153,-0.056614865,-0.16419753,-0.043573372,-0.13613923,0.18796243,0.14368632,-0.07051623,-0.05988336,finance
0.16328245,-0.096194886,-0.05381187,0.15326726,-0.28737402,0.019373337,-0.091665395,0.09046665,-0.13782196,-0.07127504,-0.462576,0.11905859,-0.02129559,0.10098167,-0.35424316,-0.31972194,0.282217,-0.15263537,-0.27957976,-0.033693757,-0.17242645,-0.066650264,-0.015945371,0.32465184,0.22567739,-0.19584256,-0.19735588,0.18227305,-0.03685615,-0.18341593,-0.057668567,0.082914196,0.21482235,0.18029436,0.2588756,0.09166746,0.27485368,-0.3901187,-0.18074396,-0.020672072,0.19949728,-0.033255164,0.3558723,-0.053979564,0.13787985,-0.01111615,0.1618622,0.48443833,0.5750302,-0.20549268,-0.09085374,-0.43740276,0.0017934259,0.07401338,0.26005632,-0.055249747,-0.123045325,0.099201724,-0.13604504,0.45829934,0.029815663,-0.3608549,-0.27138975,0.30055514,0.08155125,0.093256734,-0.10708236,-0.46422607,-0.09847149,-0.20287165,-0.08273565,0.042644676,0.04779347,0.055711117,0.09068417,-0.18272166,0.09040208,-0.104241736,-0.09368101,-0.26614884,-0.0008832582,0.01502525,-0.16276783,0.062512666,-0.4998459,-0.11886058,-0.008314976,-0.38250038,-0.04009541,0.08680863,-0.27915218,0.19418997,0.03629189,-0.27683377,-0.07953857,-0.06440798,0.20982677,0.1426219,-0.22349253,-0.111419864,finance
0.08376207,0.09169904,-0.12798804,-0.006362826,-0.3636947,-0.08071018,0.12950453,0.17559668,-0.052060544,-0.083717294,-0.39970225,0.04022921,0.057551563,0.21320182,-0.020933978,0.14687437,0.05141257,-0.18349192,-0.10486327,0.11394098,-0.26756316,-0.12332668,0.023227341,0.44279683,0.073929034,-0.09487018,-0.09498771,0.33500096,-0.076236345,0.022552948,-0.10939637,-0.025472028,0.11453619,0.20839691,0.29387897,0.045723133,0.43003654,-0.32011956,-0.041479148,0.0008055212,0.098985314,-0.20333935,0.28126162,-0.061258342,-0.12236082,-0.0020364625,0.006379284,0.29696503,0.4592211,-0.376884,0.14417778,-0.5962527,0.013086709,0.019198861,0.023796473,0.020779464,-0.047335364,0.06733997,0.00270119,0.34556717,0.071955554,-0.16944675,-0.18155174,0.22932833,0.13241872,-0.19094057,0.043588754,-0.36203092,-0.038647868,-0.030079672,0.02792688,-0.12780012,0.07143824,-0.06347856,0.21516559,-0.025755659,0.27569413,0.03939203,0.06511268,-0.29464024,0.2520215,-0.09705626,0.091735855,0.029940872,-0.34410286,0.044502083,-0.14866292,-0.13320524,-0.05517754,0.05676097,-0.32446486,0.21933411,0.094709925,-0.18516517,0.068166435,-0.025109107,0.08819906,0.2743866,-0.100074865,-0.06171779,finance
0.20033018,0.17013422,0.07583093,0.1545608,-0.22067721,0.16165091,0.20281439,0.3220042,-0.05304119,-0.022263547,-0.30095395,0.20631792,-0.08469786,0.25004178,-0.20549996,-0.17677978,0.13519607,-0.09590428,-0.19070025,-0.010358627,-0.12038468,-0.02623675,-0.08711494,0.4258811,0.27907336,-0.14481778,0.09897215,0.16115774,-0.05853104,0.027140785,-0.022647358,-0.17502065,0.065436736,0.20473069,0.18147257,0.018730968,0.25871637,-0.29940265,-0.24294211,0.11875364,0.11096841,-0.036581848,0.2837166,-0.2486551,0.12253852,-0.13863714,0.059314884,0.36899573,0.22357298,-0.34855786,0.0029038931,-0.36885962,0.05090383,0.0845428,0.2169339,0.06891033,-0.24811816,-0.070380636,-0.09037102,0.3292989,-0.08095145,-0.08943694,-0.13153285,0.047396287,-0.028650953,-0.041935667,-0.07106555,-0.48186266,-0.054310493,-0.28459197,-0.14469746,-0.11479917,-0.019753598,0.09719991,0.16789988,0.044651743,0.066317655,0.06587521,-0.15357244,-0.0010538031,0.0922042,-0.023542171,-0.16831286,-0.17162773,-0.4043589,-0.018468264,-0.010515402,-0.2707038,-0.13881683,0.13235553,-0.11530304,0.31447616,-0.12612794,-0.07010276,0.08126962,-0.12656859,-0.025812399,0.35251603,0.03226157,-0.20655037,finance
0.1679864,0.0505172,-0.006045062,0.06839306,-0.32896855,-0.096348345,-0.0503262,0.11365929,-0.17732643,-0.06183333,-0.37883696,0.10665185,-0.0058230935,0.100059554,-0.28094968,-0.14018251,0.2044645,-0.05563518,-0.26409245,0.04009238,-0.10609113,0.08939086,0.00013763997,0.36044303,0.3045556,-0.108052224,-0.17139775,0.25364217,-0.029108873,-0.015414535,-0.12027397,0.0013214613,0.115609415,0.14307275,0.26723695,0.0046006297,0.2620403,-0.3522964,-0.22085942,0.08322562,0.2951519,-0.0070729274,0.38697204,-0.10009593,0.006873369,-0.040354248,0.18018642,0.31237167,0.41677538,-0.2675824,-0.14247307,-0.48503548,0.005482053,0.011378799,0.19743477,0.016111242,-0.099317625,0.0813497,-0.0130774295,0.38474894,-0.033305816,-0.25381708,-0.24224345,0.11447028,0.076718405,-0.03876323,-0.036900684,-0.47276577,-0.041183602,-0.027894123,-0.14459537,-0.01964373,0.18573053,0.09673072,0.09485496,0.0012987679,0.03986138,0.08901367,-0.15480201,-0.32720825,0.027705073,-0.096544206,-0.10939528,-0.019206924,-0.4744555,-0.051317878,-0.10065519,-0.3372055,-0.066156685,0.14183165,-0.2755935,0.11998901,-0.10401499,-0.15605883,-8.869684e-06,-0.01898113,0.13051109,0.12709986,-6.634225e-05,-0.13669892,finance
0.23417117,0.09136538,-0.08933704,-0.028609382,-0.27248117,0.07466892,0.13451076,0.26366484,-0.06822015,-0.13683067,-0.38657892,0.05816205,0.05726225,0.14724618,-0.12372831,0.1697367,0.15627278,-0.068445794,-0.07992088,0.0997857,-0.23284924,-0.0342074,0.018342279,0.371475,0.13772075,-0.18574302,0.05097021,0.4126499,-0.06852336,-0.07908693,-0.21558334,0.03604048,0.024959235,0.13063133,0.26644188,0.03639307,0.47348607,-0.3143993,-0.0869911,0.06438815,0.1213835,-0.09205489,0.30886862,-0.08393563,-0.08135283,0.015372323,0.077520534,0.322257,0.3271594,-0.30318058,0.14373386,-0.51374716,-0.019893052,0.0458393,0.06402634,0.08277695,-0.017814323,0.0030828703,-0.09065442,0.3227854,-0.012973856,-0.27485946,-0.27797505,0.1389954,0.08122676,-0.17588905,-0.015658362,-0.3978591,-0.061180566,-0.08659173,-0.025551783,-0.17079413,0.05233973,-0.039688665,0.07330099,0.02647419,0.13798676,0.08796738,-0.08589973,-0.2842692,0.16141549,-0.140958,-0.023175806,-0.08381765,-0.37828943,0.06089949,-0.17792583,-0.17888315,-0.042775054,0.13848867,-0.23431678,0.2716527,-0.050271116,-0.13227981,0.0928326,-0.03730871,0.17823264,0.26703495,-0.07561985,-0.028601095,finance
0.17721674,0.1279838,-0.11194034,-0.076429956,-0.28456074,0.0588582,0.1430068,0.29282808,-0.045229603,-0.14586033,-0.38323465,0.077867486,0.090654895,0.17207596,-0.13983698,0.1373024,0.15144795,-0.08430153,-0.1541973,0.09070465,-0.23244965,-0.03409377,-0.021544063,0.4168447,0.12296478,-0.2130989,0.05628651,0.41020727,-0.054034103,-0.0954921,-0.18888979,0.008030541,0.0459225,0.19263552,0.2649948,0.055669773,0.43765646,-0.3349945,-0.08943738,0.044593047,0.07825808,-0.09650802,0.26914576,-0.10057359,-0.068966545,0.047188047,0.046971403,0.3009376,0.30796012,-0.32017657,0.111133054,-0.5312661,-0.010457022,0.0675006,0.018787663,0.06505398,0.01719095,0.0046985373,-0.09748142,0.2723238,-0.022081824,-0.26921698,-0.26324075,0.13905624,0.083488144,-0.14318019,-0.019567499,-0.40144646,-0.09015555,-0.114888616,-0.0049119904,-0.14391962,0.066101804,-0.10356383,0.04450756,0.02954832,0.13121131,0.09374004,-0.05058899,-0.3115918,0.20382462,-0.13454852,-0.0337955,-0.068043426,-0.4305166,0.07775199,-0.17805624,-0.16134456,-0.044986356,0.1208356,-0.26200938,0.30888483,-0.091261074,-0.1636864,0.110017076,-0.038308892,0.11867131,0.25459737,-0.06595381,-0.032813236,finance
0.08240602,-0.09471122,-0.10767196,0.14529586,-0.35008642,0.058734022,-0.07575919,0.14018126,-0.12108993,-0.04170058,-0.5766772,0.16018148,-0.029926926,0.12024508,-0.37322637,-0.30678988,0.289334,-0.08312349,-0.34356725,-0.02556844,-0.254546,-0.12836888,-0.030392937,0.36582318,0.303057,-0.17806244,-0.24638937,0.23133515,0.06261511,-0.21454243,-0.041443765,0.053656425,0.18664548,0.18090568,0.2872998,0.16112262,0.29102638,-0.33963534,-0.18354565,0.051187914,0.15194705,-0.023911841,0.40648228,-0.09783195,0.16376768,-0.05475414,0.07240096,0.5095364,0.5278095,-0.25342306,-0.15185444,-0.39670435,0.024681741,0.023227377,0.296762,-0.003060691,-0.09613598,0.09255192,-0.070154704,0.49924538,0.039627012,-0.36130172,-0.2735462,0.22645773,0.11468352,0.16428761,-0.14065765,-0.39614397,-0.11265998,-0.28585133,-0.10989903,-0.005412394,-0.059563223,0.11932221,0.019348046,-0.14709449,-0.0068974704,-0.059416164,-0.0752794,-0.26137426,0.00060561334,0.06455929,-0.09830795,-0.034166988,-0.4915048,-0.044906996,-0.1588631,-0.37557608,-0.020845624,0.0016891874,-0.1887622,0.19790623,-0.07951351,-0.33265328,-0.11150748,-0.07872018,0.25184104,0.16381434,-0.24458694,-0.013741999,finance
0.110189356,0.1044038,-0.19841334,0.027480997,-0.27790666,0.030805875,-0.023226881,0.27622467,-0.19173154,-0.14516942,-0.5921614,0.33402592,-0.1991645,0.10947094,-0.22137241,-0.1381156,0.34414855,-0.061360665,-0.3402454,0.018177483,-0.102890424,-0.0034765713,0.0401936,0.3001978,0.33932355,-0.22918466,-0.112095356,0.14625193,0.0038679305,-0.09645317,-0.123756714,0.07385021,0.23365662,0.13972847,0.31184506,0.10986426,0.31865132,-0.33441862,-0.18373343,0.15113969,0.18033569,0.051758304,0.42919353,0.008127185,0.16044289,-0.075970866,0.14184797,0.3944893,0.5338082,-0.19618033,-0.17651537,-0.51861787,0.06636791,0.033762008,0.16817883,-0.076533765,-0.16943829,-0.006233909,-0.018252958,0.34227496,0.04176315,-0.2672731,-0.2687822,0.3982052,0.1759091,0.13546146,-0.047662612,-0.4851506,-0.041042272,-0.16744839,-0.14496598,-0.010804745,-0.01891622,0.16839607,-0.00025016235,-0.03322402,-0.025878936,0.003256964,-0.061537027,-0.23243155,0.062757015,-0.05022664,-0.20303024,-0.02246453,-0.3728183,0.0067164344,-0.11150445,-0.29081076,-0.11805657,0.043847583,-0.407839,0.30835837,-0.15417393,-0.3086219,0.02245503,-0.031623002,0.13681751,0.13703051,-0.21128508,-0.07106453,finance
0.16045357,-0.014466528,-0.046107117,-0.0021196746,-0.22660182,0.07598913,-0.11958084,0.1660073,-0.082563825,-0.11152077,-0.4545436,0.22660643,-0.047151443,0.15976161,-0.32940242,-0.2341795,0.22625804,-0.035437834,-0.29309532,-0.028734073,-0.24246667,-0.088656425,-0.026144026,0.3110129,0.16316016,-0.27705747,-0.11086238,0.29590413,-0.022184573,-0.19070022,-0.008121588,0.12457622,0.19127016,0.1374727,0.33493543,0.18194823,0.36995208,-0.39376363,-0.21158494,0.115134366,0.20539181,0.0059581692,0.27498165,0.039899074,0.086172044,-0.062195536,0.10699821,0.34393144,0.47871426,-0.2013508,-0.065391205,-0.5155359,0.011650172,0.053400055,0.168351,-0.002450187,-0.086781435,-0.00042179445,-0.10945305,0.45151818,-0.054963097,-0.30100933,-0.28411287,0.1665035,0.10168162,-0.01114951,-0.04256602,-0.3744289,0.041799996,-0.19423538,-0.0074254554,0.010022039,0.1336889,-0.012743096,0.0993821,-0.056556437,0.033321995,-0.041153662,-0.09412986,-0.33648524,0.12042478,0.0015657818,-0.13338949,-0.090784915,-0.45246485,-0.05049369,-0.01281253,-0.25325948,-0.15434702,0.17386562,-0.30057228,0.2258368,-0.054844975,-0.20588677,0.043325096,-0.057161074,0.12136834,0.0507549,-0.084921755,-0.099038385,finance
0.15859993,0.291165,-0.16898426,-0.008520142,-0.28455302,0.16011572,0.1620362,0.43196562,-0.2126035,-0.12189083,-0.49452534,0.37658393,0.18087888,0.24432601,-0.06545451,0.049752496,0.03622436,-0.27884796,-0.2366146,-0.040147856,-0.22261956,-0.05127528,-0.03358905,0.37949684,0.46281636,-0.26539376,0.0029492732,0.26422405,-0.24689345,0.14022581,-0.38593292,-0.21309353,-0.0845649,0.061976377,0.13229987,-0.30463153,0.3422379,-0.48791164,-0.1439014,0.02583009,0.18786599,-0.07322027,0.4231439,-0.30519924,0.08481848,-0.200788,0.16474186,0.31553903,0.37571436,-0.22857575,0.010493926,-0.51875544,-0.10262343,0.01778496,-0.06385947,-0.003342562,-0.085370705,0.015025399,-0.114256196,0.3549944,0.025720334,-0.23505734,-0.18565068,0.26032904,0.11550943,-0.2433708,0.087330185,-0.5129787,0.10454573,-0.028843423,-0.036853094,-0.11711198,0.08494272,0.07312124,0.1029464,-0.010273363,0.06419841,-0.09717966,-0.16297917,-0.25619295,0.040700935,-0.14112766,-0.106269844,0.045365434,-0.41938922,0.15035081,-0.16781458,-0.2209934,0.03267721,0.10989311,-0.24488914,0.43893215,0.010966445,-0.019948553,0.10345987,-0.20746768,-0.018012797,0.25288433,-0.12776661,-0.33391124,finance
0.13761197,0.015027162,-0.00021465952,0.001557599,-0.2332178,0.084617354,-0.047449883,0.1824852,-0.16677742,-0.10025297,-0.48956332,0.2046491,-0.09374023,0.10178817,-0.24201356,-0.24410598,0.2709725,-0.13366733,-0.2021065,0.045898635,-0.17598177,-0.026604164,0.034564313,0.32238334,0.19776024,-0.19405642,-0.1551901,0.123772085,-0.008239979,-0.21953192,-0.07776214,0.13121231,0.26018676,0.114417285,0.35532054,0.12946816,0.27268347,-0.34897938,-0.18049335,0.12326286,0.17249323,0.055981398,0.35812402,-0.09008824,0.16276756,-0.048124954,0.0853942,0.46982643,0.550299,-0.23322557,-0.101553254,-0.4880298,0.029696992,0.008357779,0.27563325,-0.12506671,-0.09903049,0.06383999,-0.09614124,0.44071487,0.02581988,-0.2688673,-0.22291502,0.33037022,0.14510883,0.10174215,-0.13003992,-0.42956072,-0.11063279,-0.20285636,-0.12804152,-0.016526071,0.045146227,0.053287398,0.118502766,-0.046481807,0.026336242,-0.091892906,-0.08297593,-0.18262509,-0.026489444,-0.03413792,-0.21216041,0.0052908068,-0.41247565,-0.07284354,-0.096406095,-0.3682086,-0.0780143,0.11159453,-0.2852116,0.23477231,-0.07384933,-0.28130543,-0.06853176,-0.16666907,0.16202548,0.14331907,-0.23225313,-0.048185647,finance
0.12721835,0.3733901,-0.0071860338,0.12325789,-0.3153822,-0.0005753286,0.16951951,0.31286794,-0.2435733,0.040816434,-0.63502187,0.24070999,-0.21030779,0.3624243,-0.13432823,-0.10962319,0.032898277,-0.26050082,-0.22490573,-0.046459667,-0.007484948,0.04672812,0.02304482,0.33762068,0.42167965,-0.24173191,-0.10285766,0.197656,-0.025679938,-0.0054865396,0.085253075,-0.2398016,0.16825373,0.22785191,0.13071205,0.13813877,0.2549283,-0.33814055,-0.1137687,0.106265165,0.17291111,-0.08185448,0.45005336,-0.18466257,0.024325551,-0.2684545,0.32325983,0.45771307,0.15025796,-0.31981936,-0.039211374,-0.48772055,-0.059339132,0.038451515,0.18157317,-0.018924778,-0.24297489,-0.17116912,-0.007730343,0.442524,0.0026364974,-0.12173704,-0.2574435,0.27415857,-0.031574827,-0.07080367,-0.041392155,-0.60934615,0.0037217792,-0.15322606,-0.13250098,0.053520232,0.008447395,0.07171823,0.32185256,0.19768102,0.07232696,0.11712852,-0.2097067,-0.07068685,0.041676708,0.051698726,-0.13039309,-0.15036501,-0.36051422,0.12633362,-0.18410017,-0.3013471,-0.007436096,0.027511083,-0.16978092,0.2365342,-0.100162685,-0.15477909,0.15006259,-0.19733492,0.0863461,0.20920493,-0.1594642,-0.23864505,finance
0.2584216,0.06176564,-0.09500276,-0.066676445,-0.33086374,0.2125175,-0.096313745,0.28154153,-0.056958918,-0.15296578,-0.44657445,0.29039896,-0.17801729,0.10371706,-0.32364607,-0.26763418,0.2642094,-0.06486332,-0.2606861,-0.028607624,-0.12098888,-0.05875629,0.14686938,0.20855941,0.2272442,-0.33244485,-0.2664053,0.3260498,0.09085221,-0.08487908,-0.014789168,0.024749309,0.24441192,0.0119308075,0.2930374,0.15561205,0.4219213,-0.5165655,-0.2942108,0.15662704,0.12670992,0.116765946,0.39318168,-0.0031656292,0.23271057,-0.14855163,0.1763761,0.34676605,0.4539538,-0.22746775,-0.012509125,-0.5654693,0.2023454,-0.037479173,0.10177554,-0.015004801,-0.11200455,-0.13004854,-0.13318639,0.47974285,-0.0736789,-0.37247798,-0.34013826,0.34148875,0.029752849,0.04818278,0.07512871,-0.5939809,-0.06595904,-0.30264392,-0.1049383,-0.02667347,0.0919224,0.15254676,0.113485724,-0.07568098,-0.11552693,-0.06342194,-0.039168242,-0.34143084,0.14204283,0.13896435,-0.01561687,-0.23950279,-0.43126845,-0.031902842,-0.027911235,-0.28660688,-0.059483238,0.12845457,-0.3679644,0.09132831,-0.019219806,-0.25542292,-0.071006455,-0.17605248,0.040165696,0.033540767,-0.10700418,-0.051300135,finance
0.08152586,0.33304632,0.005496998,0.19878529,-0.21670686,0.06749944,0.16099338,0.3948281,-0.16812553,-0.06468382,-0.6367479,0.25715056,-0.14814857,0.30713484,-0.17525955,-0.11314349,0.049742907,-0.20704716,-0.1502307,-0.049328487,-0.051640317,0.1709758,0.050960872,0.26607913,0.3476603,-0.1999614,-0.046274923,0.22693335,-0.05633659,0.005667007,0.038448133,-0.23403165,0.13648635,0.23054715,0.24656372,0.09777667,0.23260243,-0.36221844,-0.14833559,0.13494104,0.17610249,-0.10366656,0.38715178,-0.24323842,0.077176124,-0.22808327,0.23936553,0.35586756,0.24455713,-0.31740332,-0.10528475,-0.47842056,0.005006327,0.117084526,0.18264033,0.1421632,-0.27519324,-0.20494515,0.0062866234,0.37851793,0.018640134,-0.072003104,-0.16256419,0.20528854,0.08415819,0.03197396,0.07396294,-0.6323209,0.072424635,-0.005526443,-0.05417667,0.00284801,0.016706796,0.13725705,0.18586242,0.18402278,0.086912535,0.19364311,-0.14096767,-0.102949105,0.03651184,-0.036269482,-0.07708317,-0.18076882,-0.42394677,0.042578552,-0.03550766,-0.2981553,-0.036990665,0.039237883,-0.2862255,0.21857311,-0.11874844,-0.12972975,0.0769596,-0.26342732,0.10116377,0.2149304,-0.10939617,-0.22619203,finance
0.09360542,-0.0013087426,0.09569598,-0.02305531,-0.26016256,0.1470637,0.015146462,0.19734442,-0.18785664,-0.07645203,-0.38165912,0.09199029,0.045041285,0.11599192,-0.1827375,-0.0679476,0.17836635,-0.14295003,-0.07747171,0.07351452,-0.16972686,0.0512781,0.036699254,0.34991276,0.145307,-0.0069380566,-0.0027036075,0.051648263,-0.055053335,-0.033507098,-0.11699423,0.027683565,0.23094812,0.12259974,0.21922433,-0.060530983,0.26855186,-0.3908509,-0.2203368,0.17324476,0.15544228,0.047064688,0.2928714,-0.06880636,0.118130974,-0.08550401,0.0014376758,0.4099084,0.47086966,-0.30282348,0.078898855,-0.56107885,-0.054748755,0.040352136,0.21223064,0.024158817,-0.1080675,0.06841419,-0.052457564,0.3544762,-0.017380992,-0.25626394,-0.24213046,0.09613693,0.2027878,-0.106556505,-0.060044967,-0.38847876,-0.090534836,0.037934948,-0.042951815,-0.0672856,0.035211354,0.01728312,0.12726127,0.15308487,0.036343284,0.02020853,-0.23341708,-0.29350007,-0.002119076,-0.13731776,-0.17906587,-0.0010641977,-0.44743854,-0.11862533,-0.1656919,-0.47816402,-0.060921468,0.12597628,-0.19160607,0.08923596,-0.015355168,-0.15955745,-0.041729987,-0.10055127,0.14637087,0.2940152,-0.03516134,-0.0936,finance
0.16088645,0.11523599,0.052685674,0.08488856,-0.26840222,0.14947079,0.011413455,0.23779215,-0.23361588,-0.08649523,-0.51380485,0.19530448,-0.13785684,0.20499897,-0.26756334,-0.15483874,0.12888545,-0.21171393,-0.2322499,0.031375397,-0.049456544,0.19484402,0.1529867,0.34322125,0.3312725,-0.19725361,-0.15059865,0.17909445,0.04084884,-0.042059597,-0.16609646,-0.033630203,0.18396473,0.022428518,0.21563934,0.02347701,0.22991559,-0.4634295,-0.1993244,0.16606735,0.27089712,-0.009865575,0.35311735,-0.18950354,0.09940043,-0.061945584,0.20192236,0.31196332,0.3283908,-0.32903203,-0.12864363,-0.437567,0.018877402,-0.051535945,0.21289964,0.0066829254,-0.1123578,0.022504637,-0.014935031,0.38776588,-0.089443915,-0.3039582,-0.1498079,0.1673166,0.017747704,-0.054688133,-0.13068739,-0.5195582,-0.12524009,0.017193217,-0.15813309,-0.042415336,0.14625424,0.053813938,0.11938638,0.15961708,0.030225856,0.15110694,-0.20676337,-0.2006829,-0.07517907,0.006280367,-0.12086518,-0.11186922,-0.48482582,-0.039817125,-0.08427587,-0.40102756,-0.01772419,0.1495173,-0.27194908,0.09402,-0.11845074,-0.0823217,0.030715782,-0.20887224,0.097462,0.114269815,-0.034091912,-0.020379458,finance
0.14204194,0.17530854,0.07892622,0.019492723,-0.2575356,0.18046778,-0.056472227,0.29579937,-0.08289099,-0.02832619,-0.4074901,0.14677143,0.00052382884,0.03242964,-0.28865194,-0.095278434,0.13621356,-0.08453272,-0.17910592,-0.00634673,-0.0871957,0.12578635,0.07475806,0.31929055,0.2066291,-0.18959402,-0.1382444,0.26037058,0.009415475,-0.067647904,-0.030651672,-0.02004667,0.19549721,0.15785159,0.24514745,0.08624383,0.32862368,-0.33593148,-0.18999301,0.13317055,0.18652622,-0.03466489,0.2752725,-0.13909861,0.106002145,-0.027276363,0.11262155,0.3413754,0.32818112,-0.29477975,0.043091316,-0.424591,0.0042560734,0.11668019,0.17163561,0.0046762596,-0.17878076,-0.05242616,-0.0962519,0.3583459,-0.06476065,-0.16610111,-0.2415604,0.22735654,0.038038854,-0.035197057,-0.024633694,-0.520286,-0.14299217,-0.13973697,-0.009971779,-0.043883845,0.0691801,0.009696355,0.17355867,0.07153134,0.033619747,0.04129114,-0.09635179,-0.24995601,0.07149335,0.017710907,-0.04666048,-0.11155474,-0.41933504,-0.0066437926,-0.104362726,-0.3166802,-0.07952644,0.052018266,-0.27636147,0.197347,-0.027348075,-0.14151037,0.029499527,-0.1972725,0.0717759,0.19846408,-0.14236566,0.0014529693,finance
0.0844736,-0.04138336,-0.08731991,0.11420999,-0.34458604,0.04102303,-0.09851504,0.117630124,-0.19112436,-0.06073199,-0.60664684,0.14355811,-0.026392102,0.10900855,-0.3418867,-0.27251953,0.2633192,-0.07950551,-0.29695904,-0.014193369,-0.2102258,-0.093682535,0.02318157,0.34389976,0.28410122,-0.16295215,-0.21698613,0.21689641,-0.013520178,-0.1762518,-0.053992867,0.08720751,0.23423617,0.19962706,0.33181548,0.16340731,0.2896837,-0.31740853,-0.15265207,0.0787847,0.22522813,-0.013729394,0.43508524,-0.08787239,0.19363281,-0.062576786,0.09317116,0.48252642,0.4825833,-0.23077154,-0.17177688,-0.45966682,0.018441502,0.002717664,0.3136969,0.009985175,-0.07738545,0.08024462,-0.05201987,0.47583565,0.04777257,-0.31766096,-0.20092231,0.24967188,0.16477787,0.16445808,-0.12452937,-0.41246969,-0.10593496,-0.18929678,-0.11264932,0.001857789,-0.029924579,0.11115671,0.04398706,-0.1447293,0.022315897,-0.030367201,-0.07865581,-0.2791793,0.0009656946,0.051176537,-0.14182594,-0.025187593,-0.49566922,-0.035469025,-0.15059792,-0.40842983,-0.00826861,0.05859256,-0.2424043,0.21240291,-0.12838729,-0.31242085,-0.12103295,-0.08454974,0.21593907,0.12053041,-0.2649941,-0.032883115,finance
0.096817,0.12393921,0.083481595,0.25988305,-0.31383115,0.3458413,0.13093919,0.15415019,-0.017918503,-0.11275471,-0.3986991,-0.19203298,-0.013849944,0.29547235,-0.4388061,-0.09164989,0.23585851,-0.19553687,-0.2503611,0.016898511,-0.25073949,-0.081839755,-0.0645741,0.54667115,0.17964362,-0.16433041,0.14810388,0.027953615,0.12457621,-0.29667905,-0.10160457,0.13517208,0.043841932,0.36179966,0.03714925,-0.064614795,0.21777959,-0.5935677,0.039478667,0.058117595,0.16194698,-0.19266583,0.004980529,-0.18070559,0.29184085,0.15187746,0.07989449,0.27442986,0.37881705,-0.5582303,-0.15921935,-0.4266892,-0.34941447,0.27280062,0.13334695,0.4153841,-0.08544621,0.0022387032,-0.26320162,0.3060685,-0.49611998,-0.27293107,-0.3956148,0.012936792,0.19872482,-0.018901268,-0.2585608,-0.10226495,-0.33409643,0.011074008,-0.051384874,0.063889906,-0.06556479,-0.2026834,0.41738826,0.26433554,-0.0071168123,0.20663099,-0.28307292,-0.55764955,0.060053166,-0.12555732,-0.07494161,-0.051206775,-0.5936171,0.12241973,-0.25300962,-0.387726,0.24162248,0.25357285,-0.33258012,0.14040734,0.03463245,-0.010027281,0.044083953,-0.26346397,0.35742125,0.40174806,-0.308442,0.12390819,finance
0.08778421,0.051866587,-0.0016776656,-0.050586764,-0.23828916,0.15322675,-0.070336275,0.21259156,-0.15685847,-0.040046383,-0.47194645,0.19476853,0.03546364,0.086495444,-0.19221309,-0.05509193,0.13272417,-0.12756282,-0.20431696,0.01861686,-0.13640288,0.064452596,0.16520385,0.3135538,0.1879968,-0.177882,-0.038867526,0.21486633,-0.058586314,-0.21774414,0.0130848605,0.1984377,0.30011216,0.17585285,0.381379,0.20074081,0.30540472,-0.43557286,-0.19935091,0.19236045,0.14196166,0.07441872,0.39901963,-0.07953236,0.119225144,-0.027187254,0.061725467,0.4065579,0.37188148,-0.26318493,-0.060529772,-0.4799344,0.015056558,0.12949716,0.27889663,-0.079848304,-0.16666186,0.07854589,-0.21001871,0.49654683,-0.06843706,-0.19505426,-0.25283784,0.24863221,0.21843174,-0.029492978,-0.10418802,-0.35803655,-0.15977202,-0.08891787,-0.096475,-0.038555507,0.07586769,-0.051229388,0.117736906,0.09213721,0.094645455,0.020604465,-0.1972756,-0.15016067,0.038698543,0.069012165,-0.07879383,8.2495186e-05,-0.3773091,-0.038746122,-0.050850403,-0.38931677,-0.15056397,0.1461664,-0.32781008,0.32565942,-0.096033856,-0.2633389,0.08872496,-0.1118489,0.15078571,0.1300232,-0.070261605,-0.008593293,finance
0.1968374,-0.029028768,-0.0464102,0.13505009,-0.32364622,0.053038597,0.06535727,0.09029761,-0.1486799,-0.059578586,-0.46303248,0.15213001,-0.004143307,0.01098032,-0.3052233,-0.15049991,0.14892618,-0.09994454,-0.33425698,-0.012305938,-0.101872414,0.011675384,0.019647904,0.4158495,0.33012465,-0.13492696,-0.16174145,0.17933393,-0.08640896,-0.032950867,-0.08772678,0.059399165,0.14084153,0.10800549,0.24720614,0.018693918,0.29525644,-0.4489884,-0.25883,0.0056135785,0.28120077,-0.028005585,0.287318,-0.12483197,0.10063579,0.052131485,0.08321071,0.34679297,0.387192,-0.30006522,-0.12832212,-0.4971417,0.025470996,0.031037116,0.22011012,-0.014484523,-0.1906649,-0.011796607,-0.08722237,0.37147307,-0.13781409,-0.32150948,-0.15882859,0.013197122,0.022948967,-0.106568046,-0.11635914,-0.5144001,-0.052164864,-0.11563891,-0.1197703,0.039636306,0.088924535,0.06901898,0.13170187,-0.04345528,0.06132425,0.09036995,-0.19966204,-0.2892816,0.048397817,-0.082409754,-0.07777081,-0.03649481,-0.47284532,-0.05678372,-0.14635305,-0.36989823,-0.045828693,0.18935807,-0.24218853,0.2142842,-0.071662836,-0.13582848,-0.022796566,-0.0049801143,0.037030518,0.113502085,-0.09735494,-0.065583505,finance
0.099160925,0.13947973,0.080562115,0.12794596,-0.20272659,0.18204594,-0.04004946,0.32648987,-0.109648064,-0.070952594,-0.43250567,0.18498471,0.10221457,0.12759538,-0.113312945,-0.18176556,0.20576935,-0.25312248,-0.16638692,-0.09826353,-0.14278899,0.13709651,0.06821695,0.34701678,0.35940668,-0.025038432,-0.19048193,0.12870808,0.029654842,-0.17044961,-0.06798085,-0.041375145,0.12138657,0.16485131,0.27893874,0.12894516,0.19818926,-0.55282396,-0.07303501,0.031390823,0.23044927,-0.01825608,0.25259304,-0.24494028,0.16728617,-0.119300194,0.19192387,0.27176535,0.5534134,-0.2607928,0.05447748,-0.44301918,-0.011411391,0.29495883,0.3296744,0.1767242,-0.22153924,0.03914206,-0.10775936,0.3197348,-0.13704775,-0.036134876,-0.30424553,0.14654091,0.15882829,0.012834703,-0.073090844,-0.3396387,-0.044142872,-0.14394936,-0.104022615,-0.0347448,0.07969738,-0.08690266,0.15283108,0.05301654,-0.0048577953,0.009572104,-0.42128032,-0.25724024,0.0075051435,-0.063156925,-0.049973663,-0.010468533,-0.38310632,-0.037837856,-0.19779676,-0.37462223,0.015538547,0.18963231,-0.3241029,0.23557986,-0.03828961,-0.14931981,0.058887698,-0.0797406,0.1500419,0.2706043,-0.2045784,-0.14583024,finance
