dim_1,dim_2,dim_3,dim_4,dim_5,dim_6,dim_7,dim_8,dim_9,dim_10,dim_11,dim_12,dim_13,dim_14,dim_15,dim_16,dim_17,dim_18,dim_19,dim_20,dim_21,dim_22,dim_23,dim_24,dim_25,dim_26,dim_27,dim_28,dim_29,dim_30,dim_31,dim_32,dim_33,dim_34,dim_35,dim_36,dim_37,dim_38,dim_39,dim_40,dim_41,dim_42,dim_43,dim_44,dim_45,dim_46,dim_47,dim_48,dim_49,dim_50,dim_51,dim_52,dim_53,dim_54,dim_55,dim_56,dim_57,dim_58,dim_59,dim_60,dim_61,dim_62,dim_63,dim_64,dim_65,dim_66,dim_67,dim_68,dim_69,dim_70,dim_71,dim_72,dim_73,dim_74,dim_75,dim_76,dim_77,dim_78,dim_79,dim_80,dim_81,dim_82,dim_83,dim_84,dim_85,dim_86,dim_87,dim_88,dim_89,dim_90,dim_91,dim_92,dim_93,dim_94,dim_95,dim_96,dim_97,dim_98,dim_99,dim_100,label
-0.22949216,0.37028813,-0.24802813,0.32539985,-0.056721456,-0.030479183,-0.16235305,0.15238224,-0.40801546,0.22389528,-0.35451058,0.19196512,-0.0006921904,0.27322876,0.32358623,0.08637761,-0.15086153,-0.47165945,-0.14235085,0.052743044,-0.07238238,-0.05428685,0.39632368,0.15913601,0.22256958,0.05687429,-0.06455458,-0.3045716,-0.43393958,-0.10794855,-0.14701758,-0.12317601,-0.3301904,-0.12527883,0.13112886,0.21870115,0.027455462,0.05268665,0.20290777,0.19739549,0.1294126,-0.09976715,0.14335378,-0.00014629758,-0.04160159,0.046698984,0.03574688,0.31597403,0.53370255,-0.31829363,-0.040052824,-0.5112384,-0.2233751,0.19725476,0.002570484,-0.365179,0.19323315,0.41706604,-0.42199528,0.2061414,-0.017206071,-0.2675904,0.07341421,-0.004937,0.20702086,0.22308925,0.05400093,-0.16910212,-0.13311894,0.26625028,-0.17587936,-0.20996298,-0.31523558,0.0031622169,-0.102203555,0.041589778,0.13576588,-0.22778288,0.18559615,-0.39633682,0.10873958,0.05243792,0.004598524,-0.0025900982,0.013471096,0.22201626,-0.18461344,-0.6078043,0.052098244,7.469647e-05,-0.34151846,0.37820467,0.13634352,-0.2164861,0.30973235,-0.087997034,0.026743332,0.42953178,0.27515963,-0.03021788,sport
-0.27125365,0.17108999,-0.25503615,0.16113491,-0.056563947,-0.07885449,-0.1380527,0.11268115,-0.09126608,-0.09515508,-0.26163527,0.09497914,0.24708693,0.21473359,0.012010513,0.18417218,0.016836323,-0.40669298,-0.18477015,-0.09388575,-0.1821084,0.21748495,0.15778184,0.0578575,0.017929975,0.08521174,-0.01798215,-0.11850862,-0.18899733,0.04519037,-0.13068776,-0.008603105,-0.29197353,-0.010905339,0.34011522,0.038062163,0.093270704,-0.07901286,0.098287776,0.21166712,0.18112728,0.060766213,0.03164103,-0.13998967,0.04806845,0.03999563,0.19874898,0.3888012,0.49416286,-0.19676393,0.12906392,-0.30425456,-0.12390922,0.23058431,-0.060210247,-0.15489896,0.18404903,0.31626564,-0.406139,0.19427662,-0.076139174,-0.21999374,-0.035973422,0.1621797,0.19830114,0.11826206,-0.017468188,-0.059836034,-0.050615076,0.1895654,-0.03352188,-0.23434809,-0.14336714,0.061205037,-0.17684835,-0.15937941,0.030041754,-0.30584174,-0.047555275,-0.12523186,0.12006022,0.026929056,-0.03688727,-0.080868274,0.050849568,0.2787055,-0.12605548,-0.4994161,0.07832795,-0.006690816,-0.40900192,0.06504754,0.20904523,-0.22209667,0.26152036,0.0393045,0.17325851,0.1396703,0.06385329,-0.15965107,sport
-0.30060932,0.16742346,-0.32889915,0.043639384,-0.056070805,-0.06312298,-0.26549703,0.011439172,-0.10212378,-0.14972092,-0.23019423,0.085079715,0.24363017,0.13944969,0.054629043,0.24502179,0.014169687,-0.4924644,-0.10224579,-0.27882865,-0.3458763,0.39120588,0.04242589,0.017092818,0.08369858,0.14814356,-0.13015065,-0.32741597,-0.13589057,0.10353183,-0.012795744,0.0691219,-0.3249633,-0.10768079,0.28593788,0.047348417,0.14392197,-0.028069332,0.20218138,0.3074254,0.23086542,0.12721498,0.045197465,-0.10148982,0.16548313,0.111700244,0.2749951,0.45808402,0.49911338,-0.111962475,0.17380324,-0.27259415,-0.027685655,0.372295,-0.096010394,-0.2939758,0.13970417,0.21849255,-0.29533243,0.13943963,-0.082616925,-0.15985835,0.041835655,0.23177885,0.0061385324,0.1338009,-0.030320464,0.020001205,-0.04866372,0.22835943,-0.0956188,-0.24452281,-0.08003492,0.17679287,-0.16038562,-0.12376589,-0.11687894,-0.47390276,0.031110216,-0.16494434,0.22787037,0.04873895,-0.13795173,-0.044669304,0.0714326,0.37868097,-0.172157,-0.5102203,0.16240484,-0.22218439,-0.38695258,0.08078054,0.1975317,-0.24923036,0.22107436,0.08807534,0.05309834,0.046363648,0.056053683,0.056783736,sport
-0.12457677,0.13610329,-0.23853508,0.2087993,0.035532907,-0.22681916,-0.027602766,0.04975212,-0.17647591,-0.018664131,-0.37210864,0.2216743,0.2525665,0.33676904,0.13934396,0.2925627,-0.07890442,-0.40073365,-0.18681411,-0.22151236,-0.1839902,0.18245636,0.09320105,0.24046034,-0.009527221,0.09529498,-0.12824869,-0.14940299,-0.2254978,0.23333925,-0.10985392,-0.03951978,-0.21979582,-0.1609532,0.24162772,-0.07598321,0.20736475,-0.010407465,0.14549686,0.17377882,0.23783131,0.060125843,0.05506426,-0.098314926,0.14537013,0.11998647,0.3457228,0.31722438,0.51422167,-0.19670336,0.20977661,-0.33324862,-0.12708086,0.21279702,0.081727244,-0.24826647,0.16348405,0.15184727,-0.40787852,0.31530803,-0.1042593,-0.23940107,-0.09142014,0.14635396,0.08999677,0.10255395,0.014595081,-0.046359263,-0.012262442,0.013392593,-0.049904298,-0.2031598,-0.08688672,0.10450847,-0.16472137,-0.21385406,0.100131854,-0.30231237,0.14865711,-0.19860744,0.12228771,-0.021270594,0.08321774,-0.009664545,0.13808317,0.27161887,-0.1522337,-0.5567735,0.18365946,0.07126973,-0.39837146,0.23095274,0.14310034,-0.26884913,0.26345137,-0.10798431,0.30810902,0.16239795,0.07050179,-0.10158549,sport
-0.30542362,0.27456978,-0.19124803,0.12470142,-0.09244245,-0.15776531,-0.20786041,0.033058606,-0.15534705,-0.15973108,-0.32053414,0.047550526,0.28515795,0.28548804,-0.06946458,0.20172077,0.012223835,-0.4466105,-0.09433481,-0.27315426,-0.23044433,0.30100465,0.24598123,-0.06306874,0.08366894,0.13704592,-0.2316987,-0.3019057,-0.071120895,0.07144016,-0.117314085,0.05129209,-0.2509809,-0.035411846,0.26027042,0.0009571314,0.14295718,-0.049500003,0.1633944,0.22404136,0.29019377,0.08627287,0.0008093671,-0.13150218,0.14537728,0.14019524,0.17665924,0.40301695,0.61808497,-0.09706403,0.26404193,-0.19179267,-0.122797176,0.43108287,-0.1572719,-0.21984875,0.18802178,0.2714017,-0.32114482,0.11956887,-0.16478583,-0.23887543,-0.07181809,0.271181,0.15991189,0.10435453,0.02363496,-0.008901715,2.86343e-05,0.2101395,-0.17771733,-0.2531626,-0.057462383,0.09708807,-0.18387006,-0.20192106,0.057717603,-0.5084612,-0.071814224,-0.20371109,0.12510356,-0.023479842,-0.17857286,-0.04322306,0.09917948,0.35750347,-0.16427086,-0.5299091,0.12894498,-0.1104666,-0.35085413,0.061218966,0.21190144,-0.25755695,0.24350873,0.10484085,0.11938718,0.13391687,0.035307784,-0.14190131,sport
-0.20856078,0.21280114,-0.25067338,0.07097847,-0.0047906553,-0.15335949,-0.15536988,0.022665069,-0.15311496,-0.12620583,-0.28449392,0.039106753,0.26334158,0.23951685,0.06374655,0.24677262,-0.07897484,-0.42812937,-0.06847342,-0.28877527,-0.15978804,0.31401247,0.1980133,-0.03738555,0.11721093,0.11767362,-0.23363712,-0.25801373,-0.13154104,-0.051937073,-0.20468555,0.004761827,-0.21713345,-0.10499747,0.2544633,-0.029175669,0.07728951,0.019464921,0.12190428,0.24994513,0.33978733,0.079159744,0.025547182,-0.11492076,0.01004946,0.08671777,0.21851884,0.39098632,0.6623456,-0.15542845,0.26041976,-0.2726396,0.040043816,0.38597244,-0.14425829,-0.29012993,0.054547224,0.20495614,-0.3283138,0.13382624,-0.1709692,-0.3080713,-0.023605965,0.15896118,0.125567,0.21512957,-0.016672904,0.0140195545,-0.007302589,0.21699306,-0.12664808,-0.24152519,-0.089683354,0.024046566,-0.19747163,-0.12910905,0.002909311,-0.3387749,-0.07414797,-0.20322546,0.14620592,0.007455745,-0.14052568,-0.053921983,0.017050225,0.28942302,-0.2331609,-0.52555925,0.11660925,-0.15967338,-0.37109044,0.23140876,0.28678364,-0.27280995,0.29538503,-0.039266057,0.024785731,0.1391865,0.051074345,-0.12507813,sport
-0.29293036,0.047452435,-0.23550792,0.10108939,0.16730271,-0.24386679,-0.013358119,-0.048878167,-0.08632785,0.032073867,-0.34753636,0.22125055,0.28467518,0.23013155,0.19863021,0.16827357,-0.0902833,-0.3513034,-0.027540432,-0.28323412,-0.066586435,0.10420864,-0.036597837,0.23355986,0.1471892,0.057447214,-0.11803534,-0.112513274,-0.19386952,0.16371599,-0.08578994,-0.13589391,-0.14328973,0.06744706,0.28820533,-0.20172867,0.15578061,-0.17445299,-0.07570352,0.026825426,0.20746073,-0.03106893,0.04492692,-0.10218854,0.16497526,0.21001956,0.3015923,0.31474,0.41310766,-0.082462505,0.15561059,-0.42130426,0.038112264,0.2209962,0.04820726,-0.2197945,0.07738316,0.10358952,-0.4145634,0.12834078,-0.033066098,-0.12902735,-0.08944139,0.224296,0.27234277,0.11624572,-0.07247082,-0.0408564,-0.1730795,-0.058497164,0.0017892082,-0.26961976,-0.09293203,-0.063189335,-0.18714471,-0.14483708,-0.058440864,-0.29502332,-0.1829988,-0.3968723,0.029808864,0.13451944,-0.15501203,-0.051476143,-0.03752837,0.3340107,-0.11847627,-0.30407238,0.24088801,0.020404704,-0.29734775,0.1722176,0.07966118,-0.27582017,0.15558197,-0.064518444,0.13883862,0.09673889,-0.01941265,-0.18378532,sport
-0.23329858,0.34516746,-0.25608858,0.14526431,-0.032512277,-0.17706501,-0.19953206,0.060427334,-0.21522108,-0.13070393,-0.41022423,0.11248537,0.18876325,0.34223354,0.09930435,0.1760987,-0.063851625,-0.38889158,-0.07981484,-0.24747609,-0.16802104,0.15086812,0.2876187,-0.085971884,0.08146606,0.05818931,-0.21415815,-0.29334414,-0.24458966,-0.03381452,-0.124941036,0.05538955,-0.28934845,-0.10447156,0.31462172,0.11434398,0.124055475,-0.022489607,0.16525249,0.25452697,0.21805862,0.07665367,0.09020552,-0.15120402,0.06455359,-0.046572916,0.10483436,0.46912864,0.5402396,-0.12890367,0.20820054,-0.2594471,-0.045118794,0.33915868,-0.14525738,-0.32216397,0.11167082,0.18539327,-0.47308162,0.1283693,-0.15647209,-0.24698761,-0.028025096,0.08709555,0.19775803,0.08166871,-0.037020806,-0.062761985,-0.06083143,0.282136,-0.3004098,-0.29818124,-0.20218295,0.14635468,-0.22343306,-0.18386745,0.09724885,-0.435028,-0.014448876,-0.29227036,0.014367916,-0.009706795,-0.060671452,0.07647717,-0.087656185,0.3985132,-0.04651074,-0.45527288,0.057889372,0.13674435,-0.22321713,0.1479989,0.29497766,-0.24208684,0.1993447,0.025547542,0.09157815,0.2029887,0.066440485,-0.17861281,sport
-0.2501574,0.33844385,-0.1456548,0.18771431,-0.024882315,-0.19192322,-0.12579845,0.022827983,-0.18448634,-0.15815108,-0.3439008,0.13443045,0.27748168,0.33775267,0.03961143,0.12756388,-0.09580234,-0.42350587,-0.05291658,-0.20147637,-0.24156396,0.18747646,0.21315108,0.0077135907,0.08476534,0.05389655,-0.17617372,-0.20513135,-0.1334903,0.042771313,-0.09001586,-0.0020517383,-0.23874487,-0.050506134,0.32244173,0.032680247,0.10346915,-0.1307259,0.08086635,0.15798531,0.16940296,0.016322426,0.08913608,-0.14589517,0.13367467,0.042443752,0.17057298,0.4606973,0.50220335,-0.06406675,0.1784632,-0.19947733,-0.04510015,0.31205487,-0.09106014,-0.19940877,0.1667919,0.18539077,-0.42764264,0.11171861,-0.12306425,-0.28066754,-0.17879099,0.19910528,0.17463215,0.11228873,-0.049416788,-0.055155415,-0.01645633,0.1651641,-0.20812586,-0.35052085,-0.12876572,0.10190752,-0.16625097,-0.23134328,0.053687945,-0.47891468,-0.09027854,-0.2366052,0.030458769,0.040270604,-0.057161283,-0.026274316,-0.05320316,0.41826516,-0.04116195,-0.46251005,0.13821039,0.109635726,-0.26318008,0.07673833,0.1915003,-0.29763114,0.20394556,0.07524904,0.12715061,0.065822355,-0.02762644,-0.25657415,sport
-0.27840966,0.22652851,-0.31031764,0.0321591,0.23013228,-0.18991369,-0.14935166,0.09351543,-0.24169593,-0.017974067,-0.32301658,0.20462494,0.25059667,0.37516522,0.12075608,0.15796202,-0.087407365,-0.3682884,0.0007565039,-0.015063055,-0.1891476,0.16448227,0.07738215,0.02454722,0.13994642,-0.038420852,-0.014249077,-0.22856793,-0.3873944,0.07489349,-0.10090129,0.034525324,-0.18959999,0.053599052,0.27845508,0.03391595,0.074989624,-0.18322663,0.07757322,0.20470516,0.097646795,0.016400587,0.30140707,-0.23064399,0.09627746,0.117205136,0.10635833,0.35536674,0.39724264,-0.108060196,0.08965911,-0.35597813,-0.12615338,0.2014821,0.0331925,-0.1576209,0.20627438,0.28713092,-0.4378292,0.1541144,-0.04123027,-0.12863208,-0.21402068,0.22032198,0.2822002,0.031995382,-0.15971027,-0.05137167,-0.047437083,0.12689589,-0.086852364,-0.34185192,-0.17051095,0.0015454066,-0.14988747,-0.21543483,0.053183936,-0.43641853,-0.13657205,-0.18349616,-0.036177967,0.0015098547,-0.041864194,-0.12275202,0.13632873,0.36330095,-0.1356951,-0.45620185,0.1940011,0.14271796,-0.283659,0.053598713,0.13286038,-0.2896266,0.0967538,-0.04826113,0.22228219,0.18781234,-0.040362284,-0.32967988,sport
-0.09135099,0.25097907,-0.26956204,-0.069466025,-0.08172749,0.14756282,-0.22456063,0.021722028,-0.22675589,-0.14784332,-0.5125308,0.019568425,0.19076557,0.37019005,-0.0024511402,0.16711996,0.120492116,-0.41124487,0.07293072,-0.12282313,-0.10617862,0.2986414,0.17621179,0.09989292,0.1683407,0.18431796,-0.26401412,-0.60713524,-0.22869515,-0.07072904,0.042642586,-0.0314576,-0.1448459,-0.078103684,0.07654215,0.04185609,0.0478889,-3.192507e-05,0.1822983,0.3164341,0.122809105,0.09796658,0.15004122,-0.1105071,-0.00034068257,0.03513821,0.1944631,0.5133529,0.68235874,-0.05626469,0.21821186,-0.38522193,-0.091229774,0.4680407,-0.030427057,-0.1606433,-0.035764325,-0.025618775,-0.472364,0.09667069,-0.2126881,-0.26122355,-0.13513455,0.16685538,0.22621359,0.1584238,-0.15524553,-0.12558527,-0.08010067,0.36908245,-0.22201574,-0.1507369,-0.19127776,0.07267428,-0.1646176,-0.16896845,0.018557075,-0.38818967,-0.17832763,-0.3815996,0.0677495,0.081239775,-0.29237163,0.015634956,0.05528097,0.446633,-0.2944901,-0.6181914,-0.0487608,0.086917624,-0.27962822,0.024125943,0.14978653,-0.25565022,0.30833533,0.002061541,0.0052233106,0.0029872707,0.08616436,-0.24888016,sport
-0.11093078,0.20510282,-0.4017265,0.1715253,-0.013109456,-0.16427007,-0.099967584,0.1515846,-0.1730804,-0.10181946,-0.41117498,0.014322406,0.2277646,0.4406391,0.096790574,0.22120203,-0.017872818,-0.4223653,-0.064516306,-0.10061055,-0.10357025,0.13339995,0.1719759,0.011776298,0.09405689,-0.082069896,-0.1454412,-0.32811475,-0.34456116,-0.078080274,-0.030661667,0.0047116857,-0.25340024,-0.03192862,0.3441146,0.08778596,0.035088304,-0.1140149,0.117188625,0.14378048,0.05939682,0.1353324,0.10106259,-0.14244251,0.04207598,-0.07151491,0.16910726,0.51338303,0.41854638,-0.08549611,0.15693295,-0.30948514,-0.033290032,0.27455914,-0.04220752,-0.24604575,0.20494483,0.23967868,-0.4463311,0.18175411,-0.18508355,-0.27464747,-0.21139866,0.14366116,0.2322498,-0.004077956,-0.0885294,-0.00012775653,-0.06909178,0.18241481,-0.13719618,-0.2795907,-0.20121002,0.075685464,-0.19126685,-0.20518981,0.11952808,-0.30831188,-0.009974881,-0.25954255,-0.0052872025,0.055283837,-0.047393624,0.022717664,0.10325799,0.37371996,-0.0761342,-0.46713454,0.095832646,0.28439248,-0.22316058,0.093809284,0.24661142,-0.30161878,0.19850343,-0.085467406,0.17483638,0.111790635,0.09802862,-0.30948716,sport
-0.19267875,0.387673,-0.12693208,0.103461176,-0.120297745,-0.22284095,-0.17323528,0.0645935,-0.2344146,-0.1840462,-0.3889925,0.17526202,0.22846583,0.2656303,0.033550188,0.052538168,-0.08786889,-0.3967285,-0.11897434,-0.14288929,-0.22470711,0.16126412,0.19374768,0.01800505,0.08999949,0.110769965,-0.15378043,-0.23978227,-0.14919229,0.06409491,-0.075142756,0.012016663,-0.24776042,0.0053219195,0.27093682,0.03178147,0.16135305,-0.11708714,0.122936696,0.22958991,0.17747322,0.029975718,0.088770196,-0.18322144,0.15372606,-0.059409693,0.17250846,0.43478385,0.5513286,-0.16843544,0.10881139,-0.28975075,-0.12793306,0.23785467,-0.14173838,-0.24643391,0.15258823,0.14004233,-0.4050226,0.08645678,-0.10070449,-0.23457623,-0.1321867,0.20692715,0.2139181,0.07688939,-0.008067736,-0.06592756,0.03698948,0.223289,-0.18331626,-0.29768485,-0.16949347,0.032523073,-0.123306386,-0.2248684,0.032480728,-0.49671406,-0.10156008,-0.20372671,0.032309312,0.057389226,-0.09304094,-0.022337109,-0.073128596,0.40103996,-0.087648675,-0.48907298,0.03298877,0.093107305,-0.21514179,0.09048098,0.2580569,-0.26564544,0.16470714,0.12102147,0.1568564,0.08125271,-0.090684235,-0.23325261,sport
-0.1350601,0.3660326,-0.2331147,0.120645076,-0.084216684,-0.21171401,-0.17966945,0.034682225,-0.1907545,-0.21949431,-0.4198245,0.03756455,0.27916443,0.32210222,0.07231601,0.083855756,-0.06689033,-0.42429352,-0.04077711,-0.3369792,-0.18709916,0.15330356,0.27411616,-0.019865569,0.032651044,0.10837015,-0.24040486,-0.26401755,-0.20218658,0.044929966,-0.06922316,0.104535356,-0.18610755,-0.059427995,0.29855707,0.022191903,0.17938334,-0.2271561,0.15584351,0.17646725,0.14768444,0.04620893,0.10386205,-0.21456075,0.21361676,-0.015271413,0.14609362,0.44392365,0.489243,-0.10280145,0.13625221,-0.28796172,-0.071049005,0.37378007,-0.1596007,-0.22704467,0.20745285,0.15190226,-0.4456965,0.12628876,-0.19539641,-0.26546255,-0.08371331,0.16026384,0.21592046,0.06567948,0.052238118,-0.022565953,-0.019737998,0.22788249,-0.21165524,-0.29018897,-0.13509583,0.075661495,-0.20380266,-0.24183474,0.06916151,-0.45172063,-0.1623895,-0.1946754,0.12915386,0.06398159,-0.120878845,-0.014097109,-0.05391159,0.42093945,-0.07457877,-0.49366745,0.06322749,0.14618225,-0.2522055,0.13753404,0.22659418,-0.31194577,0.17883945,0.112508364,0.05248433,0.07126009,-0.022284813,-0.22342917,sport
-0.24606463,0.26132342,-0.3027012,0.054931473,0.05071627,-0.10491719,-0.16500625,0.0072099594,-0.16631244,-0.14844069,-0.38600254,0.062376812,0.2006281,0.43851236,0.0073546227,0.13132724,-0.02705699,-0.35943305,0.036958918,-0.18123962,-0.16937736,0.16837066,0.19149645,0.023908416,0.08315762,0.11883399,-0.213517,-0.37247172,-0.22194016,0.08563399,-0.093881086,0.026229773,-0.19817933,-0.034350462,0.27132466,0.08220568,0.010337838,-0.13778885,0.14906713,0.15216509,0.10972972,0.11796172,0.049743537,-0.17561992,0.07136746,0.0960633,0.1406518,0.49130827,0.5054144,0.035579357,0.20680183,-0.19920456,-0.07701291,0.44873568,-0.029699828,-0.11260514,0.12643951,0.16948953,-0.48351166,0.114565715,-0.1329984,-0.23620884,-0.22255893,0.23186585,0.18361023,0.09402854,-0.10801135,-0.015526752,-0.13052607,0.1138001,-0.23518658,-0.2039767,-0.14873096,0.08352881,-0.16923517,-0.17977068,0.027995173,-0.45445925,-0.12090544,-0.31242284,0.107596874,0.07723138,-0.16982979,0.053323742,0.00711708,0.4193503,-0.14693192,-0.46246228,0.06870132,0.10951648,-0.24860927,-0.021198908,0.17775077,-0.37965313,0.20531435,0.065994464,0.12546591,0.052110653,0.04661808,-0.25041538,sport
-0.12847817,0.14761375,-0.2453099,0.25796402,0.050191168,-0.33643517,-0.03424682,0.08467934,-0.088961266,0.09377235,-0.43897185,0.25351673,0.1917261,0.2186749,0.24939612,0.1950309,-0.24410689,-0.26863667,-0.16762161,-0.11257375,-0.15246914,0.1976613,0.11171981,0.21452752,0.1547067,0.08294161,-0.11768777,-0.23610274,-0.34254786,-0.0019855206,-0.0993215,-0.26823118,-0.26397339,-0.13146897,0.08581498,-0.037918363,0.2393614,-0.0997337,0.06304164,0.08367553,0.3865476,0.006872332,0.09475159,-0.006187217,0.16829672,0.05180539,0.2455736,0.39187512,0.5503612,-0.07125155,0.2747794,-0.40161407,-0.20254485,0.25756794,0.1531294,-0.32510456,0.28371516,0.19503836,-0.5381334,0.19771516,-0.16448115,-0.1474887,-0.107590914,0.14424416,0.32775563,0.16422412,-0.017850988,-0.024746487,-0.11274451,-0.10956304,6.888649e-05,-0.3998159,-0.19042565,0.17908223,-0.17294775,-0.109853156,0.15497728,-0.27157545,0.103876196,-0.3431302,-0.013919944,-0.1363144,0.08696775,0.008555516,0.05266097,0.4194675,0.057830643,-0.41558638,0.26317063,0.11898641,-0.21442646,0.1514936,0.24767716,-0.28093812,0.1904796,-0.19392669,0.24727418,0.073115535,0.009171011,-0.18906595,sport
-0.20932171,0.31568798,-0.15390137,0.14166547,0.040427282,-0.08998946,-0.10582923,0.04767831,-0.18151943,-0.07148548,-0.25119334,0.110957555,0.28511363,0.08839036,0.23947518,0.23067072,-0.066717856,-0.40429258,-0.109031975,-0.10498855,-0.18152899,0.12585187,0.1770991,-0.04037266,0.16941161,0.07559154,-0.240292,-0.087653935,-0.07292766,-0.03989433,-0.09202468,-0.09564957,-0.24966647,-0.09568218,0.20731305,0.033613347,0.111134015,0.036925465,-0.079047166,0.24793433,0.2769208,-0.05949861,0.051892318,-0.14114156,0.044168357,0.065520845,0.20534287,0.328072,0.5925112,-0.15956861,0.14616163,-0.3272921,-0.018521495,0.21259244,-0.12280725,-0.21243437,0.066479705,0.37790644,-0.36677754,0.12585533,-0.07079494,-0.25341368,0.023702892,0.1866454,0.16437054,0.096389905,-0.016773535,0.0007817976,-0.009077811,0.149385,-0.15485469,-0.29884508,-0.17114027,0.05215453,-0.1017668,-0.17956334,0.034764938,-0.24336998,-0.071970366,-0.18384424,0.017877921,0.06198808,-0.073098175,-0.039250318,-0.11112811,0.30610412,-0.04271361,-0.45597714,0.112195484,-0.060294185,-0.27269882,0.19247524,0.32043323,-0.272475,0.20949352,-0.05243324,0.04741341,0.1663467,0.052106243,-0.191512,sport
-0.19731131,0.16470589,-0.38270995,0.21298692,-0.012331972,-0.2324461,-0.125596,0.1690313,-0.25502452,0.048932537,-0.29363805,0.2186423,0.19685204,0.23427896,0.16422616,0.34437543,-0.10435851,-0.38169476,-0.122021176,-0.094416596,-0.20782956,0.09348524,0.12321035,0.14386542,0.12396931,0.013033231,-0.14616281,-0.25959688,-0.27238414,0.05351605,0.01300695,-0.055057958,-0.2378697,-0.18557355,0.28879648,0.08267906,0.029188892,-0.14095122,0.10030786,0.057221387,0.06546851,0.13612847,0.10773961,-0.15259808,0.12655821,0.15046279,0.30049857,0.40460172,0.5179404,-0.21611397,0.086380675,-0.28603366,-0.24274358,0.1388202,0.1025381,-0.25673443,0.18672211,0.36512,-0.4081206,0.23787081,-0.026371777,-0.16743685,-0.057304397,0.08413959,0.16915151,0.110981576,-0.08332471,0.011699569,-0.026019435,0.078971505,-0.08544812,-0.20356959,-0.12912646,0.0756136,-0.15729281,-0.04998102,0.21168762,-0.21791907,0.24243246,-0.33174178,0.14281563,-0.079756595,0.052571524,-0.06813496,0.19525321,0.3090431,-0.14328064,-0.53609747,0.21340705,0.071525276,-0.37454778,0.107486956,0.1765862,-0.27440336,0.19832127,-0.116500564,0.32696167,0.18962152,0.2500815,-0.20361668,sport
-0.27854174,0.37117442,-0.27711004,0.26831356,0.008708931,0.005037137,-0.16288625,0.096919276,-0.3355314,0.15529639,-0.31611252,0.15823102,0.04981604,0.20994346,0.32911053,0.056299787,-0.111426175,-0.46522734,-0.11396389,0.038737535,-0.03774449,-0.034192774,0.34666777,0.16048609,0.16814758,0.06995955,-0.06363804,-0.22260939,-0.41571242,-0.07840588,-0.16738075,-0.10993145,-0.38404962,-0.12474615,0.1718466,0.1544056,0.06669545,0.027396608,0.17939922,0.18836612,0.14603744,-0.11700952,0.11998638,-0.009993448,-0.07139064,0.064987294,0.08994948,0.3533228,0.51367736,-0.25976664,0.023681492,-0.4804712,-0.09692328,0.18105239,0.0037349805,-0.34187928,0.14832956,0.45201614,-0.37370092,0.20154381,-0.08014469,-0.29329243,0.09529662,0.0055226022,0.18748075,0.23957282,0.03702082,-0.19580369,-0.11448188,0.27822885,-0.2004193,-0.15364851,-0.26404187,-0.034553926,-0.13502252,0.06778988,0.12675107,-0.18556103,0.15857954,-0.37777117,0.13724042,0.07458688,-0.022982128,0.015726209,0.024216898,0.171175,-0.15921585,-0.5626778,0.05042694,-0.038844623,-0.30658048,0.40577093,0.1216541,-0.23087235,0.26686436,-0.06311243,-0.032669052,0.47433817,0.22422488,-0.033985782,sport
-0.31562778,0.20212413,-0.3190431,-0.041546304,-0.15294713,-0.01646337,-0.17831117,0.036036786,-0.11943038,-0.12702474,-0.2975469,0.079720534,0.19143832,0.038851008,0.1257182,0.2106303,0.019736962,-0.4355317,-0.119070426,-0.18391532,-0.4360182,0.49444166,0.09530766,0.01978286,0.06431934,0.22964534,-0.07919572,-0.3582157,-0.20812388,0.1674185,0.105363175,0.08779239,-0.3043627,-0.02288116,0.17046258,0.1479709,0.22267921,-0.008802796,0.17766714,0.34581935,0.18203078,0.04395701,0.16972168,-0.077020794,0.21191439,0.031064002,0.33811182,0.38408136,0.46214563,-0.15001374,0.0751953,-0.43212456,-0.14116664,0.35266703,-0.0775464,-0.34249222,0.18665035,0.14999625,-0.2268762,0.15423825,-0.05922618,-0.07580194,0.1029136,0.3283626,0.02054982,0.16937777,0.010698004,-0.029635582,-0.027097998,0.24253,0.0044655623,-0.18567319,-0.09489606,0.14452723,-0.11106003,0.0055693244,-0.23740275,-0.49150115,0.024868688,-0.15498553,0.3325817,0.068333015,-0.1469983,-0.07538358,0.02944753,0.37135834,-0.18227826,-0.5401824,0.16096163,-0.41806498,-0.4329783,0.097439654,0.19010244,-0.22695242,0.17829335,0.18873161,0.103228375,0.022969285,-0.051166102,0.18350238,sport
-0.2297803,0.22300062,-0.23074554,-0.022493321,-0.023083149,-0.21591242,-0.15266149,-0.026148735,-0.079909444,0.051515352,-0.21551065,0.17027998,0.193345,0.084173195,0.075975634,0.23343743,-0.001767389,-0.43557587,-0.14396724,-0.031960778,-0.21396601,0.28285995,0.09279467,-0.029175343,0.15740812,0.075064875,-0.03767025,-0.14922473,-0.14694881,0.25629967,-0.19658175,-0.043925855,-0.21021275,0.01942606,0.17830892,-0.06874666,0.20504281,-0.057033625,0.11462488,0.2081039,0.31247675,-0.0048202467,0.1728111,-0.1600141,0.20227656,0.037847314,0.25342423,0.27141926,0.49356893,-0.22179629,0.19832751,-0.4419953,-0.22621827,0.21621662,-0.1360952,-0.18873647,0.13631916,0.20479977,-0.300618,0.24265353,-0.024858924,-0.22031167,-0.041739378,0.35862315,0.11043854,0.21344335,-0.024492066,-0.2172841,0.06714794,0.17665164,-0.084900945,-0.1566209,-0.0070794695,-0.12442623,-0.12681744,-0.13539028,-0.17439312,-0.32292512,-0.07619198,-0.21594864,0.14702065,-0.08566285,-0.14614104,-0.09603309,0.07572279,0.2263358,-0.2603576,-0.52157784,0.13787821,-0.33922687,-0.47441784,0.15896806,0.20800073,-0.07225573,0.16319413,-0.032761164,0.07146333,0.20134124,-0.022274978,0.00194636,sport
-0.27927834,0.34645438,-0.22204594,0.11529332,0.076455556,-0.1392827,-0.13275087,-0.04144309,-0.12068113,-0.17750569,-0.3432255,0.1392962,0.24540173,0.25195312,-0.045226414,0.22782595,-0.022004018,-0.40365297,-0.04076705,-0.3428581,-0.24077201,0.19129594,0.13811274,-0.0048233396,0.008456679,0.16381596,-0.20793837,-0.2953729,-0.13902871,0.17863703,-0.20917884,0.028026378,-0.17986271,-0.12757744,0.31732386,0.014601644,0.19812942,-0.06620789,0.103926234,0.214799,0.26487663,0.050096635,0.0582862,-0.20879287,0.11802642,0.18631387,0.24321522,0.41183078,0.5517409,0.011980375,0.30536678,-0.17211063,-0.014134344,0.34773275,-0.023719706,-0.12690291,0.13617451,0.16225365,-0.4036114,0.22580603,-0.20306888,-0.3003628,-0.14730208,0.27156436,0.08806168,0.15340754,-0.016520934,-0.04423966,-0.049650896,0.11351915,-0.2732497,-0.27689663,-0.11064241,0.06533219,-0.1871518,-0.24551554,0.1213535,-0.42598972,-0.12678596,-0.22090933,0.17246413,-0.013062397,-0.10052074,0.047027066,0.07727157,0.29570454,-0.2136704,-0.5871953,0.09671732,0.05291605,-0.33151588,0.10532226,0.17528392,-0.26842982,0.24990113,0.052338026,0.098736204,0.023021117,-0.05785115,-0.17084245,sport
-0.19218557,0.27012587,-0.1979978,0.08163144,0.12990788,-0.20895122,-0.097679116,-0.10900586,-0.14734429,-0.11493106,-0.29593486,0.09335464,0.3258599,0.17114021,0.17734532,0.22839728,0.00028720466,-0.27683526,-0.1923866,-0.16472648,-0.13182099,0.23344676,0.17056352,0.033781722,0.06374755,0.15142822,-0.24707673,-0.17547368,-0.019219546,-0.0071692104,-0.24002504,-0.17675407,-0.10883049,-0.15569738,0.19893564,-0.086222574,0.057701014,0.13459888,-0.08567201,0.22262776,0.27700552,0.0632254,0.06414154,-0.18788205,0.015903782,0.1752804,0.29847816,0.26089364,0.78369486,-0.20891073,0.22064304,-0.23449248,-0.056795057,0.2568296,-0.20980579,-0.21808669,-0.120910324,0.3318118,-0.4059051,0.2558393,-0.17054991,-0.30621862,0.019478807,0.15832952,0.17685212,0.08693433,0.04652145,-0.09141012,0.08871206,0.2197667,-0.24041072,-0.19782498,-0.07822596,0.04053968,-0.03640466,-0.12711713,0.11112989,-0.20589545,-0.03904584,-0.17233355,0.14558366,-0.09942041,-0.16179506,-0.0059046047,0.019466111,0.29254264,-0.13940609,-0.5178212,0.042364318,-0.01389371,-0.41853428,0.2120889,0.33356518,-0.32115144,0.24633807,-0.035297364,0.08828622,0.2029419,0.16686867,-0.16615093,sport
-0.26504388,0.4105209,-0.26836532,0.052253284,-0.06530918,-0.18839446,-0.23197374,0.09111363,-0.33646944,-0.2342967,-0.33148268,0.19446735,0.2703896,0.3041791,0.08139233,0.10749474,-0.04611742,-0.35688892,-0.08288365,-0.18754534,-0.32189554,0.17013927,0.25351092,0.0057854275,0.16383879,0.097905464,-0.19515066,-0.25604585,-0.24823545,-0.000554908,-0.08956302,0.02716483,-0.2150269,-0.10272351,0.2643075,0.08244907,0.17841886,-0.050225027,0.13006127,0.27222398,0.15634419,0.08308382,0.04750296,-0.12661082,0.10921332,-0.005441441,0.19751245,0.49150947,0.50365895,-0.12533633,0.08321522,-0.15127483,-0.15550038,0.29489422,-0.13391443,-0.26322562,0.113452174,0.23591217,-0.5037603,0.074031696,-0.1455758,-0.24337861,-0.23071522,0.12449518,0.22102712,0.074179895,0.014614763,-0.06961515,-0.038503952,0.22104889,-0.29143998,-0.3032207,-0.14431244,0.02762914,-0.1834025,-0.24880493,0.030714191,-0.51150674,-0.03662912,-0.30362558,0.010874646,0.035771668,0.04679385,-0.0054066894,-0.059260327,0.31063178,-0.05840105,-0.4372615,0.041761898,0.10597779,-0.31354785,0.015577389,0.24942984,-0.3165805,0.16780232,0.08810391,0.10425343,0.21050797,0.032123707,-0.2131601,sport
-0.2367441,0.19121867,-0.218574,0.012410543,0.21416798,-0.17664301,-0.0863644,-0.020274939,-0.12896736,-0.024864778,-0.237362,0.23635617,0.3445816,0.10087518,0.1338562,0.27392745,0.008134925,-0.48352927,-0.053990897,-0.045937754,-0.11003778,0.26998067,-0.06564448,0.16101836,0.1282619,0.019565497,-0.14425959,-0.09101427,-0.25364238,0.25359258,-0.13326158,-0.012938653,-0.1786009,0.06029912,0.23981038,-0.10112933,0.20983024,-0.20034584,0.1208986,0.25092882,0.18156677,-0.061643276,0.30076256,-0.14953622,0.1977526,0.20276968,0.19571994,0.3953107,0.48940143,-0.17137384,0.13543902,-0.37572715,-0.031161232,0.19043759,-0.08000358,-0.1276452,0.11975583,0.22190233,-0.29964933,0.18727875,0.052462757,-0.16235815,-0.2437276,0.3418302,0.13696735,0.11893616,-0.049386594,-0.105295815,-0.024329172,0.06853889,-0.040320132,-0.2274249,-0.02663126,-0.19395998,-0.20924598,-0.24829222,-0.093245015,-0.32144573,-0.15953806,-0.13952106,0.02374496,0.03989724,-0.120697625,-0.09281627,0.06184766,0.22347084,-0.28907874,-0.43584213,0.2073313,-0.1666594,-0.3135069,0.100628436,0.11839048,-0.18001065,0.26159722,0.03427588,0.14809327,0.17379291,-0.16863665,-0.14523318,sport
-0.19816098,0.3487828,-0.23569188,0.14277545,-0.0016794023,-0.21174672,-0.11836765,0.13162164,-0.20484596,-0.06436037,-0.2867371,0.16301523,0.21625748,0.34199938,0.1260732,0.11885326,-0.02723547,-0.3702938,-0.10483819,-0.14459024,-0.19262189,0.12886633,0.23894627,-0.021037363,0.121003576,0.12758201,-0.17133227,-0.20614234,-0.28599566,-0.047708534,-0.12969846,-0.017740225,-0.20144583,-0.14678426,0.26244748,0.040556878,0.09686874,-0.04773599,0.06522676,0.17145705,0.21896408,-0.04293279,0.056129217,-0.11723593,0.04128875,-0.011336967,0.18053687,0.46963108,0.5545627,-0.11827241,0.17426933,-0.24658921,0.008005916,0.26461297,-0.12064542,-0.23433493,0.17904049,0.2451474,-0.4227612,0.1664441,-0.15087083,-0.26581463,-0.057385895,0.07466572,0.19437438,0.1530277,-0.06614155,-0.022907635,-0.05325021,0.18626198,-0.22637397,-0.26768255,-0.14492282,0.06513034,-0.13801354,-0.1822955,0.016455354,-0.34452912,-0.061544415,-0.30571947,-0.070524335,0.012050146,-0.013440232,-0.02779893,0.006577057,0.29406697,-0.13303222,-0.47515848,0.13983782,0.11704492,-0.26393822,0.10054658,0.24078745,-0.30289626,0.27663386,-0.01952858,0.067438014,0.15307648,0.046526283,-0.1868873,sport
-0.2620441,0.3157524,-0.27343452,-0.024057493,0.051667828,-0.16164124,-0.10288719,0.06635675,-0.15004414,-0.10566396,-0.3106578,0.05958405,0.26676148,0.3721638,0.15685849,0.16756557,-0.084255315,-0.3388774,-0.075210355,-0.22814354,-0.1738236,0.2255053,0.24756841,-0.047259167,0.10125706,0.109863624,-0.1687667,-0.28824317,-0.19182704,-0.10711869,-0.14537717,-0.011537572,-0.2599975,-0.06848904,0.23129886,0.04367002,-0.0011582146,-0.05370585,0.05808365,0.27657732,0.27109036,0.05086354,0.077873506,-0.12879974,0.03551501,0.011548368,0.1753806,0.39176553,0.5714832,-0.14236236,0.16423921,-0.34389874,-0.028942399,0.32104927,-0.10815677,-0.2662863,0.04218785,0.12749912,-0.3587648,0.12196132,-0.11311555,-0.24185722,-0.056834508,0.057708196,0.15777817,0.15737468,-0.059012555,-0.08976957,0.00019273993,0.2456687,-0.17029084,-0.2498736,-0.14181986,0.014678445,-0.24274516,-0.11652793,0.015248629,-0.3356636,-0.049491227,-0.28659925,0.09456811,0.027623449,-0.08969487,-0.03345579,-0.04627637,0.3526852,-0.13350907,-0.45105523,0.035949625,0.077340655,-0.243158,0.21762295,0.30353782,-0.23210189,0.21073966,-0.047696605,0.01934652,0.20043385,0.055112693,-0.15897927,sport
-0.22742933,0.31162074,-0.28352496,0.10682506,0.0030046802,-0.17531165,-0.08517426,0.08726287,-0.17050338,-0.08790479,-0.35134134,0.14518064,0.26640207,0.32460734,0.10454972,0.22968799,-0.045579124,-0.33426127,-0.066050656,-0.23024978,-0.17220962,0.2429554,0.23646529,-0.02552217,0.114749074,0.14608048,-0.11458877,-0.37213805,-0.24038573,-0.06909643,-0.12443334,-0.03714915,-0.17120744,-0.07572352,0.24095568,0.037327304,0.06790846,-0.034812618,0.061213125,0.2269409,0.21375504,0.036472734,0.07186062,-0.16145922,0.029186454,0.043728154,0.20127925,0.43452725,0.53463787,-0.08890147,0.19186172,-0.19920923,-0.09284737,0.27259466,-0.068704575,-0.2598074,0.07188088,0.19373357,-0.46128467,0.11378146,-0.1978941,-0.18169673,-0.12029029,0.045701895,0.18246312,0.11547353,-0.09157345,-0.041422915,-0.022573555,0.15895867,-0.19586046,-0.30047745,-0.16590217,0.061139237,-0.19078255,-0.16807051,0.09784644,-0.37612757,-0.058064036,-0.35570338,0.018611414,0.04964699,-0.09736397,0.03411518,0.021773022,0.3769643,-0.121485226,-0.47085992,0.11239056,0.14685832,-0.21659932,0.104613714,0.28958797,-0.30918965,0.23136981,-0.117431685,0.11236644,0.15057088,0.033665597,-0.2340357,sport
-0.16339466,0.20010424,-0.32259667,0.13424714,0.0906853,-0.21753308,-0.0509399,0.24501002,-0.34245783,0.10693322,-0.35741898,0.20487854,0.11707519,0.33758712,0.22563761,0.20251742,-0.22041816,-0.38094532,-0.15134153,-0.005111115,-0.14956665,-0.019114127,0.15952629,0.20822099,0.16520172,-0.028252186,-0.112615176,-0.2787579,-0.30779818,0.03966818,-0.069999345,-0.08778312,-0.26760516,-0.065662935,0.10093903,0.08779271,0.10173636,-0.017308187,0.1613183,0.13711776,0.09426248,0.042269345,0.14313251,0.053757224,0.13916002,0.017019998,0.26335493,0.30100065,0.47901064,-0.20234002,0.05717299,-0.4180125,-0.1862809,0.1559976,0.13700846,-0.3363942,0.05068629,0.24653043,-0.40683848,0.15753143,0.021072567,-0.18970719,-0.15788046,0.07859034,0.23887582,0.103343636,0.024651788,-0.074233316,-0.025843186,0.07021395,-0.032341354,-0.22000399,-0.25496435,-0.069090724,-0.12339521,0.06343118,0.09779916,-0.1550848,0.12303319,-0.38421017,0.1240612,-0.09774252,0.12695096,-0.113190986,0.10474918,0.38385335,-0.095769495,-0.37793422,0.117344566,0.0982416,-0.29689467,0.16328573,0.15536617,-0.26557252,0.22902673,-0.060263135,0.31655288,0.19635363,0.09921798,-0.24996023,sport
-0.29328215,0.20478228,-0.2107828,0.013744326,0.06588259,-0.16051981,-0.111279555,-0.02155394,-0.18523034,-0.17661163,-0.23149079,0.17467782,0.21780181,0.13748252,0.1947867,0.15114352,-0.006639687,-0.3832487,-0.16473942,-0.16178931,-0.2358559,0.17989898,0.06138278,0.08857154,0.10703794,0.12909351,-0.16821662,-0.084165,-0.22399536,0.1314135,-0.14918387,0.007305748,-0.23404832,-0.04521819,0.289334,-0.08179501,0.13015287,-0.029088778,0.03157051,0.14555833,0.22406685,0.08516723,0.15723413,-0.19462629,0.1646992,0.123208456,0.2633954,0.37248608,0.49096575,-0.22332461,0.1856894,-0.35504705,-0.06868175,0.186244,-0.052097127,-0.15643921,0.06559526,0.33541852,-0.31801498,0.23110339,-0.10484535,-0.23935406,-0.07268763,0.2045982,0.1545694,0.18418981,-0.034162153,-0.11531648,-0.09114595,0.18632872,-0.090601556,-0.22172835,-0.07928569,-0.020749947,-0.16915624,-0.22364038,-0.06735374,-0.31104136,-0.026607012,-0.187733,0.049155015,-0.039935086,-0.0052747196,-0.0076186964,0.06011271,0.26954508,-0.23882562,-0.4357529,0.16934423,-0.12798926,-0.4267119,0.176754,0.1593077,-0.26640406,0.27324992,0.04078836,0.060575288,0.21859705,0.010479351,-0.11796313,sport
-0.32423264,0.26172736,-0.34314078,0.13523231,0.2008286,-0.15781066,-0.1303415,0.074632145,-0.073378146,-0.06574357,-0.17612945,0.24895984,0.23554371,0.22470218,0.09015764,0.18543847,0.010204535,-0.40453273,-0.09126137,-0.13073035,-0.17935765,0.19180839,0.12952934,0.043753047,0.12715642,0.10424206,-0.051029272,-0.1166353,-0.20391348,0.07304251,-0.10938949,0.014765848,-0.19008146,-0.03932792,0.33724347,0.05522007,0.08440221,-0.1263199,-0.01814412,0.17331897,0.14688185,-0.015265677,0.09220216,-0.18606256,0.041314676,0.104135305,0.22232032,0.41905972,0.4725242,-0.10307804,0.23451123,-0.22023265,-0.04771688,0.21649626,-0.14008705,-0.16192795,0.13837261,0.30623546,-0.43147954,0.114955276,-0.1756778,-0.14801969,-0.13894184,0.22472422,0.06520618,0.027456349,-0.05096146,-0.057657305,-0.07574718,0.16824105,-0.15034176,-0.23790392,-0.16257839,0.02812118,-0.13533989,-0.195491,-0.03228304,-0.36005545,-0.09968205,-0.30303985,0.025897043,-0.02037209,-0.10715553,-0.06010251,0.04796286,0.32574657,-0.1648818,-0.48873442,0.11313193,-0.016829135,-0.34096262,0.06960417,0.19995148,-0.21281832,0.2181865,0.046255775,0.18156868,0.141958,0.03877285,-0.1531004,sport
-0.35196438,0.23149374,-0.21122393,0.07735448,0.19283646,-0.20850034,-0.08227392,-0.005411637,-0.13221754,-0.001267176,-0.25767452,0.23884197,0.23325795,0.24616699,0.021107797,0.15917487,0.0127758365,-0.45862862,-0.12155151,-0.08640718,-0.14606373,0.18471849,0.039691262,0.08272596,0.048791554,-0.056545634,-0.032729704,-0.035221152,-0.24041006,0.28955847,-0.20752707,-0.04648733,-0.2365878,-0.054556705,0.31790283,-0.14906964,0.14030655,-0.08363858,0.098524675,0.16335411,0.18456009,-0.046049934,0.26560208,-0.2139716,0.18941031,0.10931982,0.2917849,0.26634556,0.46526816,-0.182565,0.23057121,-0.3656421,-0.038803875,0.12288308,-0.120206915,-0.077587746,0.1630686,0.28116146,-0.292686,0.26694918,-0.008486983,-0.21374597,-0.12030131,0.2793585,0.11321219,0.15039366,-0.06515579,-0.10221907,-0.0050653266,0.1308903,-0.031046184,-0.26217586,-0.022657381,-0.10266515,-0.18643397,-0.24023046,-0.0834391,-0.35896188,-0.13323863,-0.12639251,0.037971564,0.020458449,-0.09076608,-0.061348595,0.17145719,0.33724847,-0.23897167,-0.4235359,0.18350215,-0.09425513,-0.3531502,0.13255772,0.07878913,-0.19058922,0.2553384,0.022569103,0.15296145,0.17040016,-0.045638774,-0.17733195,sport
-0.32982233,0.34431204,-0.3165948,0.24412918,-0.0085068755,-0.00772025,-0.15676542,0.06260643,-0.36980703,0.18315919,-0.2776324,0.21189095,0.0027080418,0.1723817,0.34137198,0.0750373,-0.08146519,-0.46982756,-0.12560984,0.0947152,-0.055597316,-0.03552303,0.31724274,0.15238492,0.201429,0.08374346,-0.066936955,-0.23186551,-0.4790174,-0.10556986,-0.14334212,-0.13599737,-0.4130529,-0.17938974,0.16249216,0.17076564,0.108867705,0.07872401,0.2263142,0.24375416,0.10653416,-0.027798828,0.16298397,-0.031764057,0.03128179,0.00989172,0.16518341,0.3401776,0.51236147,-0.27529866,0.038622938,-0.45357454,-0.15042365,0.246057,-0.03151832,-0.32830557,0.15470427,0.4707585,-0.43299654,0.22360161,-0.15623723,-0.28134662,0.1077885,0.082722835,0.18420824,0.17809334,0.044117935,-0.14859557,-0.15273145,0.33237273,-0.1444586,-0.17347595,-0.24680167,-0.0047259554,-0.1121856,0.10865895,0.040479477,-0.13882278,0.16339457,-0.37642995,0.11041414,0.06276132,-0.01160793,0.065860815,0.083708785,0.22089274,-0.13450691,-0.50018823,-0.014331897,-0.07843261,-0.319772,0.44003007,0.124109216,-0.22787075,0.32792825,-0.039995458,-0.034831088,0.4937239,0.2569401,-0.058304757,sport
-0.0561166,0.047737133,-0.34232038,0.1920452,-0.06419659,-0.2921304,-0.14197487,0.17144695,-0.29566774,0.05961554,-0.3607092,0.22074461,0.11366586,0.15413214,0.18791218,0.27613348,-0.074803166,-0.44055185,-0.18654506,-0.0149083035,-0.18912546,0.16165568,0.07538969,0.1461477,0.27008626,-0.01772187,-0.18735638,-0.24467723,-0.23681661,0.045429714,-0.2231825,-0.09180202,-0.26074344,-0.14734846,0.185937,-0.07193037,0.14910673,-0.014287172,0.093895175,0.21743569,0.20262891,0.07965269,0.015783861,-0.035976652,0.1540533,0.0131664155,0.29603326,0.31728536,0.65676624,-0.29293585,0.20649892,-0.3869531,-0.22931057,0.09070843,0.03443574,-0.33802193,0.15815884,0.26446432,-0.42049435,0.17564625,0.005782188,-0.28921878,-0.044196967,0.22723956,0.1499405,0.07951731,-0.07403125,-0.08600388,-0.0067086103,0.056651287,-0.014567101,-0.1426932,-0.14689566,0.09045262,-0.12538694,-0.019110875,0.18889351,-0.16275063,0.23223326,-0.31547472,0.088887334,-0.21753716,-0.028331434,-0.10256864,0.1893893,0.2479713,-0.2149888,-0.5845259,0.14825468,-0.05210287,-0.4394258,0.16195557,0.24452175,-0.13292839,0.29381526,-0.22080302,0.20130743,0.27223554,0.24512441,-0.13060075,sport
-0.10323949,0.1656068,-0.26022878,0.2540517,-0.037871692,-0.3071619,-0.0065090368,0.1349736,-0.13774076,0.111851394,-0.46904093,0.29976374,0.2709249,0.25163203,0.23873284,0.19689098,-0.18426192,-0.43070233,-0.1555434,-0.13477927,-0.13483007,0.17694816,0.14013985,0.22239399,0.041461326,0.0047172294,-0.18199292,-0.26586258,-0.36478326,-0.05557392,-0.13880429,-0.14546669,-0.2265013,-0.07464381,0.111263014,-0.10813761,0.24830616,-0.14383279,0.10577537,0.17149611,0.2726717,-0.077343,0.12116395,0.014240183,0.18244772,-0.030806538,0.25489476,0.3927214,0.5819467,-0.15247545,0.23687348,-0.38000232,-0.12615566,0.19748217,0.12578177,-0.2918213,0.32257435,0.22799763,-0.4921288,0.15421501,-0.1493845,-0.23102067,-0.09967053,0.11779399,0.36276013,0.11185145,-0.023969416,0.022885421,-0.05774063,-0.071121976,0.05993534,-0.33136064,-0.11950775,0.11838888,-0.2015538,-0.10668173,0.1484622,-0.2483546,0.061172247,-0.3415158,0.012987593,-0.044920944,0.014042002,-0.014452271,0.11790196,0.33760038,-0.0081087295,-0.4127691,0.28217834,0.1776516,-0.2179986,0.13679989,0.17584579,-0.27468878,0.20917347,-0.15721267,0.26546708,0.05259981,0.033952378,-0.27119765,sport
-0.072568074,0.24699497,-0.19457057,0.26963192,0.053432737,-0.2944764,-0.05142931,0.033196,-0.13592681,0.11563272,-0.4068356,0.24471766,0.3496779,0.35116208,0.15975863,0.020126512,-0.17171548,-0.35429162,-0.056633785,-0.11778984,-0.14962168,0.14416847,0.24728242,0.27799436,-0.04812408,-0.021859527,-0.12093177,-0.099924274,-0.22495487,0.015947599,-0.109944746,-0.1579543,-0.19070521,0.011466462,0.258228,-0.18081254,0.15961932,-0.22697067,0.021091344,0.055341557,0.06701278,-0.08062825,0.18225953,-0.04259941,0.20541228,0.05262484,0.22691527,0.25266123,0.36624545,-0.17830816,0.09017853,-0.44888064,-0.080090724,0.12919343,-0.029457504,-0.21618252,0.12113527,0.15210986,-0.46760452,0.19080657,-0.1100357,-0.23674056,-0.1592856,0.18799268,0.37870187,0.011053884,-0.102271356,-0.06975339,0.11824385,-0.051077615,0.004634816,-0.23065,-0.025899738,0.16425107,-0.20237094,-0.136661,0.0816629,-0.31022894,-0.05641649,-0.1745913,-0.008894091,-0.07939329,-0.057056688,-0.07618818,0.004747768,0.3798954,0.009385483,-0.4360076,0.20820661,0.2712974,-0.19562748,0.21647063,0.17887028,-0.33259335,0.11367607,-0.14522953,0.20390873,0.18956575,-0.009580814,-0.31262118,sport
-0.18866205,0.1727693,-0.2895911,0.2954647,0.047650237,-0.16308491,-0.08323741,0.21394475,-0.23698603,0.18039761,-0.43292326,0.27271485,0.14097816,0.26521552,0.1826381,0.15296608,-0.221332,-0.37790903,-0.15349628,0.057078518,-0.18337323,0.10139904,0.10666738,0.18137047,0.18413697,-0.026085993,-0.08897234,-0.261898,-0.3929085,-0.11485937,-0.05631561,-0.15223339,-0.30657318,-0.08338865,0.1651423,0.0697775,0.11755162,-0.10060811,0.10340149,0.11432298,0.08685601,-0.050014786,0.07216108,0.021504737,0.0061494703,0.007908473,0.2273478,0.38400036,0.52745384,-0.18952613,0.16097288,-0.4487916,-0.20829271,0.124330714,0.16693318,-0.30341923,0.20949577,0.27178127,-0.4797071,0.1689111,0.0010447114,-0.19946149,-0.15005831,0.04155761,0.35907656,0.12268327,-0.009223236,0.029825741,-0.08316426,0.08704845,0.09116418,-0.29696015,-0.29490793,0.080486,-0.13690785,-0.013342231,0.07408092,-0.24694525,0.062214714,-0.32260963,0.11579973,-0.07711882,0.06714128,-0.16353326,0.08430418,0.35212398,-0.07963979,-0.40116248,0.20350552,0.096505605,-0.30553982,0.12789328,0.16863818,-0.20246638,0.25532192,-0.1339681,0.3606184,0.14449528,0.051263373,-0.27423266,sport
-0.25829282,0.2660116,-0.312885,0.23884122,-0.056373138,-0.11111466,-0.12724704,0.06636164,-0.3086554,0.2144604,-0.30318293,0.19944349,0.034917347,0.21229689,0.3733613,0.13269079,-0.06251544,-0.52688944,-0.114350855,0.027708873,-0.13020106,0.00913389,0.30621037,0.17256084,0.22366396,0.09730181,-0.068587705,-0.26540014,-0.39155483,-0.09113485,-0.16859077,-0.104019366,-0.29561484,-0.11286687,0.19394505,0.20747009,0.12032563,-0.03395288,0.11653701,0.15381527,0.094045065,-0.08281999,0.14348504,-0.00021072057,0.008898682,0.039812583,0.0790945,0.38850638,0.49805737,-0.28384298,0.047647234,-0.41424772,-0.13133292,0.21365725,0.011043465,-0.32789424,0.20061891,0.34370795,-0.41482505,0.19660562,-0.0980218,-0.27035463,0.029304422,0.06954984,0.20843706,0.23930857,0.036391817,-0.18319382,-0.13314883,0.23669423,-0.14718664,-0.21522862,-0.25079226,-0.014402779,-0.124658935,0.0088617755,0.111362934,-0.25110403,0.1974951,-0.38877365,0.11233622,0.011652493,-0.021009928,0.024860684,0.028467111,0.20903961,-0.1789757,-0.5782011,0.096781716,-0.017356189,-0.32809135,0.28759345,0.12572753,-0.18409596,0.31976464,-0.11012065,0.06726753,0.29195645,0.22161806,-0.028706588,sport
-0.22523005,0.21158245,-0.13331002,0.03755637,0.18935017,-0.17838696,-0.130994,0.032673344,-0.10480599,-0.1249917,-0.3133369,0.20130546,0.33577427,0.1624714,0.16558519,0.20345691,-0.05869801,-0.47460657,-0.07498858,-0.014493833,-0.18174067,0.26321033,-0.026792837,0.17677814,0.15659937,0.105199434,-0.13647267,-0.093450025,-0.24389388,0.23702171,-0.09492003,0.07569362,-0.19336532,0.0435345,0.23406504,0.015696695,0.18910113,-0.1374373,0.11349845,0.3456649,0.15244089,-0.045705654,0.26782474,-0.11703452,0.21399017,0.10278016,0.16781123,0.3848205,0.4832248,-0.13297017,0.109155335,-0.420184,-0.06616411,0.16777174,-0.020926742,-0.23204893,0.14750235,0.24235699,-0.33682358,0.18586959,0.048859023,-0.19982584,-0.10102418,0.24379736,0.0657625,0.07115783,-0.0146068055,-0.14483586,0.010584506,0.037613586,-0.054575663,-0.21314958,-0.09159822,-0.18873316,-0.17225604,-0.19069277,-0.09927334,-0.3215552,-0.11000184,-0.16893701,0.00755289,0.015140518,-0.1237601,-0.11945372,0.077581756,0.23907447,-0.23989977,-0.5031691,0.19227304,-0.24039635,-0.3796125,0.14667417,0.18543097,-0.16649725,0.2430223,0.020589953,0.15329729,0.15459478,-0.14777113,-0.11854306,sport
-0.0783087,0.20961341,-0.17824864,0.23116086,0.083659835,-0.18095483,0.019313155,-0.05689466,0.041730534,0.0026586624,-0.42957184,0.20799652,0.27673224,0.2148754,0.116916716,0.08174626,-0.15826198,-0.41829053,-0.05191077,-0.10735692,-0.08629046,0.11306596,0.14869097,0.17770511,-0.088550895,0.09013258,-0.14513882,0.016533054,-0.24385808,0.18822859,-0.06358282,0.052686073,-0.19610015,-0.016947899,0.27586877,-0.23086007,0.2848913,-0.28564253,0.13516068,0.24464624,0.112623215,-0.1021144,0.034502015,-0.062229738,0.23880666,0.23726615,0.15333264,0.317412,0.31697404,-0.12826376,-0.01252067,-0.43489587,0.009853303,0.18872464,-0.089623004,-0.19264568,-0.0036262774,0.023486208,-0.39117277,0.16726767,-0.112516135,-0.278685,-0.17054851,0.31024766,0.14555164,0.15457225,-0.003943725,-0.017451093,-0.03320499,-0.058511287,-0.11669314,-0.118048586,-0.08105441,0.06573657,-0.20841953,-0.10076332,-0.043920353,-0.30784634,-0.21654773,-0.16806218,0.07412827,0.12093717,-0.25809073,-0.14501587,-0.052409593,0.22640803,-0.112206824,-0.44769818,-0.054677315,0.10617242,-0.18788359,0.1765463,0.09718091,-0.37418413,0.22233084,-0.09598337,0.12220085,0.22398032,-0.33774874,-0.24934588,sport
-0.067870736,0.019199533,-0.32249567,0.18933958,-0.012967543,-0.10501139,-0.09397304,0.25503686,-0.21401283,0.4155328,-0.35649988,0.1758021,0.06831841,0.27340186,0.33020458,0.11884088,-0.2944819,-0.43051744,-0.116184436,0.18939646,-0.17039451,0.10998758,0.08788316,0.29710716,0.28579935,-0.13044146,-0.1020617,-0.38355687,-0.3657604,-0.22572955,-0.13865842,-0.25010782,-0.45369938,-0.024824074,-0.048430737,0.10146859,0.18172286,-0.06982623,0.17660218,0.06272693,0.13840747,-0.03177077,0.04697279,0.1772041,-0.05626829,0.06717181,0.20437357,0.33672693,0.55015856,-0.3209645,-0.021852644,-0.6246772,-0.23896815,0.26922035,0.1694194,-0.5095211,0.019916,0.14356811,-0.33030328,0.10480307,0.055978894,-0.21556316,-0.106257446,-0.0057133487,0.35533586,0.18992023,-0.048037387,-0.14599268,-0.12437334,0.012012177,0.22840083,-0.23334444,-0.2746161,0.11736619,-0.18271598,0.2617186,0.029494725,-0.10937471,0.20774472,-0.3739738,0.3337888,-0.25675467,0.0920337,-0.24278821,0.1022437,0.38052118,-0.12473257,-0.35744977,0.0492051,-0.093733355,-0.2680872,0.25069782,0.17200296,-0.11208431,0.15838252,-0.19084735,0.21221101,0.27118704,0.09372411,-0.14137498,sport
-0.16602866,0.24846166,-0.26075125,0.15727785,0.078528024,-0.123844616,-0.019478088,0.3010386,-0.29942837,0.12508588,-0.37583455,0.23991743,0.16289788,0.28240538,0.20522594,0.20900261,-0.21774863,-0.39332685,-0.20991252,0.029750375,-0.14950143,0.0013466022,0.20637433,0.13967638,0.2169254,0.027502745,-0.114270605,-0.26810658,-0.31964463,-0.017876215,-0.025932662,-0.11586284,-0.3179821,-0.04703526,0.14053984,0.07786122,0.081316575,0.036723297,0.07625336,0.17553222,0.07951839,0.034086727,0.11672393,0.0408052,0.07800662,0.075356275,0.24339296,0.33625525,0.6350336,-0.16266775,0.0334256,-0.45227432,-0.1666085,0.14272384,0.14929223,-0.3494918,0.059493992,0.30799964,-0.37572682,0.18346785,0.08244512,-0.20061302,-0.102693275,0.07095675,0.17751488,0.10601047,0.025487963,-0.09597439,-0.012696045,0.1300116,-0.053964473,-0.22061533,-0.2496151,-0.07758311,-0.18242061,0.09797072,0.12621672,-0.13276792,0.15578887,-0.42792323,0.112249285,-0.050431393,0.053775348,-0.1741084,0.114137,0.35461232,-0.17405128,-0.43155584,0.117029,0.0095015,-0.3276128,0.13262734,0.15528776,-0.2771856,0.25443536,-0.043928325,0.27928206,0.20850585,0.12950276,-0.19625996,sport
-0.1653423,0.120455846,-0.29904014,0.28867093,0.14370859,-0.20570295,-0.039172504,0.022754094,-0.10031164,-0.07441689,-0.23777355,0.1306111,0.3625913,0.2778358,0.13531452,0.2065501,-0.19354528,-0.28981963,-0.25898573,-0.15182023,-0.15849963,0.1646941,0.12606454,0.08727497,0.13606721,-0.044138387,-0.13400257,-0.0987842,-0.25809467,0.049932916,-0.09382543,-0.17732961,-0.105140775,-0.08454155,0.26371366,-0.1951314,0.15349738,-0.19333895,0.04427318,0.12637895,0.17490259,0.08685192,0.018681707,-0.18049063,0.17259121,0.18625909,0.32127014,0.2920509,0.55909926,-0.134237,0.20045923,-0.33780256,-0.12143152,0.23215154,-0.015610074,-0.08895587,0.24620199,0.37138954,-0.40692344,0.2589277,-0.21708415,-0.26585385,-0.33311898,0.34507224,0.17202348,0.0110888155,0.034198653,0.013826802,-0.08884579,0.02533476,-0.024282666,-0.28493854,-0.18103054,0.18412411,-0.10183192,-0.29116327,0.087150425,-0.25112846,-0.08810124,-0.19180016,-0.028237458,-0.07656532,-0.09675844,-0.049231995,0.06228129,0.3723187,-0.08277927,-0.4226301,0.15946716,0.07796197,-0.19327272,0.1457618,0.2886834,-0.3596127,0.18880533,-0.057273086,0.20685059,0.04843367,0.027116448,-0.27244055,sport
-0.08036749,0.124224216,-0.25935638,0.13657895,-0.14254203,-0.2742564,-0.13387294,0.12358729,-0.25673497,0.23223843,-0.4747421,0.25496292,0.108371764,0.11492275,0.3926155,0.2256685,-0.27361196,-0.3508839,-0.16691865,-0.019931262,-0.17879139,0.32563132,0.10731901,0.3626088,0.36367616,0.0029296163,-0.13490756,-0.4565281,-0.47144833,-0.1909627,-0.19584934,-0.2881651,-0.2753054,-0.017278759,-0.074471496,-0.005444184,0.23278272,-0.0891664,0.20488966,0.16096729,0.3120966,-0.010257367,0.2088334,0.14906538,0.083516255,-0.0037118355,0.20719424,0.4018473,0.67771894,-0.31788236,0.17389438,-0.7145121,-0.3031221,0.40931037,0.21123162,-0.5044769,0.20265433,0.035349213,-0.4002338,0.059948917,-0.050933104,-0.030609151,-0.047804497,-0.062588505,0.41836587,0.26335308,-0.0050478675,-0.058270708,-0.16575167,-0.0026818318,0.22691181,-0.3077356,-0.18887484,0.2120584,-0.14759798,0.12071319,-0.06052579,-0.31597716,0.13985549,-0.42072457,0.07530296,-0.15561426,0.058587044,-0.10844685,0.043776013,0.37546453,-0.15431067,-0.39455217,0.23983063,-0.03578605,-0.40128967,0.25348353,0.21241947,-0.25557587,0.16431785,-0.22259913,0.24727483,0.13928708,0.061646186,0.01191385,sport
-0.13662449,0.14692782,-0.32151222,0.32374933,0.13710406,-0.31061384,0.007531249,0.07541416,-0.13000768,0.10300444,-0.41693768,0.23094395,0.32467455,0.40910003,0.17998244,0.13402031,-0.17576574,-0.2821439,-0.14138088,-0.13962239,-0.059094362,0.122284554,0.20413706,0.2308587,0.030529112,-0.060823105,-0.113095105,-0.229142,-0.30437893,-0.041615874,-0.11231733,-0.15489106,-0.16296071,-0.023434814,0.21946357,-0.09746348,0.14688233,-0.15437257,0.024925271,0.048025742,0.17710271,-0.07606198,0.16232543,-0.027798282,0.13873424,0.022546608,0.27289382,0.3405017,0.47228187,-0.1265574,0.19044757,-0.4176684,-0.12585351,0.2512721,0.032963797,-0.23896477,0.23861922,0.21367851,-0.4520891,0.14488657,-0.19018137,-0.21535401,-0.1955131,0.21414642,0.4643758,0.0038496053,-0.0075760838,-0.014492239,-0.0469964,-0.04150916,-0.030010212,-0.3424369,-0.25131592,0.17064941,-0.20532252,-0.16300957,0.17733082,-0.35208115,-0.014353699,-0.28424618,0.028464356,-0.07322565,-0.02277902,-0.052161142,0.10358229,0.3930453,0.021427346,-0.37719297,0.20689821,0.32428494,-0.19831946,0.17408681,0.19854003,-0.2949321,0.15104903,-0.11643226,0.267692,0.08714367,0.07224676,-0.2809563,sport
-0.14334328,0.13761015,-0.2872268,0.11453084,0.052073985,-0.25678214,-0.014599827,0.23178072,-0.27084523,0.16717936,-0.38694435,0.13642082,0.13461687,0.321022,0.28582352,0.26932952,-0.24354605,-0.38107377,-0.14755937,-0.0044623483,-0.18117143,0.037801176,0.15825571,0.15389636,0.17187744,-0.0020342844,-0.11808137,-0.25115958,-0.29658782,0.004939882,-0.0999511,-0.17266105,-0.24068022,0.00088818464,0.11440698,0.024994956,0.12360653,0.04252583,0.07688621,0.117813505,0.14243676,0.009431255,0.09704093,0.040096506,0.1047742,0.06693329,0.25125247,0.28970525,0.58851236,-0.2391297,0.0742726,-0.4739515,-0.22944477,0.10799462,0.16094856,-0.3770697,0.059360564,0.18767859,-0.3617836,0.20981848,0.11049204,-0.20370835,-0.1431349,0.05223265,0.1730166,0.08566752,-0.013167095,-0.12854548,-0.055373084,0.045767516,0.009387154,-0.24548113,-0.2731435,-0.05622001,-0.20415944,0.09267126,0.14860554,-0.16819076,0.12174102,-0.42557386,0.08632857,-0.101559274,0.07435909,-0.17835407,0.0979026,0.36574647,-0.08447101,-0.43667996,0.10297514,0.036202505,-0.27728802,0.111931436,0.16674063,-0.22826244,0.18648405,-0.12703513,0.2577929,0.20491754,0.10190141,-0.21923998,sport
-0.28375882,0.32665715,-0.3276308,0.30513716,0.029067993,-0.04972484,-0.18797949,0.04062428,-0.34024835,0.15712811,-0.33119038,0.21285938,0.08617124,0.21347433,0.3360428,0.09174497,-0.09280849,-0.4917155,-0.093611464,-0.011209136,-0.08071272,-0.032666754,0.31866097,0.20024441,0.13198334,0.13194083,-0.09366578,-0.20956637,-0.40382072,-0.08653026,-0.20093358,-0.1334044,-0.31514356,-0.14403592,0.17441753,0.15106253,0.06193085,0.026199419,0.12396411,0.19167018,0.12819391,-0.07977742,0.18999447,-0.06659797,-0.07439738,0.09012355,0.085793875,0.335923,0.5291231,-0.2600811,0.052371286,-0.4134746,-0.13053492,0.20697597,0.00076265144,-0.32735485,0.14620213,0.3846274,-0.42421582,0.24947478,-0.12979265,-0.3005625,0.081654064,0.03490866,0.214255,0.19064759,0.060979124,-0.1457305,-0.09573517,0.24310249,-0.17855778,-0.18382712,-0.25669378,0.00602618,-0.09718785,0.042812757,0.14304022,-0.18947336,0.15811196,-0.3600598,0.12425104,0.026759066,-0.01388036,0.035218574,0.08311014,0.19203046,-0.14275573,-0.5655099,0.03460435,0.013189422,-0.32576793,0.36204365,0.12393312,-0.22860818,0.33389717,-0.08102605,0.023254767,0.38217646,0.24979399,-0.056932062,sport
-0.3647727,0.20219852,-0.2005576,0.12726946,0.1196885,-0.085104965,-0.10868023,0.040929284,-0.13313954,-0.0056451918,-0.20029043,0.2511896,0.18832824,0.1374539,0.15642367,0.17333873,0.052226845,-0.4650826,-0.05989858,-0.07440036,-0.20323768,0.17347696,0.061890036,0.050789006,0.11816152,0.109173454,-0.115579,-0.09262415,-0.21874958,0.093758285,-0.051420417,-0.0061961035,-0.22754082,0.008516703,0.3403834,0.07554976,0.17302288,-0.09292936,0.006778606,0.16621943,0.10253124,-0.08703532,0.14635059,-0.18759756,0.092771925,0.17555805,0.19188638,0.38897178,0.5609379,-0.096407406,0.20058332,-0.31799355,0.032773174,0.20740443,-0.053218395,-0.21746832,0.12491963,0.27457455,-0.31369245,0.17210594,-0.10221125,-0.21144521,-0.05271352,0.30626416,0.1715981,0.18701443,-0.1014287,-0.07737859,-0.06900369,0.15123974,-0.11457483,-0.21766578,-0.15360804,0.023462825,-0.16326506,-0.15413997,-0.029364126,-0.31362593,-0.0654594,-0.22244297,0.05733873,0.05972733,-0.20053479,-0.018581338,0.00803958,0.23716974,-0.2514874,-0.49453354,0.08481223,-0.14303297,-0.33663175,0.10480815,0.06700832,-0.14610113,0.28445703,0.018595561,0.09476923,0.094522014,-0.046438854,-0.13083756,sport
-0.2203424,0.22777045,-0.2942425,0.11866497,0.074904785,-0.14852238,-0.10586872,0.04676159,-0.145589,-0.040058814,-0.35958564,0.14501822,0.21122284,0.29271647,0.03286565,0.032559562,0.01630873,-0.29155296,0.017553618,-0.096327655,-0.2518023,0.16355911,0.21086457,0.035180055,-0.009226884,0.08470273,-0.09561509,-0.21859966,-0.21266694,0.14607228,-0.09885462,-0.042017408,-0.20182253,-0.009270121,0.35267234,-0.03002742,0.06813471,-0.19702455,0.10490079,0.14236836,0.17519864,0.0068423073,0.1951694,-0.19216824,0.1965363,0.06065182,0.20450017,0.28566748,0.35356212,-0.08909275,0.100314334,-0.25281635,-0.098624624,0.26735944,-0.07493957,-0.12309062,0.14629099,0.21456099,-0.4400063,0.19009472,-0.1398493,-0.18606587,-0.1417688,0.41255733,0.270294,0.079685666,-0.103087366,-0.041060716,0.016900606,0.06571887,-0.16014247,-0.262962,-0.08354325,0.14245419,-0.20447703,-0.19303234,0.006855715,-0.37305546,-0.16656305,-0.14929432,0.15871808,-0.0044681393,-0.07537166,-0.04616619,0.027064888,0.4080157,-0.059970416,-0.47736764,0.10755856,0.046725724,-0.28299257,0.09242861,0.11443333,-0.3576406,0.13233683,0.10055412,0.15183073,0.13665463,-0.037939407,-0.20069681,sport
-0.19901933,0.36534962,-0.26314172,0.19563806,-0.062421177,-0.21255046,-0.11003732,0.1887709,-0.1675805,-0.17451327,-0.45169893,0.19077681,0.19734696,0.4387272,0.05865246,0.2292858,-0.05589712,-0.42804006,-0.11957891,-0.25396708,-0.19998227,0.080601506,0.18473254,0.04231701,0.05981581,0.0669923,-0.18380949,-0.2986721,-0.24763441,-0.056688037,-0.09729003,0.014564509,-0.22231774,-0.0506576,0.34710371,0.15321757,0.15088698,-0.15344673,0.12633349,0.15001301,0.14719538,0.019731648,0.07830671,-0.22640248,0.09483171,-0.048541516,0.11291984,0.4814669,0.47925738,-0.06916845,0.20725182,-0.20142859,-0.062425766,0.24176736,-0.031819735,-0.2877544,0.19428019,0.22782405,-0.44847623,0.14649463,-0.18899153,-0.25838277,-0.13188808,0.11834319,0.20057707,0.060250096,-0.054016918,0.0016374779,-0.04486507,0.15915756,-0.21231827,-0.38835844,-0.16327536,0.09111345,-0.10669301,-0.24274002,0.05321125,-0.3528104,-0.026014347,-0.2935583,-0.005589619,0.09946094,-0.11517228,-0.0038702376,0.017731616,0.30490682,-0.09049409,-0.5237065,0.078488365,0.17811257,-0.17274505,0.03311744,0.20976326,-0.25947377,0.1473622,-0.07702414,0.17853504,0.119286016,0.06486163,-0.2734966,sport
-0.29936567,0.3834635,-0.2776334,0.13078356,-0.012480462,-0.19947667,-0.2179386,0.0012467498,-0.261884,-0.247745,-0.34305575,0.1558719,0.24887814,0.36577883,0.11483375,0.17331406,-0.0634405,-0.35576352,-0.11181803,-0.3041943,-0.27003688,0.15143993,0.21179488,0.004295098,0.09986685,0.12661155,-0.22795378,-0.27096954,-0.16949148,0.06332568,-0.104239285,-0.014324641,-0.22469908,-0.15240951,0.32383138,0.06578408,0.1749984,-0.040821843,0.10480108,0.16222137,0.15414026,0.107042916,0.02198162,-0.18413076,0.12721208,0.050287306,0.17608835,0.45872465,0.5219819,-0.046702623,0.17645957,-0.12466896,-0.09681059,0.32566893,-0.09105842,-0.23734993,0.13730177,0.21313414,-0.50877714,0.09296484,-0.1937119,-0.29406932,-0.18498994,0.13728902,0.1570283,0.07824469,-0.017055329,-0.04007338,-0.07268023,0.19754979,-0.29273343,-0.3043616,-0.11570182,0.08178213,-0.18461958,-0.26067886,0.03580578,-0.42511207,-0.04771268,-0.3178022,0.065755315,0.04679003,-0.014238504,0.029023474,-0.052502856,0.35370305,-0.07362356,-0.45196104,0.05225124,0.13205475,-0.2410314,0.03146154,0.2542196,-0.33611068,0.200561,0.048448738,0.103393905,0.16868503,0.05057597,-0.22260605,sport
-0.07519404,0.32556593,-0.279251,0.15293236,0.026777424,-0.18769225,-0.054167688,0.09829338,-0.31608152,0.041180823,-0.32419148,0.1385141,0.16277887,0.31713682,0.16945384,0.0530969,-0.0620262,-0.43555766,-0.050604768,-0.08029429,-0.17851844,0.092937894,0.32149455,0.041934863,0.12657908,0.015962971,-0.13405266,-0.24932955,-0.2703871,-0.075871244,-0.21090408,0.05848921,-0.23950385,-0.15509777,0.28932488,0.0914596,0.025571516,-0.10871992,0.14756581,0.2314014,0.09315255,-0.1823472,0.020844841,-0.007960654,-0.060179546,0.02890404,0.12205818,0.41106546,0.47496992,-0.20729986,0.15367115,-0.3568835,-0.08991157,0.2515679,-0.05488242,-0.2909844,0.13161853,0.3644297,-0.43616858,0.0891269,-0.09805581,-0.24341166,-0.08890905,0.014358321,0.22325368,0.16124839,-0.018668417,-0.10328869,-0.10468003,0.19868213,-0.21938272,-0.20157644,-0.24187633,0.009982566,-0.18994437,-0.18098469,0.15865852,-0.42609417,-0.0064112614,-0.2628427,0.0879512,-0.03248419,0.022092437,-0.044064727,0.04191828,0.23775181,-0.14229926,-0.496909,0.19435774,0.19907816,-0.32278264,0.16441087,0.22470996,-0.21489298,0.2443617,-0.14523381,0.15087374,0.2749857,0.114908375,-0.1703466,sport
-0.16441156,0.15328155,-0.29121664,0.1035815,0.018968223,-0.19096752,-0.028934008,0.23350002,-0.28593427,0.15034662,-0.35586512,0.22467175,0.14079903,0.36090973,0.29846987,0.24085002,-0.22597468,-0.31885138,-0.13672589,-0.016676687,-0.20521444,0.08430583,0.17979763,0.18202719,0.18696237,-0.023708556,-0.1306595,-0.25221077,-0.33158454,-0.02603911,-0.05364551,-0.1587285,-0.26090807,-0.044050794,0.10405468,0.052339587,0.12784097,0.042659692,0.11750149,0.116383746,0.17001161,0.05042838,0.09479002,0.05447373,0.104406565,-0.00081390445,0.28250104,0.33399153,0.5612148,-0.27154228,0.111770734,-0.46095845,-0.22249185,0.1560339,0.19467613,-0.33686683,0.032370385,0.1991241,-0.42596084,0.21267065,0.08685977,-0.15595873,-0.11859303,-0.017741583,0.17232575,0.13149355,0.008843891,-0.13252449,-0.07957466,0.111554466,-0.0033640547,-0.21960105,-0.23465484,-0.007827608,-0.19264351,0.08406158,0.12504582,-0.16850254,0.2041359,-0.43148184,0.15167013,-0.07237153,0.09485645,-0.15562324,0.10720863,0.3376105,-0.109065205,-0.46097073,0.11076914,0.04670409,-0.3882412,0.1449888,0.14091173,-0.26671565,0.21578315,-0.11199752,0.23327677,0.2003458,0.12297773,-0.22909173,sport
-0.25971264,0.37883347,-0.32063878,0.33835572,-0.008149447,-0.06481365,-0.16254982,0.07939046,-0.37013072,0.16505264,-0.37888157,0.19869304,0.049251996,0.24063279,0.32650968,0.101010405,-0.12960395,-0.5004584,-0.13835046,0.048837285,-0.068579175,-0.05022491,0.34112474,0.1607514,0.15086257,0.058053553,-0.08740647,-0.2376343,-0.44887602,-0.1235662,-0.14808202,-0.13120629,-0.32450882,-0.16368335,0.19948685,0.17149916,0.06680145,0.045230567,0.17533234,0.19255961,0.120232485,-0.08690962,0.14684045,-0.063022554,-0.07060087,0.06584905,0.053387966,0.33477402,0.5368319,-0.29905114,0.019804168,-0.43156275,-0.14194988,0.16677408,0.014429315,-0.32041985,0.17372055,0.40168267,-0.4133733,0.23508534,-0.09335083,-0.2683592,0.06794052,0.003460825,0.23928057,0.21987118,0.04304233,-0.11613866,-0.08161288,0.26835224,-0.21602905,-0.22186252,-0.26263103,0.011329759,-0.108295485,-0.005096534,0.17292517,-0.2118399,0.14887874,-0.34720924,0.10043416,0.06259767,-0.007703476,0.042438667,0.0684889,0.19385108,-0.11197345,-0.5531426,0.008733763,0.046813294,-0.28040478,0.36064327,0.1330296,-0.22614606,0.34327984,-0.09525652,0.0768304,0.43243566,0.25157684,-0.09055314,sport
-0.23219977,0.4126101,-0.30042076,0.05167098,-0.0058594593,-0.26222372,-0.12828876,0.055168547,-0.22980885,-0.15260075,-0.33543137,0.11600797,0.2291895,0.37214237,0.1890988,0.087012395,-0.07325181,-0.35705695,-0.13373347,-0.26247618,-0.20441097,0.20617864,0.22885062,-0.0030270584,0.15625055,0.089551635,-0.14488597,-0.30438673,-0.2417048,-0.0040889042,-0.12618144,0.036868177,-0.20335032,-0.14271909,0.22956032,0.11065032,0.112220325,-0.10908357,0.13265549,0.26018173,0.2564389,0.026132531,0.037207723,-0.11279871,0.11370544,-0.05063073,0.18952623,0.45354563,0.5019796,-0.13957947,0.17116062,-0.1789667,-0.08967912,0.29289564,-0.14464527,-0.32778507,0.07667203,0.2387733,-0.49838758,0.080373965,-0.19320817,-0.204199,-0.107024394,0.018474508,0.19502991,0.13610552,0.03163188,-0.050733786,-0.043293957,0.28071114,-0.2936109,-0.32757458,-0.12159381,0.00028342422,-0.21191663,-0.1783455,0.052557625,-0.43312314,-0.028198281,-0.37675387,0.034135222,0.070735514,-0.006321194,0.084483124,-0.08247198,0.3610554,-0.004257041,-0.38723275,0.07713612,0.14412485,-0.24123523,0.1516185,0.3401809,-0.31219497,0.18468376,0.02274357,0.041309766,0.24657057,0.016627338,-0.21184973,sport
-0.20747961,0.2011101,-0.19646174,0.09574075,0.03817879,-0.07571777,-0.13332582,0.05229321,-0.0434156,-0.01585714,-0.25516745,0.19703482,0.22027934,0.11001053,0.02681488,0.18388492,-0.03092223,-0.5154122,-0.13573137,0.011438091,-0.12588696,0.22496687,0.12787722,0.19350632,0.124578595,0.20856975,-0.092878826,-0.20972075,-0.24282478,0.055877447,-0.06816263,0.0043457975,-0.12727956,0.0989087,0.19649467,0.12856783,0.14621995,-0.061551362,0.08124513,0.27935535,0.123208754,-0.013308212,0.15439208,-0.083801225,0.1385827,0.010478131,0.16473103,0.35617876,0.5145137,-0.12068193,0.098610036,-0.29159248,0.026162367,0.23725961,-0.09588852,-0.22132991,0.038212765,0.2856807,-0.42463914,0.116472535,-0.17847823,-0.24981831,-0.06989953,0.26936486,0.17808498,0.07568506,-0.08136189,-0.12610249,-0.036874697,0.16815566,-0.086249575,-0.16444874,-0.11631948,-0.089090206,-0.14438395,-0.035747055,-0.12563086,-0.31911433,-0.15838747,-0.3352772,-0.0032191952,0.14985518,-0.1404441,-0.052876316,0.03836006,0.2662019,-0.21492496,-0.46696132,0.18053307,-0.21172078,-0.3561229,0.15283293,0.10285933,-0.17387494,0.2743737,-0.050386187,0.1411713,0.060102165,-0.042208586,-0.072297044,sport
-0.1880509,0.25472367,-0.4464508,-0.056827404,-0.084510945,-0.14634039,-0.28793672,0.26865566,-0.12513305,-0.02189789,-0.38745663,-0.045677148,0.07807855,0.18468414,0.19576736,0.33903313,-0.0077964845,-0.48575744,0.12015591,-0.07280979,-0.048600208,0.16286401,0.028334292,0.034754727,0.3428087,-0.008710819,0.001588684,-0.4363828,-0.38365334,-0.12161567,-0.102598,0.14212157,-0.19649972,0.068129055,0.17375433,0.36440232,0.22552052,-0.2008268,0.1952972,0.086207174,0.15553533,0.08836859,0.16497546,-0.020857103,0.1446597,-0.14460035,0.13397478,0.50859296,0.325034,-0.1994565,0.21230279,-0.474726,-0.188214,0.41817033,-0.05870785,-0.40512756,0.20324992,-0.015202697,-0.20721847,0.052100074,-0.18384038,-0.1801226,-0.06040971,0.104946405,0.3108749,0.3256652,-0.16199717,-0.09785687,-0.06209036,0.09364288,-0.06413573,-0.26439098,-0.013661254,0.023765959,-0.15393062,-0.02682699,-0.09887893,-0.31635258,-0.08203514,-0.19025737,0.1779055,-0.0055990894,-0.14612381,-0.06218454,-0.11044457,0.22184795,-0.22933722,-0.4153824,0.029159104,-0.06440648,-0.3932617,0.20334321,0.2182644,-0.04710386,0.11193542,-0.066872604,0.0722897,-0.009255816,0.14051302,-0.010075603,sport
-0.23504688,0.32670724,-0.11957964,0.037874937,-0.035415646,0.08402272,-0.19356991,0.07926646,-0.5260997,0.17970487,-0.40692446,0.353889,0.13223553,0.024576174,0.20192641,-0.033145893,-0.16910611,-0.58973384,-0.0828072,0.022634277,-0.28399217,0.20887096,0.33791533,0.34320158,0.18867281,-0.19419888,-0.13898273,-0.3405389,-0.38562232,-0.35367146,-0.30501845,-0.15448773,-0.5139998,-0.18364917,0.24869515,-0.15043306,-0.023475638,-0.251898,0.30100495,0.16503042,0.3848847,-0.16291665,0.16097978,0.10727354,-0.35613048,0.13570268,0.09531284,0.59086233,0.6190515,-0.3792063,0.026019327,-0.567383,-0.17198214,0.32062572,0.11545655,-0.40278703,0.064322226,0.23433596,-0.25905338,0.23346953,0.05318792,-0.07630436,-0.16493554,-0.29121175,0.29290697,0.50976807,-0.09817398,-0.09319968,-0.068384536,0.23249453,-0.010821749,-0.36065078,-0.41519973,0.114370175,-0.23329102,-0.044779513,0.24938245,-0.40483892,0.16766684,-0.4538471,0.20093575,-0.13151626,0.16096944,-0.106028914,-0.14078808,0.33248353,-0.30746195,-0.46354705,0.014839208,0.06602733,-0.071558006,0.41458642,0.2707717,-0.16478333,0.17756228,-0.06604035,0.2947103,0.54607975,-0.0027112146,-0.056361392,sport
-0.21104579,0.1680952,-0.37814763,0.2498086,0.09396,-0.3080508,-0.024753254,0.13546546,-0.18307176,0.040363092,-0.39251676,0.2760616,0.20764309,0.25284204,0.27081108,0.19521014,-0.13612068,-0.2835986,-0.14610212,-0.10977559,-0.17945527,0.114174224,0.13844271,0.1087747,0.14482178,-0.08293663,-0.058815468,-0.24403408,-0.35019186,0.019238746,-0.06479863,-0.19882123,-0.11896029,-0.056050997,0.19612564,0.022376254,0.09447477,-0.20037003,0.07191472,0.04405983,0.14372651,0.032684866,0.022823142,-0.047943436,0.13909939,0.05973038,0.26395562,0.34324676,0.5013744,-0.11621168,0.16206081,-0.43418565,-0.1995827,0.09280608,0.16370222,-0.27540222,0.20909128,0.2698581,-0.5172886,0.18323228,-0.019419609,-0.14169726,-0.19516952,0.17199315,0.3403989,0.071958736,-9.460163e-05,0.035340093,-0.105650604,-0.043896705,-0.03086019,-0.3459731,-0.23262878,0.1345325,-0.12189942,-0.1006095,0.14368826,-0.3231924,0.07884824,-0.38340893,-0.0104869185,-0.037689194,0.04467789,-0.035132248,0.0782231,0.39322224,0.007001247,-0.40106913,0.23891231,0.20730723,-0.29577735,0.07108098,0.15410525,-0.27397224,0.06701313,-0.087510474,0.29615888,0.032957863,0.06602548,-0.32358754,sport
-0.13534698,0.2811634,-0.27107102,0.24132758,-0.06344345,-0.24043211,-0.13230771,0.061735794,-0.3647523,0.17217818,-0.35078463,0.18455471,0.12329836,0.22059156,0.28360862,0.116629705,-0.048284367,-0.52775586,-0.110208355,-0.0848241,-0.07540395,-0.0039869184,0.35492882,0.18872799,0.15540925,-0.0012511964,-0.13101116,-0.25291586,-0.32939786,-0.20825471,-0.25933087,-0.04074811,-0.26178992,-0.24508516,0.24957798,0.078667685,0.06696147,-0.03066171,0.11473862,0.2957041,0.3080577,-0.04381036,0.02358633,0.01851639,-0.06686854,0.070082836,0.008703621,0.3760431,0.54914993,-0.27562237,0.036457192,-0.4086985,-0.11653098,0.27013165,0.0145439105,-0.24913885,0.19000655,0.3387185,-0.43088397,0.17253435,-0.050661597,-0.26974773,-0.055227183,-0.09187699,0.1901406,0.18973128,0.05274958,-0.06757533,-0.064287335,0.21990408,-0.12116341,-0.23861921,-0.19785167,0.007310237,-0.1706919,-0.07735167,0.19110848,-0.3342239,0.09453312,-0.3804473,0.036815863,-0.080115624,0.09591705,-0.05548422,-0.08343566,0.262171,-0.17063002,-0.49357182,0.24049443,0.121613234,-0.35901102,0.2378523,0.12424946,-0.21110223,0.29868937,-0.09899145,0.11544199,0.3595023,0.20245148,-0.05939976,sport
-0.26371494,0.33017936,-0.24352582,0.055712335,-0.008194251,-0.19224899,-0.108252436,0.097239025,-0.19799408,-0.18085474,-0.24174248,0.13698438,0.20212738,0.32035917,0.13470529,0.20410404,-0.045233004,-0.37004924,-0.11084565,-0.2700746,-0.19709636,0.17230086,0.15599199,8.9979425e-05,0.122826986,0.1006126,-0.2221742,-0.24021995,-0.18667021,-0.027481675,-0.11351318,-0.005067695,-0.28250217,-0.13232833,0.2918917,0.03017134,0.06607671,0.016147295,0.14841516,0.23391166,0.22675534,0.107988656,-0.02922292,-0.14083023,0.1171593,-0.034334667,0.23589465,0.41343343,0.5415131,-0.18491244,0.16284712,-0.23472126,-0.024772283,0.2988132,-0.13870756,-0.24207573,0.077006094,0.26263374,-0.4075435,0.12863113,-0.0992928,-0.25433338,-0.05981305,0.031125652,0.10031863,0.1373462,-0.037067026,0.00709542,-0.07830151,0.22000764,-0.162313,-0.21993655,-0.13016133,0.050335247,-0.23503952,-0.16776912,-0.05834523,-0.28562897,-0.0015965907,-0.23459102,0.006857776,0.08607233,-0.044337485,-0.0445557,-0.010795637,0.30345234,-0.115476765,-0.40857393,0.16602452,-0.017460244,-0.29525718,0.15637374,0.23134464,-0.2866304,0.25701514,0.017901273,0.0037473137,0.20581117,0.084146895,-0.16725193,sport
-0.26017952,0.21043141,-0.35915947,0.11964363,0.12157251,-0.19631672,-0.037563555,0.10698745,-0.2019952,0.050485663,-0.38070706,0.20566168,0.13318352,0.28954306,0.13697785,0.15894827,-0.15900853,-0.34316894,0.032935683,-0.054926585,-0.0828034,0.053447023,0.08110805,0.07063142,0.11417599,-0.06690987,0.0004946254,-0.25437513,-0.34956864,0.123113915,-0.09410388,-0.06124241,-0.14542928,0.049509484,0.31796333,0.058491312,0.09722854,-0.18268342,0.027435591,0.0679783,0.09018746,0.061884116,0.17013368,-0.08868937,0.11788366,0.14203054,0.15221293,0.36348474,0.33609945,-0.12685557,0.07921059,-0.3466664,-0.05538662,0.14773189,0.017752497,-0.168826,0.02260468,0.21746527,-0.42954797,0.13577573,-0.009468587,-0.15628895,-0.20566596,0.28096855,0.24867453,0.035370786,-0.025877574,0.026316175,-0.19166924,0.042225048,-0.086193666,-0.33243924,-0.19209611,-0.018140579,-0.14799051,-0.13593619,0.01620164,-0.34336627,-0.18663064,-0.27950382,0.029186383,0.0815965,-0.07634842,-0.11231216,0.104402535,0.25781587,-0.11022064,-0.3127961,0.084387355,0.1344338,-0.2519029,0.048603885,0.1254156,-0.280039,0.119714834,0.0063492903,0.22074047,0.16984974,-0.022285027,-0.3716477,sport
-0.24917224,0.42488256,-0.26666924,0.3125402,-0.068200216,-0.013458562,-0.19519892,0.07806451,-0.39149868,0.21342571,-0.39568955,0.17658252,0.0553801,0.23935103,0.34921914,0.10005728,-0.10873284,-0.49301976,-0.11722861,0.03554707,-0.046751782,-0.0045488663,0.37392703,0.16183546,0.16495177,0.072064005,-0.14128952,-0.22891958,-0.46325693,-0.12530285,-0.15518996,-0.108417355,-0.36587477,-0.14994448,0.19637617,0.16052869,0.051158465,0.005309784,0.19604114,0.22591558,0.122196816,-0.1598152,0.18958844,-0.008899918,-0.14178148,0.053506654,0.045919243,0.36045456,0.51618516,-0.29286292,-0.017818151,-0.4744737,-0.17557564,0.16900364,0.009467803,-0.31019244,0.19173081,0.42322683,-0.3560342,0.22175069,-0.03677238,-0.2864568,0.03340998,-0.00625178,0.22969368,0.21789524,0.033245973,-0.13792346,-0.12237881,0.25117403,-0.18843442,-0.19670483,-0.2721205,-0.0028221007,-0.12369577,-0.008791781,0.16019914,-0.25548488,0.17003867,-0.3824433,0.08944182,0.086033665,-0.009001134,0.07461639,0.027717981,0.18829992,-0.15120383,-0.60141116,0.03491918,0.044253413,-0.28111693,0.39255965,0.07297909,-0.2616573,0.2993092,-0.05488055,0.06765388,0.43822375,0.20400712,-0.04503452,sport
-0.24131271,0.20507424,-0.12706637,-8.059454e-05,0.04498746,-0.088698834,-0.15634668,0.09712347,-0.13233793,-0.11475126,-0.28659555,0.1336872,0.27989066,0.17574883,0.1168,0.18713999,-0.03650399,-0.47445056,-0.081533134,-0.04039471,-0.23165864,0.2144377,0.043905627,0.1370235,0.19633096,0.120136335,-0.13079125,-0.073487744,-0.20933099,0.092501804,-0.046778053,0.069230534,-0.28966933,0.058209617,0.24067423,0.051401053,0.19070797,-0.103428386,0.035176672,0.26247168,0.1663299,-0.00045090288,0.20209618,-0.11782063,0.18251729,0.11031153,0.11674918,0.38288233,0.48686242,-0.07096702,0.10944234,-0.4321483,-0.04897914,0.2560432,-0.012221284,-0.27795422,0.09199641,0.29801977,-0.31458434,0.16130894,-0.014632044,-0.21109597,-0.030079812,0.30379236,0.06214124,0.038706724,-0.092504784,-0.14463843,-0.06481838,0.07529486,-0.088520676,-0.22951402,-0.07876397,-0.032023735,-0.16266644,-0.15702474,-0.057114065,-0.30295104,-0.084493026,-0.18756074,-0.061463516,-0.08513783,-0.10558085,-0.19230005,0.027639853,0.2280853,-0.16802222,-0.57665116,0.16346878,-0.24968481,-0.3646831,0.1397932,0.14434099,-0.13266325,0.1701136,-0.003537224,0.09329334,0.15660568,0.030064031,-0.11509546,sport
-0.24029027,0.30085367,-0.2032854,0.076329656,-0.09061558,0.089762434,-0.22569554,0.0069607017,-0.4458036,0.25698385,-0.33464682,0.3069096,0.05559355,0.037232723,0.2065291,-0.046188567,-0.13741352,-0.5742171,-0.13867973,0.037958693,-0.1996681,0.28009787,0.2851428,0.19879833,0.3129528,-0.14645042,-0.15948923,-0.34771004,-0.45884523,-0.41767842,-0.26445192,-0.18427996,-0.5087909,-0.19748165,0.22788462,-0.11359919,-0.014634841,-0.23825744,0.372001,0.23452541,0.4205926,-0.120399065,0.14532271,0.12354211,-0.2809254,0.1221225,0.04203125,0.58470577,0.64917487,-0.3829277,0.014710449,-0.6348603,-0.1923879,0.36275494,-0.0005829616,-0.43828762,0.1196025,0.16148685,-0.1957458,0.22769074,0.02439243,-0.11185392,-0.14477673,-0.25515655,0.21174012,0.43059835,-0.021957008,-0.07237459,-0.088203,0.28805628,-0.006981329,-0.31866118,-0.36116096,0.059360284,-0.20004717,0.020301284,0.12057057,-0.34040606,0.1846088,-0.45459077,0.2929977,-0.17771117,0.060184985,-0.09741757,-0.20148988,0.29152974,-0.3195548,-0.4102775,-0.040176895,-0.05673524,-0.103911184,0.45406324,0.29748657,-0.11564364,0.21974391,-0.042483583,0.20641373,0.5465905,0.034450278,0.10960805,sport
-0.3272603,0.14561814,-0.34172854,-0.04265647,-0.089619994,-0.010142206,-0.1694838,0.18987043,0.046841692,-0.2429087,-0.25337315,0.034515966,0.19930711,0.24346587,-0.066082634,0.15047309,0.08725407,-0.4113568,-0.26090202,-0.080828205,-0.42149147,0.28836945,0.024144035,0.10693385,0.0062960396,0.30814433,-0.06398344,-0.104897365,-0.15468042,0.16101162,0.06468297,0.12867464,-0.26193467,0.02097033,0.26212606,0.15335369,0.22951938,-0.23413195,0.16022396,0.24385397,0.26534006,0.0821132,-0.07160722,-0.28283626,0.1334914,0.10551161,0.20799744,0.49347648,0.39992458,-0.14880204,-0.023351787,-0.4131158,-0.19114295,0.37550783,-0.00790539,-0.3665598,0.22012196,0.26194167,-0.34306407,0.2728965,-0.102579795,-0.24054372,0.12811953,0.30945593,0.00573373,0.009874755,-0.10602683,-0.18850103,-0.06897737,0.0603721,-0.13460596,-0.1334474,-0.013365244,0.08164103,-0.1957812,-0.1518943,-0.02205328,-0.29821762,-0.11148152,-0.07751039,0.13455632,-0.11252189,-0.17818746,-0.25854814,-0.09954357,0.15961488,-0.097668454,-0.68739474,-0.013729466,-0.344897,-0.4411146,0.05481435,0.15485309,-0.10823101,0.105894126,0.06316457,0.08798367,0.07772995,0.10795788,0.07891967,sport
-0.117807075,0.15342098,-0.26353303,0.3049566,0.029409856,-0.3152191,-0.010493682,-0.024267985,-0.13825686,0.06354379,-0.46022403,0.19824526,0.3096655,0.365123,0.24136995,0.21325128,-0.23340216,-0.35470673,-0.21316257,-0.098368734,-0.146014,0.15652892,0.080645725,0.17891932,0.06957885,-0.039260723,-0.20030886,-0.29213148,-0.36875537,0.043779112,-0.06379576,-0.24779353,-0.19890139,-0.10850342,0.15895315,-0.073302664,0.24610236,-0.12643957,0.05860759,0.0465347,0.20026056,-0.03920725,0.11635915,-0.036661875,0.11849996,0.06543032,0.26704076,0.43433428,0.5377394,-0.08942127,0.20654625,-0.42490104,-0.11429429,0.23551708,0.14865643,-0.20477253,0.30187795,0.3059434,-0.5478313,0.15935613,-0.1707264,-0.22592092,-0.19459659,0.041177124,0.3114393,0.1142728,-0.12072417,-0.010833234,-0.094449714,-0.023173822,-0.0046151006,-0.36386707,-0.19448502,0.23719303,-0.1882617,-0.15835679,0.09294897,-0.25166574,0.094175465,-0.33617646,0.005359567,-0.037512537,0.04844091,-0.016323077,0.09870233,0.39483562,-0.025700314,-0.4377912,0.19830719,0.29428148,-0.19645973,0.064905226,0.26010355,-0.30138415,0.27644226,-0.102252275,0.31680712,0.061981898,0.042013165,-0.3491643,sport
-0.08482755,0.19529547,-0.3639865,0.31145293,0.08848869,-0.33113104,-0.03036421,0.052058242,-0.13633376,0.10274551,-0.4910092,0.28524,0.32553658,0.36484614,0.22537887,0.21035898,-0.196876,-0.3534435,-0.10452536,-0.18241028,-0.15787086,0.056859218,0.16457875,0.2164438,-0.021729806,-0.06905735,-0.13909769,-0.23283419,-0.3087962,0.010113674,-0.14672539,-0.13804147,-0.14100315,-0.05762141,0.22799629,-0.13016391,0.19827402,-0.22560957,0.046451658,0.048821375,0.16965507,-0.042792168,0.13028803,-0.080253735,0.1867473,0.012390596,0.23065606,0.39153573,0.41028386,-0.09808412,0.17243166,-0.41815135,-0.09882077,0.18585789,0.060246024,-0.23886056,0.26135492,0.19913915,-0.46599063,0.17541046,-0.15235424,-0.16836746,-0.20112203,0.27910125,0.38546658,0.0056166854,-0.06899416,0.055454794,-0.033456504,-0.086761385,-0.029636877,-0.35285142,-0.12937906,0.2511437,-0.17614643,-0.25600985,0.1837484,-0.28475034,-0.0008625852,-0.2826324,-0.04531116,-0.05675771,-0.001907821,-0.032734532,0.08333769,0.3707017,0.055118967,-0.4773453,0.27786458,0.3123489,-0.19659777,0.17803748,0.23889329,-0.3263808,0.12878117,-0.18314499,0.30060446,0.1169413,0.051963314,-0.29545224,sport
-0.18471661,0.32681087,-0.112199344,0.10359033,-0.12131955,0.10432161,-0.15949528,0.08061571,-0.41361216,0.30411717,-0.36648875,0.17188086,0.23143733,0.09956131,0.39041537,-0.03697495,-0.118458964,-0.56800795,-0.16492262,0.04165008,-0.24870338,0.35770625,0.274987,0.29577214,0.34365463,-0.07623892,-0.16018529,-0.41593763,-0.44481337,-0.47404897,-0.2916416,-0.30303338,-0.5195417,-0.17648803,0.16036153,-0.12046323,-0.11409222,-0.24300563,0.3008357,0.2773198,0.36748827,-0.108789325,0.13828573,0.21520288,-0.27795866,0.12272131,0.08820072,0.5483246,0.65834147,-0.3318112,-0.039472453,-0.55317247,-0.25518203,0.338344,-0.0379326,-0.45768237,0.0112944655,0.124670915,-0.19805445,0.13802412,0.118842795,-0.15428649,-0.17891839,-0.2652377,0.33931217,0.45360437,-0.0380155,-0.093644485,-0.041007847,0.21694557,0.044631712,-0.34256274,-0.37230468,0.14113133,-0.2056069,0.09988134,0.13332085,-0.35541064,0.24874908,-0.4186718,0.2306291,-0.12271623,0.10590093,-0.07081591,-0.19024014,0.3318122,-0.26361588,-0.48145553,0.018986985,0.035174977,-0.16716997,0.4039581,0.26339445,-0.1678706,0.28841627,0.022027181,0.17835985,0.48705688,-0.08345987,0.08134277,sport
-0.28309458,0.28978214,-0.2061454,-0.019453265,0.14546736,-0.1292749,-0.08626644,-0.15252623,-0.083402425,-0.10231871,-0.29155278,0.13145436,0.29726693,0.28509897,-0.059281442,0.18203741,-0.06054669,-0.41776097,-0.09364998,-0.2846073,-0.2416026,0.21322262,0.20362636,0.067944705,-0.0018581881,0.06595445,-0.09617574,-0.18488427,-0.09006036,0.24649487,-0.17455217,-0.04881455,-0.17039478,-0.1415345,0.34666684,-0.17494138,0.1484358,-0.039281037,0.050743558,0.21918873,0.27702144,0.02205439,0.16824725,-0.28888604,0.2447532,0.1204815,0.32889402,0.2830027,0.44776103,-0.018082261,0.2744387,-0.24924123,0.06557511,0.31078637,-0.047345333,-0.0696345,0.07174988,0.18612094,-0.44684088,0.23356384,-0.14969759,-0.3176966,-0.14606382,0.36344138,0.16188969,0.20053454,-0.06937562,-0.09753042,0.07548639,0.16860731,-0.25344658,-0.2661087,0.022426961,-0.004008719,-0.23402502,-0.1783977,0.07514846,-0.4182708,-0.071843185,-0.21453004,0.23192815,0.06860121,-0.10196192,-0.031913158,0.12465893,0.3236002,-0.14177644,-0.6258739,0.08638498,-0.030840963,-0.40333572,0.20697898,0.05258266,-0.30459744,0.17794418,0.05954456,0.013886125,0.06070053,-0.001974716,-0.14988431,sport
-0.21300709,0.15122116,-0.4415079,0.3418912,0.016109638,-0.19695571,-0.11752496,0.24922472,-0.28606915,0.2240086,-0.38911253,0.13611169,0.103944495,0.27631477,0.30377424,0.10745443,-0.04245724,-0.36171797,-0.012448943,0.082127005,-0.2465603,0.030600829,0.25986004,0.06775354,0.110420614,-0.06523714,-0.05706623,-0.34271094,-0.37729913,-0.17710121,-0.011351302,-0.10738483,-0.21034239,-0.099994615,0.26471317,0.18887287,-0.024128994,-0.30204913,-0.017666603,0.1797309,0.06761269,0.079344735,0.014900673,-0.052071813,0.13690236,-0.048554197,0.18979207,0.4285401,0.46900246,-0.26516366,-0.0055091665,-0.29400966,-0.21331203,0.13578278,0.064967185,-0.25715518,0.26853886,0.32844278,-0.5207319,0.1400439,-0.025614394,-0.10500176,-0.17477512,0.13949223,0.36625108,0.010294005,-0.0051096063,0.06231923,-0.035537638,0.13657467,-0.1228715,-0.23310985,-0.1863281,0.020535426,-0.13224897,0.006149622,0.14743766,-0.2629313,0.1444877,-0.3009125,0.16074573,0.014895324,-0.015007439,-0.113386326,-0.012839474,0.3043545,-0.06416129,-0.4488541,0.2095094,0.23935646,-0.26268527,-0.011359607,0.18165967,-0.3538696,0.12638082,-0.12526,0.2569932,0.17945765,0.14515917,-0.14777625,sport
-0.25219467,0.33066708,-0.21113947,0.118789695,-0.113601096,-0.1652876,-0.2084128,0.1408845,-0.39521685,0.21590477,-0.34856838,0.15693243,0.11871383,0.12676504,0.27551997,0.11338478,-0.12863448,-0.57438725,-0.029501937,-0.024398997,-0.14109458,0.0870277,0.3377074,0.095981695,0.24002165,-0.08860157,-0.12780625,-0.29419908,-0.34191406,-0.41195682,-0.22724,-0.13116176,-0.43542627,-0.18223149,0.21983154,-0.025757344,-0.0044707195,0.0006485899,0.23517019,0.3084594,0.41697302,-0.028864132,0.13374926,0.021796841,-0.19212627,-0.021058233,0.034442544,0.47562394,0.53463286,-0.34990132,0.03131673,-0.56034815,-0.19896945,0.30715153,-0.07197884,-0.47385865,0.08396788,0.2971646,-0.27435067,0.20316143,0.026508432,-0.14458925,-0.013518025,-0.13317566,0.23127225,0.28672472,0.006332655,-0.010842334,-0.09120511,0.24318375,0.026994238,-0.3054974,-0.23057991,0.09506458,-0.17881471,0.036686614,0.08941173,-0.27965072,0.13279755,-0.4289857,0.1691546,-0.04516936,0.15360221,0.012741492,-0.18681954,0.28575504,-0.15699373,-0.4940562,0.08346343,-0.010781827,-0.39643997,0.4630452,0.22126925,-0.2014595,0.28134412,-0.10971003,0.12106102,0.473112,0.04095525,-0.0267934,sport
-0.40107694,0.27099237,-0.19960494,0.004615745,0.12304522,-0.13870263,-0.19344477,0.014837735,-0.06734396,-0.105549596,-0.25401133,0.21618944,0.24820384,0.15571347,0.02996755,0.15263413,0.026930625,-0.38013926,-0.074332565,-0.13806206,-0.22498755,0.20750177,0.09249773,0.009851632,0.10001142,0.094029754,-0.092400275,-0.10437331,-0.24106994,0.2664804,-0.12049103,0.04231514,-0.26482597,0.031036714,0.34289297,-0.054558173,0.23086384,-0.14180224,0.10203653,0.27051467,0.25114682,-0.053301495,0.2503395,-0.28040567,0.17831923,0.18634613,0.115243,0.3600257,0.48873413,-0.04749178,0.17969179,-0.40767515,-0.021404998,0.17656973,-0.037776027,-0.1441705,0.21694627,0.33251873,-0.30203032,0.26141444,-0.041088033,-0.19336887,-0.023518048,0.32092828,0.046164602,0.16514851,-0.0800596,-0.06566441,0.028377365,0.13647865,-0.09841611,-0.24499486,-0.04434246,-0.020006493,-0.26778346,-0.22874819,-0.042287204,-0.38202018,-0.11641186,-0.1620655,0.06055107,-0.031424154,-0.13099714,-0.14473243,0.067236036,0.26355156,-0.24079524,-0.5803675,0.14382915,-0.22210339,-0.44094148,0.075471886,0.07829984,-0.2246609,0.18918806,0.064910136,0.122973025,0.106253654,-0.052586332,-0.14898856,sport
-0.23111498,0.38666657,-0.2048356,0.29640782,-0.031488176,0.032419257,-0.18874718,0.061829396,-0.428372,0.18280627,-0.39904857,0.18148328,0.03172515,0.31622958,0.35720405,0.066660106,-0.14113055,-0.44872627,-0.13022605,-0.01567473,-0.112070374,-0.02313213,0.3613722,0.21448778,0.20218085,0.039286003,-0.13697724,-0.22442223,-0.4323094,-0.10915535,-0.1958373,-0.09205997,-0.34569255,-0.13456047,0.21774428,0.040511876,0.07338859,0.026976826,0.20423403,0.18452786,0.06794264,-0.1910194,0.13517798,0.007977446,-0.08936611,0.07449517,0.028889056,0.37479526,0.52752036,-0.28993183,-0.021296052,-0.45555267,-0.16435742,0.20820864,0.013870205,-0.31904742,0.14981328,0.42403358,-0.42055196,0.1738859,0.014823145,-0.3000688,-0.0602829,-0.021511158,0.23810302,0.19464268,-0.003450547,-0.15521313,-0.08328151,0.2288212,-0.17385267,-0.21798216,-0.30738443,0.019887315,-0.17353149,-0.0049121636,0.19220874,-0.30476782,0.19834864,-0.40721357,0.110853076,0.02645791,0.010566462,-0.0028579324,0.034729693,0.2283891,-0.14122069,-0.6351106,0.016754292,0.117749974,-0.2547197,0.33545768,0.075227275,-0.20715477,0.2612159,-0.05271175,0.067418195,0.43911535,0.17230016,-0.06537321,sport
-0.34471875,0.20020859,-0.28525472,0.025059458,0.14294103,-0.18953113,-0.1078446,-0.0022830341,-0.009283313,-0.040137347,-0.28287733,0.13674058,0.22523773,0.2557544,-0.039621912,0.14165026,0.030368064,-0.36347857,-0.10402184,-0.1415487,-0.24081278,0.25430322,0.1235174,0.108880736,-0.06422381,0.064186685,0.0034086935,-0.25774202,-0.14229752,0.26224974,-0.18844476,-0.03583578,-0.17940368,0.010084931,0.41268447,-0.06945413,0.06484634,-0.10662247,0.11828852,0.1348013,0.16379614,0.06944898,0.21790968,-0.2017006,0.21786949,0.115994826,0.19462733,0.23247492,0.48790923,-0.033913467,0.22986132,-0.28302667,-0.057152245,0.238324,-0.055961967,-0.07306027,0.09325184,0.29442048,-0.33476427,0.21578015,-0.1658639,-0.25542048,-0.11674868,0.3972812,0.22221392,0.11504933,-0.080214106,-0.061912045,0.0485467,0.11468619,-0.10669476,-0.24592346,-0.07741325,-0.03325939,-0.24961461,-0.16734684,-0.032765035,-0.35091442,-0.17599739,-0.10429186,0.17521726,-0.015519286,-0.0947612,-0.11223084,0.15314652,0.35754672,-0.17699799,-0.4717899,0.14101498,-0.038227525,-0.32184288,0.08062129,0.10554516,-0.2715719,0.16391167,0.055964597,0.17828482,0.11944713,-0.06913549,-0.19587138,sport
-0.17823416,0.14806478,-0.17552792,0.10991613,0.02172395,-0.14249438,-0.017729586,0.0072326385,-0.04237044,-0.038152263,-0.3678986,0.18532076,0.22318836,0.14139873,0.12832071,0.1627332,-0.019543357,-0.39938405,-0.12882611,-0.12907371,-0.15289773,0.1570998,0.1214154,0.17975241,0.10668737,0.06872977,-0.11981635,-0.1808243,-0.24800295,0.14095458,-0.13625094,-0.048803926,-0.14446859,-0.04834401,0.15096487,-0.09822927,0.21757384,-0.12754467,0.1140398,0.2583232,0.23109412,-0.05633651,0.13226256,-0.111472644,0.14784795,0.12298372,0.2828394,0.3147233,0.54649127,-0.15297608,0.110939875,-0.41214794,-0.0013814121,0.21071719,-0.009829287,-0.15712099,0.052346174,0.1654848,-0.34763533,0.19348349,-0.08818363,-0.22284482,-0.0589291,0.27848828,0.20838659,0.20792751,-0.060909167,-0.10605019,-0.04907041,0.09205426,-0.04933824,-0.19426918,-0.06573508,0.0008178415,-0.17649391,-0.122228146,0.0045872205,-0.2595655,-0.13799973,-0.33952865,0.035532698,0.0849101,-0.12618478,0.00073263183,0.0364289,0.28312808,-0.21231394,-0.45141447,0.10234706,-0.070193835,-0.279165,0.221154,0.116149396,-0.34681746,0.24503477,-0.035199154,0.13541521,0.10606079,-0.07639636,-0.13443667,sport
-0.1437544,0.15213604,-0.36930445,0.32775673,0.07372637,-0.24059585,-0.055018958,0.030795516,-0.15509036,0.13532823,-0.43138123,0.2644891,0.2267681,0.30856654,0.25398022,0.20617646,-0.1970376,-0.33273008,-0.13739787,-0.11690223,-0.18673271,0.18079695,0.1407898,0.2152138,0.11466651,-0.051361028,-0.17955312,-0.30401933,-0.3721327,-0.045354456,-0.11994839,-0.24323486,-0.21816172,-0.06651226,0.112001315,-0.06169032,0.21179472,-0.21407728,0.061540697,0.048974473,0.22488731,-0.057704397,0.13637425,-0.008818892,0.11463101,0.041066945,0.2682045,0.39428505,0.5648579,-0.10536594,0.19451003,-0.4036646,-0.23240237,0.24159959,0.09694394,-0.2228059,0.31616426,0.2546587,-0.5269614,0.17584501,-0.13199276,-0.138629,-0.1940062,0.12058762,0.37882486,0.079719715,-0.017706478,0.027887775,-0.07943245,-0.16519961,0.03522664,-0.41371277,-0.1755272,0.25540766,-0.118481115,-0.1514358,0.19351976,-0.30452928,0.13898201,-0.29119787,0.03052234,-0.10695581,0.026918357,-0.01498633,0.08538755,0.34391195,0.026240539,-0.4297949,0.2628378,0.25281203,-0.23726968,0.14226155,0.21874528,-0.34401238,0.18759939,-0.16438644,0.26869258,0.14736252,0.06813791,-0.24246664,sport
-0.19268838,0.33045718,-0.21257634,0.077895656,-0.017825704,0.039878115,-0.20823446,0.09541635,-0.5522986,0.22425695,-0.41254425,0.30930126,0.07540559,0.08724767,0.23885444,-0.06615711,-0.13328569,-0.6052401,-0.119573936,0.051377747,-0.17850132,0.14846441,0.35752708,0.31698662,0.26307037,-0.19448763,-0.17259766,-0.3342404,-0.46725294,-0.4453809,-0.2557468,-0.13062844,-0.43903404,-0.18990488,0.27835652,-0.11411699,-0.08307815,-0.26000243,0.37009802,0.15043549,0.45437294,-0.10760237,0.15880741,0.053635884,-0.37007785,0.13397501,0.02537592,0.59048355,0.6592758,-0.39451244,0.029714707,-0.659944,-0.14320242,0.32052583,0.05085744,-0.50415283,0.15121761,0.254931,-0.15700337,0.27377766,0.040434863,-0.08590159,-0.16300632,-0.35977092,0.28440395,0.44660372,-0.013720329,-0.048359104,-0.07374373,0.2569351,0.0040337085,-0.3023357,-0.3589188,0.00142343,-0.226585,0.005265513,0.1972993,-0.3379273,0.21083878,-0.5011836,0.14956781,-0.13424191,0.16244443,-0.110222906,-0.21793795,0.35406375,-0.37079558,-0.48945358,0.06996163,0.0031767187,-0.13828184,0.48088333,0.23617904,-0.2115404,0.22345138,-0.035681453,0.3017203,0.50576526,-0.0022725512,0.0840523,sport
-0.22697303,0.16621566,-0.26386145,0.29516286,0.03147523,-0.27260807,-0.023011064,0.054436926,-0.16337742,0.06942996,-0.4523551,0.16830821,0.26639295,0.36124086,0.19492394,0.11379381,-0.1561568,-0.26557365,-0.16924682,-0.07702043,-0.13021056,0.076053225,0.0995249,0.15299192,0.120556146,0.013712705,-0.16349614,-0.2722163,-0.34944642,0.016754538,-0.032247182,-0.092333496,-0.22958006,-0.012139524,0.25947347,-0.04547374,0.20224705,-0.15286581,0.012439434,0.1134405,0.12205654,-0.030340927,0.1451303,-0.05638592,0.096315734,-0.009506673,0.24845609,0.3137894,0.4775187,-0.07190322,0.17674743,-0.42199537,-0.08588278,0.22095403,0.10758776,-0.19803418,0.2614518,0.2863306,-0.4873731,0.1675172,-0.13731885,-0.19570844,-0.122979075,0.1294763,0.36233562,0.059733815,-0.11692698,-0.006051205,-0.10143177,0.044624124,0.051038943,-0.3861445,-0.27901667,0.18091169,-0.22568333,-0.10357558,0.07588115,-0.3004072,-0.03503595,-0.42500043,-0.08204065,0.0111108925,0.013654091,-0.026828961,0.014212932,0.44283098,0.024494834,-0.40335977,0.1235038,0.30120945,-0.20439929,0.09105885,0.2159229,-0.21610762,0.16023707,-0.047118332,0.35824755,0.091686346,-0.022098944,-0.3046505,sport
-0.21878797,0.28300485,-0.2596603,0.008879985,-0.0139142005,-0.13225551,-0.097405724,0.08602137,-0.17353766,-0.07048162,-0.24426988,0.03624367,0.2675179,0.32141837,0.1588647,0.13105734,-0.09297991,-0.39223745,-0.01515726,-0.21625195,-0.1591362,0.28892437,0.22229616,-0.0275512,0.15826832,0.2025769,-0.19836056,-0.30182952,-0.15216906,-0.18337552,-0.11987286,-0.006891722,-0.21190384,-0.11648195,0.17239653,0.07549033,0.038106717,-0.010409942,0.12503478,0.27693447,0.3342855,0.05209479,0.046203014,-0.06358213,-0.03783281,0.02337836,0.2763257,0.3625483,0.5446923,-0.24610619,0.14119664,-0.33414355,-0.07365794,0.37655243,-0.21375091,-0.32328656,-0.058141988,0.18247284,-0.28768164,0.08139315,-0.12988015,-0.25352818,-0.019016037,0.012811031,0.12885582,0.22894204,-0.07463214,-0.041336127,-0.04001424,0.24735904,-0.12699409,-0.24936026,-0.15380242,-0.021282155,-0.17616376,-0.07145667,-0.04360952,-0.27208912,-0.07536726,-0.29689983,0.12146966,0.09781441,-0.02844474,-0.02105796,-0.0901335,0.31568187,-0.10453424,-0.42201844,-0.0033397116,-0.05470161,-0.32302532,0.31206837,0.35892206,-0.3525914,0.31163037,-0.01825999,-0.052988045,0.2814053,0.01306646,-0.0980849,sport
-0.39982432,0.22032574,-0.29279125,0.08877531,0.012437449,-0.09460411,-0.20694624,-0.030768111,0.10088298,-0.100717485,-0.33453378,0.08183808,0.26202953,0.1839277,-0.05614706,0.12725414,0.059187412,-0.46974775,-0.13683888,-0.09491249,-0.2897895,0.2575544,0.13511358,0.029980885,-0.035991263,0.22089197,-0.056380935,-0.17131718,-0.036314968,0.20921908,-0.07102962,0.07149298,-0.22759052,-0.017365048,0.37341422,0.068691924,0.2058665,-0.16056243,0.15428321,0.2276345,0.22598094,0.1460369,-0.022893773,-0.20270108,0.23522444,0.07628119,0.33407018,0.38351193,0.50110984,-0.08402766,0.15848197,-0.19843297,-0.10862296,0.3411467,-0.15177909,-0.17583838,0.21594447,0.19098371,-0.3621092,0.27897862,-0.17501727,-0.29521194,0.052857418,0.3752404,0.093334615,0.18590392,-0.050511558,-0.14284082,-0.0417216,0.19041474,-0.16540854,-0.13349906,0.06423555,-0.04403033,-0.1490551,-0.09870426,-0.061873566,-0.34745073,-0.101900905,-0.17676699,0.24665059,0.032313384,-0.20453566,-0.1075231,0.0069806827,0.23185329,-0.15695888,-0.5811408,0.0469554,-0.26082915,-0.49349672,0.046916068,0.107700676,-0.19610907,0.262657,0.17096391,0.04765737,0.013939204,-0.03684211,0.017068503,sport
-0.34541896,0.25518346,-0.2633474,0.024148263,0.056511268,-0.07057714,-0.16617425,-0.071291365,0.1565069,-0.03814824,-0.3288551,0.05240011,0.33487344,0.14777982,0.043007463,0.11148989,0.107404,-0.5082713,-0.16448715,-0.013690804,-0.16606635,0.23686558,0.16408049,0.14680226,0.0012181307,0.19811164,-0.04638166,-0.13436511,-0.01033417,0.23556754,-0.090451,0.059801806,-0.21422023,-0.006602568,0.36758444,0.0561827,0.2669965,-0.1751081,0.14972867,0.21241227,0.25525305,0.067409135,0.047744337,-0.17538306,0.27352983,0.09807667,0.32819423,0.37198478,0.48609293,-0.069933444,0.22655326,-0.19967139,-0.12507358,0.3368325,-0.1927827,-0.1903285,0.1948731,0.15336527,-0.3006513,0.24955016,-0.2108682,-0.30531704,0.035735272,0.43806756,0.17217986,0.27072388,-0.05625303,-0.26192528,0.0025411802,0.16798519,-0.15785442,-0.10314315,0.12216673,-0.17268592,-0.165071,-0.0686743,-0.08962839,-0.3289504,-0.124863245,-0.19164333,0.23847061,0.012188598,-0.285068,-0.13867725,-0.003588691,0.17068493,-0.22259831,-0.6371897,0.06135252,-0.30519143,-0.48263824,0.06815402,0.10721878,-0.17540422,0.23923983,0.10067363,-0.029568363,0.051612586,-0.12062386,0.08134317,sport
-0.2616148,0.18113226,-0.19384788,0.13107105,0.18391865,-0.21407111,-0.0378534,0.061541826,-0.043034818,-0.029276513,-0.2658633,0.2306353,0.2952882,0.15600829,0.03849991,0.2059501,0.04045764,-0.45356137,-0.07006503,-0.046420075,-0.09014444,0.15441076,-0.005037264,0.105521046,0.08357214,0.12846152,-0.10290184,-0.09144718,-0.22655219,0.24361883,-0.16148189,-0.036432665,-0.13429902,0.0051330635,0.31715277,-0.060661167,0.09476696,-0.047736496,0.03754892,0.16668817,0.18827051,-0.06570086,0.1523127,-0.1832666,0.14744566,0.19059329,0.26911008,0.29986602,0.5049883,-0.14359717,0.24789286,-0.3015544,0.0051499787,0.09858482,-0.09060913,-0.10270316,0.0861889,0.3803256,-0.34616226,0.29659697,-0.10026184,-0.29590502,-0.11512426,0.36599714,0.11258904,0.06520919,-0.022338444,-0.039493274,-0.12469036,0.17658454,-0.08040109,-0.20216127,-0.13620353,-0.18950571,-0.13655429,-0.25186217,-0.05773008,-0.2833879,-0.198319,-0.23885456,-0.00682251,0.06604287,-0.21602364,-0.09027588,0.09813396,0.23865092,-0.23254433,-0.44869122,0.16229433,-0.2558006,-0.3365144,0.12084604,0.1520347,-0.23692718,0.34184775,-0.020411937,0.16305202,0.12369432,0.0545636,-0.2564396,sport
-0.191905,0.40926582,-0.1973414,0.29278144,-0.054751422,-0.026167508,-0.15994866,0.08393303,-0.3899652,0.22244202,-0.39321545,0.22180204,0.06399527,0.2835965,0.36907715,0.012457293,-0.14864396,-0.48549104,-0.13633248,0.03559714,-0.055183902,-0.04080107,0.40831771,0.23481248,0.21090303,0.069727436,-0.13420361,-0.23722002,-0.39990938,-0.14642909,-0.22899131,-0.12379325,-0.33365127,-0.12726465,0.19718617,0.10578503,0.04448327,0.03709623,0.20696522,0.2264497,0.1463609,-0.1642308,0.12415132,0.02842497,-0.15545668,0.07189332,0.003451069,0.35629696,0.54559916,-0.34411487,-0.06634821,-0.47310993,-0.19734079,0.15786918,-0.0053756484,-0.3422724,0.16243312,0.45549965,-0.40324387,0.20345378,0.038875684,-0.28271016,0.03879704,-0.05787074,0.24435757,0.2449786,0.037450563,-0.20904794,-0.081652984,0.26626623,-0.15143646,-0.21004823,-0.31063133,-0.059139308,-0.18476954,-0.012686124,0.23162211,-0.22466011,0.1905269,-0.41994852,0.09817766,-0.0056476817,0.036394656,-0.0027059068,0.03627585,0.16750264,-0.14821818,-0.5904132,0.05119517,0.11243414,-0.3281202,0.37893867,0.11760913,-0.21356302,0.3181032,-0.08774454,0.05895116,0.472731,0.21496949,-0.080786504,sport
-0.07812499,0.076203555,-0.3171938,0.3030095,0.10256593,-0.29827702,0.07587878,-0.0027338464,-0.10781281,0.0630805,-0.35927087,0.19986096,0.3162057,0.30069634,0.21792033,0.3343419,-0.1275462,-0.38022777,-0.09766115,-0.17402562,-0.12972797,0.15780985,0.16111045,0.20947024,0.083903834,-0.0014457823,-0.15761171,-0.20671912,-0.36402887,0.025694406,-0.10961639,-0.080855295,-0.21473835,-0.17319946,0.18367639,-0.17954142,0.12353484,-0.19136862,0.12216284,0.14923745,0.31852618,0.026379544,0.1147234,-0.06614578,0.09450306,0.09427061,0.2697626,0.39303082,0.5028007,-0.20877837,0.17299676,-0.41347665,-0.17453757,0.30233258,0.085099965,-0.21463026,0.30960003,0.24768922,-0.33448303,0.275715,-0.19958794,-0.18605627,-0.1616966,0.20002529,0.28555274,0.1046704,0.012843139,0.027641445,-0.018902121,-0.0994051,-0.026828466,-0.3011929,-0.2000782,0.13666119,-0.23264311,-0.24166922,0.21434192,-0.31661943,0.07200685,-0.26426336,0.012984765,-0.07679618,0.097903684,0.036659636,0.22667567,0.36295617,-0.041577782,-0.45313665,0.30126753,0.19841954,-0.20787784,0.2303708,0.2558573,-0.26784036,0.3208098,-0.17983413,0.35449567,0.11511826,0.053096212,-0.14091153,sport
-0.13489775,0.06568657,-0.24120878,0.19237259,0.10621421,-0.33706188,-0.03522796,0.06756651,-0.19175474,0.19371708,-0.4259626,0.27071026,0.20438546,0.1681574,0.24055475,0.1313723,-0.14966445,-0.3793144,-0.10781904,-0.05186537,-0.15274918,0.0777674,0.07029271,0.22200488,0.13748896,-0.0050100884,-0.112076394,-0.21336184,-0.26636508,-0.0059125572,-0.1888856,-0.13395825,-0.23291369,-0.012598442,0.19171888,-0.057139352,0.16134897,-0.14580195,0.044725366,0.10394945,0.23398085,-0.025169116,0.001308114,0.03972749,0.1614731,0.05974109,0.23931189,0.2933173,0.54533887,-0.1521081,0.18117808,-0.4248441,-0.15592957,0.17720792,0.09651042,-0.28249103,0.13979377,0.18017142,-0.49256876,0.18775679,-0.036382176,-0.20611383,-0.10477362,0.13875821,0.3342269,0.08948417,-0.034445077,-0.03390205,-0.06034923,-0.047184713,0.085569315,-0.24627115,-0.17420164,0.04070087,-0.1529919,-0.031907827,0.10803905,-0.24742562,0.051232733,-0.36552945,-0.012215012,-0.10336803,0.03445886,-0.105398856,0.021130918,0.3644545,-0.04438629,-0.4065589,0.23062427,0.09141455,-0.2915675,0.15576574,0.19220045,-0.22502108,0.19659643,-0.15441357,0.25837573,0.20173791,0.02364891,-0.25984627,sport
-0.19990546,0.2066597,-0.32036278,0.22444795,0.042787846,-0.29150468,-0.019411318,0.15913889,-0.323685,0.056409817,-0.46458393,0.19899955,0.21409349,0.301903,0.2466951,0.091051824,-0.15773642,-0.351526,-0.19422506,-0.04559647,-0.15510619,0.06440287,0.14888924,0.1819269,0.19624028,-0.06825045,-0.14833069,-0.30741084,-0.3627803,-0.10787181,-0.04017696,-0.091778964,-0.2999055,-0.1263109,0.17045434,-0.013710696,0.20602219,-0.07127508,0.10716121,0.1951052,0.14777191,-0.012888334,0.039208192,0.054493833,0.16173905,-0.09075606,0.33895496,0.39769164,0.517379,-0.14801306,0.14425138,-0.3524347,-0.19744815,0.22218178,0.16364612,-0.29065558,0.254264,0.33837754,-0.5295757,0.08368521,-0.102503285,-0.18884099,-0.16944301,-0.004692266,0.3835599,0.07622356,-0.095892385,0.026543595,-0.0437835,0.06759823,0.053350337,-0.32349178,-0.21866983,0.15438646,-0.17078811,0.042436063,0.09010012,-0.22225997,0.18442343,-0.4931712,-0.03577122,-0.041843947,0.12473772,-0.05376002,0.08305651,0.4609695,0.056017105,-0.3902103,0.1532834,0.20764773,-0.24760495,0.17104362,0.19196142,-0.2885464,0.1401788,-0.06227757,0.34673476,0.1858668,0.04323875,-0.26174688,sport
-0.029843567,0.09813356,-0.33041263,0.30704263,0.023339799,-0.3844386,-0.107420854,0.056631133,-0.09606598,0.17384695,-0.5380677,0.24072428,0.22026603,0.22337012,0.2630125,0.18659738,-0.27946788,-0.2742497,-0.1385776,-0.10793027,-0.13389565,0.22967531,0.11393105,0.27075157,0.1402414,0.017456416,-0.17745198,-0.31703615,-0.3363299,-0.05759764,-0.15732819,-0.27684978,-0.25215212,0.0075718015,0.12520382,-0.0683369,0.19473608,-0.2042435,0.06204574,0.004902467,0.31829238,-0.019778853,0.10418059,-0.008913428,0.15534353,-0.015322171,0.17407644,0.4133733,0.5884191,-0.14643885,0.2907318,-0.46568692,-0.26071292,0.26530308,0.12903601,-0.38504827,0.27604607,0.19523795,-0.5529817,0.15569374,-0.23795848,-0.13323426,-0.047668498,0.15137321,0.45371038,0.042695515,-0.017002936,-0.02848298,-0.10042575,-0.16914062,0.07409564,-0.38751432,-0.165607,0.24532385,-0.14753328,-0.07701885,0.17614928,-0.26656458,0.13747767,-0.33874327,0.050602585,-0.25916272,-0.043674923,-0.034012564,0.06563467,0.39623505,0.06955399,-0.38062558,0.32739374,0.101102814,-0.28357267,0.17567079,0.31980503,-0.29128873,0.124658845,-0.2540932,0.25661746,0.13726673,0.08406616,-0.21075793,sport
-0.24526663,0.33147925,-0.1884758,0.07378895,-0.15120006,0.053972058,-0.19886789,0.12888579,-0.5108935,0.27162308,-0.40754738,0.19835517,0.17694655,0.09525995,0.31202346,0.0013566607,-0.06464654,-0.6505442,-0.16914992,0.057136636,-0.24184316,0.22645181,0.32110623,0.34513095,0.23729426,-0.091824934,-0.1300029,-0.36443588,-0.4200991,-0.49565864,-0.3288521,-0.20765966,-0.55162364,-0.13858053,0.18828271,-0.12860966,-0.06768438,-0.17521037,0.2817713,0.21093038,0.3633307,-0.040590834,0.0983413,0.15803964,-0.26854146,-0.016288836,0.14319256,0.5856989,0.62763464,-0.3820911,-0.012872284,-0.49906662,-0.2654889,0.30390453,-0.040214293,-0.44741735,0.0005399251,0.267627,-0.21300264,0.19456995,0.021855673,-0.20034686,-0.13569322,-0.30554584,0.37271166,0.39119816,-0.011072582,-0.07849099,-0.09210643,0.20991829,0.019441744,-0.3586459,-0.34604976,0.083208896,-0.13560188,0.086259976,0.19127867,-0.30551872,0.22120556,-0.33732414,0.18183884,-0.09243808,0.17121892,-0.026237682,-0.2055616,0.29200736,-0.2170652,-0.5273436,-0.037587054,0.060219422,-0.18017465,0.42665625,0.20198369,-0.1752797,0.2890785,-0.0012712969,0.20726976,0.5736438,-0.038593978,0.010626304,sport
-0.08855252,0.20040658,-0.28856593,0.24987984,0.14262274,-0.3288484,-0.058874737,0.07090392,-0.21326545,0.07547693,-0.4346832,0.149687,0.25840244,0.342669,0.20118639,0.14441614,-0.1362572,-0.3067716,-0.16736074,-0.1328031,-0.16273509,0.031639583,0.1702446,0.17161019,0.026986854,0.019587187,-0.14346196,-0.22143947,-0.28292936,0.08421663,-0.1185881,-0.1085254,-0.117327765,-0.085174344,0.2251776,-0.12519298,0.23044685,-0.16224672,0.061729286,-0.031514604,0.15949833,-0.063526876,0.083106905,-0.14265755,0.13562134,0.06665099,0.2572509,0.27498302,0.44190773,-0.073582865,0.2408993,-0.35898042,-0.07194151,0.20581155,0.091647066,-0.26322758,0.20624101,0.1757051,-0.38685602,0.19063905,-0.06969466,-0.28352717,-0.1721521,0.24752992,0.3531806,0.08429419,-0.11738831,0.02973002,0.02458293,-0.12896313,-0.00921063,-0.33038452,-0.17847988,0.19788451,-0.21867564,-0.17469181,0.18095438,-0.34801507,-0.013172385,-0.28292796,0.002839966,-0.09907939,-0.016877264,-0.06858981,-0.036691267,0.44335023,-0.010180063,-0.53505224,0.17943953,0.22332227,-0.22350177,0.20082507,0.15651812,-0.2644439,0.13531822,-0.114532076,0.35296413,0.034640662,-0.046847865,-0.2311124,sport
-0.30426866,0.21821058,-0.1935095,0.028736884,0.23758072,-0.10362704,-0.022404954,-0.117306896,-0.03668107,-0.08583726,-0.28667924,0.21076824,0.3057732,0.27361256,-0.048025507,0.06660927,0.051953185,-0.36347735,-0.11768768,-0.17176197,-0.3156727,0.21363127,0.25557113,-0.0054379124,0.0052645174,0.037355263,-0.08330901,-0.07236318,-0.14018172,0.2625927,-0.1963308,-0.0765559,-0.21604104,-0.14901951,0.35342494,-0.15645069,0.1328306,-0.16058093,0.050951786,0.15763889,0.22474459,-0.0004595353,0.085792296,-0.3675911,0.16574737,0.21591859,0.22160846,0.3426013,0.46970126,-0.022098666,0.24163671,-0.24018915,0.013812802,0.2507139,-0.12427513,-0.054994557,0.12594026,0.2808242,-0.44700193,0.22936338,-0.08969842,-0.22917324,-0.11495831,0.4221039,0.12786639,0.16624035,-0.05233597,-0.07627837,-0.08459935,0.16026892,-0.23001322,-0.25488618,0.046519246,0.052575696,-0.17678663,-0.22730032,0.12938933,-0.46190935,-0.090550974,-0.15931676,0.1710351,-0.011414348,-0.15388913,-0.038665406,0.10917394,0.3692498,-0.1590987,-0.5511997,0.010050024,-0.07584641,-0.3372726,0.14602138,0.13296276,-0.3843151,0.18396439,0.026179425,0.02649299,0.21161494,0.01344575,-0.19981532,sport
-0.24881014,0.282638,-0.4282062,0.21596876,0.09363035,-0.1307547,-0.051665675,0.22309403,-0.22650245,0.21952811,-0.32467568,0.1380397,0.14655386,0.3841032,0.19947815,0.038483724,-0.17425947,-0.41123912,-0.007110794,0.067888364,-0.11558102,-0.16669445,0.20696166,0.10313945,0.0040545156,-0.08707469,-0.041447327,-0.31761512,-0.26853058,0.031722248,0.030112254,-0.018800315,-0.27644056,-0.12242866,0.29048905,0.09108415,0.0318097,-0.30870384,0.013090582,0.10888594,0.13122591,-0.0098356735,-0.0016513353,-0.014847468,0.11018226,0.010441816,0.10347795,0.3535122,0.28808543,-0.10895958,-0.13015872,-0.42060888,-0.10288206,0.10026373,-0.020650782,-0.20441645,0.14052688,0.22673714,-0.42223594,0.10843239,0.015357876,-0.20000888,-0.09395458,0.1897368,0.3087445,0.025659772,-0.05110767,-0.017031532,-0.1076892,0.061635002,-0.21301255,-0.19958137,-0.28291705,-0.13639402,-0.21112308,0.0036588635,0.02597114,-0.10035684,-0.042663425,-0.26590976,0.26132965,0.13758689,-0.07808802,-0.15963016,-0.041654374,0.26336685,-0.0970287,-0.3408352,0.016990183,0.158177,-0.12080575,0.028190626,0.13835111,-0.19594751,0.12655106,-0.09673744,0.10679146,0.2670083,0.0694955,-0.28235456,sport
-0.27553362,0.18106851,-0.46905786,0.2692924,0.0074884566,-0.19201432,-0.099787585,0.3025451,-0.20718086,0.26386553,-0.39237732,0.14559574,0.04034472,0.33402494,0.23408186,0.05124793,0.00017272093,-0.37466374,0.02213284,0.089371614,-0.1787447,-0.02753118,0.24061453,0.030057494,0.046093326,-0.020396432,0.017983634,-0.3168335,-0.24370486,-0.14873792,0.031045374,-0.043502003,-0.24100427,-0.063997254,0.3198341,0.27519315,-0.028389944,-0.21963333,-0.030449716,0.1435123,0.03988137,0.10337884,-0.022710932,0.048590697,0.13133681,-0.09350277,0.1184683,0.30687004,0.48164257,-0.19771375,0.017169915,-0.4669964,-0.2045773,0.08887045,-0.0030043237,-0.32227698,0.19501337,0.15623271,-0.4113055,0.14760609,-0.019550443,-0.17141587,0.033670474,0.1992986,0.3788345,0.06376269,0.072912306,-0.009707766,-0.06295714,0.16319509,-0.15237725,-0.19668551,-0.20977104,-0.0390463,-0.13540031,0.09932867,0.06652057,-0.19425775,0.10546709,-0.23797554,0.20656995,0.0027926574,-0.07691684,-0.17834345,0.010017602,0.26802623,-0.096777454,-0.39341113,0.016317146,0.12225782,-0.25934434,0.027324537,0.18624045,-0.16287474,0.18006893,-0.12057111,0.17811202,0.20270307,0.19593753,-0.13971509,sport
-0.2349148,0.29884857,-0.22263178,0.08564753,0.00030439318,-0.079020396,-0.1571304,0.06462505,-0.36609614,0.16157892,-0.26161534,0.20099153,0.18897915,0.22891578,0.19097316,0.061629634,-0.048699234,-0.564255,-0.09301157,-0.051287793,-0.13582017,0.15354839,0.3516268,0.08872385,0.19051316,-0.04349032,-0.1251367,-0.3274542,-0.30385482,-0.31208605,-0.24642867,-0.10161391,-0.36062863,-0.10355196,0.20034114,-0.07436553,-0.06582877,-0.021342164,0.19750336,0.28970885,0.3978426,-0.029444195,0.06201126,-0.014237111,-0.16245498,0.005216623,0.13291796,0.4134394,0.62988335,-0.2873542,0.020497538,-0.42906752,-0.18738963,0.30632442,-0.13181719,-0.3954595,0.06217522,0.21112308,-0.28199896,0.1948751,-0.064046375,-0.22403128,-0.038500205,-0.10117331,0.1911506,0.2374227,0.007218812,-0.024051232,-0.046706136,0.2257565,-0.061710082,-0.24025162,-0.33229882,-0.062082674,-0.14947419,0.032552443,0.10180301,-0.29264536,0.0878978,-0.3750983,0.16606027,0.02358439,0.014239264,0.009345299,-0.12336944,0.3240219,-0.20316188,-0.4784489,-0.0025234865,-0.041915353,-0.26067713,0.4161012,0.23634073,-0.19461288,0.27373242,-0.089537084,0.087700605,0.4708104,0.045691904,-0.07082338,sport
-0.21274847,0.14196412,-0.23174216,0.20847245,0.04957518,-0.16753909,-0.035628542,0.009992138,-0.12733337,-0.06443738,-0.23827495,0.22705953,0.22966982,0.26359063,0.22975916,0.34599477,-0.08764491,-0.4929537,-0.1765018,-0.13888784,-0.18442145,0.10339069,0.09273912,0.20122619,0.07083913,0.13277282,-0.16044767,-0.16850549,-0.2712829,-0.013445873,-0.15611097,-0.022284713,-0.24886824,-0.1533615,0.18500894,0.020175515,0.21421969,0.12720339,-0.005966239,0.19348924,0.25865626,0.037961487,0.08095205,-0.014148234,0.041983146,0.24024135,0.19820976,0.37338302,0.6273096,-0.15397516,0.16384846,-0.3041394,-0.12270761,0.30038634,0.121329665,-0.22467105,0.15730447,0.31332445,-0.40040264,0.22289185,-0.18421017,-0.24496596,-0.06350713,0.084623985,0.12229241,0.18441437,-0.024248024,-0.093608655,-0.045146108,0.042276148,-0.10450807,-0.28931904,-0.17008086,0.090881445,-0.18779704,-0.1507777,0.16734958,-0.2129422,0.060992792,-0.31916073,0.012868313,-0.07293096,0.041463733,-0.051523473,0.14608845,0.21199591,-0.15398756,-0.545958,0.21231729,0.028870963,-0.40016806,0.10570789,0.13771856,-0.21410112,0.45931685,-0.12340459,0.17274193,0.15254259,0.14857894,-0.119029224,sport
-0.19861245,0.0999727,-0.2723849,0.20305777,0.036464933,-0.3383247,-0.04292405,0.08050815,-0.13056011,0.09706927,-0.45143065,0.34964928,0.17289783,0.25113955,0.25179288,0.18533674,-0.23038177,-0.29469147,-0.12180308,-0.1324938,-0.16798316,0.1750745,0.12105692,0.2548821,0.103876494,-0.043930434,-0.18056865,-0.28440735,-0.35403043,-0.0793694,-0.16987725,-0.21424562,-0.24415286,-0.052551717,0.1016042,-0.09428332,0.17629369,-0.1650718,0.0933573,0.13861153,0.27181217,-2.29566e-05,0.0908508,0.026584655,0.22660568,-0.013834936,0.30589694,0.3665874,0.56639886,-0.09595062,0.22997768,-0.45005414,-0.20720556,0.19651037,0.16803251,-0.30146396,0.23428981,0.19229546,-0.571928,0.1725545,-0.13951916,-0.10487778,-0.03846432,0.0945011,0.42465106,0.13266148,-0.080148935,0.024533398,-0.09905817,-0.07643679,0.0730558,-0.3413942,-0.16596238,0.14990675,-0.18442418,-0.049331885,0.109115176,-0.23687243,0.100736886,-0.4087037,-0.015052904,-0.09397338,-0.01238394,-0.02547096,0.086274214,0.34492218,-0.009214647,-0.35397196,0.28190047,0.13693438,-0.31194574,0.19259697,0.20501861,-0.2940047,0.14567178,-0.23141737,0.23513204,0.11389369,0.06335237,-0.28182045,sport
-0.3079556,0.1333756,-0.21562636,0.023786277,0.01604392,-0.09594257,-0.17470355,0.0734206,-0.040347412,-0.05374706,-0.21518528,0.18590662,0.21364753,0.11010961,0.06596247,0.24103007,-0.023958951,-0.48618284,-0.08721234,-0.016829632,-0.2644946,0.28622952,0.0061451886,0.11398879,0.098412514,0.15242691,-0.12204297,-0.20162809,-0.21853371,0.0777924,-0.09850734,0.0008656001,-0.26675835,0.09735615,0.21505666,0.05181458,0.17025231,-0.117863566,0.10596298,0.24662839,0.14465302,0.076395914,0.048315775,-0.10423066,0.2197149,0.04864947,0.20680216,0.3609484,0.5211828,-0.11096439,0.08890015,-0.32497826,-0.06901997,0.2646288,-0.08332312,-0.33200425,0.027491773,0.23580949,-0.41775835,0.14120032,-0.07577373,-0.17782588,0.012539584,0.24616401,0.09803954,0.038828574,-0.06679408,-0.12160154,-0.03394425,0.16088659,-0.0051931622,-0.14804548,-0.046237566,-0.014423902,-0.13985237,-0.022869064,-0.10713397,-0.22008565,-0.06340239,-0.2626886,0.0031484677,0.04348506,-0.1499946,-0.15089522,0.08561516,0.23494595,-0.21962023,-0.45748645,0.14603908,-0.27916953,-0.34568438,0.114952534,0.13448477,-0.15238708,0.26340872,-0.02033612,0.07968883,0.0996505,0.05422788,-0.042691667,sport
-0.21048082,0.37681133,-0.23663454,0.25242013,-0.020748464,-0.05687055,-0.1343238,0.08791462,-0.39619303,0.16538762,-0.37378523,0.19104058,0.05989289,0.22496238,0.28430596,0.069805905,-0.08424343,-0.47287706,-0.12853171,0.0074781273,-0.11758664,-0.023533328,0.4091117,0.13399602,0.17022054,0.0544282,-0.12877594,-0.21758601,-0.43129674,-0.091987655,-0.17445272,-0.064077325,-0.31868824,-0.1804808,0.19486117,0.067885235,0.09049179,0.10247006,0.19522604,0.229006,0.14934716,-0.084554434,0.1557713,-0.03291974,-0.035748366,0.037638027,0.14211357,0.33105102,0.5190217,-0.29915184,0.008720067,-0.42029837,-0.13340145,0.22712745,-0.049488906,-0.3389378,0.12898195,0.40762767,-0.4005426,0.1964108,-0.082096316,-0.2598422,0.05862109,0.01325069,0.19550495,0.22927499,0.04122191,-0.16043507,-0.075204924,0.30273598,-0.16331463,-0.17058858,-0.22682948,0.015949013,-0.14158183,0.014607322,0.092558496,-0.24387574,0.13021812,-0.43016666,0.07318914,0.06811032,0.021249665,0.013821,0.044078764,0.22353305,-0.15089184,-0.57729965,0.071153335,-0.01144696,-0.35887942,0.4040716,0.11485575,-0.27862597,0.31300962,-0.026077237,0.015529932,0.4493428,0.19398911,-0.051394694,sport
-0.19045123,0.1757435,-0.23950417,0.106159575,0.02159705,-0.19026785,-0.10781674,0.1753393,-0.28301966,0.18795387,-0.34698474,0.2703533,0.08966967,0.26550022,0.28165007,0.16976748,-0.17403352,-0.393777,-0.19461086,0.09155827,-0.1852013,0.06371083,0.16477467,0.20576346,0.17079195,-0.029188374,-0.023770547,-0.26621807,-0.3190235,-0.03694129,-0.1134709,-0.14285298,-0.2611108,-0.03470002,0.10148538,0.063742094,0.12268768,0.058139052,0.18933141,0.1625594,0.07076154,0.009485957,0.12650283,0.013772285,0.12712002,-0.025672648,0.24891984,0.294405,0.54424435,-0.25023848,0.06124871,-0.44339743,-0.2506107,0.17604457,0.10061211,-0.37591976,0.0813628,0.17085713,-0.38388684,0.13651705,0.026103225,-0.11588721,-0.074636966,0.06824061,0.22299072,0.10151615,-0.06502628,-0.090680234,-0.051394112,0.12116476,0.04193466,-0.19347014,-0.20012233,-0.05033877,-0.096233755,0.068956986,0.015551152,-0.19581936,0.088102244,-0.41323623,0.08080281,0.008332241,0.030811723,-0.12780555,0.082974054,0.37602332,-0.13770969,-0.4003595,0.097814836,-0.0028466312,-0.32366955,0.15106893,0.1673967,-0.20620978,0.2449024,-0.17986806,0.2645605,0.21922052,0.08047913,-0.1542604,sport
-0.18044347,0.24824291,-0.20219633,0.12326069,0.017762145,0.005649739,-0.3028949,0.0538066,-0.08385405,-0.0536762,-0.3202479,0.17240368,0.26059654,0.30043745,0.11056781,0.19683504,-0.113321766,-0.45539734,-0.18361197,-0.055791415,-0.23270807,0.272058,0.103572845,0.11901656,0.120267875,0.21236138,-0.17088816,-0.2999919,-0.16214997,-0.10129785,-0.20614737,-0.017291509,-0.375892,0.030073274,0.09971353,0.25290218,0.10822362,-0.09051987,0.06555719,0.34207898,0.16910915,0.00241727,0.09551133,-0.035878975,-0.010382229,0.10805143,-0.061172795,0.30303052,0.6513527,-0.14531015,0.07791339,-0.50604755,-0.17823797,0.35841668,-0.11989846,-0.38577953,0.08595138,0.24160643,-0.39094138,0.0583622,-0.045168273,-0.260075,0.1345608,0.18378302,0.09211281,0.15860617,-0.003560586,-0.24001709,-0.007056232,0.13981542,-0.10874782,-0.14131111,-0.20741272,0.13090697,-0.20783035,-0.08554929,0.00609841,-0.23028901,0.031155363,-0.26194727,0.03544504,-0.018337129,-0.10543912,-0.13623513,-0.030128358,0.25360614,-0.29540282,-0.586955,0.0002677948,-0.15754777,-0.4422492,0.27213964,0.19532715,-0.053269446,0.26822373,-0.1296348,0.064677246,0.1492607,0.20023523,0.09295256,sport
-0.11721535,0.1268674,-0.32737502,0.15895765,-0.064102836,-0.08584846,0.1408224,0.058843415,-0.512967,0.14835332,-0.4664157,0.2551903,-0.13363345,0.13104488,0.19661434,-0.12311849,0.12570967,-0.57812685,-0.011727128,0.080134444,-0.2169963,-0.10861507,0.109065965,-0.0030197853,0.24121712,0.0069741686,-0.35525125,-0.11937644,-0.5380121,-0.18572646,0.10162817,-0.122302994,-0.13688174,-0.054460768,-0.15732193,-0.06591733,0.19745545,-0.18367876,-0.03195713,0.37460366,-0.05577323,0.18762791,0.3344699,-0.06384151,0.082239024,0.001365427,0.11885101,0.34265077,0.80142057,-0.28861865,0.2344017,-0.6433624,0.301692,0.2713699,0.15175419,-0.3195261,-0.2050217,-0.24811624,-0.37734896,0.18329665,-0.0761128,-0.35703743,-0.044082332,0.48503435,0.30104753,0.3118673,0.050478797,-0.020335099,-0.16489957,0.27916116,0.17755517,0.07723872,-0.076454856,0.10388723,0.0089740725,0.4378309,-0.16104819,-0.22911891,-0.07842312,-0.40451792,0.0054621757,-0.40212765,-0.19225244,-0.08686924,-0.008030983,0.23602691,-0.49048963,-0.52024174,-0.20742856,-0.12309137,-0.21384841,0.41677758,0.090058185,-0.10207858,0.34599152,-0.08340002,-0.054087453,-0.016181521,-0.05927229,-0.02247439,finance
-0.031014623,0.27289915,0.052444134,0.050780866,-0.06788311,0.087555945,0.0152691435,-0.023826467,0.04422772,0.006326731,-0.37653238,0.19737928,0.41399133,0.14807563,-0.006256087,0.020519268,-0.03611398,-0.40612173,-0.054626867,-0.2529839,-0.18389934,-0.042010523,0.1783561,0.2657725,0.03395354,0.38414422,-0.2298611,-0.044447973,-0.054698855,0.24640743,0.06163302,-0.07428754,-0.16577622,-0.09666781,0.33273017,-0.16988406,0.3252205,-0.15828928,0.17515469,0.35651392,0.31926748,-0.13017,0.064519346,-0.1415029,0.10111147,0.2913407,0.34085575,0.3521503,0.36341363,-0.121881016,-0.083414204,-0.4111842,0.11508076,0.29002827,0.08933141,-0.12234379,-0.05032342,0.061029356,-0.2732832,0.31949982,-0.13697255,-0.28286025,-0.08686102,0.39935634,0.13965468,0.18029453,-0.090310544,-0.32878768,-0.13013142,0.034712393,-0.15265551,-0.16544807,-0.10250218,0.019198222,-0.198104,-0.25710154,-0.080239736,-0.28225315,-0.16369924,-0.36713326,0.18686925,0.31236216,-0.13032377,-0.05599049,-0.1412557,0.15032788,-0.23634478,-0.65064615,-0.018932583,-0.21646976,-0.29170668,0.39130667,-0.0045196875,-0.2921592,0.23360412,0.17985125,-0.0045526507,0.12202292,-0.17873114,0.025719691,finance
-0.09578444,0.2732006,-0.09328104,-0.009712618,-0.100116044,0.12972406,0.09876229,0.33488595,-0.46246296,-0.063986585,-0.4682221,0.2893943,-0.07559022,0.2919842,0.20505047,0.085240275,0.055706434,-0.43260974,-0.028028984,-0.035277847,-0.16132843,-0.010439355,0.08851483,0.23732963,0.3974039,-0.025085142,-0.26748753,-0.23357464,-0.42392957,-0.021597298,-0.04514327,-0.1822694,-0.07116576,0.12969616,-0.13116695,0.049267862,0.24012785,-0.0475377,0.19348562,0.23996882,0.10859055,0.008944006,0.2680918,0.09142201,-0.14790213,-0.014471955,0.22389714,0.32118574,0.7866385,-0.25643075,0.067455664,-0.7073531,0.043725453,0.20697755,0.13732871,-0.18206482,-0.24905956,-0.0013363771,-0.32623902,0.2593801,0.13635272,-0.3643248,-0.22444457,0.19634359,0.3770694,0.25683478,-0.081726,-0.21879391,-0.16673544,0.2204257,0.10562192,0.009799013,-0.32767335,0.24713051,-0.018338213,0.13594341,-0.08832931,-0.2373372,0.10184765,-0.183174,-0.058803044,-0.23888355,-0.041423526,-0.13275598,-0.009288438,0.19864827,-0.5382502,-0.6127002,-0.09513257,-0.03735679,-0.3683503,0.41727728,0.08862382,-0.07795035,0.20144935,-0.051786736,0.04835799,0.115680434,0.016699838,-0.076096795,finance
-0.17119789,0.12946111,-0.22474636,-0.054335795,0.00761349,-0.0049684616,-0.025138915,-0.024915049,-0.11321625,-0.07454162,-0.30127135,0.04970727,0.26844364,0.098167196,0.24089685,0.091011845,-0.011623481,-0.4006363,-0.014632498,-0.07870616,-0.17106862,0.119868174,0.03138296,0.065709144,-0.003675129,0.05293098,-0.29550898,-0.046646155,-0.14024052,0.19945443,-0.040189628,-0.050814033,-0.24576013,-0.014508976,0.3689909,-0.20718521,0.24880898,-0.11287212,0.014405157,0.08811837,0.22026849,0.031424712,0.2506139,-0.205555,0.23897068,0.36846238,0.3810803,0.2075642,0.53595,-0.24182732,0.088679366,-0.44947156,0.10543024,0.2435168,0.03405426,-0.04507111,-0.05116346,0.33836207,-0.29577735,0.24629019,-0.13267766,-0.3070008,-0.217053,0.4202177,0.267087,0.2072433,-0.0745704,-0.15256816,-0.101546556,0.016322374,-0.18413845,-0.18737291,-0.06631461,0.12837052,-0.31854802,-0.20749633,0.056078188,-0.16444701,-0.09749317,-0.106943086,0.21938148,0.119676195,0.003981176,-0.012040748,-0.06263575,0.1211301,-0.043122284,-0.48605546,-0.077116765,-0.117272034,-0.29021037,0.28809437,0.026152689,-0.4166335,0.19546638,0.09954253,-0.08251221,0.24515842,-0.06995394,-0.25886384,finance
0.011949258,0.10234929,-0.13858412,0.056440223,-0.093973614,0.032663576,0.0059708073,0.10577893,-0.20211178,0.0077989493,-0.32002914,0.15264527,0.16231129,0.18350862,0.21441641,0.11165434,0.05791318,-0.35119843,-0.047457602,-0.023407936,-0.18253009,0.20278169,0.096721396,0.23563394,0.24401091,0.049169153,-0.14080828,-0.24336104,-0.33080152,-0.016136842,-0.05081645,-0.12930468,-0.01958524,0.045818448,0.03082469,-0.04412582,0.2863963,-0.07417362,0.12716463,0.37764114,0.1711694,0.06848594,0.14874674,-0.048858963,0.094931856,0.10002326,0.36496177,0.28502804,0.55846745,-0.24688938,0.00040236078,-0.4987938,0.008276677,0.2786769,0.098393105,-0.17708203,-0.1802823,0.018983174,-0.33279285,0.09686451,-0.021645512,-0.28437418,-0.22737116,0.28922808,0.20008206,0.087535515,-0.09108487,-0.2518638,-0.05159391,0.16163363,0.043882307,-0.022580437,-0.189996,0.20244463,-0.013363582,0.025283625,-0.07770678,-0.16895203,0.006638382,-0.19619673,0.11862161,-0.010896739,-0.14832619,-0.103510484,-0.020977829,0.19387738,-0.31262302,-0.50324994,-0.018824203,-0.099081606,-0.3686287,0.36568645,0.08510388,-0.22589517,0.12314045,-0.092068106,-0.075614676,0.21702918,-0.01210147,-0.02071229,finance
-0.12616278,0.22048801,-0.1246825,0.008913554,0.115997635,-0.038147107,0.06444148,-0.18664633,-0.042733774,-0.052855443,-0.32255292,0.20925152,0.20864381,0.20963828,0.2903572,0.110147014,0.061231676,-0.37626335,-0.120571665,-0.12641652,-0.33549663,0.14387666,0.10902588,0.17640558,-0.00092089106,0.06789133,-0.15607749,-0.085551746,-0.19511089,0.24347496,-0.13598035,-0.16796176,-0.17797859,-0.1372594,0.17260382,-0.18698922,0.27884987,-0.1642639,0.071867995,0.15117905,0.2123066,0.051577996,0.2512178,-0.33408982,0.17489184,0.1581377,0.21553637,0.2934132,0.4921343,-0.1326396,0.07901202,-0.4453266,0.101932205,0.109272204,0.004503617,-0.09831989,-0.043002937,0.1679386,-0.31591368,0.3225209,-0.077344865,-0.2639569,-0.2626656,0.54543096,0.2734047,0.24420132,-0.018468618,-0.15757109,0.029237615,0.07793311,-0.20999736,-0.115298904,-0.021557443,0.10659631,-0.17390177,-0.17018849,0.13140051,-0.29849604,0.036258966,-0.036206998,0.14617614,-0.057834562,-0.13836879,0.09972216,0.040600467,0.21471992,-0.28260517,-0.5371363,-0.06183289,-0.0582127,-0.17763089,0.42467526,0.090907015,-0.32169357,0.21516716,-0.0039462848,0.018465811,0.30821487,-0.09763163,-0.19776633,finance
-0.07563461,0.1112549,-0.25446698,0.18849438,0.0042472803,-0.05949484,0.09069964,0.09693659,-0.19799076,0.029309688,-0.3118627,0.16129161,0.15346548,0.24899569,0.11085245,0.08782739,0.04674704,-0.4212564,0.035426926,-0.014511309,-0.124606624,0.01922892,0.09526832,0.14500606,0.21616746,0.043039545,-0.1075343,-0.12119781,-0.23605879,-0.026318733,-0.027369356,-0.24032755,-0.13951513,0.03196457,0.09603551,-0.053962715,0.0942716,-0.20532219,0.054966446,0.21674918,0.07765437,0.14177392,0.17625625,-0.07476539,0.023554944,0.10932161,0.19966632,0.27471384,0.53449345,-0.3181004,0.10480979,-0.491314,-0.015820028,0.20603912,-0.002875352,-0.06882315,-0.120977916,0.06977032,-0.33617705,0.34400645,0.017522912,-0.26968777,-0.25650522,0.3237905,0.16130011,0.14954655,0.012893111,-0.090179436,-0.051964346,0.16007024,0.027735172,-0.17327182,-0.14078644,0.0741526,0.0027176633,0.02299096,-0.009989151,-0.2106449,-0.12638807,-0.17435111,0.0009926386,-0.18716317,0.004219,-0.019338876,-0.019598512,0.29063246,-0.18748513,-0.58732104,-0.083043225,0.013166696,-0.28498846,0.34447274,0.15114094,-0.21693645,0.19838576,-0.0642877,0.17561,0.10659115,-0.025310928,-0.1133604,finance
-0.006290099,0.15316907,-0.027175613,0.12432126,-0.15715009,-0.1814799,0.13830525,0.07280276,-0.06429639,-0.15923792,-0.69721043,-0.0005573675,-0.01827908,0.01229651,0.13768445,0.1478981,-0.20906545,-0.41287524,-0.14981663,0.08007553,-0.104032464,0.2540016,0.06866222,0.1857314,0.24916275,0.036980588,-0.18762766,0.16766223,-0.36162275,-0.099969216,-0.01852678,-0.13312481,-0.15774368,0.10526031,-0.014670947,-0.1914581,0.5111267,0.030219825,0.04855582,0.23049144,0.24900568,-0.32341206,0.2528694,-0.39297187,0.096080124,0.5173624,0.38878676,0.5740372,0.5124754,-0.5501631,0.0053767245,-0.62347525,0.26429772,0.19512361,0.13448651,-0.11368494,0.115337916,0.3533049,-0.2166832,0.08686174,-0.01826856,-0.11507953,-0.23365033,0.18729094,-0.087846674,0.12822321,0.11574834,-0.28332543,-0.21059601,-0.169286,-0.2195152,-0.36683235,-0.23345292,0.13287549,-0.15797907,0.22584553,-0.05399179,-0.2563147,0.009080637,-0.13873543,0.22774257,0.2141876,-0.18979056,0.050809022,-0.2672904,0.44621345,-0.12242166,-0.49535528,0.11693426,-0.14390571,-0.36290947,0.28365263,0.021580055,-0.51384664,0.0047956426,-0.25800705,0.18916644,0.12894888,-0.14266552,-0.03182357,finance
-0.06896913,0.22637203,-0.10915563,0.029978855,-0.036295846,0.004772622,-0.07535407,0.0068710214,-0.20078486,-0.13750403,-0.39095974,0.09091172,0.20013377,0.27843887,0.23310502,-0.07147193,-0.09437607,-0.18768394,-0.20988838,-0.12822367,-0.25686154,0.18074301,0.19600737,0.11824066,0.16696148,0.19169508,-0.23960117,-0.27853394,-0.39608806,0.0655827,0.0118609145,-0.16383886,-0.11549594,0.00015156006,0.1687116,-0.015837362,0.14884833,-0.25313458,0.16307093,0.10069119,0.07972803,0.0752479,0.26163423,-0.12473481,0.08321352,0.23366196,0.15190226,0.2731427,0.53740424,-0.08759151,-0.09546029,-0.46558183,-0.052587673,0.34030062,0.102570854,-0.22223803,-0.047435775,0.09739069,-0.38717666,0.20189705,0.012749208,-0.20059974,-0.23474914,0.307497,0.36811337,0.18614264,-0.053262416,-0.2105808,-0.059663404,0.17911342,-0.13985536,-0.02310672,-0.22572288,0.15344933,-0.20119645,-0.19020927,-0.019604811,-0.35486692,-0.034079086,-0.33533204,0.10614562,-0.06210041,-0.016037462,0.016260304,-0.05452492,0.33419767,-0.20859528,-0.5138992,-0.08637118,0.10952986,-0.262285,0.20421544,0.14711304,-0.37934345,0.12692772,0.16357812,0.025802499,0.21960047,-0.046214145,-0.24799216,finance
-0.21222536,0.19030681,-0.251413,-0.05435383,-0.14069949,0.0039672814,-0.098251134,0.008974049,-0.17844357,-0.14494345,-0.29484478,-0.027221626,0.25960582,0.09833556,0.28064153,0.037772983,-0.07614589,-0.38120064,-0.04440895,-0.12013135,-0.27577633,0.15326908,0.10446215,0.06813148,-0.0013888144,0.024558699,-0.27025983,-0.07529549,-0.15432152,0.16751121,0.0054759677,-0.10249006,-0.24538854,-0.013103626,0.3788151,-0.20718727,0.25563067,-0.1327339,0.04117993,0.09632415,0.2159023,0.12814662,0.2108358,-0.23462975,0.24809147,0.3213197,0.39804307,0.24163307,0.5437745,-0.21087675,0.057907872,-0.5152573,-0.0003053718,0.22630243,0.1281992,-0.08359716,0.038340446,0.36940548,-0.41387382,0.26533422,-0.14292283,-0.32068565,-0.27164346,0.40040317,0.3111863,0.20198117,-0.07304512,-0.17651622,-0.070626795,0.04837898,-0.10723236,-0.19038355,-0.10371672,0.19687028,-0.28902715,-0.21701404,0.10340819,-0.19443391,-0.08121579,-0.1346139,0.18339431,0.07530056,0.02503293,-0.031834602,-0.14367236,0.16207694,0.03128236,-0.5240396,-0.15298207,-0.076527044,-0.31966317,0.22623317,0.0716072,-0.38896984,0.09990472,0.13830613,-0.07041474,0.21520162,-0.008627965,-0.2798386,finance
-0.20172326,0.107148096,-0.041007265,0.030117875,-0.16547368,0.14972724,0.12551416,0.20298253,-0.1772936,-0.09602774,-0.4854614,0.34673297,0.16049047,0.5288791,-0.024954151,0.04029965,0.19443022,-0.37403628,-0.18964814,0.34283137,-0.19526683,0.33522117,0.14374685,0.46358162,-0.013424597,0.16598482,0.00943011,-0.06804142,-0.2969385,-0.07347087,0.17711708,-0.17216955,-0.20739585,0.28988203,0.13111088,-0.09730356,0.10751091,-0.1602091,0.09066844,0.29754284,0.014403989,0.12869969,0.3445994,-0.27474612,0.13949911,-0.06960285,0.318016,0.44720796,0.49188653,-0.08208773,0.1073979,-0.5632064,-0.068037055,0.25236636,0.19310127,-0.13923958,-0.056071103,0.053199604,-0.63778174,0.2010843,-0.07882058,-0.12996347,-0.32504562,0.4741081,0.21865898,-0.024512738,-0.16750965,-0.31725925,0.17138565,0.22301136,-0.09609236,-0.09277961,-0.4303192,0.20466506,0.0033617446,-0.045472424,-0.19507977,-0.31391722,0.24552323,-0.1507943,0.2551507,-0.0810462,-0.38483906,-0.020525903,-0.11684978,0.35689223,-0.16441311,-0.6477265,-0.015644422,-0.11380622,-0.4246406,0.2516769,-0.030628337,-0.35418263,0.14076531,-0.043246914,0.10789658,0.23022999,-0.1115071,-0.14708199,finance
-0.21563706,0.3615851,-0.12095986,0.13318314,-0.26750907,-0.016655317,-0.0632325,-0.06306478,-0.13483618,-0.14710414,-0.5720737,0.23593222,0.32996428,0.16398485,0.111608386,-0.033096116,0.115822665,-0.2899185,-0.19283795,-0.26228023,-0.15563819,0.18289597,0.4142989,0.04765062,0.05580122,0.2041865,-0.22943158,-0.18191715,-0.18654193,0.097477876,0.25752705,0.10522777,-0.20723087,-0.045310494,0.30703107,-0.24266659,0.3249903,-0.24077551,0.15843932,0.11899941,0.17652653,0.13282573,-0.013035242,-0.28033432,0.29327485,0.2543582,0.40816706,0.30478203,0.4845107,-0.008493918,-0.07580395,-0.3547365,-0.17760481,0.37214485,0.01692068,0.12399243,0.028319392,0.2390741,-0.6312119,0.21373105,-0.16575152,0.030602532,0.00545412,0.331738,0.329737,0.14770007,-0.05433011,-0.05543263,-0.16198726,0.20043793,-0.2686281,-0.15660009,-0.13050434,0.19864593,-0.31287736,-0.17459162,0.042007208,-0.472984,-0.17069052,-0.35643324,0.17139022,0.17303267,-0.3030728,-0.05783089,-0.11197406,0.3049515,-0.07752412,-0.42797345,-0.16746454,-0.03633166,-0.18909727,0.039673768,-0.009035867,-0.39477524,0.13557157,0.1989877,-0.14965284,0.2783475,0.02078176,-0.37772834,finance
-0.20294674,0.29031312,-0.10342686,0.09046354,0.054801423,-0.15703915,-0.027519766,0.07656865,-0.08037528,-0.022852106,-0.3625024,0.15336399,0.35438025,0.21410392,0.16243644,0.03541287,-0.03848544,-0.4123847,-0.0427138,0.08588112,-0.2988566,0.17569883,0.15149054,0.12614946,0.115374036,0.05641413,-0.109061554,-0.09724146,-0.19618735,0.17449762,-0.04851284,-0.02638632,-0.21260148,0.019952726,0.32103318,-0.05892347,0.21717085,-0.25009412,0.010574317,0.24145706,0.14642619,-0.029294128,0.08457162,-0.11589492,0.2168706,0.11983005,0.24980241,0.31398904,0.40411267,-0.11691498,0.010456638,-0.38793135,-0.09210109,0.087499306,-0.017635476,-0.09396924,0.17379893,0.27145982,-0.37986344,0.23978178,-0.13228267,-0.28836522,-0.17076062,0.26887673,0.20118883,0.056528747,-0.087693244,-0.24270886,0.06338944,0.04545071,-0.049550753,-0.24618635,-0.01731718,-0.04394834,-0.16833206,-0.28955907,-0.030586721,-0.32839543,-0.1768181,-0.122501954,-0.12947735,0.051447053,-0.09824618,-0.15527596,-0.045858517,0.24038886,-0.059026916,-0.4748621,0.092458464,-0.18358552,-0.1926983,0.122550994,0.20302066,-0.13162561,0.020800805,-0.02715035,0.10284447,0.20174716,-0.1130313,-0.2461366,finance
-0.1173806,0.1484102,-0.049204193,0.15011175,-0.03318851,-0.05328207,-0.10975807,0.023241017,-0.12881683,0.00025787618,-0.32393262,0.093309596,0.27136275,0.23532914,0.02344965,-0.0073937834,-0.02241927,-0.30726343,-0.072207846,-0.14215499,-0.16339639,0.14156444,0.18960059,0.16370726,-0.0030676108,0.2636552,-0.19421533,-0.07196215,-0.121031374,0.12917492,0.022086555,-0.027327463,-0.173932,0.08053484,0.28157526,-0.1486074,0.25689077,-0.21523748,0.060430624,0.14888783,0.15530775,0.012573689,0.184399,-0.17707357,0.22310455,0.11473601,0.29651487,0.24434368,0.4163248,-0.14522777,0.06727309,-0.38361362,0.014960581,0.35968432,-0.11495698,-0.111699745,0.108089335,0.20246299,-0.4317799,0.250356,-0.17101018,-0.16337706,-0.1808381,0.36666822,0.26228365,-0.0019815965,-0.116409816,-0.078225605,-0.024872044,0.08048105,0.006734291,-0.181181,0.04082906,0.19703175,-0.13913675,-0.1304373,-0.0022761289,-0.37318337,-0.2201666,-0.18677518,0.1157847,0.10104536,-0.17099702,-0.055353753,-0.14598934,0.32562807,-0.062019765,-0.5587342,0.051168155,0.0017233028,-0.32914826,0.27065492,0.114299946,-0.45203057,0.22570519,0.07266919,0.15884058,0.097703986,-0.1662368,-0.058591653,finance
-0.020991081,0.05746816,-0.027551847,0.09561803,-0.16956286,0.11044807,-0.12858027,-0.01401285,-0.2889801,-0.020774178,-0.33814502,0.10440405,0.1486783,0.2812537,0.258744,0.042739917,0.018568436,-0.17995812,-0.06330394,-0.048028897,-0.22825219,0.20639867,0.2028849,0.105147615,0.06912536,0.15487988,-0.19399725,-0.20602545,-0.26815984,0.029695604,-0.008863334,-0.22506377,-0.19135047,0.06907045,0.06590794,-0.069028504,0.2000313,-0.16694744,0.19369107,0.18004206,-0.05508278,0.033368982,0.28720632,-0.090621665,0.09427421,0.21267444,0.17790422,0.31639385,0.6054604,-0.17746466,-0.091602735,-0.67188984,-0.09876871,0.40189907,0.023868047,-0.07448886,-0.087944426,0.050421957,-0.46067792,0.19553417,0.018960973,-0.19948468,-0.36124524,0.5234284,0.33966514,0.124126144,-0.04579322,-0.24519259,-0.18842301,0.17437176,-0.11243062,-0.11024876,-0.23662949,0.41732198,-0.1359749,-0.06901952,0.07466726,-0.4050469,0.06859513,-0.1771062,0.11569533,-0.10394648,-0.11022052,-0.07620488,0.049463093,0.41137648,-0.25719836,-0.5445468,-0.12116072,0.14051555,-0.32404125,0.249602,0.06436878,-0.2946788,0.18057811,0.042554192,-0.006666463,0.23333459,-0.052875314,0.027230768,finance
-0.16639987,0.14947331,-0.21295947,0.044463642,0.11375679,-0.14158185,0.071538635,0.0019721445,-0.14379418,-0.013123834,-0.31831488,0.22194247,0.24608696,0.3023863,0.17497578,0.1740921,-0.023190187,-0.34848878,0.041011687,-0.103609264,-0.010314981,0.051196523,0.024471432,0.19240364,0.03145487,0.033121955,-0.075298235,-0.115688555,-0.23792472,0.23241262,-0.20705964,-0.112825945,-0.12173956,0.05534839,0.29228428,-0.1906924,0.13056676,-0.15944839,-0.028031245,0.04059863,0.11021252,-0.026672496,0.19491945,-0.10429206,0.09807509,0.3133387,0.33644605,0.3263597,0.3835418,-0.22158685,0.18555662,-0.39654347,-0.077214345,0.20317686,0.012149119,0.07619759,-0.028726859,0.30957177,-0.35215884,0.22909299,-0.07057447,-0.153747,-0.39613616,0.3302372,0.19314021,0.05690227,0.009107774,-0.09917786,-0.2736076,-0.012652776,-0.12702926,-0.2698831,-0.22239098,-0.037758835,-0.12537675,-0.3169293,0.0065244394,-0.31579942,-0.20097418,-0.2458104,0.07630984,0.053277098,-0.07438524,-0.052979063,0.1058732,0.23272382,-0.09864298,-0.35318163,0.10246962,0.18557997,-0.19319578,0.1447491,0.108132705,-0.28208983,0.17145005,-0.020453036,0.1750429,0.29802668,0.008060676,-0.3729821,finance
-0.13600664,0.16092959,-0.25847074,0.010556959,0.108801745,-0.15546492,0.13842249,0.08061926,-0.17966966,-0.049884547,-0.3884869,0.21518816,0.06415775,0.19578984,0.2221878,0.070394486,-0.1836338,-0.37134993,0.090914555,0.008842048,-0.13091344,0.050089527,0.008907744,0.06649088,0.0445979,0.008009976,-0.12749599,-0.24955517,-0.41393304,0.2654301,-0.03023569,0.033159897,-0.21544015,-0.005326205,0.16222452,-0.083589874,0.12460147,-0.24967599,0.06752659,0.06525066,0.07687186,0.07048853,0.25065032,-0.07429524,0.15513259,0.13267736,0.22859295,0.36604008,0.32884794,-0.29099235,0.103127845,-0.56274015,0.045781735,0.086776115,0.07019952,-0.04861849,-0.15766214,0.24223942,-0.3624568,0.214833,0.025344796,-0.04048342,-0.2610949,0.25409988,0.19933069,0.14798725,0.08243639,-0.015154659,-0.39677137,0.15665036,-0.13463731,-0.19657491,-0.25673184,0.043961376,-0.17737307,-0.14781967,-0.16985786,-0.2829904,-0.1102995,-0.23317721,0.20486306,0.02749209,0.061617155,-0.018936431,0.21969831,0.2275113,-0.19142604,-0.22784774,0.10447146,0.061203826,-0.22063214,0.08882591,0.05963982,-0.3305516,0.10930393,0.09108198,0.0860334,0.29012856,0.014341177,-0.360547,finance
-0.17521887,0.21205555,-0.26043144,0.18730335,-0.01375876,-0.09773496,-0.025119778,-0.010921166,-0.13126859,-0.18226358,-0.30999193,0.0894223,0.18473788,0.23731029,0.07180436,0.07445902,0.10385941,-0.3114125,0.030230187,-0.09316598,-0.20027743,0.2588539,0.23055248,0.036901914,0.13899209,0.073500425,-0.13025804,-0.26254883,-0.2512911,0.1385279,-0.07783793,-0.12479404,-0.29351288,-0.008206458,0.27089873,-0.1518871,0.12255572,-0.12306684,0.17785712,0.10798739,0.13387237,0.1236942,-0.0063492544,-0.1655738,0.11315555,0.12142583,0.24532552,0.45946082,0.5055924,-0.11570921,0.10689553,-0.27037576,-0.09529109,0.38684016,-0.024096364,0.015296667,0.15996268,0.2455372,-0.52457976,0.27156875,-0.05734882,-0.10969433,-0.22567233,0.36623293,0.20830952,0.13615869,0.010751537,-0.031375587,0.01525989,0.19481139,-0.1867792,-0.1492489,-0.13475461,0.2520539,-0.1873023,-0.19481707,0.0066114403,-0.4060874,-0.083294265,-0.22381397,-0.013180706,-0.10819996,-0.13028775,0.06052886,0.09050701,0.39348057,-0.09885246,-0.46481565,0.06736631,-0.08422657,-0.19174112,0.0598887,0.118084416,-0.29114282,0.22263268,0.09245981,0.18476401,0.15070225,0.070446804,-0.24633826,finance
-0.3498542,0.27789092,-0.24129164,0.08894628,-0.1789533,0.10143775,-0.20682274,0.024666013,-0.28327367,-0.2684987,-0.53984606,0.03897172,0.26219916,0.2780872,0.17926152,-0.12727526,0.0077893743,-0.1937307,-0.2226333,-0.1428592,-0.297095,0.1964919,0.27413955,0.044661332,0.12036697,0.22438127,-0.23412775,-0.270712,-0.19279805,0.11309797,0.22632717,0.08165464,-0.1733311,0.07310042,0.2661974,-0.017185366,0.04567419,-0.2801704,0.121314764,0.10421489,0.17647667,0.25884444,0.019431608,-0.2464428,0.2202223,0.24877177,0.35045996,0.2802611,0.4860623,-0.15295091,-0.114845596,-0.39133814,-0.26377583,0.3782104,0.09415908,-0.10932189,0.0515506,0.29959732,-0.50925195,0.16702995,-0.08553828,-0.05283073,-0.116340116,0.36791563,0.45356762,0.12833762,0.0055319928,-0.05672725,-0.19283125,0.18393783,-0.2560142,-0.1974173,-0.1436491,0.2676864,-0.27487513,-0.2650177,0.03999372,-0.46336812,-0.15515889,-0.22206372,0.15436806,0.18148746,-0.1920149,0.009359679,-0.19557372,0.4041827,-0.021964338,-0.37919137,-0.11355748,-0.014912438,-0.24728481,0.08616482,0.12904564,-0.4973944,0.051508006,0.3392196,0.0068747704,0.24193144,0.035703715,-0.28607735,finance
-0.19421954,0.19388813,-0.16257328,0.17546672,-0.15908487,-0.10349843,0.07257412,0.035173714,-0.061540257,-0.040167995,-0.5092057,0.27890563,0.22433035,0.17905296,0.023417104,0.017179027,0.17461455,-0.33298874,0.05370433,-0.10068412,-0.34776092,0.0422483,0.24045753,-0.10150303,0.0943524,0.12729813,-0.23319942,-0.17722021,-0.12912712,0.17886898,0.0606852,-0.048653677,-0.19763894,-0.0083795,0.39356378,0.013145275,0.18752734,-0.37058285,0.013313988,0.20093568,0.18513687,-0.026797563,-0.13947856,-0.2956909,0.121040314,0.26213866,0.3007991,0.44868147,0.5210745,-0.15547048,0.07572351,-0.4120747,-0.039097913,0.2755694,0.10078475,0.0053201406,0.14795797,0.2938241,-0.35348532,0.20844753,-0.22859684,-0.28124127,-0.2790444,0.46976453,0.2132804,0.024353487,0.054213043,-0.186223,-0.21874255,0.12777038,-0.1866718,-0.26620692,-0.08657458,0.14359982,-0.070461795,-0.35392183,0.0144199785,-0.4491878,-0.1634063,-0.28430587,0.014017224,0.17954636,-0.10188967,0.02373687,-0.16578853,0.28760716,0.011656667,-0.46803418,-0.018370423,-0.25447863,0.055676542,0.04092908,0.17748812,-0.37460855,0.13632491,0.13797411,0.093513206,0.18755573,0.009144157,-0.36423257,finance
0.019134792,0.24414492,-0.100873426,0.12509687,-0.1420834,0.31704056,-0.057656802,-0.05318543,-0.19380118,0.06480172,-0.59934026,0.054184742,0.23681967,0.24287133,0.27531505,-0.13377759,0.061965287,-0.19923599,-0.18634476,-0.064924195,-0.38748795,0.10797837,0.108615115,0.2974018,0.15345882,0.13454244,-0.1915859,-0.38208708,-0.42788836,-0.17748709,-0.004215062,-0.17371903,0.05322912,0.010975876,0.060433272,-0.08964397,0.28261763,-0.16624977,0.14743814,0.28623194,0.04613343,0.16085634,0.16040558,-0.14603874,0.26116222,0.14578237,0.3120223,0.36058974,0.58487576,-0.116530925,-0.24208926,-0.5204501,-0.0014472093,0.29989877,0.07607269,-0.18224761,-0.081687264,0.093565345,-0.43339565,0.13127354,-0.050698277,-0.32845974,-0.277963,0.30852193,0.2899746,-0.10893757,-0.19029298,-0.32167715,-0.17302087,0.30077684,0.015903015,-0.018319346,-0.13313831,0.23925385,-0.13068847,-0.16305812,-0.08025276,-0.26775596,-0.03528022,-0.31346554,0.09718159,0.15861414,-0.2572857,0.028916761,-0.09081565,0.37124136,-0.33357823,-0.49923003,0.02192753,0.005004125,-0.22402923,0.41849002,0.20106773,-0.35493276,0.09719844,0.3087138,-0.0077603892,0.19612412,-0.13167302,-0.06722183,finance
-0.02499438,0.23375303,-0.088729784,0.2297826,0.035391964,-0.06216804,0.077600144,0.022624226,0.053529907,-0.0018130176,-0.3867212,0.17165819,0.2694394,0.1313735,-0.028745526,-0.023676734,-0.06290359,-0.33549455,0.074127614,-0.18559214,-0.16500086,-0.0040716142,0.06953585,0.19313207,-0.060127735,0.17591998,-0.17450564,-0.15348168,-0.1774653,0.18769597,0.061670758,-0.040402178,-0.1957151,-0.062040906,0.23891321,-0.124475956,0.29527918,-0.32273287,0.14952388,0.20414953,0.19356477,0.021284178,0.12038038,-0.28406572,0.13707733,0.22798108,0.39914322,0.25202256,0.32434842,-0.14249162,-0.03730491,-0.42504922,0.047487337,0.2237563,-0.013909323,0.0013634133,-0.028417524,0.24229828,-0.3542265,0.34256002,-0.14838146,-0.23812751,-0.28402504,0.41311747,0.27326867,0.09201693,-0.09524046,-0.17435123,-0.09657433,0.10219879,-0.11693855,-0.13102666,-0.20600446,0.18968792,-0.11049966,-0.13982598,-0.055134684,-0.279818,-0.27025366,-0.23345189,0.28054172,0.19360279,-0.15575343,0.012858601,-0.10440942,0.3565323,-0.060035568,-0.5272427,-0.045266468,-0.011695873,-0.15701747,0.33528656,0.0702654,-0.3542095,0.122544974,0.16497016,0.09565974,0.10489303,-0.09559446,-0.19630478,finance
-0.036811862,0.29899374,-0.08788045,-0.029749515,-0.019554447,0.04064024,0.011833021,-0.07365835,-0.12642425,0.059434462,-0.4227822,0.2582259,0.30903906,0.24827233,0.041793324,0.032612152,0.052139718,-0.17884059,-0.06667,-0.20125018,-0.26314235,0.03599101,0.2893155,0.031583924,0.09148901,0.1697963,-0.28557566,-0.28388625,-0.24484573,0.1265025,0.07030505,-0.115467474,0.0054139476,0.019704452,0.26702288,-0.051166322,0.16558252,-0.29153895,0.19442868,0.19808654,0.15513788,0.094818786,0.09180113,-0.25998408,0.19309682,0.1784302,0.37555993,0.27385482,0.47939146,-0.27217546,-0.04315789,-0.39722064,-0.04126983,0.35091633,0.04691585,-0.0076387166,-0.018747363,0.13232574,-0.3063866,0.29612812,-0.063276164,-0.18931998,-0.4503661,0.41235465,0.2421918,0.07028077,0.038186472,-0.17245208,-0.17099214,0.21254584,-0.2464058,-0.10683912,-0.104949705,0.05645373,-0.100359075,-0.28339097,0.04440142,-0.33176062,-0.0863932,-0.25909346,0.16112451,0.15551125,-0.10679306,-0.03952293,-0.0014890425,0.19188918,-0.30323666,-0.55496347,-0.01727578,-0.046484865,-0.077753656,0.22109175,0.16609584,-0.43384936,0.13755724,0.19896503,0.0505304,0.16739275,0.041006684,-0.25108132,finance
-0.14375117,0.21459149,-0.1443929,0.13589329,-0.16543236,-0.06055391,0.032852147,0.008262207,-0.07682355,-0.098191015,-0.52756417,0.25721365,0.22808911,0.2751386,0.0048771724,0.018859623,0.098547965,-0.30817696,0.011560777,-0.12459454,-0.31016582,-0.04411376,0.18864702,0.03386164,0.061942622,0.14322458,-0.2134222,-0.21295686,-0.1279709,0.16020183,0.041984633,-0.11991713,-0.18624035,-0.04149411,0.321084,0.021000352,0.16167699,-0.29496145,0.04812297,0.18966946,0.106407754,0.02267313,-0.007904562,-0.2831496,0.14131647,0.24583347,0.30749404,0.4439667,0.48149714,-0.13975742,0.04866623,-0.37455752,-0.073503956,0.2984017,0.09528862,0.046407685,0.0413058,0.21376744,-0.41341013,0.18652438,-0.17244677,-0.28028148,-0.32765293,0.4599953,0.25882515,0.060750633,-0.053763546,-0.18905441,-0.2307735,0.11468073,-0.20816983,-0.28140262,-0.12236801,0.11256382,-0.058552865,-0.32879812,0.068512104,-0.38366136,-0.20430079,-0.32253152,-0.011223622,0.15152815,-0.028897481,0.059471257,-0.15613379,0.3402316,-0.045675237,-0.49222645,-0.04129737,-0.057184637,-0.022653334,0.07992203,0.15482324,-0.43795663,0.18358213,0.14448057,0.124486834,0.16032688,0.009323541,-0.3461693,finance
-0.14927433,0.11786975,-0.25818917,0.013063363,-0.08719962,-0.0141248675,-0.052158695,0.15171956,-0.03276191,0.094826415,-0.32255474,0.041326962,0.08055106,0.022396438,0.15177955,0.09685098,-0.026410937,-0.47966403,0.06382197,0.103026934,-0.08114674,0.17585114,0.117588,0.07350695,0.17917857,0.1149006,0.03155459,-0.24496941,-0.32452407,0.11120308,-0.025070162,0.10740053,-0.26954395,0.040983368,0.21457869,0.10962576,0.24167155,-0.24354051,0.12747702,0.14339586,0.032137476,-0.06875321,0.04098749,0.07301037,0.056844365,0.09695833,0.18415485,0.47534633,0.35614118,-0.17058255,0.08273118,-0.57717127,-0.13530271,0.3116979,0.047276195,-0.29313308,0.09464491,0.100285046,-0.3129459,0.14979169,-0.18935904,-0.19797252,-0.013964942,0.17710787,0.1195955,0.2602812,-0.08265246,-0.21190098,-0.21928632,0.09300393,0.022085557,-0.11980428,-0.05135955,0.05489101,-0.12434949,-0.040507182,-0.13941486,-0.30299735,-0.16230518,-0.074436955,0.13917238,-0.14050348,-0.06411422,-0.1935685,0.002616694,0.10324925,-0.26848525,-0.47801685,0.09196843,-0.30070838,-0.27721947,0.21229827,0.17138183,-0.018477278,0.15846725,-0.012003671,0.04036697,0.19767566,0.04080255,-0.033104543,finance
-0.21168394,0.3841334,-0.20430797,0.07121277,-0.33607194,0.11824147,-0.06672935,0.06331983,-0.21127596,-0.15389669,-0.5301211,0.19568805,0.37476146,0.15742774,0.0750996,0.052201066,0.16596001,-0.36562008,-0.13730204,-0.21397474,-0.20711146,0.304833,0.2924651,0.08810147,-0.033331696,0.28112185,-0.18465954,-0.22053993,-0.15648696,0.013328747,0.29327074,0.089135155,-0.19004643,0.03882882,0.3030523,-0.22234415,0.28323767,-0.27087322,0.17715763,0.10337468,0.18056989,0.16724594,-0.017079549,-0.3039851,0.21560095,0.28979352,0.4442245,0.3223452,0.5044147,0.011304183,-0.044823233,-0.4210436,-0.22720712,0.34987837,0.016719727,-0.036466923,0.019108059,0.16322544,-0.5558883,0.17458244,-0.23642482,-0.07490632,0.007552384,0.28786948,0.42916787,0.094167784,-0.09306891,-0.13648705,-0.13300173,0.2175446,-0.24031861,-0.14092661,-0.16639832,0.25044107,-0.32999945,-0.12100063,0.060932413,-0.43397492,-0.21055327,-0.25944266,0.21566248,0.1243385,-0.3661669,-0.103887305,-0.19284318,0.34333095,-0.11888932,-0.5213366,-0.17152192,-0.112659596,-0.24645054,0.13917169,0.01895134,-0.3441095,0.079028256,0.24162371,-0.12523799,0.2517387,-0.06428726,-0.32886782,finance
-0.1026431,0.27820477,-0.2369891,0.13717252,-0.2910853,0.12793119,-0.037177082,-0.02445124,-0.15545166,-0.13344005,-0.7194703,0.19866146,0.2951825,0.2249879,0.075220115,-0.1536089,0.04707073,-0.2581901,-0.19020018,-0.14063919,-0.22079825,0.22639236,0.25694454,0.13800439,0.035572253,0.28292793,-0.13973933,-0.48116136,-0.36936897,-0.07432587,0.27729592,0.06663098,0.023870302,0.0606903,0.27814454,-0.18101296,0.24982724,-0.30102122,0.18563285,0.17956065,0.10645184,0.27971095,-0.003775991,-0.21705672,0.24828629,0.26410314,0.3886804,0.3529616,0.54112506,-0.013872242,-0.23300514,-0.45937675,-0.1691854,0.38379192,0.11584717,-0.0051957243,-0.057892628,0.12953089,-0.57133186,0.17582329,-0.1659091,-0.06130882,-0.10714808,0.30404595,0.38400346,0.020086735,-0.14164305,-0.14668542,-0.16995913,0.34303468,-0.19864193,-0.048487153,-0.2742166,0.17130928,-0.18151076,-0.1712108,-0.10243561,-0.39962474,-0.24106759,-0.47068354,0.17986691,0.2233368,-0.3546098,-0.088014595,-0.1097581,0.37372792,-0.21209979,-0.45436528,-0.11365838,0.0035370688,-0.21951209,0.09956144,0.12881845,-0.46110362,0.1419121,0.28444803,-0.07288702,0.2157984,-0.05165526,-0.39461052,finance
-0.24164261,0.32731375,-0.13716517,0.18313815,-0.051482733,-0.12239598,-0.01800959,0.18197006,-0.10662887,-0.06625361,-0.5646331,0.23741035,0.3282074,0.3246174,0.0008210654,-0.118887104,0.0900547,-0.30013743,0.097465485,-0.015577021,-0.38386244,-0.027023409,0.07450776,0.031687927,0.06745247,0.2086752,-0.27338508,-0.26591358,-0.15499137,0.055163942,0.10122653,0.043988965,-0.22309017,0.066133395,0.4148222,0.033132937,0.16537806,-0.26591408,0.013295145,0.1271373,0.16716293,0.10801537,-0.056802593,-0.16339535,0.2520976,0.083105356,0.3735633,0.29353875,0.4318019,-0.12713273,0.016252808,-0.42155918,-0.041776434,0.2174849,0.01214022,-0.089810416,0.13147882,0.26252764,-0.32205006,0.27434886,-0.21053176,-0.31169862,-0.17334418,0.40631843,0.39456028,-0.06689349,-0.06047451,-0.23958497,-0.14724106,0.050748076,-0.24109234,-0.31389824,-0.07990466,0.20640092,-0.107633255,-0.27604452,0.025389208,-0.35417002,-0.14065698,-0.14872126,0.00527422,0.12849565,-0.0174701,-0.02139266,-0.15978949,0.23048195,0.0455624,-0.40346903,0.062210497,-0.054114014,-0.13587672,0.14805737,0.19122514,-0.266958,0.06956813,0.17867202,0.20424332,0.2199961,0.027689513,-0.3680622,finance
-0.20456482,0.30613443,-0.15036505,0.10620336,-0.19312245,0.09903071,-0.0017699399,-0.04695689,-0.27057162,-0.10239383,-0.5450449,0.25640434,0.35853714,0.17500581,0.16675144,-0.006384876,0.07915691,-0.31695983,-0.16703367,-0.21313365,-0.14298287,0.13944831,0.27794787,0.14751962,0.041329525,0.23815352,-0.19653001,-0.20532936,-0.20022313,0.06487937,0.23708105,0.051615655,-0.11749437,0.036790077,0.27278078,-0.17145751,0.30461305,-0.28837726,0.10889395,0.18849516,0.11182867,0.13136883,0.079644665,-0.21704821,0.27954563,0.2933158,0.4257323,0.31121057,0.5077628,-0.032652143,-0.10636279,-0.41525078,-0.14738095,0.3431899,0.081597544,0.09157454,0.004322813,0.18200073,-0.5979872,0.15769927,-0.16411918,-0.018014558,-0.10471946,0.33948892,0.31343,0.009798854,-0.05968973,-0.113145,-0.15842591,0.23741472,-0.20170306,-0.13082963,-0.16905361,0.12582657,-0.18824255,-0.18599331,-0.03520951,-0.3694692,-0.16627379,-0.4018659,0.13726066,0.207784,-0.3057047,-0.09587662,-0.17241035,0.34048828,-0.12540077,-0.43909225,-0.07581246,0.026196308,-0.18743594,0.06952606,0.062580116,-0.4486944,0.15722415,0.19651885,-0.13753515,0.25741544,-0.0579384,-0.33906475,finance
-0.15242153,0.3443009,-0.16786548,0.044257194,-0.14154464,0.0074768066,-0.05710345,0.049713846,-0.16133083,-0.13032258,-0.46243918,0.20927575,0.3095902,0.17729573,0.046724226,0.00979445,0.09528003,-0.3202337,-0.1498122,-0.2239304,-0.21494402,0.21611544,0.26405928,0.06180912,-0.00044041724,0.13496687,-0.18956737,-0.18402433,-0.17485373,0.14491023,0.157844,0.07635488,-0.1709201,-0.036964253,0.29045066,-0.20383501,0.28990996,-0.20306998,0.11789472,0.1804274,0.20372216,0.047238003,-0.027594,-0.26010868,0.2149408,0.20406969,0.47905028,0.28178996,0.46510375,-0.090923935,0.040733453,-0.39038593,-0.12460787,0.33531868,-0.00049048325,-0.07103263,0.013940892,0.20226848,-0.5644032,0.18232615,-0.19871248,-0.0996876,-0.057517525,0.2803856,0.2703778,0.10453151,-0.049245846,-0.1343522,-0.0974177,0.1527415,-0.19193134,-0.18642972,-0.0832645,0.2083902,-0.30566335,-0.15304129,0.083632715,-0.39486945,-0.1930924,-0.26531592,0.19642608,0.17611611,-0.1681253,-0.069002435,-0.1370932,0.2584818,-0.050018605,-0.45957646,-0.04651897,-0.07900896,-0.25821322,0.13336113,0.04244437,-0.35519978,0.1319536,0.13366644,-0.110157974,0.21013854,-0.036629986,-0.31638014,finance
-0.28109336,0.3060314,-0.16718653,0.09571808,-0.1725357,0.013266504,-0.097783454,-0.055275645,-0.30209702,-0.13950206,-0.53107923,0.16589841,0.34051836,0.23452957,0.187643,-0.072043754,0.02591918,-0.2748781,-0.17068817,-0.19489478,-0.17049995,0.13359469,0.30129892,0.05766124,0.08944546,0.22400236,-0.24072418,-0.19020578,-0.15527146,0.09686366,0.23710218,0.103116535,-0.15683888,0.049823098,0.2914892,-0.1167749,0.22592193,-0.30237815,0.068983674,0.13490838,0.14803125,0.13630532,0.09685765,-0.24072646,0.3240693,0.21980196,0.4314194,0.26415744,0.47364968,-0.08731031,-0.09673245,-0.41439205,-0.20787473,0.37503183,0.045388676,0.07295693,0.054546107,0.27059844,-0.6192569,0.15981747,-0.15362489,-0.018908024,-0.06624963,0.38831806,0.41308743,0.07008113,-0.032424897,-0.034875534,-0.18037601,0.21899238,-0.2667653,-0.21140331,-0.16064297,0.19654322,-0.2530467,-0.22157599,-0.020119106,-0.4471287,-0.16798419,-0.2969055,0.1342631,0.19793285,-0.2402502,-0.07199607,-0.22870499,0.3539356,-0.013975883,-0.40715817,-0.08265215,0.041277952,-0.21176416,0.026322953,0.117967,-0.49118614,0.10963917,0.25593352,-0.10170234,0.27787742,0.015025778,-0.38537586,finance
-0.11439802,0.28860727,-0.17301132,0.05000228,-0.18418431,0.025671385,-0.069514595,-0.039619558,-0.14039592,-0.1491049,-0.45601922,0.13878176,0.31338516,0.20213673,0.07397912,-0.06079507,-0.08300148,-0.28544524,-0.12463409,-0.21019965,-0.35768363,-0.07297363,0.16989021,0.07191311,0.09235521,0.24537313,-0.3463299,-0.21253264,-0.11829162,0.09463709,0.088919744,-0.07579497,-0.046593916,-0.04044195,0.36486933,-0.1212338,0.23226614,-0.36035597,0.109054744,0.10088359,0.2115675,0.1879938,-0.054305527,-0.30781117,0.26219794,0.27321264,0.32592043,0.27258214,0.4430026,-0.18051742,-0.009700023,-0.4063431,-0.063020535,0.30562857,0.059687488,-0.01579293,0.042991575,0.2091468,-0.3497588,0.3056937,-0.09851494,-0.2912992,-0.3467179,0.39142808,0.28765228,0.03973343,-0.040608168,-0.23517986,-0.16792235,0.1357282,-0.17774025,-0.19303943,-0.15922254,0.1001148,-0.06935781,-0.33664432,0.034559216,-0.3109943,-0.113605246,-0.26086074,0.12581521,0.26801243,-0.041071378,-0.013501467,-0.20290488,0.25512862,-0.027590914,-0.52804214,-0.11255955,-0.09197824,-0.09958269,0.229847,0.20788756,-0.4666008,0.053997986,0.317883,0.045262,0.19581091,-0.047318287,-0.28524438,finance
-0.006921581,0.19549973,-0.19506209,0.11373242,0.078617446,-0.011016118,0.17942879,0.09725844,-0.11698511,-0.1650777,-0.31440064,0.13870522,0.1279046,0.13762224,0.101342544,-0.049622785,-0.043987934,-0.3523676,0.096100844,-0.071382225,-0.32164854,0.17280196,0.017355109,0.05963147,0.04897982,0.11512621,-0.149025,-0.12821956,-0.23024793,0.16282302,0.032233562,0.02848367,-0.058139447,-0.033513118,0.2934613,-0.24398845,0.24403894,-0.28458568,-0.020094948,0.071986966,0.18030562,0.059890363,-0.07504484,-0.30538452,0.15552923,0.2610974,0.4741141,0.20587988,0.46300578,-0.25751582,0.15480831,-0.5383208,-0.055435285,0.19661927,0.012710075,0.036086902,0.005901021,0.3553543,-0.44037455,0.29090133,-0.2038824,-0.1307747,-0.15016817,0.22157054,0.18320192,0.06465695,-0.02010135,-0.19803694,-0.22176306,0.17011029,-0.13671543,-0.16820288,-0.13980891,0.2948471,-0.11413245,-0.19999942,0.02871091,-0.3183858,-0.18971615,-0.03369216,0.16761237,0.016942417,-0.18104471,-0.14709496,-0.04832082,0.22298224,-0.0938579,-0.52050036,0.06604243,-0.17038922,-0.3222532,0.3874295,0.15069608,-0.2608293,0.11819997,0.014520581,0.11226949,0.30398288,0.058509253,-0.24205415,finance
-0.11573689,0.28534934,-0.20652483,0.1275364,-0.25189406,0.16836673,-0.011767696,0.011120414,-0.2224249,-0.052919913,-0.6344238,0.22889979,0.24617305,0.24411064,0.12759836,-0.028658254,0.09987126,-0.31077728,-0.18706754,-0.064388484,-0.17719877,0.21660896,0.28721955,0.16981739,0.106740765,0.20996957,-0.11869237,-0.39075226,-0.37120682,-0.06359225,0.33100852,0.022671988,-0.0022721116,-0.0009880117,0.17262049,-0.07765469,0.21910729,-0.2610701,0.18997085,0.20513639,0.058568034,0.18532524,0.023694858,-0.13902113,0.18552065,0.2387541,0.36170244,0.35800132,0.52213377,-0.0319125,-0.19158427,-0.38455713,-0.12746868,0.3441057,0.081357144,-0.0033739158,-0.079354934,0.092867464,-0.57468224,0.12767488,-0.1345021,-0.014294066,-0.21214381,0.28595373,0.4072184,0.059493706,-0.12385222,-0.09966227,-0.16708156,0.28087774,-0.22173183,-0.072370134,-0.22145274,0.17202462,-0.17354856,-0.17434913,-0.06630823,-0.4225978,-0.19997863,-0.429939,0.11563155,0.22184104,-0.3953314,-0.05856773,-0.08507204,0.39929253,-0.22187993,-0.43173605,-0.14845344,0.06042523,-0.16254444,0.07315116,0.05693596,-0.44967183,0.12893882,0.20967606,-0.016487485,0.20457764,-0.08592731,-0.3075427,finance
-0.19604523,0.27672702,-0.13950753,0.17366466,0.057708986,-0.09018251,0.047597975,0.09029092,-0.040453855,-0.031497538,-0.498983,0.18473983,0.39638352,0.2635248,-0.0068729385,-0.006601026,0.0396936,-0.3794945,0.083435975,0.010765579,-0.3050357,0.014550246,0.009982938,0.07480838,0.095855705,0.15580194,-0.23014659,-0.16429962,-0.18746653,0.15302654,0.05336089,-0.054005798,-0.2226609,-0.06864279,0.3233264,-0.11200093,0.23638263,-0.21806991,-0.004688227,0.16007063,0.26741698,0.049080376,-0.035487734,-0.1610005,0.22443162,0.18439658,0.40265056,0.23468864,0.39582264,-0.106287256,0.07909902,-0.45639837,0.08608027,0.21460636,0.02066985,-0.023521129,0.061587144,0.29023206,-0.306121,0.30102187,-0.20746663,-0.35041904,-0.26324618,0.43683493,0.26785988,0.06841455,-0.037697736,-0.23461139,-0.1638315,0.07012386,-0.26929915,-0.28901953,-0.09107852,0.16759065,-0.17950608,-0.2537671,-0.022472758,-0.3260576,-0.11750491,-0.12398079,0.07400152,0.13544634,0.040168688,0.029065315,-0.17675246,0.19765896,-0.040117636,-0.46831718,0.038509704,-0.110653214,-0.22200575,0.25552455,0.16509353,-0.22477566,0.14876889,0.15157962,0.16433208,0.23522104,0.025727019,-0.35828775,finance
-0.24886268,0.29554158,-0.2875639,0.11440205,-0.06335401,0.118774705,-0.19017802,0.012262623,-0.11577796,-0.19445033,-0.44635892,0.0060586473,0.23711933,0.31789634,-0.01996241,0.14991678,0.11452199,-0.36372423,0.006935081,-0.22642006,-0.15428078,0.32250744,0.17390126,0.034724,0.058486156,0.20380358,-0.23521234,-0.4272901,-0.19856063,-0.048475936,0.06569373,0.062465552,-0.2594499,-0.021070186,0.28489658,-0.0072754067,0.12948734,-0.14674011,0.13922584,0.1900129,0.14350285,0.1458315,0.03030358,-0.24045177,0.016694209,0.10146822,0.22306338,0.44249293,0.5293749,4.8712824e-05,0.15142381,-0.30510807,-0.12209822,0.45355216,-0.040528413,-0.07859639,0.12171096,0.14964612,-0.47381556,0.17880988,-0.17880198,-0.2291223,-0.15820235,0.2255533,0.2878976,0.16299628,-0.06800225,-0.00015684706,-0.033867825,0.29874986,-0.20796572,-0.17963456,-0.21043274,0.1361243,-0.23098712,-0.19406076,0.07579362,-0.41030797,-0.21530028,-0.24594066,0.18150763,0.15273133,-0.256734,0.06343079,-0.009338765,0.35409358,-0.16735613,-0.59030885,-0.06973775,0.07219947,-0.17561059,0.05908206,0.13250928,-0.20872222,0.2199018,0.0887835,0.051542725,0.019868577,0.070838146,-0.25473505,finance
-0.16090567,0.11563729,-0.21126002,0.11544467,0.048901804,-0.025053557,-0.09975161,-0.03416368,-0.16627117,-0.017524434,-0.34277174,0.15519711,0.2575885,0.28691974,0.04672507,-0.055368524,0.028838914,-0.34961528,-0.07838101,-0.07053891,-0.1829275,0.08417077,0.24868757,0.11741562,0.11599407,-0.0028704756,-0.12789837,-0.17721438,-0.1701717,0.14977741,-0.096662976,-0.09739378,-0.13487992,0.040576342,0.23400925,-0.17559455,0.06550245,-0.23681197,0.046148248,0.07502692,0.14103231,0.046221204,0.102326185,-0.18627502,0.026763618,0.17042516,0.30921426,0.26534146,0.49181575,-0.1579167,0.10170416,-0.36964855,-0.13176353,0.2503991,-0.015203481,-0.08802956,0.023492377,0.21305148,-0.4262697,0.16757217,-0.116267756,-0.23559366,-0.28758168,0.41865072,0.34390816,0.06831348,-0.034109637,-0.066236995,-0.10131412,0.07819301,-0.09450175,-0.17175649,-0.06901262,0.08170695,-0.09515423,-0.16695495,0.10383261,-0.32894757,-0.16782516,-0.23487814,0.11599294,0.033647332,-0.025707684,0.026491122,-0.014032949,0.36945364,-0.11259685,-0.43322614,0.027102493,0.0015676933,-0.24319652,0.16127555,0.1653424,-0.37766087,0.16440521,0.030988334,0.10116063,0.18060651,0.025422018,-0.24752219,finance
-0.17062853,0.21117312,-0.2195973,0.03892268,0.083202176,0.16216524,0.0025910635,0.074546084,-0.20059809,-0.061750565,-0.46141914,0.15775084,0.18751183,0.39546466,0.07347176,-0.12716636,0.001836036,-0.3070936,-0.090149276,0.03236448,-0.11188412,0.13827448,0.25713617,0.15358846,0.11303378,0.09021602,-0.1661558,-0.28886202,-0.36073044,0.13534658,0.10916858,-0.069428146,-0.13709584,0.103624836,0.14391793,0.0145118935,0.15827838,-0.4115909,0.09374528,0.11026903,0.09768945,0.09956865,0.14040057,-0.17434965,0.07182743,0.119682886,0.16960558,0.37797463,0.42854464,0.009737141,-0.03226444,-0.3303985,0.031837344,0.3675723,0.035328813,0.012459422,-0.0061132615,0.26437294,-0.53705674,0.21442592,-0.18288477,-0.1440639,-0.48305494,0.3444262,0.3545736,0.04228723,-0.08826733,-0.14182618,-0.21181577,0.12168354,-0.10204763,-0.140658,-0.28887823,0.07913585,-0.1207908,-0.12308479,-0.12345479,-0.43869394,-0.010070533,-0.2544007,0.04433383,0.09950337,-0.07969171,0.065646976,-0.2135679,0.4061649,-0.14023183,-0.46386632,-0.084862344,0.08554027,0.001115678,-0.013420215,0.101143494,-0.52372247,0.068955466,0.1576849,0.08958634,0.13244034,-0.114809,-0.33256912,finance
-0.1388338,0.22626708,-0.20697826,0.1081178,-0.05325107,0.05756644,-0.043107048,0.04947524,-0.15140018,-0.056572847,-0.3684506,0.11162311,0.17023242,0.17388226,-0.0053481697,-0.16384065,0.02650216,-0.24721426,0.060143624,-0.1763388,-0.2570796,0.100460984,0.09474266,0.067593664,0.078029126,0.13881187,-0.19384772,-0.17197882,-0.14159775,0.20073183,-0.0023416248,-0.058775462,-0.14072894,0.10768487,0.34480587,-0.0975338,0.23130254,-0.25667608,0.055337116,-0.025599211,0.24838309,0.05895153,-0.019329693,-0.17970282,0.0868675,0.2344224,0.37924278,0.18567622,0.41446275,-0.16963513,0.043545075,-0.51998925,-0.051393896,0.3224942,-0.114569366,-0.017352622,0.024489291,0.24586347,-0.45108566,0.2911207,-0.24831879,-0.2655422,-0.15547475,0.3782891,0.31052986,0.029307919,-0.05128822,-0.28582942,-0.13677338,0.14160365,-0.12653208,-0.14935458,-0.1658372,0.38054127,-0.14009191,-0.19183834,0.012560964,-0.30002597,-0.12846732,-0.119678944,0.17922089,0.029561775,-0.045914248,-0.08800728,-0.26788068,0.34901506,0.090524934,-0.5381243,-0.052587785,-0.12634735,-0.26000157,0.3194611,0.20524606,-0.23612842,0.03325498,0.2358738,0.02268396,0.24243987,0.04070126,-0.27630815,finance
-0.16919687,0.1656344,-0.061356347,-0.0149236,-0.20944639,-0.06575984,-0.14174744,0.3287745,-0.11996768,0.052511703,-0.40667883,0.038715325,0.18103163,0.10240264,0.11304121,0.1414364,-0.03470962,-0.35122818,-0.02308197,0.055992942,-0.09173745,0.19002144,0.14136198,0.11538236,0.26309478,0.14486387,-0.02390192,-0.20676062,-0.29595822,-0.044230938,0.13624783,0.06265319,-0.24984758,0.18550949,0.045722514,0.15262799,0.25829306,-0.17363785,0.08729086,0.21366772,0.13078003,-0.04185741,0.23570509,0.05597989,0.026965763,0.028904382,0.0841301,0.5148494,0.40573555,-0.13564815,-0.012565489,-0.7215227,-0.13153668,0.34027606,0.08685477,-0.46428552,0.015037067,0.06163224,-0.13838468,0.18781593,-0.047566187,-0.042663336,-0.095891155,0.29562643,0.3294081,0.16007301,-0.053638853,-0.14443052,-0.2168047,0.08026752,0.098150864,-0.17945273,-0.07526503,0.19732189,-0.1436648,-0.0050465195,-0.11603665,-0.37899837,-0.17214735,-0.18817253,0.13563168,-0.1492746,-0.044029452,-0.16278417,-0.23477352,0.22652762,-0.18317819,-0.5101145,0.10975007,-0.22128868,-0.4086401,0.3139996,0.15333131,-0.1345289,-0.038169287,0.11561489,0.1816934,0.17153385,-0.08077955,-0.016819004,finance
-0.052471884,0.12121083,-0.09769991,0.17331742,-0.049543116,-0.09703422,0.0014411533,-0.0074803014,-0.066236265,-0.049507797,-0.48600024,0.23643826,0.17343879,0.24322435,0.055978164,0.04333396,0.004431591,-0.39441586,-0.02067313,-0.024969958,-0.16016161,0.058601733,0.06461251,0.2155319,0.07073565,0.029750783,-0.13298367,-0.19281417,-0.23128696,0.10152105,0.012261226,-0.107243784,-0.16674778,0.0125442175,0.16901761,0.024204532,0.2315112,-0.2704423,0.13456409,0.3050062,-0.025310276,-0.024348656,0.16935585,-0.1042959,0.07735711,0.091419004,0.22487006,0.37717435,0.4996011,-0.19527997,0.064988434,-0.43174842,0.04642699,0.21974288,-0.012406797,-0.16167106,-0.11621287,-0.03620858,-0.4192653,0.15643372,-0.10242029,-0.2501484,-0.27251086,0.37608975,0.3691257,0.13415883,-0.07608679,-0.14209256,-0.08270498,0.064750515,-0.11692685,-0.1838463,-0.16851947,0.13113593,-0.09159441,-0.0863915,0.007356199,-0.3765684,-0.2407026,-0.20390758,-0.0024338078,0.0131632285,-0.08655309,0.025807586,-0.14535964,0.408956,-0.13675311,-0.49030596,-0.09439957,0.19538268,-0.1932034,0.18257938,0.15607381,-0.3886664,0.24076544,0.022592936,0.18390821,0.07837245,-0.2091548,-0.27073038,finance
-0.21710747,0.19898914,-0.23605135,-0.031363115,-0.12684199,0.01066981,-0.0987618,0.027467499,-0.185947,-0.16238832,-0.30248094,-0.03254366,0.25264022,0.09066981,0.2652883,0.04141631,-0.06020188,-0.382038,-0.042863186,-0.11775841,-0.27148163,0.14860556,0.09475181,0.05548153,-0.009625572,0.027030742,-0.26593766,-0.08455774,-0.1699994,0.16096358,0.011712246,-0.08571872,-0.26402634,-0.012741569,0.38447237,-0.18223266,0.25915307,-0.12676725,0.047284186,0.09538104,0.20961061,0.13300933,0.20433179,-0.23490839,0.23040345,0.28922504,0.39792487,0.25371715,0.54263526,-0.20816748,0.06202289,-0.51636046,0.009067776,0.23089573,0.11949355,-0.094102256,0.04515438,0.36244848,-0.41175726,0.27735674,-0.1491589,-0.32102227,-0.24960671,0.38948715,0.312819,0.1986237,-0.086726286,-0.1795137,-0.055370957,0.059375606,-0.11206571,-0.18600671,-0.12619694,0.20623924,-0.27342114,-0.2066473,0.1067396,-0.21596551,-0.08420017,-0.13171941,0.18159427,0.07540134,0.028109016,-0.02803563,-0.14491566,0.17572366,0.025723493,-0.52100444,-0.13738872,-0.0641387,-0.3098,0.20362805,0.06457438,-0.37128142,0.11767679,0.13478212,-0.056458835,0.20153117,-0.019963484,-0.26587892,finance
-0.1506348,0.17382352,-0.10238811,0.16862985,0.012755776,0.04593999,0.11244666,0.1487125,-0.07800232,0.005361504,-0.40831968,0.2656671,0.2243849,0.22922638,0.1014256,-0.027450575,0.09021825,-0.32069814,0.046680346,-0.012241465,-0.29596964,0.14950691,0.09904787,0.20105025,0.08078784,0.11065152,-0.15408319,-0.2459574,-0.29892224,0.10758658,0.13878618,-0.0890603,-0.20094672,0.03087932,0.1730402,0.016661521,0.14684811,-0.36083665,0.123390846,0.34029612,0.048799794,0.13025157,0.19686137,-0.17579406,0.17108954,0.13866013,0.30015507,0.33391923,0.46417204,-0.121156424,-0.04289395,-0.40267482,0.019682437,0.17952718,0.10904727,-0.048592035,-0.11758433,0.13509837,-0.4849491,0.26974782,-0.037652403,-0.12556086,-0.23606282,0.340364,0.2328776,0.10875439,-0.034452718,-0.1674973,-0.13086157,0.13763818,-0.113384604,-0.064933695,-0.15499231,0.11648053,-0.13018183,-0.15465532,-0.12261294,-0.26575202,-0.14238083,-0.2747109,0.17427802,0.09673555,-0.15619063,0.016896283,0.0072555426,0.2829812,-0.22167939,-0.42080235,0.012543209,0.012714553,-0.218982,0.070972845,0.0096055,-0.3606796,0.20423622,0.09836282,-0.02454684,0.119250864,-0.09136423,-0.2683924,finance
-0.18749712,0.14648302,-0.096691675,0.06587464,0.040157735,0.05672626,0.011064694,0.03865003,-0.07661066,-0.09005794,-0.39435095,0.10317745,0.23166561,0.34220225,0.058346815,-0.093502335,-0.105096295,-0.40515348,-0.10738904,0.03236231,-0.09827915,0.14445852,0.2579286,0.150894,0.09798726,0.04533752,-0.14830908,-0.10559495,-0.29504672,0.15045832,0.0463576,-0.059292194,-0.17733519,0.096854426,0.2625025,-0.068147495,0.18065839,-0.35665378,0.052878007,0.032538455,0.080789216,0.074636154,0.15506047,-0.18883656,0.10919441,0.24807617,0.22109705,0.3922027,0.41002452,-0.013082743,-0.020384515,-0.30821562,0.022974681,0.2889296,0.004128344,0.029830098,0.061797913,0.34018192,-0.43950805,0.2680593,-0.11468934,-0.22144082,-0.38385108,0.39171076,0.2973857,0.15527485,-0.14244096,-0.18958583,-0.22966386,0.07220497,-0.09570746,-0.17313601,-0.23309816,0.00020986733,-0.1013983,-0.15778436,-0.061857738,-0.42031133,-0.04095249,-0.18606289,0.0009621959,0.09574689,-0.11883095,-0.01589617,-0.13914672,0.3945473,-0.10728982,-0.44545957,-0.037249874,0.039543513,-0.031530418,0.06040927,0.11282006,-0.44413245,0.08819699,0.1079645,0.103422455,0.11974541,-0.11033423,-0.2980023,finance
-0.09324645,0.119321115,-0.26416686,-0.076629594,0.116798,-0.19925234,0.22061838,-0.10000506,-0.04048442,-0.0071324524,-0.21262111,0.2623294,0.6422531,0.32214886,0.089223005,0.17887095,0.0846189,-0.35760933,0.021040618,-0.27976853,0.15658037,0.11172732,0.16403034,0.19807628,0.02727672,0.11385517,-0.26928198,-0.00175948,-0.10681466,0.21442536,-0.07100525,0.015215864,-0.03346763,-0.06864866,0.26922768,-0.46288538,0.2801923,-0.17870587,0.19917649,0.21040511,0.21332777,-0.17095336,0.105017126,-0.07750386,0.23195288,0.39679506,0.46866134,0.40013766,0.42161804,-0.09868584,0.12802495,-0.3479465,0.027754381,0.50555336,-0.043790657,0.09800235,-0.045308247,0.080546215,-0.41513813,0.033643562,-0.04675628,-0.24076578,-0.31635353,0.40365,0.12293052,0.15323094,-0.09876369,-0.16018341,-0.35319597,0.012686172,-0.27898034,-0.1749769,-0.07537437,-0.04815795,-0.24040562,-0.26842394,0.011011109,-0.34086442,-0.20095441,-0.47397706,0.26225317,0.16256581,-0.19835055,-0.22214475,-0.031465393,0.1123904,-0.17290236,-0.4622671,0.025833333,0.07036912,-0.41631567,0.2632854,0.06942529,-0.35300073,0.2757086,-0.016175514,-0.20327292,0.38176712,0.004884112,-0.35771078,finance
-0.14997093,0.25723812,-0.19459245,0.20822208,0.020372134,-0.048537113,-0.013580071,-0.0027605572,-0.1434139,-0.06437127,-0.43383375,0.09722027,0.26191828,0.2253361,0.101722814,-0.014063493,-0.0022769622,-0.29476282,-0.06861134,-0.14037076,-0.1911888,0.116975404,0.09625017,0.116607375,0.06005333,0.12369138,-0.1686921,-0.1528852,-0.24668711,0.09138179,-0.01934867,-0.050796628,-0.2000169,0.042837154,0.24937747,-0.10242404,0.14346406,-0.24006209,0.06874281,0.12782018,0.11764411,0.09768021,0.027944481,-0.11854402,0.15811865,0.18591692,0.27198896,0.29179206,0.3832542,-0.13000394,-0.035232246,-0.33816692,-0.05248041,0.24287152,-0.04976749,-0.0983842,0.03354748,0.19312768,-0.4020373,0.20389508,-0.10021428,-0.21861102,-0.22083233,0.33830193,0.26859388,0.01365117,-0.032736324,-0.06381067,-0.099007554,0.05569929,-0.11006452,-0.15380308,-0.13363183,0.15417007,-0.1720745,-0.1885271,-0.011223627,-0.29973724,-0.20046785,-0.18659855,0.07683184,0.12247973,-0.092413455,0.021901114,-0.07750752,0.3513103,-0.1113333,-0.39595637,-0.021111386,0.035053674,-0.19063346,0.20781767,0.122117184,-0.31287637,0.14556505,0.16983786,0.16030255,0.185336,-0.10876147,-0.22162794,finance
-0.18442376,0.14628884,-0.25951263,0.13608472,-0.016583575,-0.042806905,-0.11394938,0.03526737,-0.019753298,-0.10256284,-0.3597917,-0.06222127,0.28809068,0.32793853,0.076755084,-0.20043316,-0.03612714,-0.31864843,-0.17780833,-0.17271064,-0.16193528,0.12875116,0.16230492,0.06943778,0.05314904,0.17532502,-0.22295843,-0.19919737,-0.040160615,0.14893697,0.09407604,0.012327784,-0.17013447,0.15011932,0.25685614,-0.12665835,0.12221886,-0.24646024,-0.09847674,-0.16844262,0.23595399,0.2261618,0.035304632,-0.22138965,0.15626602,0.12798735,0.28467804,0.124769635,0.51670617,-0.10678972,-0.026748452,-0.5335379,-0.20167387,0.3528238,-0.07319189,-0.28828174,0.04062377,0.2400447,-0.31886372,0.25482377,-0.15684114,-0.2463715,-0.0011632944,0.40556875,0.33811733,-0.027093386,0.06028815,-0.13726886,-0.10795136,0.048970513,-0.03505051,-0.12167914,-0.12364178,0.1059011,-0.09499569,-0.043514594,-0.029323718,-0.2224353,-0.11323943,-0.1038214,0.33463323,0.11424145,-0.18561114,-0.06112398,-0.049688976,0.28024885,-0.051688585,-0.3410062,-0.03941752,-0.16556983,-0.3522032,0.21324345,0.12668756,-0.3088837,0.055688728,0.18668576,0.0056819147,0.22650568,0.055825338,-0.16509043,finance
-0.13334605,0.19196543,-0.09686846,0.085012406,0.030435741,0.0027693186,0.15619762,0.078710735,-0.09844751,-0.13445354,-0.31821224,0.114021696,0.17183577,0.105786234,0.0757558,0.012449431,0.0139652835,-0.32027796,-0.043417964,-0.15231526,-0.19645295,0.1576337,0.10712563,0.042254265,0.14530905,0.17002183,-0.22636037,-0.07864439,-0.1569358,0.16666628,-0.08692568,-0.043657202,-0.10920931,0.03477173,0.16923915,-0.17413796,0.29276243,-0.16055185,-0.045470625,0.15363947,0.21665472,-0.05130138,0.023235057,-0.18670808,0.077557735,0.23302823,0.40393585,0.18978105,0.58137816,-0.19764765,0.07710511,-0.48809224,0.023265831,0.18432856,-0.09101294,0.05957845,-0.037645917,0.29872218,-0.3061426,0.32633612,-0.12443026,-0.28915304,-0.09966299,0.3330827,0.13196112,0.12377245,0.07482276,-0.20953879,-0.21031196,0.101913616,-0.1275897,-0.0943088,-0.18259773,0.18496963,-0.03515005,-0.116426036,-0.009444271,-0.19434926,-0.13919938,-0.0797092,0.15056024,-0.06252484,-0.23677179,-0.09221875,-0.048370864,0.1776075,-0.2061107,-0.5017631,0.0076281554,-0.2249724,-0.2790824,0.35875356,0.17404105,-0.20103465,0.22324659,-0.027390657,-0.020119239,0.22602728,0.059887588,-0.17617281,finance
-0.20705953,0.3750543,-0.14120606,0.15254451,0.04648955,-0.017531129,0.019553708,-0.025006587,-0.08157425,-0.0417282,-0.47814807,0.14487012,0.33754694,0.2837794,0.111906126,-0.08686407,-0.18611524,-0.36822212,-0.05055722,0.024883939,-0.39565107,0.06188661,0.09277846,0.16415226,0.075023584,0.08849586,-0.12019623,-0.04206371,-0.20200473,0.12098685,0.04748807,-0.031712368,-0.17639127,-0.13069305,0.29488167,-0.113796666,0.33963186,-0.13825002,0.029645398,0.20721015,0.21752848,-0.09204154,0.07240677,-0.04275441,0.18771333,0.15493491,0.34147903,0.29517522,0.270356,-0.10513604,-0.07325729,-0.45919207,0.019389616,0.15627378,-0.028212436,-0.23885286,0.048557665,0.07048853,-0.41953015,0.11805433,-0.032092426,-0.24354275,-0.10989647,0.22460167,0.24461485,0.12207241,-0.077483065,-0.2614604,-0.05353474,-0.022855114,-0.11045734,-0.30453297,0.008140571,0.14128652,-0.2824158,-0.060170334,-0.09140008,-0.43127042,-0.184759,-0.15650818,0.045269616,0.21361075,-0.093277454,-0.04473694,-0.28631568,0.3522684,0.015382679,-0.4158387,-0.053981468,-0.11629768,-0.33741018,0.36120975,0.20180556,-0.2568258,0.110925406,0.1654367,0.18572485,0.18572177,-0.25299993,-0.16875677,finance
-0.012203705,0.16941765,-0.15336606,0.09916842,0.03901319,0.024922272,0.018427145,0.01611368,-0.04726233,-0.13276483,-0.45001376,0.13978308,0.29890373,0.1322872,0.11682436,-0.03383431,0.056488886,-0.3531723,-0.09116941,-0.09811839,-0.29709378,0.20631935,0.02721189,0.17817965,0.13046695,0.04237739,-0.17851005,-0.1490245,-0.23287445,0.06736862,0.01908766,-0.031792246,0.011432192,-0.051301282,0.30752558,-0.28968668,0.34762326,-0.22748397,-0.034405332,0.25412607,0.2734734,0.04294816,0.029579945,-0.2647925,0.21351163,0.13029492,0.5187136,0.22558096,0.47672382,-0.260633,0.071224175,-0.5075915,0.10291068,0.054248597,0.095524244,-0.16295521,-0.09254061,0.1938129,-0.29548442,0.20313278,-0.0727537,-0.2762321,-0.22643039,0.35138157,0.28492728,0.08876325,-0.087949336,-0.22167452,-0.04485547,0.18075876,-0.024216065,-0.13302156,-0.09070003,0.2727238,-0.14197151,-0.17506064,0.022496345,-0.23706922,-0.070713505,-0.122377574,0.19289337,0.15539913,-0.18754394,-0.03537121,-0.082791805,0.16314709,-0.1588498,-0.48497975,0.020458257,-0.12995718,-0.3295875,0.42314345,0.16179892,-0.25581074,0.07385338,0.051539235,-0.063313104,0.22427554,-0.06180012,-0.15989298,finance
-0.20593534,0.12082967,-0.04146254,0.037451718,-0.1425773,0.13607125,0.12086863,0.19446772,-0.1671853,-0.094794095,-0.45992863,0.331801,0.16347274,0.51140356,-0.006010818,0.026842026,0.17295519,-0.37500164,-0.18440156,0.31303823,-0.2068552,0.32021523,0.13492931,0.42325014,-0.01578568,0.16380213,-0.0016259738,-0.045763016,-0.27366528,-0.06589619,0.16890153,-0.16877376,-0.19787426,0.25352094,0.1432875,-0.097080715,0.11906505,-0.16015501,0.059543956,0.29741594,0.03342617,0.11790189,0.29735157,-0.27636287,0.12805064,-0.04675059,0.30853093,0.41896018,0.48664403,-0.08128712,0.098575905,-0.5576364,-0.05790541,0.2479128,0.17415373,-0.1654103,-0.038812947,0.04723802,-0.6150409,0.19069639,-0.076196425,-0.14009339,-0.2756395,0.46334037,0.22006597,-0.01280152,-0.15745297,-0.3096564,0.15601528,0.21199796,-0.08414168,-0.09774557,-0.40243983,0.19397679,-0.012376774,-0.023660902,-0.17438735,-0.30435964,0.21328023,-0.16788158,0.2659725,-0.043624897,-0.3741115,-0.02841097,-0.116934635,0.35170004,-0.15232892,-0.6283552,-0.028124847,-0.12426448,-0.41173315,0.253003,-0.023812674,-0.32809824,0.1304543,-0.038097017,0.0907949,0.22005378,-0.11960082,-0.13615611,finance
-0.018949626,0.15832874,-0.14941868,0.12117707,-0.047055446,-0.10845861,-0.00841878,0.016303038,-0.16954073,-0.0070469687,-0.35607463,0.14438312,0.16754232,0.2695223,0.18641959,0.09814354,-0.028272083,-0.33455828,-0.12473059,-0.08687443,-0.118191555,0.11116345,0.14621481,0.19876938,0.17499389,0.050396312,-0.1875748,-0.22517091,-0.2586332,0.057680663,-0.04917852,-0.16242431,-0.10545817,0.0057358793,0.060793355,-0.04837697,0.21741131,-0.07890361,0.07532914,0.19175042,0.1597838,0.074066676,0.22663157,-0.077010505,0.11948173,0.10471123,0.2794634,0.2606205,0.5790669,-0.28866485,0.01953229,-0.48268932,0.01546787,0.3068792,-0.01203363,-0.10202974,-0.032146018,0.050804593,-0.26862893,0.2174466,-0.038453072,-0.26384574,-0.26511067,0.3943821,0.32823926,0.12703173,-0.003754453,-0.09631313,-0.036402516,0.11439082,-0.044036023,-0.17921178,-0.12620986,0.10088099,-0.07365514,-0.08300565,0.035775274,-0.31975567,-0.08694747,-0.1589886,-0.01652504,-0.068458125,-0.055618893,-0.052100666,0.008371368,0.2486262,-0.21265446,-0.4819636,-0.013997787,0.07462849,-0.2145581,0.24344106,0.18572713,-0.2854786,0.23466069,-0.07400379,0.11850993,0.11042794,-0.007545025,-0.13213193,finance
-0.22672799,0.2772312,0.02507384,0.04160113,-0.16395156,0.20263688,0.02488147,0.17044736,-0.11143614,-0.054896496,-0.42103732,0.24733528,0.1955825,0.41327742,0.044620097,-0.038272083,0.08201705,-0.41259962,-0.17736948,0.19482586,-0.31467372,0.26099977,0.114265166,0.37945208,0.00934551,0.2646254,-0.08099471,-0.07700373,-0.15217666,-0.06728906,0.16324419,-0.09405392,-0.31893885,0.24028285,0.12763092,-0.08101349,0.22381587,-0.18626739,0.021919722,0.3832121,0.11735065,0.043535545,0.21004185,-0.21613647,0.15739878,0.016783277,0.23705563,0.35235056,0.53337276,-0.03621761,-0.0024407709,-0.5999262,0.00996852,0.27572566,0.10409473,-0.21808526,-0.072027974,0.09510532,-0.5169989,0.18316019,-0.1363646,-0.16753475,-0.11515851,0.40042508,0.15102911,-0.030381193,-0.19212084,-0.3414712,0.12860653,0.22318837,-0.07692553,-0.10960967,-0.2918536,0.23608004,-0.153702,-0.0123700155,-0.15988044,-0.24844562,0.12565617,-0.24677804,0.18280916,0.004172128,-0.31913003,-0.0435255,-0.22551462,0.31336045,-0.10567856,-0.63013685,-0.075732216,-0.23730002,-0.3550402,0.26385885,-0.0027341093,-0.28163248,0.09375334,0.05776997,0.02239085,0.17214727,-0.15390848,-0.10006088,finance
0.016612466,0.22909293,-0.09948938,0.0855232,-0.016815778,-0.02915567,-0.11980829,0.1473953,-0.16873589,-0.1847193,-0.42401442,0.09426961,0.3974002,0.057973173,0.11434501,0.04889905,-0.04528669,-0.3019005,-0.15663153,0.014524718,-0.2358592,0.2577638,0.089916475,0.22225383,0.1974683,0.055404272,-0.13703664,-0.074466236,-0.25997546,0.07550859,0.06223192,0.074798,-0.048298657,-0.008593804,0.17288414,-0.14436717,0.44373733,-0.09640437,0.107871585,0.34429082,0.27881825,0.13863024,0.07138169,-0.1759818,0.27939412,0.094795145,0.5145741,0.25909084,0.38805544,-0.29522306,0.03311534,-0.51317513,-0.096679926,0.21234901,0.09742402,-0.37431043,-0.065312155,0.13931078,-0.2717235,0.09908854,-0.08183941,-0.16308908,-0.20655443,0.2695447,0.16248728,-0.017797865,-0.015277669,-0.29438844,0.027804492,0.06480934,0.06224252,-0.1479451,-0.12518924,0.25009137,-0.17042331,-0.08084323,0.00038662436,-0.20671621,-0.011800252,-0.12220949,0.15922467,0.050328348,0.009180469,-0.09289502,-0.119148836,0.14584288,-0.12918067,-0.53534544,0.072080046,-0.16548127,-0.4463747,0.354164,0.13077915,-0.24517018,-0.046997562,0.028884605,-0.0806956,0.18641381,-0.19791432,0.010563909,finance
-0.102118544,0.19176437,-0.12969166,0.1276274,0.033273082,-0.21701773,-0.031015826,-0.05671108,-0.10080378,-0.07732031,-0.34758744,0.027990762,0.3496778,0.26742515,0.18431196,0.16724925,-0.2109064,-0.5146853,-0.06691019,-0.13517985,-0.09896594,0.03964384,0.08890635,0.15456085,0.091134615,0.020223306,-0.22155742,0.11418708,-0.14178012,0.10904308,-0.08852835,-0.0035650393,-0.13905011,-0.052373927,0.26364595,-0.31641862,0.33754957,-0.074794985,-0.025516398,0.25232458,0.2252586,-0.114665814,0.069917515,-0.043998245,0.22967643,0.24860518,0.36461776,0.30366367,0.3739054,-0.23317349,-0.02791352,-0.38548908,0.11466416,0.19807015,-0.08049183,-0.15819797,-0.058654908,0.1865797,-0.23310359,0.13614954,0.0057423273,-0.34355712,-0.20515124,0.2875761,0.1128275,0.1858956,-0.0230173,-0.07562803,-0.022961138,-0.12074079,-0.20981431,-0.23755464,-0.10075156,0.003417962,-0.20343499,-0.14846939,-0.048366494,-0.2372146,-0.17344855,-0.17450124,-0.06669861,0.12931892,-0.12039473,-0.0938022,-0.1730297,0.26735434,-0.03179473,-0.469049,0.070083946,0.05324339,-0.36418417,0.3345256,0.21659881,-0.36287233,0.21043125,-0.04410797,0.060929835,0.26681873,-0.1673558,-0.2109776,finance
-0.06476166,0.27022907,-0.0796903,0.23331791,0.01422818,-0.12765363,0.102205634,-0.030692605,0.053907488,-0.05696344,-0.4337492,0.18258272,0.3538485,0.17906103,0.0031980618,0.042626534,-0.054799594,-0.42475197,-0.058062725,-0.19080141,-0.137124,0.10613956,0.11486202,0.19272798,-0.10543216,0.25970185,-0.18133606,-0.017703593,-0.1370108,0.2275488,-0.0055634454,0.043613926,-0.14284499,-0.11256681,0.30111977,-0.13728306,0.29695782,-0.157184,0.07207988,0.3425973,0.1875251,-0.104860224,0.026152078,-0.12566996,0.16207017,0.33954257,0.27020848,0.3226583,0.4154017,-0.1333547,0.015659923,-0.3899843,0.07278192,0.20573963,0.011326572,-0.12438775,-0.0151277175,0.024945622,-0.29204324,0.23333205,-0.1470977,-0.31436348,-0.057579752,0.3502118,0.066738315,0.1605001,-0.010380969,-0.1335801,-0.10099316,0.022130346,-0.16189192,-0.10701377,-0.022604227,-0.004357986,-0.20380364,-0.17658938,-0.04454423,-0.31863767,-0.26931143,-0.28063372,0.09194639,0.16457707,-0.23502682,-0.079106055,-0.041790042,0.19420426,-0.17248364,-0.5292424,-0.008343111,-0.09967155,-0.24903646,0.22192177,0.083983146,-0.3462259,0.27040443,0.056169633,0.12817197,0.16082445,-0.20696759,-0.1638153,finance
-0.15903075,0.1302657,-0.0918336,0.008178564,-0.06398849,-0.044398293,0.037758376,0.08276399,0.0014104677,0.057719827,-0.47525728,0.06735691,0.33699787,0.38186458,0.05545962,-0.051326834,0.120622896,-0.3818895,-0.088758856,-0.121992454,-0.1084834,0.06817244,-0.025061322,0.14858118,-0.043134436,0.2390688,-0.28935948,-0.16431595,-0.17694347,0.19237173,0.10408702,0.016618883,-0.12367985,0.16245936,0.3248812,-0.13461511,0.033232253,-0.2523555,0.05737761,0.21187963,0.15230316,-0.004197328,0.15958671,-0.054902904,0.1697596,0.10617542,0.37742844,0.16206951,0.5397478,-0.28675443,-0.12504277,-0.41119713,0.10509832,0.20892422,-0.039872795,-0.09612871,-0.092931114,0.14028479,-0.12325209,0.189694,-0.07714762,-0.3610184,-0.024811223,0.3343192,0.27351165,0.20244609,0.006881816,-0.14386791,-0.1421816,0.028894946,-0.07744817,-0.13604888,-0.020168928,-0.08387515,-0.2657982,-0.11649244,-0.15499455,-0.15537524,-0.2376892,-0.15119766,0.31985077,0.40249237,-0.13670757,-0.011620585,0.085174136,0.16160427,-0.2848401,-0.40594673,-0.033341687,-0.06205807,-0.34362262,0.27521515,0.028081268,-0.37374455,0.118770726,0.26425374,0.1622161,0.261763,-0.10645481,-0.0919269,finance
-0.13125397,0.16876885,-0.11794516,0.041781332,0.06899479,-0.021078803,0.09305122,0.04628071,-0.005945587,-0.01027815,-0.32461962,0.2121027,0.26702,0.07068056,0.024362395,0.022549018,0.12960485,-0.37451392,-0.052368023,-0.06733151,-0.14202958,0.16387366,0.15809773,0.056757916,0.12214784,0.10811696,-0.17521933,-0.08628339,-0.16441168,0.16765459,-0.11401621,-0.005584754,-0.19533825,-0.016659275,0.27877477,-0.19240487,0.27977934,-0.13165483,-0.046903152,0.21775816,0.25550604,-0.06831982,0.04035422,-0.17114525,0.053323157,0.21822271,0.35923275,0.22503021,0.54384637,-0.17758895,0.09808852,-0.5201876,0.059186187,0.14677712,-0.038815908,0.0024813751,0.040739875,0.23848078,-0.24382807,0.28664485,-0.100775205,-0.23595117,-0.07432916,0.32680112,0.13122475,0.224636,0.05810285,-0.2444768,-0.12142814,0.10674664,-0.12820789,-0.04688757,-0.10102252,0.048254937,-0.18417855,-0.1324848,-0.041123133,-0.20419918,-0.05130504,-0.16104391,0.19127281,0.011745016,-0.11336808,-0.11351045,-0.017123403,0.041215733,-0.26586688,-0.51101553,0.064595714,-0.33504832,-0.33928767,0.31113183,0.07951405,-0.112828106,0.26948482,-0.019801779,-0.06586729,0.26546705,0.09783731,-0.1434598,finance
-0.09680885,0.12759316,-0.2140884,0.16415854,0.052354127,-0.0887218,0.05535335,0.041799884,-0.1511669,0.011743194,-0.31752104,0.24138087,0.17305064,0.26128274,0.13297169,0.09754221,-0.008570013,-0.42935058,-0.07143715,0.023419632,-0.1266534,0.15503886,0.08014516,0.15459847,0.06396386,0.014840568,-0.10438003,-0.13376015,-0.23442817,0.05274145,0.061544016,-0.1169856,-0.17603053,-0.008813967,0.17760947,-0.1154917,0.14194973,-0.1992292,0.055150714,0.23536532,0.11260002,0.09510009,0.17646135,-0.14430068,0.2003844,0.068768874,0.2740149,0.31103134,0.46103722,-0.27934444,0.05814033,-0.4790063,0.032460615,0.19506522,0.029064361,-0.07061716,-0.023746002,0.16935639,-0.37511432,0.20915222,0.02905335,-0.16118352,-0.23515734,0.33412808,0.15988971,0.09764434,-0.013177639,-0.054523267,-0.04264971,0.17129041,-0.034255113,-0.17047742,-0.120788835,0.0595266,-0.10886614,-0.121544585,-0.03375165,-0.18617526,-0.04450275,-0.18670565,0.13915634,0.03174654,-0.08765831,-0.025220053,0.0031695247,0.28868067,-0.12948975,-0.45653316,0.035778303,0.04492576,-0.2491959,0.2328374,0.12423369,-0.32101732,0.17258772,-0.05409619,0.09547245,0.20343925,-0.06501274,-0.19253531,finance
-0.1315349,0.1941683,-0.08555013,0.10426603,0.0069961026,-0.08092977,0.042097714,0.059393413,-0.13645983,-0.036387093,-0.41219607,0.25165224,0.26063856,0.27229512,-0.046908572,0.016583243,-0.0016673825,-0.49965823,-0.15862605,0.11808941,-0.090060346,0.016233783,0.10177563,0.2249945,0.074489735,0.06327036,-0.10611623,0.0405648,-0.11212733,-0.00050837605,-0.055309575,-0.14288883,-0.2391914,0.19519977,0.22976813,-0.28936973,0.12704346,-0.3504973,0.008020707,0.35492283,0.109832175,0.09294746,0.12578703,-0.19203901,0.2069363,-0.02460931,0.25048095,0.2633568,0.40128446,-0.18296494,0.12055981,-0.44725096,-0.013182538,0.13882415,-0.065897934,-0.08080071,-0.13165852,0.06512105,-0.44107243,0.2661536,-0.02658948,-0.19081151,-0.27493846,0.45059508,0.08319526,0.03441384,0.028369257,-0.093670286,0.04781249,0.15398818,0.104107164,-0.10226736,-0.26610622,-0.020400641,-0.0050738766,-0.007896894,-0.20259416,-0.11728727,-0.014755866,-0.3180301,0.09292837,-0.044179324,-0.22184114,-0.040502734,-0.08718162,0.30089486,-0.15116365,-0.58254075,-0.1151561,-0.13053253,-0.27529407,0.30404413,0.15595531,-0.3075688,0.20066278,-0.021821873,0.026636945,0.14787309,-0.16311976,-0.17920144,finance
-0.07099859,0.17830107,-0.12147776,0.09123909,0.13558231,-0.066720694,0.050568864,0.07388269,-0.123480104,-0.07209316,-0.3567855,0.2094161,0.24485287,0.20347025,0.10329917,0.100645944,0.0031306783,-0.3695516,-0.081929624,0.020316517,-0.07032378,0.063130595,0.05813129,0.17380695,0.027538614,0.05330886,-0.115807705,-0.10453746,-0.2627314,0.061563406,-0.009820339,-0.06215259,-0.15482761,-0.03326233,0.26417798,-0.10922702,0.16525154,-0.115401,0.06305333,0.16576497,0.13626032,-0.077319436,0.20379126,-0.15972692,0.12728617,0.13178417,0.34378585,0.3591523,0.44624233,-0.23728292,0.10780277,-0.37625954,0.08208627,0.11809611,-0.0022900968,-0.09646042,-0.047654573,0.26822877,-0.34794286,0.2312573,-0.06468687,-0.15694417,-0.2622563,0.22201152,0.22750264,0.09284572,-0.025142256,-0.11199676,-0.11331156,0.13999091,-0.119602144,-0.202051,-0.20931982,0.021601006,-0.102402925,-0.18772702,-0.035834163,-0.2649086,-0.08503527,-0.22567926,0.06959931,0.035027504,-0.08681362,-0.028174248,-0.012215736,0.32051334,-0.16045476,-0.4703292,0.12683916,0.097019255,-0.25361776,0.18373927,0.105814055,-0.2926936,0.1764004,-0.022808852,0.113337465,0.18513669,-0.087886415,-0.25084198,finance
-0.12090374,0.13777554,-0.07099173,-0.0018368877,0.15300594,0.0435386,0.089030154,-0.163256,0.013076341,-0.09581744,-0.36644724,0.24749587,0.31268197,0.18189171,0.09545033,0.09574427,0.051915206,-0.36381486,-0.16857146,-0.1195858,-0.21851057,0.07316365,0.029571228,0.09400137,-0.07003081,0.14063732,-0.25546718,-0.05837892,-0.16104363,0.29121348,-0.044524886,-0.097586684,-0.254414,-0.09641868,0.3361137,-0.28868663,0.19578975,-0.23709567,0.026907032,0.15669596,0.20673153,-0.019948686,0.29334983,-0.41208607,0.32426366,0.31791487,0.34485045,0.29801387,0.5346358,-0.21725273,0.186194,-0.4944837,0.13673261,0.14646122,-0.016851323,0.038043015,-0.0060181827,0.24867593,-0.2615692,0.4144162,-0.08327208,-0.21520057,-0.2666276,0.4767342,0.12008245,0.23778276,-0.0036525717,-0.17490225,-0.10873964,0.12210539,-0.25832504,-0.17289452,-0.053931497,0.051047605,-0.22588661,-0.30361614,0.081060745,-0.25175732,-0.05937203,-0.15339182,0.2852772,0.026684377,-0.11034311,0.062356513,0.081092805,0.18402284,-0.24362384,-0.59576315,0.05128384,-0.13132933,-0.22679642,0.29683533,0.021524683,-0.3752038,0.2881529,0.13044222,-0.07391239,0.18831061,-0.08026696,-0.21700497,finance
-0.0705203,0.19384325,-0.197565,0.13907745,-0.038512684,-0.00568173,-0.05384587,0.0047946647,-0.21330678,-0.09936696,-0.35309118,0.14143005,0.2419143,0.3037002,0.121542744,0.11324458,-0.030354453,-0.3456191,-0.10354406,-0.09369575,-0.18986541,0.10080423,0.09316373,0.18220784,0.1327204,0.0671756,-0.16200626,-0.30920008,-0.26923826,0.04219157,0.03002785,-0.13937776,-0.087165676,0.05751372,0.20371781,-0.13512371,0.15173745,-0.14611794,0.107734695,0.1348808,0.069699325,0.111592196,0.07709831,-0.1487701,0.13060132,0.1350778,0.2496146,0.31899053,0.5030249,-0.17166054,-0.012784785,-0.38512534,-0.024977406,0.3058829,0.060568523,-0.03562644,0.023980238,0.14525765,-0.49110973,0.16423906,-0.0289423,-0.19352035,-0.24821189,0.2695642,0.17832924,0.01873462,-0.17009254,-0.12582272,-0.038892265,0.124396265,-0.059535038,-0.12118551,-0.22317745,0.18744515,-0.0851717,-0.1521669,-0.04325543,-0.22969481,-0.06893703,-0.28968915,0.037044313,0.08653454,-0.13430208,-0.08867888,-0.024247698,0.40792418,-0.15579602,-0.51485914,0.028635968,0.1063081,-0.27304354,0.13568556,0.10554437,-0.30930024,0.16923985,0.04822875,0.17725518,0.123590186,-0.012009998,-0.20242034,finance
-0.06474776,0.07957971,-0.08934817,0.10492251,0.114771344,-0.14897117,0.16559497,-0.19752504,0.03159547,0.003887781,-0.35069734,0.31451398,0.3162184,0.25718763,-0.0029347923,0.0962966,0.11084689,-0.34691602,-0.16311082,-0.12214553,-0.13503222,0.1953524,0.1370336,0.27085942,0.021490512,0.050725028,-0.19397652,-0.06345953,-0.18473178,0.18330175,-0.111076914,-0.1288611,-0.09812043,-0.17313963,0.30222473,-0.34051794,0.19765954,-0.14715604,0.08799828,0.27437305,0.2051678,-0.098966315,0.24700393,-0.21716893,0.12984103,0.29834473,0.34558883,0.29551646,0.50274044,-0.22128876,0.08396774,-0.38612142,-0.01910564,0.17318279,0.0688544,0.0013324857,0.0034410686,0.15338786,-0.3013657,0.19906838,-0.047419384,-0.32249302,-0.34154776,0.40742144,0.23336767,0.20530294,-0.104623556,-0.09800273,0.019723589,0.11428262,-0.11685804,-0.1894362,-0.05500484,-0.009930594,-0.11275833,-0.18851727,0.08261082,-0.3632779,-0.1575916,-0.26845393,0.17017026,0.08927491,-0.09418848,0.004279626,0.100136705,0.2274922,-0.20302953,-0.533643,0.066908315,0.012261891,-0.24691075,0.3703855,0.06580058,-0.33454326,0.29954964,-0.05226148,0.13427697,0.29720768,-0.0565001,-0.22450621,finance
-0.03564182,-0.007059767,-0.17591064,-0.012301849,0.009227195,0.41828546,-0.14783952,0.1984471,-0.20072274,0.06069912,-0.46110976,0.045407835,0.007719071,0.459115,0.014863011,0.2471497,0.23743938,-0.59133613,0.04925319,0.2751421,-0.10316597,0.18172358,0.046954203,0.3538532,0.33806604,0.067822024,-0.15212321,-0.69972205,-0.47002605,-0.21598373,0.17822118,-0.13825418,-0.031276938,-0.049419478,-0.3400494,0.31850806,-0.0077309217,0.053190768,0.19665796,0.65904975,0.08814636,0.032973625,0.17917886,0.057603903,-0.25541177,0.02713211,0.18515746,0.43252587,1.0182307,-0.1849607,0.04738469,-0.65715384,0.12579755,0.57416743,0.16746517,-0.12889764,-0.31254053,-0.1290697,-0.2521554,0.046238918,-0.13207245,-0.37090576,-0.151304,0.24728401,0.27186647,0.26839656,-0.3205087,-0.27826485,-0.23391336,0.3424681,0.05139006,-0.056499872,-0.26212603,0.14425111,-0.05068921,0.015560053,-0.011271451,-0.3076288,-0.17931166,-0.29299143,-0.15975134,0.11100913,-0.12365077,0.019409569,-0.09363689,0.4760305,-0.60132164,-0.65674037,-0.22571564,0.17224814,-0.3602802,0.14036153,-0.021362578,-0.3332925,0.48750952,-0.05810145,0.11186917,-0.06380554,-0.018288711,-0.011950081,finance
-0.18651755,0.4044891,-0.10926975,0.15750349,0.08534599,-0.029738674,0.029346606,-0.08700678,-0.061738893,-0.006946259,-0.53969777,0.18312497,0.32799295,0.32961974,0.093070686,-0.05082953,-0.16384868,-0.34437767,-0.083191596,0.003214916,-0.3772725,0.09267777,0.115703896,0.16707937,0.04319951,0.08866373,-0.15528539,-0.08809408,-0.15166266,0.1303817,0.012958851,-0.086490646,-0.21929207,-0.08564704,0.26382762,-0.15581086,0.33368328,-0.06511178,0.033408035,0.18440159,0.14143959,-0.03500273,0.09365539,-0.0052718874,0.20083585,0.1679834,0.33231884,0.2646054,0.29025728,-0.07163992,-0.109276906,-0.44635847,-0.045977734,0.1697926,-0.06994337,-0.18759918,-0.008531462,0.0774168,-0.4518349,0.15620942,-0.033889104,-0.23531201,-0.14033082,0.2681594,0.20885397,0.020204762,-0.047179166,-0.20849496,-0.047822017,-0.03447171,-0.10574776,-0.28949875,0.024067022,0.154165,-0.24432255,-0.056372095,-0.14326583,-0.41559693,-0.21263659,-0.19626643,-0.033970747,0.17201576,-0.1281738,-0.052018825,-0.22550546,0.32765073,-0.015273114,-0.42379397,-0.047942534,-0.16142642,-0.37013796,0.3272245,0.2161095,-0.2561018,0.15236022,0.12316088,0.16210854,0.23718506,-0.22595255,-0.24197248,finance
-0.1274527,0.18742584,-0.37317923,0.20117944,-0.101246096,-0.07269737,0.1122838,0.02460903,-0.5960025,0.16960248,-0.4692586,0.26881072,-0.14403896,0.13685943,0.24261433,-0.10273526,0.23524675,-0.5911423,-0.018550534,0.15751705,-0.2889763,-0.09832766,0.10032744,-0.034700863,0.3233619,-0.037382193,-0.361906,-0.12672003,-0.59023243,-0.24486037,0.17175807,-0.12713903,-0.034734584,-0.06439541,-0.12289583,-0.043143276,0.17576109,-0.20127903,-0.03697176,0.4047375,-0.09862184,0.15508562,0.33249593,-0.14388534,0.012181446,-0.032804918,0.14137457,0.39714077,0.7946279,-0.27471825,0.19956827,-0.6470551,0.26539695,0.25838506,0.1665497,-0.32166812,-0.22749391,-0.25849906,-0.36594915,0.17358802,-0.004632126,-0.35845515,-0.1112315,0.5254608,0.34736106,0.3247455,0.059129313,0.05027399,-0.16493283,0.34817573,0.20600662,0.10361228,-0.1273745,0.13885576,0.057404913,0.40426627,-0.18151163,-0.2858,-0.045971215,-0.36281207,-0.004823805,-0.28918916,-0.27808845,-0.012025789,-0.010464927,0.2712587,-0.550139,-0.57632726,-0.313279,-0.12163095,-0.2475367,0.42460546,0.03805838,-0.054782547,0.32577616,-0.006800732,0.0023228952,-0.08817769,-0.122455426,-0.037184034,finance
-0.15311852,0.29121038,-0.16505408,0.0038279486,-0.13148598,0.056584816,0.017053226,0.331448,-0.54360974,0.025218079,-0.48150298,0.26655352,0.0034274373,0.29860172,0.2534939,0.027940767,0.010914529,-0.436917,-0.05542182,-0.0005929306,-0.22070548,0.041400585,0.14377894,0.1688951,0.40189552,-0.03671438,-0.3147106,-0.25897205,-0.415844,-0.14255193,-0.04076393,-0.12922949,-0.055452712,0.115054965,-0.121685445,0.018456465,0.21011437,-0.074397944,0.1362038,0.2746443,0.098939076,0.09674575,0.27007,0.10345539,-0.11671932,-0.111798756,0.25790128,0.3004012,0.8391906,-0.3263778,0.037791558,-0.71100456,-0.020694956,0.21205889,0.10051863,-0.29040846,-0.1856035,-0.06694427,-0.24014038,0.1867821,0.15870535,-0.29727942,-0.17744994,0.16530073,0.5220851,0.20574918,-0.015393757,-0.11818591,-0.15446845,0.22808972,0.18441905,-0.038757194,-0.265779,0.23420091,-0.013217811,0.17326953,-0.08898472,-0.23830502,0.09279478,-0.1897113,-0.03408003,-0.19992284,-0.10500296,-0.13325101,0.0009031104,0.21261525,-0.48919612,-0.53804654,-0.15666184,-0.017556792,-0.39799574,0.39954454,0.15403073,-0.07783155,0.14151937,-0.028262364,0.11830174,0.09375668,0.026553944,-0.06662702,finance
-0.13593991,0.18048096,-0.03538419,0.15738651,0.024681197,-0.05169852,0.10159225,-0.0648003,0.06625858,0.015885038,-0.34208217,0.31564137,0.36266357,0.018767655,-0.08323948,0.09654605,0.04616716,-0.4515584,-0.13570796,-0.1133254,-0.1335315,0.10870839,0.105728835,0.15709318,0.10918537,0.12108615,-0.19249946,-0.0024153476,-0.015802778,0.2617996,-0.082884714,-0.09536096,-0.28003812,-0.17486028,0.2861413,-0.16709653,0.39891115,-0.22702867,0.10556884,0.42539996,0.36213908,-0.163131,0.11802632,-0.11417597,0.119669124,0.33300617,0.25510642,0.37602454,0.5241847,-0.102139,0.01797392,-0.44031882,0.08790112,0.17556483,-0.023238659,0.042932644,-0.025551427,0.17200968,-0.28994298,0.24937172,-0.02555436,-0.32259417,-0.12610751,0.46235594,0.07635389,0.23173721,-0.072893366,-0.2426232,-0.09776986,0.13777706,-0.08651507,-0.16034342,-0.13501996,-0.039767213,-0.20513937,-0.21973845,-0.09653754,-0.33652246,-0.1994074,-0.33656088,0.08375815,0.10732182,-0.12945071,-0.08296213,-0.18278928,0.18601467,-0.24358211,-0.58984965,-0.12325194,-0.30067766,-0.2257889,0.35259116,0.06880168,-0.20910671,0.3233043,0.107334144,-0.06835966,0.17427884,-0.1351156,-0.092495814,finance
-0.12303555,0.12008006,-0.29035094,-0.072425485,-0.125824,0.10957849,-0.15200214,0.3851413,-0.34195566,0.11908971,-0.38335294,0.0721184,0.06695166,0.15857154,0.14955465,0.19161732,0.15035728,-0.38311297,0.089971766,0.20270446,-0.043392867,0.03326157,0.049120862,0.124086104,0.47882646,0.10312477,-0.13195544,-0.33519083,-0.49392238,-0.23649316,0.11956992,0.0025139113,-0.047259964,0.052146073,0.0031228862,0.28993744,0.26562822,-0.12258817,0.16456649,0.2537103,0.101489425,0.0034910527,0.14680375,0.08811372,-0.106462665,0.044557955,0.18395819,0.4927465,0.6220153,-0.16307463,0.024406455,-0.73933053,-0.12942418,0.4535797,0.1935231,-0.35924724,0.026975518,-0.08542582,-0.11758792,0.12534781,0.055436768,-0.16553319,-0.064289555,0.180055,0.32533133,0.2174464,-0.112685956,-0.17958876,-0.23612483,0.103171594,0.085469626,-0.085465685,-0.16999255,0.093581796,0.0198842,0.13270144,-0.1302945,-0.3296992,-0.048296463,-0.1147593,0.17088313,-0.061740894,-0.06209362,-0.13766393,-0.22923295,0.216876,-0.44206497,-0.48849875,0.0030601737,-0.12280513,-0.4859788,0.37460047,0.05691357,-0.054674294,0.12673357,0.09759017,0.19212055,0.16115026,0.13364482,0.06771424,finance
0.02463098,0.06957079,-0.116338015,0.05468262,-0.10614213,0.060429115,0.07509711,0.12352625,-0.21965674,0.056590587,-0.32986796,0.19492199,0.15319332,0.21612246,0.2186077,0.115463905,0.105532244,-0.36622927,0.0016832153,-0.034457628,-0.17599979,0.17177908,0.092046134,0.25132266,0.2542446,0.05500546,-0.17148654,-0.22557142,-0.32299381,-0.040660888,-0.054422658,-0.17806028,-0.033683404,0.058476683,-0.028653536,-0.041342232,0.22420442,-0.08643094,0.12150405,0.33959213,0.10178386,0.06305518,0.17719416,-0.04500859,0.03100606,0.11119152,0.33792496,0.30788195,0.6281588,-0.23907134,0.0008941128,-0.53850466,0.014081574,0.24190648,0.09904496,-0.10889408,-0.21516478,-0.05010964,-0.345383,0.13300948,0.00017980658,-0.29478255,-0.24898207,0.3131074,0.21456024,0.11317793,-0.08416673,-0.2352188,-0.087766856,0.18447828,0.004865007,0.025213689,-0.20938323,0.20217542,0.02649109,0.01610866,-0.0869819,-0.16539693,0.02317282,-0.2183653,0.11944084,-0.07223349,-0.18572913,-0.10203014,0.0043339133,0.22448342,-0.4069125,-0.54258966,-0.027076557,-0.09230966,-0.336445,0.3721138,0.070164,-0.2214366,0.19215798,-0.1103059,-0.03431987,0.21489061,0.042175643,-0.07599421,finance
-0.07705873,0.12658639,-0.120875634,0.11392826,-0.039780084,-0.20274736,0.06490637,0.116731204,-0.055412784,-0.091889165,-0.3569979,0.06278084,0.25378975,0.20158876,0.15159704,-0.034170385,-0.09612793,-0.39398402,-0.058589146,0.10702963,-0.21017607,0.039475333,0.16427231,0.1001854,-0.049040586,0.028973786,-0.12388902,0.0030088443,-0.23207796,0.05210656,0.003659433,-0.06613584,-0.2060883,0.188116,0.21815684,-0.13891591,0.22976585,-0.09463941,-0.003985435,0.27678496,0.052037563,-0.09820702,0.108368635,-0.05576185,0.15492651,0.06527801,0.27545077,0.2757851,0.45436636,-0.23307016,-0.005883315,-0.47525045,0.057648808,0.108678296,-0.0020050434,-0.19466406,-0.024707517,0.08729085,-0.4290685,0.17191069,-0.09862287,-0.20623727,-0.15675828,0.32876965,0.21432824,0.0030030801,0.037757676,-0.19630875,0.029846564,0.02433865,-0.012160308,-0.15006527,-0.25777674,0.18248563,-0.14684962,0.02593056,-0.12542923,-0.23522602,-0.05213033,-0.25036865,-0.08151361,-0.011454578,-0.14879271,-0.12143699,-0.21820028,0.39945036,0.09235792,-0.39175224,0.001563008,-0.06875062,-0.3338308,0.18173891,0.22141513,-0.36232468,0.1019041,-0.011911548,0.026630277,0.13127907,-0.19329895,-0.30859634,finance
-0.05710778,0.11702973,-0.20113792,0.008805642,-0.09820717,0.215414,-0.12011164,0.16310665,-0.15816121,0.02436719,-0.39854255,0.1752568,0.16602585,0.13442826,0.12260824,0.08333859,0.055865385,-0.27717057,-0.018842468,0.030845068,-0.064194635,0.07006449,0.10011278,0.18385664,0.27102542,0.1219531,-0.18549073,-0.1413467,-0.28348958,-0.035127062,0.093964554,0.030932786,-0.23428759,0.05082316,0.11361032,0.13516162,0.30029774,-0.14072293,0.13634117,0.15803161,0.10682749,-0.042487655,0.26647285,0.0006703388,0.007569275,0.24317226,0.11691907,0.4654148,0.45404702,-0.19967152,-0.042285267,-0.677805,-0.09637906,0.4768916,0.09654887,-0.2587375,0.10304297,0.04438197,-0.18335335,0.21422687,-0.08212289,-0.15453683,-0.08052051,0.31894332,0.25530055,0.17764977,-0.035777528,-0.22453481,-0.18204395,-0.02240962,-0.0024427597,-0.15714864,-0.09242928,0.13802084,-0.116706006,-0.08339881,-0.035887413,-0.3254155,-0.11264813,-0.12290285,0.26255366,-0.012795656,-0.02527748,-0.11935091,-0.13183683,0.12391178,-0.287549,-0.4919343,0.022323579,-0.19503514,-0.2758409,0.33289477,0.0050375233,-0.17615767,0.10367766,0.079867765,0.041688073,0.11399462,0.004474248,0.053126957,finance
-0.14974695,0.2710177,-0.14297849,0.11408795,-0.029464658,-0.04714305,0.052105047,-0.0048300987,-0.144509,-0.056982588,-0.44411913,0.14719492,0.26885912,0.28368175,0.042938124,-0.10642978,-0.10841625,-0.33547506,0.014201544,-0.06298304,-0.39546642,0.08807997,0.1346347,0.11918701,-0.022684498,0.13154061,-0.199111,-0.11492253,-0.18056014,0.18292604,0.04699238,0.03354043,-0.19661494,0.006567707,0.25177518,-0.1922264,0.19332048,-0.27724564,0.024348132,0.048804782,0.059422515,-0.07116158,0.09186976,-0.21967363,0.22675332,0.17419192,0.30898446,0.2926935,0.26229373,-0.11809487,-0.08344483,-0.42342526,-0.14700748,0.24113232,-0.030700056,-0.14293137,0.01695366,0.1807619,-0.5388716,0.18187067,-0.10243935,-0.17148104,-0.1564214,0.347684,0.26314315,-0.018075278,-0.09700987,-0.13368255,-0.100431204,-0.012338033,-0.116473034,-0.24994193,-0.09835867,0.2018849,-0.15627864,-0.14652063,0.023174677,-0.3726672,-0.25381333,-0.16603659,0.13429676,0.10864102,-0.17692508,-0.05353046,-0.10391796,0.33889607,-0.0124680335,-0.48358434,-0.002090864,0.006752708,-0.23504992,0.17077525,0.10568047,-0.39937294,0.11691978,0.089299254,0.14161721,0.1687277,-0.12456712,-0.2821711,finance
-0.106017165,0.21801674,-0.12160484,0.018550223,0.001972574,0.009076836,0.028047813,-0.11178615,-0.0842207,-0.012745341,-0.38812408,0.18539873,0.28577504,0.35639635,0.10392468,0.04251211,-0.083838396,-0.25512645,-0.13467254,-0.17341223,-0.10919079,-0.055324063,0.15805764,0.10148101,0.024042634,0.19565153,-0.18624464,-0.10760692,-0.13534439,0.2192421,-0.0038935193,-0.14085841,-0.1442043,-0.0056045908,0.26925617,-0.121021,0.20450646,-0.111730896,0.084514804,0.113687575,0.19803533,-0.019914307,0.12438514,-0.14438164,0.1947982,0.25254855,0.34694234,0.1911029,0.43290612,-0.1870059,-0.012786412,-0.39491162,-0.02204199,0.3244513,-0.038073782,0.019059125,-0.013254818,0.11219816,-0.4004562,0.29626906,-0.08158605,-0.24564573,-0.17364849,0.4379904,0.26775968,0.1339032,-0.07652305,-0.17134929,-0.08654914,0.02725509,-0.24161929,-0.23518753,-0.08546823,-0.01578904,-0.17840858,-0.26450074,0.03803095,-0.2992499,-0.14254959,-0.25212678,0.04155708,0.103671856,-0.1298453,-0.1474986,-0.030291101,0.2199968,-0.07442549,-0.48711193,-0.053027343,0.12208783,-0.24822019,0.19175841,0.1482358,-0.3654872,0.2672284,0.08354973,0.010655152,0.21473902,-0.0075744586,-0.26524967,finance
-0.06161542,0.17277025,-0.14764422,0.11153341,-0.03659985,-0.026288135,-0.052345492,0.07385932,-0.22291923,0.024784548,-0.46392953,0.19661039,0.3463158,0.3403074,0.017357633,0.02971616,0.085502505,-0.35342717,0.0015777068,0.015147099,-0.12577264,-0.079601094,0.054672025,0.2645563,0.055060264,0.17016757,-0.2103996,-0.084453195,-0.1758831,0.11185835,-0.037744414,-0.12146001,-0.21154207,0.15910782,0.21297657,-0.20152543,0.08442024,-0.2071932,0.066037446,0.12304216,0.17262463,0.028191369,0.15298878,-0.10453481,0.14083494,0.112778395,0.35296243,0.20418827,0.40452644,-0.2581245,0.17638205,-0.47190708,-0.026134456,0.18108524,-0.004626117,-0.04039549,-0.114306815,0.15580215,-0.35588342,0.28348896,-0.14323927,-0.21324016,-0.39631104,0.38537943,0.2917127,-0.11283824,-0.0859431,-0.21975483,-0.11338636,0.0051778997,-0.11925486,-0.136844,-0.20385768,0.13389699,-0.09265518,-0.2277661,-0.016305715,-0.22232312,-0.11043851,-0.17182532,0.10721133,0.11184957,-0.00092050293,0.059262022,-0.16014794,0.30581427,-0.103558905,-0.46490654,0.117750034,0.05528371,-0.2585197,0.3964558,0.051811613,-0.31783488,0.1444207,0.096885785,0.1325264,0.21864127,-0.10262654,-0.23838563,finance
-0.15943101,0.12930234,-0.08276017,0.11270037,-0.09654127,-0.101003215,0.023690237,0.09709233,-0.073277175,-0.04009404,-0.27849126,0.20298667,0.28554484,0.20016654,0.0032184746,0.052178152,0.09787707,-0.39425284,0.024909116,-0.012781162,-0.23205496,0.07079579,0.07587451,0.09959141,0.07399887,0.10791449,-0.20729692,-0.05471208,-0.14440085,0.051355284,-0.013555122,-0.13961008,-0.16576403,0.08249374,0.20717397,-0.050345402,0.17042762,-0.2969599,0.017970076,0.25792438,0.061731357,0.05640185,0.117632054,-0.15124443,0.099085085,0.20476519,0.3319063,0.415617,0.5210987,-0.21673366,0.039823398,-0.33164266,-0.030568182,0.26759192,0.025371611,-0.04340008,-0.032868102,0.15463696,-0.35264546,0.21045254,-0.08589267,-0.2246355,-0.28484774,0.4861881,0.33369884,0.04490926,-0.08112878,-0.15315978,-0.13540505,0.0917727,-0.11528597,-0.2431549,-0.114468515,0.117720336,-0.046242576,-0.19564897,0.08880409,-0.32877976,-0.18018289,-0.13232255,0.012508861,-0.014173085,-0.054229103,0.00989364,-0.09140179,0.24216454,-0.13700101,-0.44774956,0.02808826,0.036189213,-0.27561855,0.21427731,0.15800048,-0.33666474,0.23758,0.0697672,0.1280311,0.12707032,-0.06432087,-0.2503116,finance
-0.0914851,0.2222531,-0.2110061,0.23304303,0.0060647344,-0.15048228,-0.06417164,-0.04136296,-0.14831205,-0.03464711,-0.4175914,0.23677269,0.20189902,0.3447316,0.16837215,0.01682269,-0.059320804,-0.23854668,-0.14352928,-0.16856314,-0.20198952,0.09187593,0.16087618,0.09456318,0.1394115,0.09892839,-0.20053096,-0.22534348,-0.29326203,0.14907241,-0.019244272,-0.034884896,-0.1212642,-0.023397153,0.32366118,-0.054140583,0.15768766,-0.3054995,0.10763588,0.032240123,0.08760368,0.092814766,0.13481534,-0.22941896,0.16737035,0.18609971,0.18908939,0.29966533,0.41685092,-0.10200816,-0.037980452,-0.32096693,-0.020644542,0.22936569,0.011114612,-0.118257895,0.01777694,0.24662437,-0.39600256,0.21823332,-0.0691177,-0.18655723,-0.26572266,0.3423584,0.29244572,0.062177297,-0.088168554,-0.028947303,-0.014344769,0.1270675,-0.17142773,-0.17405032,-0.10015188,0.10517671,-0.10674944,-0.30861467,0.032925013,-0.28595418,-0.09841597,-0.3238977,0.05620591,0.022476846,-0.057224672,0.023247378,-0.0097751515,0.3096414,-0.13086683,-0.4959194,0.0051696817,0.13571064,-0.12778859,0.18024988,0.18713377,-0.39054808,0.08968745,0.06919775,0.13714631,0.22638182,-0.011643326,-0.3532405,finance
-0.0543869,0.122699894,-0.15168391,0.08235492,-0.14971113,0.10169887,-0.06517737,0.042956028,-0.18062738,-0.110484965,-0.4483004,0.13285881,0.24593788,0.3320991,0.1292951,-0.12753005,-0.06160483,-0.21432859,-0.18130265,0.038772438,-0.30746642,0.13725552,0.14374611,0.18466814,0.1461925,0.15775062,-0.23154815,-0.27907804,-0.39496383,-0.0040460415,0.15245256,-0.0672318,-0.03721903,0.014596461,0.28409117,-0.057045355,0.1641957,-0.26358014,0.14559038,0.06792077,0.009528072,0.18460844,0.11875569,-0.15176329,0.18362314,0.2477543,0.32956132,0.32017064,0.45406047,-0.13895684,-0.102812596,-0.44264066,-0.0479447,0.27883977,0.13733448,-0.13376671,-0.004949253,0.20539093,-0.46349752,0.18527788,-0.11380646,-0.18233833,-0.29955426,0.27775282,0.35996744,0.009273945,-0.15701064,-0.2826629,-0.19162005,0.26743048,-0.10756352,-0.092686765,-0.21948281,0.17765422,-0.10132757,-0.2721585,-0.072731495,-0.33623856,-0.06699387,-0.36208156,0.016536262,0.13051002,-0.094610155,-0.08183523,-0.13721286,0.35494494,-0.092909984,-0.4785477,-0.06808469,0.07800436,-0.17648873,0.19079596,0.20846684,-0.3533201,0.042876814,0.18703552,0.09141906,0.19221705,0.005670638,-0.3189217,finance
-0.15154591,0.15970117,-0.24353142,0.039342668,0.16122882,-0.1592655,0.1341803,0.06544187,-0.177574,-0.07335066,-0.35723585,0.19797027,0.11459078,0.18129043,0.25125968,0.061537795,-0.14912352,-0.37440097,0.073683254,0.005994318,-0.14295225,0.11042555,0.0033902542,0.08674603,0.0062757637,0.033613518,-0.08400563,-0.21404085,-0.3990705,0.28139794,-0.032570697,0.02348184,-0.21727712,-0.018638179,0.15747516,-0.08916819,0.11034798,-0.2788614,0.071614526,0.07569342,0.09554837,0.077699706,0.25174028,-0.10599815,0.17632817,0.11301806,0.20713957,0.35133958,0.32671693,-0.27145073,0.1152096,-0.5634456,0.031769272,0.07598586,0.055136602,-0.069189444,-0.16010605,0.26119417,-0.36529246,0.23731013,0.019725423,-0.015139506,-0.2543647,0.2406886,0.13227116,0.17055637,0.15358284,-0.021929858,-0.33727527,0.19985686,-0.118519805,-0.16640955,-0.17543288,0.024623306,-0.17189986,-0.13987501,-0.16209312,-0.2664602,-0.1057771,-0.25814414,0.24107333,0.014477365,0.06116528,0.016618332,0.20262109,0.22906622,-0.20419084,-0.25084576,0.13774218,0.01239848,-0.28288218,0.12352323,0.02631374,-0.34869748,0.11204684,0.11625927,0.05153989,0.31722987,0.0060508675,-0.35328254,finance
-0.051606838,0.20657545,-0.061508812,0.13979673,0.034255687,-0.070027895,0.07465475,0.049501773,0.031018995,-0.07665396,-0.35450912,0.0713903,0.2427556,0.24334456,0.060095955,0.019679604,-0.16419946,-0.4205674,-0.13422666,-0.021533202,-0.19691071,0.062148787,0.08677452,0.20606495,0.14899784,0.06701921,-0.120199315,0.114733,-0.23067059,0.1270008,0.014489039,-0.02902663,-0.16196637,-0.056076597,0.23081006,-0.20323096,0.36386308,-0.12548448,0.015174802,0.16765653,0.26468995,-0.10654392,0.11368889,-0.18631448,0.16720921,0.26441133,0.32200825,0.31863388,0.27287817,-0.21923389,-0.008032601,-0.45592663,0.17254728,0.17722191,0.008965345,-0.20831114,-0.03011167,0.19490442,-0.2229958,0.16444589,-0.068990126,-0.26575822,-0.13902625,0.25120187,0.042263415,0.16372381,-0.08626693,-0.23009934,-0.059477232,-0.03455855,-0.06047884,-0.23941536,-0.09119625,0.13808967,-0.20180736,-0.051839475,-0.10039001,-0.24104227,-0.06382849,-0.15963168,0.10047171,0.08604986,-0.10997467,-0.08739765,-0.1514122,0.2264351,-0.117699146,-0.53266233,0.003093324,-0.16779533,-0.35722283,0.3228859,0.11369714,-0.27187833,0.038077146,-0.005077858,0.05116229,0.15726097,-0.12315423,-0.061607715,finance
-0.18660761,0.16366264,-0.14808634,0.11668746,0.039502732,0.014882766,0.010325364,0.048818387,-0.09873838,-0.108640775,-0.29678974,0.11178781,0.2653272,0.22725771,0.1038877,0.08154709,-0.025382979,-0.31038558,-0.07136269,-0.021452751,-0.26555544,0.11263707,0.07516173,0.18770558,0.13804519,0.07939271,-0.15609926,-0.18159471,-0.2512249,0.14239706,0.07585105,-0.13957599,-0.1570926,-0.033657275,0.20994142,0.05426707,0.19986002,-0.19048941,0.08650207,0.17742287,0.07005243,0.07438426,0.13775738,-0.11510473,0.11502639,0.3026596,0.39616126,0.35474235,0.45632064,-0.16115169,0.017052282,-0.30833146,-0.07474567,0.2766431,0.07852517,0.062442236,0.022589961,0.2588047,-0.44883767,0.25852528,-0.18492734,-0.17493877,-0.37018296,0.30275586,0.20447928,0.088818066,-0.07500045,-0.19994316,-0.15614729,0.030448126,-0.1404098,-0.23556279,-0.18759657,0.19313821,-0.0947182,-0.21806882,-0.03720944,-0.359512,-0.2012439,-0.20687002,0.018251492,0.100167625,-0.03772026,0.04361705,-0.109535076,0.323133,-0.07652545,-0.39969158,0.009592876,0.06367916,-0.19016215,0.118111305,0.09748014,-0.37890592,0.19910121,0.07187872,0.14530574,0.08255137,-0.022377761,-0.26117572,finance
-0.22728825,0.21588787,-0.22973986,0.019513348,0.12062711,-0.1536098,0.13420768,0.082217745,-0.09557829,-0.031214328,-0.36219054,0.13606597,0.15570319,0.18312481,0.18155062,0.17736737,-0.066711664,-0.40273276,-0.044020414,-0.1386018,-0.095762074,0.19336635,0.11713402,0.12041669,0.051511995,0.11506084,-0.058362473,-0.21493475,-0.35112137,0.3156922,-0.0869631,-0.04073419,-0.12481651,0.064276844,0.13360305,-0.051394414,0.11793163,-0.19436201,0.04322721,0.16437052,0.15930496,-0.020021599,0.2212655,-0.10436014,0.17460603,0.07307975,0.31393972,0.26490408,0.43698543,-0.16999102,0.086921826,-0.44895175,-0.010816481,0.06577599,0.032660868,-0.09306112,-0.12640512,0.25437048,-0.38754427,0.23787455,-0.017056305,-0.16458312,-0.21529175,0.20543714,0.12574743,0.16570328,0.027256696,-0.09493195,-0.21165554,0.17263159,-0.050712354,-0.16333804,-0.16929458,-0.0929279,-0.10783214,0.02184508,-0.104778744,-0.2675794,-0.16751505,-0.29478675,0.13820001,0.12745091,-0.072939314,-0.041049283,0.13894677,0.2746922,-0.21237107,-0.35590827,0.1689841,-0.018009728,-0.2598953,0.12071782,0.026401406,-0.36471277,0.14660373,0.11890719,0.07475275,0.21110524,-0.051935934,-0.26626825,finance
-0.21548992,0.22890727,-0.2562481,-0.012626748,0.103787765,-0.13494506,0.09481407,0.057153508,-0.081358984,-0.015761252,-0.3405839,0.13175973,0.15355541,0.19119717,0.22634235,0.1374989,-0.062855035,-0.41390884,-0.032488365,-0.16066025,-0.08551149,0.1778569,0.13394712,0.14592505,0.06217379,0.10715145,-0.09984987,-0.18011537,-0.3506281,0.30316153,-0.073474504,-0.06603207,-0.113367476,0.05088241,0.11644125,-0.08280537,0.19967833,-0.20532972,0.08379927,0.14870071,0.13147677,-0.010105885,0.23588328,-0.06780109,0.14997636,0.06020705,0.3121431,0.27999938,0.42955536,-0.1789707,0.08684203,-0.44844773,0.052602332,0.13197175,0.00013166713,-0.064295255,-0.17949831,0.26936895,-0.34916785,0.2444268,-0.04241235,-0.14512095,-0.25300178,0.2046371,0.08944163,0.20602548,0.040686574,-0.059432525,-0.24606413,0.15922865,-0.048083037,-0.14728393,-0.13012627,-0.06802397,-0.09825628,0.04598876,-0.19642396,-0.261971,-0.13096483,-0.26286265,0.17424689,0.15692064,-0.06378735,0.008412901,0.13274814,0.2774499,-0.23069105,-0.38025385,0.1425667,-0.0016896807,-0.23477526,0.13072152,0.029135896,-0.3912462,0.15207346,0.10766983,0.037685953,0.21178603,-0.07598406,-0.28065804,finance
-0.047906086,0.18621342,-0.15434816,0.089281164,-0.117475785,0.056733068,-0.013087671,0.043826982,-0.099744014,-0.031260945,-0.6409896,0.15754527,0.18971917,0.3585408,0.0599687,-0.19783112,0.0017471415,-0.20958716,-0.18922262,-0.023169866,-0.37765184,0.033844702,0.14600375,0.14159912,0.11938486,0.17961192,-0.20519851,-0.3870973,-0.37695095,0.0366198,0.22137873,-0.084164545,-0.028721903,0.0038587775,0.28456366,-0.057965595,0.18749756,-0.26609275,0.119861975,0.23158634,0.10919217,0.1517057,0.06303122,-0.15618023,0.26885998,0.09791119,0.41367456,0.29614148,0.46548036,-0.1932269,-0.20207244,-0.3993227,0.0737081,0.2661097,0.10034772,-0.094614,-0.013925156,0.16347578,-0.48755336,0.20176049,-0.16200358,-0.23984013,-0.23254079,0.32795787,0.33665988,-0.020811202,-0.22924498,-0.26678175,-0.18266211,0.22744319,-0.1494398,-0.14649297,-0.1254875,0.20518047,-0.17024286,-0.3023952,-0.15381934,-0.3035933,-0.09487019,-0.36958736,0.040994816,0.29393876,-0.07010606,-0.021264961,-0.11662775,0.39146256,-0.09385388,-0.42202917,-0.043436587,0.10809268,-0.18230161,0.07064793,0.21712323,-0.44655532,0.074571684,0.18737201,0.11071201,0.19335736,-0.0055952235,-0.28422746,finance
-0.10491725,0.16725898,-0.11199882,0.058000907,-0.0021269366,0.023414424,-0.0108914785,-0.11018982,-0.06728518,-0.021340508,-0.5139913,0.18922077,0.27612898,0.20970961,0.009026094,-0.07876423,-0.030890645,-0.20844367,-0.14209604,-0.09292232,-0.30931693,0.058632854,0.09946693,0.15141138,0.15046997,0.1950185,-0.22096568,-0.3102316,-0.24885377,0.1536129,-0.030794889,-0.14322716,0.017871443,0.095645875,0.24980164,-0.05352867,0.2511693,-0.31104022,0.07360771,0.18743543,0.114474855,0.10271427,0.09488139,-0.20609783,0.33454075,0.2678679,0.37835607,0.25557098,0.4280795,-0.20384192,-0.1284586,-0.31434473,-0.014193758,0.31630582,-0.08232372,0.09334685,-0.059891477,0.22834153,-0.46509975,0.275828,-0.13646306,-0.18255593,-0.3164382,0.42371514,0.23099849,0.019732576,-0.101391815,-0.20856054,-0.20154274,0.16272241,-0.19210063,-0.21223946,-0.13007231,0.09440362,-0.10575107,-0.34515965,-0.05880675,-0.31321836,-0.20626472,-0.35002747,0.079777546,0.22617267,-0.13573332,-0.04064055,-0.1301658,0.28123143,-0.11855891,-0.5242264,-0.067829534,-0.029708145,-0.15958865,0.3086726,0.30284244,-0.4553395,0.06538921,0.2050311,0.066427134,0.17832704,-0.048268124,-0.32286075,finance
-0.13452709,0.2732418,-0.23634833,0.121066,-0.119888276,-0.025757372,-0.04002769,0.023856767,-0.2140295,-0.12718605,-0.4096578,0.06988283,0.27905735,0.22682619,0.16141587,-0.09645942,-0.03239909,-0.28401396,-0.08793129,-0.15702492,-0.2090105,0.1685671,0.263799,0.06293029,0.14084098,0.18968351,-0.22747177,-0.2750379,-0.2869368,0.11207044,0.12086835,-0.041423332,-0.07152127,0.10607755,0.20274726,-0.092408866,0.25264803,-0.3012715,0.055727072,0.14909948,0.08953601,0.14159635,0.188764,-0.20801267,0.18985404,0.16410807,0.30113938,0.251681,0.42306688,-0.17593578,-0.05116104,-0.4490201,-0.08474817,0.27101773,0.04773186,-0.052361865,0.09548334,0.2578096,-0.47842076,0.21407016,-0.080232345,-0.13723367,-0.31437555,0.27482235,0.20512618,0.036233086,-0.015500416,-0.0723954,-0.122880526,0.1752196,-0.070569076,-0.09953575,-0.13580737,0.13099128,-0.10445776,-0.14285165,-0.13341072,-0.31944278,-0.15846147,-0.2823277,0.11565173,0.14552645,-0.062025394,0.01673629,-0.16807044,0.32662314,-0.06929035,-0.44118053,-0.011214833,0.002404934,-0.18035084,0.04852257,0.124019764,-0.46785262,0.04753816,0.2171272,0.042627234,0.154214,-0.047846444,-0.2887257,finance
-0.14598493,0.116215885,-0.11829945,-0.033192985,0.13739301,-0.053239748,0.05421568,-0.07329255,-0.09809567,-0.10000855,-0.34139615,0.19456592,0.34687313,0.23390846,0.12643385,0.22665605,-0.058181915,-0.42921397,-0.21781108,-0.05327447,0.11112574,0.16419308,0.018531598,0.13915944,0.062391352,-0.09108901,-0.24106824,0.019485993,-0.18639368,0.12405578,-0.23782408,-0.044058226,-0.29863894,-0.0071058767,0.23890519,-0.39999276,0.100660466,-0.043610387,0.1558707,0.35351953,0.20952539,-0.19895802,0.37862253,-0.20155427,0.32496104,0.20925005,0.35242113,0.40222543,0.65106356,-0.30858615,0.21361788,-0.47854716,0.12436812,0.2118925,-0.11582378,0.04349323,-0.094581336,0.40166724,-0.25364667,0.114432,0.023690276,-0.21797705,-0.35443246,0.40020397,0.085525796,0.11734284,-0.094941355,-0.17172621,-0.13779628,0.12302698,-0.20789741,-0.21024819,-0.21841303,-0.09458335,-0.18619768,-0.27904913,-0.015091429,-0.21686952,-0.18266009,-0.30377278,0.0741618,0.026475716,-0.09861326,-0.010234646,0.014952312,0.24860026,-0.1719264,-0.39349803,0.182609,0.116578035,-0.17874919,0.32585862,0.12259882,-0.348592,0.325557,-0.09414355,-0.09422389,0.4245945,-0.09663482,-0.25448245,finance
-0.037671857,0.16377378,-0.10314924,0.11016325,-0.080413684,-0.050612938,-0.023181733,-0.008727636,-0.11339989,-0.040752817,-0.5265634,0.18782091,0.3228783,0.31315264,0.08016402,-0.14701644,-0.023924677,-0.24149261,-0.140023,-0.089048624,-0.31574053,0.032788508,0.17734979,0.19563352,0.052748542,0.21140541,-0.19398735,-0.23508197,-0.30543813,0.05559894,0.07243082,-0.038372405,-0.028130086,0.055274934,0.26790303,-0.07857341,0.22610968,-0.35950497,0.08853939,0.110701166,0.033110928,0.075627826,0.119220324,-0.18074203,0.26858887,0.16809094,0.29777357,0.3174487,0.3738642,-0.07338429,-0.11367306,-0.39824787,-0.034138247,0.2544105,0.020345982,-0.117541485,0.033996135,0.16732372,-0.44634303,0.23072748,-0.12406843,-0.1971831,-0.24842079,0.33982256,0.32092348,-0.037629623,-0.1530461,-0.17428295,-0.111707665,0.15495521,-0.118774086,-0.12074646,-0.14398472,0.13848895,-0.11372009,-0.2772706,-0.01917023,-0.33106163,-0.15058887,-0.33990788,0.04797433,0.09409016,-0.10362462,-0.061603826,-0.100817166,0.3346403,-0.08274474,-0.5524396,-0.0251305,0.114855036,-0.13338515,0.26443833,0.23702285,-0.3873395,0.050833113,0.19719252,0.11875441,0.15124996,-0.053763397,-0.34778035,finance
-0.16018163,0.29997835,-0.04147782,0.051521145,0.1106934,-0.089609005,0.06564147,0.044757716,-0.06106976,-0.04110567,-0.45058593,0.089428045,0.49994332,0.21899673,0.08674631,0.116759814,-0.010789206,-0.41391852,0.013307532,0.019129952,-0.29865524,0.053294472,-0.015393536,0.10279764,0.09380133,0.15622665,-0.28942317,0.0069888663,-0.09550172,0.23704198,-0.0029662247,-0.064881526,-0.23837304,-0.09859743,0.30870464,-0.23089306,0.34474078,-0.16450849,-0.060413748,0.1224059,0.3638951,-0.052741606,-0.0036328784,-0.13529171,0.3077806,0.2699147,0.4410071,0.27369836,0.4075642,-0.094449185,0.15984502,-0.4828003,0.20357525,0.20313266,0.027463246,-0.05015312,0.04198926,0.31425864,-0.21848993,0.29445165,-0.12863457,-0.34277338,-0.2652802,0.5073536,0.175454,0.1466763,-0.022618793,-0.2581465,-0.15566158,0.033987585,-0.31966385,-0.2724215,0.034212984,0.115174495,-0.28200516,-0.31972107,0.0048994846,-0.3196969,-0.025089206,-0.079278395,0.035065953,0.101630405,0.038055535,-0.007624849,-0.19092295,0.09566529,-0.14714257,-0.5407451,0.10194738,-0.20328605,-0.28998527,0.3174235,0.16477531,-0.2176085,0.1628921,0.10447452,0.11252365,0.25782165,0.0032872756,-0.29001054,finance
-0.18300667,0.33654216,-0.15181804,0.12927988,-0.21281296,-0.014533017,-0.046496082,-0.05216252,-0.11942809,-0.1348998,-0.5574784,0.19162759,0.35908216,0.18347305,0.059502292,-0.03230086,0.047969863,-0.2816524,-0.15345867,-0.24518798,-0.21965963,0.18162066,0.38139653,0.045393832,0.034118675,0.27604872,-0.2907499,-0.21600164,-0.19173636,0.12429632,0.20033227,0.05985926,-0.12905496,-0.014758561,0.3140116,-0.23097272,0.2811497,-0.26727477,0.13204959,0.13619417,0.16769283,0.101530336,-0.006068796,-0.24576321,0.24206725,0.3373343,0.3630455,0.28132874,0.47423053,-0.023908295,-0.09516761,-0.38378167,-0.19834985,0.35876802,0.041334137,0.056640822,0.030914955,0.18642099,-0.54701626,0.25134784,-0.15635537,-0.07908658,-0.066166714,0.35231543,0.26039132,0.10715251,-0.031031815,-0.060057916,-0.15535384,0.17606167,-0.27682272,-0.10365995,-0.13094756,0.16810647,-0.24159996,-0.22976185,-0.028414382,-0.432721,-0.23601009,-0.392174,0.18757837,0.22118732,-0.23639157,-0.06349721,-0.07846596,0.2944584,-0.0965621,-0.47695273,-0.106180064,-0.12875482,-0.22923794,0.1076767,0.01977153,-0.4174936,0.13207605,0.20233469,-0.08439517,0.24582736,-0.015744548,-0.3837964,finance
-0.12544659,0.30536526,-0.13912472,0.17719355,0.22116753,-0.05636823,0.12538998,0.025558628,-0.04468271,-0.080670446,-0.38522843,0.15297416,0.42763704,0.20439655,-0.08384288,0.014178922,-0.0023148227,-0.4299675,0.060684253,-0.06682963,-0.22906007,0.004907135,0.05138136,0.16909514,0.092425965,0.16983385,-0.20015503,-0.014956514,-0.08315118,0.21533795,-0.02484109,0.0068484484,-0.2021314,-0.092576414,0.38306785,-0.2663096,0.2657061,-0.2216553,-0.050377037,0.16775768,0.36158878,0.027985673,-0.078351684,-0.14739543,0.1874457,0.3082833,0.41904956,0.24818951,0.35781088,-0.2499254,0.18952225,-0.45612332,0.15834588,0.22032337,-0.048459876,0.0077522523,0.028221374,0.36291125,-0.24275045,0.37287006,-0.22647665,-0.36736065,-0.2696283,0.36718822,0.100181326,0.01712121,0.005398808,-0.307127,-0.1788435,0.00019087673,-0.2016703,-0.24022047,-0.0666581,0.060703605,-0.16369323,-0.25858477,-0.020822933,-0.29294774,-0.14489982,-0.11365787,0.0655217,0.078509964,-0.0051137186,-0.067514434,-0.07987635,0.15543468,-0.110482104,-0.5078027,0.08695563,-0.21469326,-0.28548294,0.36503777,0.12654452,-0.23770767,0.23047562,0.08555643,0.06156814,0.22748548,-0.05172165,-0.17835325,finance
-0.073499024,0.15711951,-0.13881335,0.17659241,-0.05192535,-0.11252617,-0.045468386,0.10410564,-0.056755103,-0.052755855,-0.40683943,0.21155576,0.22788987,0.21983112,0.01511313,0.07315961,0.032494154,-0.43820196,0.0042101904,-0.01627617,-0.10929413,0.122612566,0.04057342,0.23055774,0.0703389,0.08357826,-0.07975278,-0.14590433,-0.18951675,0.0634887,-0.004237467,-0.056067966,-0.25427014,0.08440684,0.1264168,0.031571496,0.1500789,-0.29907927,0.102485985,0.27728546,0.004197026,-0.0369189,0.14570989,-0.058339313,0.06652525,0.12582015,0.2193298,0.37364256,0.44956386,-0.20677532,-0.009592344,-0.4185837,-0.05377304,0.23236282,-0.028771847,-0.15175968,-0.11476658,0.108131014,-0.37567508,0.1504845,-0.06720766,-0.21774533,-0.27981114,0.3910629,0.28633308,0.054833755,-0.009699902,-0.0774929,-0.079160936,0.100065626,-0.08407564,-0.21448408,-0.22178589,0.11270354,-0.08498768,-0.114369355,0.02896976,-0.33179095,-0.2704453,-0.16866396,0.042536967,-0.017248014,-0.06852946,-0.009909829,-0.050253782,0.34787664,-0.10496876,-0.4738887,-0.05229743,0.12727202,-0.21345517,0.18524922,0.12909448,-0.2935579,0.21130617,0.07678739,0.27569392,0.13187902,-0.094417684,-0.29942447,finance
-0.18363844,0.2571337,-0.08461303,0.1737448,-0.052521423,-0.0044811303,0.056580387,0.040009934,-0.053556755,-0.07328507,-0.34507424,0.2039433,0.29396683,0.25129867,0.03403577,0.109756336,0.10762521,-0.4223748,-0.032426517,-0.19920117,-0.23962371,0.01039528,0.13935272,0.18786728,0.07272173,0.14945872,-0.18247373,-0.1279202,-0.07125653,0.10683179,0.018124266,-0.15913616,-0.16639078,-0.06266135,0.25396496,-0.03819055,0.23064242,-0.20980126,-0.04010435,0.18037389,0.19549072,-0.08505735,0.05832667,-0.1996242,0.017629793,0.2947152,0.3605256,0.3773496,0.5102694,-0.08151488,0.07046785,-0.33710793,0.02884998,0.24778776,0.09059619,0.025958879,-0.016624847,0.16072059,-0.3407349,0.23413612,-0.16278045,-0.32089657,-0.2788868,0.41402242,0.23175517,0.11874633,-0.13602957,-0.14249994,-0.1502931,0.09793206,-0.14674395,-0.2529057,-0.11714838,0.16524732,-0.06847396,-0.26694465,0.11696893,-0.35166264,-0.20860712,-0.22140215,-0.012768432,0.11982403,-0.08391716,0.033366818,-0.17732996,0.2834091,-0.19220766,-0.5309302,0.055266615,-0.0042764996,-0.15182617,0.22478686,0.0624064,-0.33185685,0.23343712,0.0777486,0.13444051,0.076839715,-0.055439714,-0.21519877,finance
-0.13462284,0.24641462,-0.08829285,0.118802845,0.0164029,-0.005557463,0.05854781,0.06941782,-0.061266754,-0.06161686,-0.34548476,0.15361115,0.30711842,0.21208447,0.10163138,-0.006861901,0.02742278,-0.40013033,-0.042771973,-0.10426396,-0.22443786,0.09061381,0.06846455,0.1739816,-0.024823386,0.23561285,-0.22532403,-0.094502285,-0.21595667,0.12624711,0.097072095,-0.053951308,-0.19479115,0.029561475,0.16860107,-0.17496343,0.27784023,-0.2069816,0.034502506,0.10077601,0.12404508,0.046131052,0.08485025,-0.18642586,0.12979308,0.23455441,0.29566774,0.2453202,0.46594247,-0.0819974,0.027617797,-0.38571632,-0.017505767,0.21421866,-0.024780592,-0.12965077,-0.037503667,0.18376347,-0.38775232,0.25530428,-0.14917469,-0.21574578,-0.19271928,0.3390169,0.2600569,0.071846955,-0.024316588,-0.1229863,-0.15130396,0.068005994,-0.098704755,-0.103671946,-0.14793286,0.10280495,-0.15674941,-0.09877071,-0.06195825,-0.24251847,-0.15270582,-0.19446756,0.15524867,0.077964015,-0.21926585,-0.0055478974,-0.0047662337,0.28704345,-0.16124868,-0.4553715,-0.025771521,-0.10102097,-0.20012747,0.17312847,0.041450314,-0.2722559,0.24500965,0.123349294,0.06177893,0.14256217,-0.09011982,-0.26377028,finance
-0.03763827,0.16178419,-0.16949464,0.12013919,-0.013720279,0.03141661,-0.03156229,0.032699022,-0.11075517,-0.009744046,-0.6022536,0.15413328,0.25238985,0.34844282,0.03662565,-0.19512881,0.024613388,-0.21289726,-0.14967623,-0.035837147,-0.35045755,0.04955282,0.1379205,0.16664736,0.13837059,0.16952148,-0.21148872,-0.37304118,-0.33789167,0.030186964,0.18491124,-0.0951224,-0.033851676,0.00036497597,0.32853365,-0.054130573,0.19028036,-0.3343931,0.09093705,0.19951689,0.12167031,0.18283771,0.080445714,-0.21134147,0.24008991,0.11443981,0.3979877,0.29335225,0.45360595,-0.23211455,-0.12340757,-0.3740475,0.034225546,0.27318913,0.07363549,-0.07615237,0.02405455,0.18616128,-0.48598042,0.22685432,-0.17530067,-0.19708309,-0.2781098,0.34414512,0.3389575,-0.009866351,-0.19985707,-0.21805587,-0.14468847,0.23054728,-0.14335133,-0.17902395,-0.079847716,0.18806806,-0.15206058,-0.30873442,-0.086382285,-0.33267486,-0.09372618,-0.3720848,0.023681678,0.21793324,-0.07986286,0.014521957,-0.07215419,0.39321202,-0.09266227,-0.4677114,-0.027489917,0.13954318,-0.13742818,0.10713433,0.254077,-0.43628728,0.09237509,0.16583058,0.12617008,0.14125358,0.0046234215,-0.29302374,finance
-0.12102746,0.214425,-0.032747157,0.016148357,-0.121146485,0.17126913,0.089474276,0.32896784,-0.44346806,0.011514425,-0.45379645,0.2519184,-0.08745573,0.26729244,0.23684838,0.043434434,0.10220372,-0.46157816,-0.05828137,-0.051758587,-0.23794319,0.0047826986,0.08921586,0.20523383,0.3904217,0.034896348,-0.28257203,-0.2273142,-0.4026865,-0.081262335,-0.085735984,-0.17444466,-0.049949534,0.16366039,-0.10864503,0.068672806,0.20528732,-0.052293167,0.09777308,0.27232626,0.11277833,0.028063584,0.24335742,0.036660876,-0.18149282,-0.058845937,0.2707751,0.23778868,0.8746797,-0.19778654,0.03170283,-0.6656835,0.024294047,0.21824954,0.11080123,-0.1823603,-0.2915985,0.028764093,-0.2625058,0.23790097,0.071030796,-0.37554592,-0.1849809,0.27617157,0.3867265,0.2250415,-0.043513734,-0.16407508,-0.1291908,0.2138519,0.18045537,0.04529201,-0.3926172,0.22532682,0.030034741,0.15267761,-0.12308001,-0.13612078,0.11961226,-0.18398947,-0.044256117,-0.17610134,-0.037454683,-0.08806187,-0.07253572,0.21157144,-0.5417448,-0.63393307,-0.10192885,-0.12262174,-0.40165436,0.4409123,0.0820903,-0.072839536,0.23902683,-0.0383845,0.08380151,0.07098953,-0.027652435,-0.09221284,finance
-0.2174634,0.23326679,-0.09389585,0.1400311,0.030631717,-0.04693533,-0.022586044,0.0044807247,-0.17256092,-0.002517444,-0.5158322,0.11706889,0.2611372,0.31663954,0.08707888,-0.10447469,-0.034857217,-0.32478344,-0.06309065,-0.09292111,-0.241792,0.07286487,0.19822869,0.14628656,-0.056918874,0.2273181,-0.14896175,-0.14465211,-0.23685753,0.14350773,-0.021274466,-0.087314,-0.13612331,0.18014686,0.30685705,-0.1435243,0.16833122,-0.36508796,-0.05567684,-0.004829837,0.12588623,0.050394718,0.14306799,-0.25088033,0.088214755,0.106886394,0.21969454,0.18503033,0.3805501,-0.039014462,-0.022903144,-0.3949135,-0.06659546,0.16562387,-0.0144136045,-0.07607516,-0.032659356,0.20714965,-0.47545493,0.2816931,-0.15070747,-0.22107117,-0.3110186,0.3607457,0.39944255,0.032932818,-0.12774543,-0.06177887,-0.06255934,0.06629247,-0.05189561,-0.18924288,-0.16741402,0.17064966,-0.09876809,-0.11189079,-0.015734248,-0.3776819,-0.13785528,-0.2130663,0.14351249,0.13130166,-0.20674984,0.044865366,-0.16093418,0.34487513,-0.10397917,-0.5469328,-0.02853591,0.11803364,-0.21126984,0.23035489,0.1178473,-0.4158054,0.09252685,0.1301343,0.22705665,0.14632897,-0.2288896,-0.30078205,finance
-0.08479077,0.12439056,-0.13986264,0.111928076,-0.09101,0.0537072,0.0061933678,0.0413377,-0.1300433,-0.14679955,-0.39067602,0.06899793,0.20544438,0.20844458,0.18362683,0.06415521,-0.019051937,-0.29446846,-0.08256976,-0.0328214,-0.27190474,0.19772361,0.09587911,0.2404105,0.08984967,0.011432376,-0.11778735,-0.19669098,-0.25467464,0.045423962,0.059418578,-0.17099944,-0.11574905,-0.04344405,0.1695809,-0.014563382,0.17017083,-0.14999044,0.07046215,0.19717515,0.09495077,0.06985233,0.1972279,-0.21573797,0.12489368,0.19426496,0.4289355,0.38890424,0.495873,-0.25907877,-0.023338612,-0.3895113,-0.06575147,0.24120641,0.14441289,-0.010564304,-0.052032333,0.109163485,-0.4097477,0.21270321,-0.02769551,-0.21111518,-0.3086222,0.29432675,0.25366035,0.17153132,-0.16698605,-0.23582166,-0.028364778,0.13660072,-0.09688609,-0.17418244,-0.16345853,0.21243595,-0.044371918,-0.11369293,0.039337575,-0.32045627,-0.10651755,-0.20508188,0.12191331,0.047125485,-0.18170239,-0.0050608115,-0.10418213,0.33951244,-0.13215297,-0.48466444,-0.04138318,0.029686678,-0.27544457,0.18755664,0.057537723,-0.44722256,0.1958693,0.07804592,0.05526271,0.08471884,-0.03785963,-0.1608635,finance
-0.08985923,0.20591919,-0.051482785,0.11064387,-0.041070964,0.07195062,-0.054840647,0.117751256,-0.1846778,0.07842024,-0.4708057,0.2620264,0.37100407,0.323193,-0.020315094,-0.050660696,0.14145623,-0.40846696,-0.02692903,0.14153986,-0.1384703,0.040769145,0.1271654,0.2399358,0.11290967,0.1831061,-0.14882998,-0.14539756,-0.17271891,0.055526618,0.011153144,-0.086972944,-0.21629027,0.19605094,0.12514436,-0.11966559,0.14409049,-0.15897678,0.0661011,0.21749817,0.21826228,0.07293193,0.18426995,0.033623476,0.11102559,0.106028244,0.34112364,0.20191772,0.5362162,-0.17831522,0.13933294,-0.4745617,-0.08120966,0.21584742,-0.02394023,-0.08256616,-0.1569382,0.11699908,-0.42998424,0.2344478,-0.21601412,-0.18384217,-0.27493194,0.3554379,0.32632685,-0.1073695,-0.12114236,-0.32346907,-0.09603179,0.016171684,-0.11520316,-0.112667136,-0.22486608,0.1934586,-0.09870263,-0.10615801,-0.10407684,-0.2529686,-0.068101235,-0.2196684,0.12823537,0.056963168,-0.055152446,0.057245597,-0.13306285,0.33014396,-0.12427127,-0.40767232,0.10438648,-0.07178801,-0.28371328,0.3895202,0.078007445,-0.22502562,0.14621028,0.10862214,0.08087863,0.20126979,-0.1719248,-0.22150266,finance
