ID,PC1,PC2,PC3,PC4,PC5,PC6,PC7,PC8,PC9,PC10,PC11,PC12,PC13,PC14,PC15,PC16,PC17,PC18,PC19,PC20,PC21,PC22,PC23,PC24,PC25,PC26,PC27,PC28,PC29,PC30,PC31,PC32,PC33,PC34,PC35,PC36,PC37,PC38,PC39,PC40,PC41,PC42,PC43,PC44,PC45,PC46,PC47,PC48,PC49,PC50,PC51,PC52,PC53,PC54,PC55,PC56,PC57,PC58,PC59,PC60,PC61,PC62,PC63,PC64,PC65,PC66,PC67,PC68,PC69,PC70,PC71,PC72,PC73,PC74,PC75,PC76,PC77,PC78,PC79,PC80,PC81,PC82,PC83,PC84,PC85,PC86,PC87,PC88,PC89,PC90,PC91,PC92,PC93,PC94,PC95,PC96,PC97,PC98,PC99,PC100,Label
55,-0.05169662292923044,-0.008768767114869996,0.35399842884489086,0.10770384976359061,0.07273949581182838,0.09040709295967565,0.045152122353768524,0.10794051717430501,0.01087704119780898,0.10808358246450189,0.03487006915854617,-0.1281202742897188,0.044580355822513185,0.029196449756805062,0.10115952239374214,0.03674551780051567,0.0048889439395194845,0.03472915612108774,-0.10028873058709653,0.016233838977395332,0.09719510192547258,-0.07067607724306377,0.03737057330128796,-0.07367538269658368,-0.024763680051023175,-0.09701919256597481,-0.026558206782152146,0.02549076438942159,0.016735914680324766,0.007125956810706128,0.05958602940299428,-0.03042778069302491,0.015095891237756273,-0.03675558468316533,-0.0062800185012011,0.05498428415767255,-0.06326596551917231,0.035807292437339745,0.14608807272615332,-0.07123968710893791,0.18937021757113756,0.10011271079948039,-0.00021908543625665354,-0.021851891442320404,-0.011924773976971883,-0.03197386189411904,-0.06730245702310812,0.11650241213324122,-0.14167228337360854,-0.08039946223718218,0.1438035888337032,0.16929603975697624,-0.06023851869319155,0.002925121109648101,0.15513827245732495,0.018471902588427076,0.010452007236644554,0.05243108635921328,0.04342989795627881,-0.03367751088529726,-0.021605626595319952,-0.04654694449754385,0.03590058464078611,-0.10264033092729248,-0.01915184181849169,-0.05814993151858819,-0.03293186022169507,0.07469464615845599,-0.11189925835585089,0.056404790408835885,-0.02146075503837213,0.06143399003879741,0.08425714598265606,0.16356339891665003,-0.0022476996998337466,0.07514596616215205,0.035281736756407014,-0.0308166881951497,0.04588148868460636,-0.0007452095985599562,-0.03650083107772171,-0.10026587232742647,-0.08030939696276085,0.1751757017252383,0.017737988207012525,0.05024431003057029,0.009920585346044194,-0.022564827794731283,-0.06539841776864219,0.03596757084874816,0.022995663318610787,-0.054018613575147936,0.07714097245515728,0.0877779044492246,-0.030684906479089336,-0.1196201073051078,-0.07910672539639253,-0.034373627892410406,-0.06636946372026868,0.016328242873126578,1
176,0.06427880599244941,0.010480768450235678,-0.04230982079301442,-0.12909617753239716,-0.08452750237038263,-0.02822223594584881,-0.008155364469847727,0.020255367564116986,0.018144050723254587,-0.05275057892769466,0.008172101835920584,-0.09299732663312364,0.06216099389549753,0.01771498061983805,0.057486543055085146,-0.1844016383072519,-0.26712674798998726,0.06546402877341412,0.3553245915728165,-0.15869972481642328,0.33774702378402366,-0.1372950753063495,-0.06268351935957489,-0.21204983791895188,-0.08999672826898993,0.17271234036173672,0.2383788575295702,0.09389652680311755,0.0026307750746138252,-0.06323688420246701,0.035106515023718664,0.033371515470705757,0.10074518283527903,0.11344123578912521,-0.12646340960324598,-0.04802106061796616,-0.01733939568233659,0.03220100627019776,0.029259509819276792,0.06132868890329938,-0.010036560521155908,-0.01573176270677762,0.047017915616719676,-0.01182861055630735,-0.0010186128335118246,0.0033153379247670323,-0.019184883670206994,-0.04996672618389811,0.0327874126494797,0.02351037153124277,0.0023450659304368347,0.02858954905097672,0.02422522021137447,0.006279908679400516,0.01857601441766446,0.01716455728988794,0.029902795478999544,0.04314819851248426,0.04393928859077444,-0.03560268921539733,-0.018469130538202243,-0.05424033581924018,-0.008474153004368167,0.02851179710236045,0.010980784285192485,0.03656156934950295,0.02516447536954637,0.051173760983880406,-0.008551925986774227,0.01075324643542042,0.01869453734967617,-0.041816531812498794,-0.008226267709816456,0.04091014968613206,0.02680822520491079,0.010642400700806394,0.001001695016155633,-0.03427615411982108,0.03525546750728285,-0.023343959302700994,0.03514228143888632,0.029063899914098502,-0.011128852453978341,-0.017613595624987023,-0.009209252680886446,-0.01425861149266479,0.003390109120235852,0.0066628853500817495,-0.02055270498027337,-0.029558564514269928,0.03353141891705507,0.030314928279688784,-0.016228200679151473,0.01411421523613669,-0.025116593000269537,0.03482126017933468,0.005377842246643098,-0.0032211054669583654,-0.03156944619813662,0.02232825475665997,2
79,-0.12094480676079454,0.23764388022856783,-0.10200697336283598,0.15068315640662364,-0.013504198155869134,0.06410584860106448,0.05101331949871471,0.07082022710355826,0.044597839120710546,-0.058289518362161105,-0.059595934693043,0.001404414099538849,0.0016632204240825017,0.007640065420408454,-0.029472730561116843,0.03068783015523467,-0.05134036146342815,0.0043010084400675564,-0.00572125419817529,-0.0012398121521835636,0.01687045048207922,0.20761013873785983,-0.1417970823296455,-0.20091101313849283,0.09638360420759062,0.020956172750976946,0.03465888519571865,-0.08470085554705019,-0.07828189234627163,0.07061231700404909,0.017498108845882397,-0.16233423082180032,0.03391300555369738,-0.14233214679886813,0.031704666516083044,-0.0046477647796749535,0.2943570151977516,0.12693409835022598,-0.25480165433820173,0.1579116834840497,-0.014232600932777985,0.1769176673885192,0.07934561987075335,0.03138614767914038,0.11067843189060164,-0.012617413802278214,0.056197874072570424,0.0034641499066004155,-0.02028464191214644,-0.01757857926328537,-0.02534916232967976,0.07440219863925432,-0.09242324083730268,-0.004913503372946628,0.01870198385545419,-0.05099064397403727,0.0008487634348310278,-0.04217128581992448,0.01652133209671863,-0.03585040488901296,-0.04370510231973652,-0.031050873909547916,0.036450288699616064,-0.009346778887493442,0.04859414503013241,-0.03146808544520081,0.11988945669252128,-0.026970465085341445,-0.036487223351963055,-0.055661099630971315,0.04640283422525543,-0.07474129015080083,-0.028498130800687478,-0.048547785367690936,-0.003587717884902433,-0.04995022657313272,-0.08714285155779393,0.033455740666510275,-0.06995781199178888,-0.010791951247132949,-0.004455429588423522,-0.047875133103557836,-0.05937556228533428,0.07029160803842302,-0.06860484613551118,0.008820866053522908,0.057282817938910296,-0.06311197923280258,0.041325509036647494,-0.02133322840175797,0.02230204667488757,0.037737738997967826,-0.008302608205694237,0.07548685075722175,-0.031143735046576,0.019275939844996044,0.08028061974963048,0.015130720625098867,0.05985293020867652,0.08470377032306914,1
101,4.0308271441509685e-05,-0.02699207827619131,-0.08953997983243148,-0.22059708063602187,0.07839023857224872,0.04472085069273063,0.27091985012084574,0.045582568183884994,-0.4447180496982637,-0.029054109621523733,-0.04663557613613612,0.00959687794789608,-0.06269570342497333,-0.35295408789987587,0.2124541804641949,0.4527863385967151,-0.2243817703641578,0.21918470380890184,0.12641439624703965,0.014382588281606282,-0.062373065738008264,0.043559920725458605,0.09211501706422372,0.055624484803063846,-0.013655243688105837,-0.029661380659591865,-0.007039987310484045,0.03701859158703508,-0.0016204802609264307,0.0007705242498403855,-0.0523527710721535,-0.011373005712811867,0.023396964185548846,0.021640330258678665,-0.013171833501460357,-0.005754336808002325,-0.02909175356871175,-0.004006790837719355,-0.04927161032666143,-0.02861623241219952,-0.01150831529039841,-0.01905067789341316,0.002493376157345825,-0.035183584403707224,-0.016981010614967755,0.029364922304236023,-0.06023241503018778,0.0005766249650816488,0.006638341566498057,-0.012054302137133434,-0.0196522756277424,0.002158314260113282,-0.03432887699297569,-0.017977188805388365,0.01300012818841189,-0.0390826009392957,-0.04215336912992446,0.011129807376768674,0.008737720446245536,0.004997446594257815,0.0019381017877499096,-0.0033243042392103973,-0.02181921499334701,-0.008641143405850196,0.014783605806520248,-0.0006348404001943255,0.008221388860804809,-0.009460521464754727,0.012202277514105363,0.016501509403209824,0.012852231288368841,0.008552428430448998,0.008551255378508645,0.016853351476931542,-0.016986308725801983,-0.02030128943797924,-0.008386426975309466,0.02427538688341491,0.00015606295327249702,0.0036558099538822786,-0.0061157050460444356,-0.020700542261888603,-0.0002065490053651296,-0.008195485243189932,-0.008821328460623484,-0.008612024814989076,0.009872462948744444,0.0002647528071570789,0.017689157417556983,0.005757935256500043,0.019769459993953197,0.0012579458955476845,-0.0013053096875161021,0.005776590009511617,-0.0007707803637908205,0.0003604095011392764,-0.006089500505011016,-0.014388150320184378,-0.0008032548549088314,-0.0012345152560917917,2
159,0.0356429963415459,0.003374498599944741,-0.04485683528123234,-0.10095920391058073,-0.02277701874972252,-0.008821082246559564,0.04647820732614423,0.038080039487283376,-0.05433383402357165,0.0339525460781814,0.019516306747512983,0.01593125485106697,0.042215748583847176,-0.061631460209491985,-0.012500179662686735,-0.03081003176542435,-0.07380458975905346,0.08076410808146185,0.1353699897590111,-0.0024678278535360653,-0.08838394980501554,0.0316451280574762,0.004023249784304461,0.10401705343179467,0.04035436088556237,-0.11570098080580478,-0.007717865062658317,0.034415401416677635,-0.061974274341457185,-0.004928354401237807,0.012187021776317478,-0.01715191421704933,-0.1506715751016818,-0.0558315881046389,0.11469571843617568,-0.08689746910621104,-0.013403135718557928,0.11463760904723083,0.042628762966248304,0.06114491294859828,-0.02644445461029398,-0.012418838989200234,-0.07539234492644245,-0.1514010109177509,0.1539190192317432,-0.20913682426007282,0.17082174682251847,0.2262235325470766,0.017738628879399372,0.08064420913518824,0.040611113158333226,-0.09122149157374984,0.17817689458912503,0.16886623982422558,0.08194172604454712,0.20437447731823588,0.052372647902480286,-0.10616535456797781,-0.11764109027540152,-0.04079860523215051,0.11762408064095158,-0.0755057731830916,0.16712510544295314,-0.08032955695823489,-0.15252474495875357,-0.09720703201936351,-0.13371018290625178,0.0308001684098901,-0.10088017717420733,0.09631180964138748,-0.22076925362603178,-0.10185898593848568,-0.11299383081750132,-0.15032996954268424,0.07559267706886698,0.04611751809702977,-0.11405352034663281,-0.13168434633949738,-0.024218558180436986,0.002381900410728548,0.0933850259837157,0.046224744482376796,-0.11618470510300273,0.02469015361594385,0.12978331421124106,-0.12739417410728043,-0.10410296355237782,0.005660515405817422,-0.12569492203165092,0.07626916479204063,-0.0307527222190186,0.05589023051318321,0.035874275248509724,0.04350531053800923,0.026943457156797204,0.05955720575233075,-0.0259126928290203,-0.03165618341041393,-0.04230887932701834,0.002160148004013465,2
186,0.2008323628465526,-0.0665000518390734,-0.11316601463527229,0.00325036943013365,-0.002787754210150346,-0.009416078533447707,0.20409775724496246,0.12444463954809375,0.2805775276692445,-0.036610313646913195,0.027869945165495662,0.16071013353766145,0.018170599417675664,-0.0286499784663121,0.1708143060156364,-0.04347669929717016,0.005066446911390467,0.09501156898128593,-0.0847600151308542,0.0455764942654353,0.06080808994647362,-0.0488314702381815,0.06875323095487666,0.054225412245189265,-0.025800566486764445,-0.04186106126714461,0.02085276743774083,-0.07800021251692646,0.03356250095634076,-0.026103285397257394,-0.07374725592315053,0.14250597028945755,0.030796863544266164,0.14166592293895558,-0.02104538046381964,0.002978565859063247,-0.06255126942659198,-0.04148764765109904,-0.12333931297591072,-0.02872251338952292,0.08313920833558679,-0.05578198303509725,0.054620362821833794,0.11058763211366358,-0.007814071663249548,-0.016289987715210126,0.01259331824855545,-0.0628230991303289,-0.03415508031950081,0.0731992172192922,-0.005979466679740814,0.16976776794875323,0.05011100082543072,0.01557714472243842,-0.05092931780169863,0.017666956187127044,0.059159807105333,0.00010922258107477741,0.015082856187262433,0.0764643379961322,0.04766295755148053,-0.0014939701165464358,0.034808797070524124,-0.024044373640282037,-0.12504422708905025,-0.1371568773715858,-0.015041788766479554,-0.1750225837925633,-0.046058533820644586,-0.027609155696194928,0.15512470991067673,-0.08175380480349982,0.02131296938204801,-0.08277324622179334,0.1387043245381434,-0.09599524795822253,0.18888645656674424,-0.07456662614931207,-0.07289919620398945,-0.19432389507363443,-0.05527881114080583,0.050410307488432664,-0.09468155989383334,0.07523807605868346,0.1206739913991654,-0.044047835909346626,0.0374543909887661,-0.01869715619131186,0.03748343782649538,-0.014180421412492853,0.043250519373024335,0.046518375205914494,-0.05293408540910821,0.12456969286364133,0.11516299442576865,0.008355277710437398,-0.019785638539852025,0.030858040725584773,0.031085004035635654,0.018512384311925614,2
17,-0.05722461842230139,-0.02948140085880547,0.08355386529100679,-0.013674812617222412,0.022573794215428284,-0.027958805988211967,-0.034208062646827284,-0.01656521570282002,-0.003583978169812255,0.003571854124353193,-0.0002944856400695821,-0.09180716518296687,0.009226387269040012,-0.05450030734465171,0.2902163056775629,-0.13260048535165023,-0.025185220921919795,-0.25932951995094594,-0.025908631539031918,-0.152120660072216,-0.17482876100529487,0.14024789413474767,0.2681912337657471,0.21108131163436647,0.19472716586135375,0.20620179213556108,0.318748139993493,-0.10783460761733675,-0.03328042503936185,-0.13915615309875118,0.07377917311231219,0.006623238434313868,0.014407018479814545,-0.0950781686984123,0.051425371944017535,0.03019061132654658,0.034771158332414016,-0.07008004268432452,0.04126306313201504,-0.01488135876770915,0.020789220324344403,0.10460843413797782,-0.025236491630316223,0.005418411251055561,0.0193534063572609,-0.018253593687196933,-0.0008872608386616727,-0.016565049126030656,-0.008940603542972698,-0.04627847194763961,-0.009282219220908619,-0.015721094077471746,-0.010074705127112248,-0.015107411864363322,-0.0087184426205025,0.04508726086501354,-0.03197084181044882,-0.051440229159900264,-0.0017174057240776097,-0.02376289572932966,0.005882229633067642,0.019658412801735515,0.031606079976722254,-0.03549874104229659,0.052286718254438466,-0.021666077301616463,-0.04103553407206855,-0.010965201561720343,-0.03544091400563064,0.024769305862766607,0.021046028633296507,-0.031228191897985282,0.013865645130532045,-0.05121894846420219,-0.0014782435396419838,-0.03391231095761607,-0.03495723117731477,-0.010553774898769006,0.04790270792131678,-0.03001876634206385,-0.03766244942106741,0.03395137133560159,-0.02110058213160873,-0.015245065031306347,-0.04753726688647149,-0.02304224012859782,-0.01109580949550821,0.014314440211812707,0.060331775547579694,0.026252560016427225,0.055422237924942684,0.0029029163994737386,-0.009029429543921644,-0.04768989997620455,-0.02413636369031758,0.05401299655610892,-0.050195853152901954,0.00890154437197934,0.018944263311736785,-0.01820408763941277,1
44,-0.22316631140302937,0.4285139869026252,-0.2574902094194024,0.21252810990144533,0.024106630318547474,0.046125595046772404,-0.02463612139807607,0.013876708933079513,-0.07974340120052067,-0.049845108631248296,-0.10526306424483757,0.005771803878523339,-0.042253072696623956,0.05421151254303666,0.04273698026587737,0.012102489786249492,0.10442470483510298,0.02949812730408639,0.011818882846224213,-0.0003526818994534386,-0.020620709450971993,-0.19267964404941498,0.07717625255950801,0.056023319683447585,-0.03222746512988222,0.02645151715016939,0.007046504742643694,0.0752056449382208,-0.07325448865368042,-0.023570687788449566,-0.025892012060929354,-0.04130843893214135,0.014540687840399543,0.006554305657715311,0.004834598883616459,0.0031433856079580744,0.0509856067811007,-0.04968121040462781,-0.01331245610912289,-0.018634213598237682,0.041193300871482645,-0.027668385356485303,-0.004339345494748437,0.056657725882483995,0.04284352584716918,-0.011076576412172547,-0.008295492449200215,0.0018950569370650503,0.019645321489145634,-0.012443610960068616,0.018043705383254446,0.12175381802960934,-0.06420665439652425,0.01853124349337138,0.004646998731583586,0.08194942967298474,-0.006702189485168903,0.04130118103699357,-0.09203197414459341,0.030327755185483727,-0.01570795153127587,0.03509112451355422,0.06479994881583319,0.10589962682887494,-0.023035230758816822,-0.034433511450953344,0.02398513104539877,0.051169936891327504,0.006431864498645624,0.006316029773818687,-0.0023085278536023744,0.054149651921890946,0.029722011701359317,-0.0760212382323053,-0.029034996072020324,0.010071651291149033,0.058034546521405966,-0.003112195401127831,-0.012844930208861929,-0.02788157793750412,0.022419829285671385,-0.025197542650084906,0.0305731876531074,0.07772040075833646,-0.009596054432474846,-0.017485500424798458,-0.032219483849450295,-0.021486119548318083,-0.01561882708773284,0.019077527533094274,-0.02299976329403803,-0.04844975969675319,0.02361731603645546,0.013441465555235826,-0.07373361471213888,0.06978025285909842,0.03310456792080342,0.020881971742371185,-0.01040808689062692,0.05485744771935733,1
74,-0.4674518631276818,-0.4168145252744953,-0.11427758920669176,0.08762052658403419,-0.13929794218600894,0.036341883769443306,0.026748292126111437,0.018150401808282417,0.02061747525779001,-0.032077359700899456,-0.04207116671348651,0.0147701709442577,-0.013207365633353663,0.03289372508410232,-0.09212123366877582,-0.009445110792078534,0.02222093704757291,0.006888867874777983,-0.005106899283647194,0.023746548531823165,0.014324779399293355,-0.015226209839462242,-0.052620549748861004,-0.01827171171246123,0.020101525047988438,-0.010901645532332336,0.023948847143797795,-0.010475830664729912,0.036539278886593494,-0.016342097840963608,-0.0011053274621348561,-0.06187881879538697,-0.05434861396106336,0.015700738754254494,-0.02912150588659522,0.07089121625278968,-0.040424791353190846,0.11488043894889087,-0.04306591566656354,-0.014487381579842556,-0.012120181562543129,-0.07199227320405858,0.029221587867958553,-0.024659243964052554,0.060440889248518974,-0.07222042501813924,0.006465939034530562,0.02448685592967802,0.02645964916060119,0.002181925766520803,-0.015134264641899839,0.02875709363885556,-0.03098567751624653,-0.0733099111353522,-0.023885981430326216,0.002922109761155467,-0.05604594466392377,-0.015667209766935773,-0.03085957536764981,0.06831891240935409,-0.05679122498892018,-0.04489105349781808,-0.030849661433734167,-0.01047302676122097,-0.006628760954394028,0.040442586860179895,0.01308721867448031,0.009225580062299758,-0.02806635711749833,-0.011411959938604312,-0.060362842217375166,-0.03550156934791828,-0.020062297555552708,-0.012680732871938823,-0.023814736407454063,0.0326990360802248,-0.0016723641417714593,-0.05784815199104064,0.00895332207980219,-0.01100015879281358,-0.03127580256658626,-0.07948344728926925,0.0702654706670273,-0.03700980112901001,0.11626692729854823,-0.02545172288423523,0.012645317158628282,-0.06629433250476134,-0.0013215802050325343,0.06406059357611787,0.02580377979346143,-0.04382205166899803,-0.06576754186923339,-0.0882014208102549,-0.0036140985997350074,0.047821596607254546,-0.07460215289347526,0.022731786964745194,-0.03324422915843245,-0.04310942246602772,1
58,-0.20612742887741126,-0.11421888663887066,-0.09377476288675181,-0.1153598534589714,0.6483312537613756,-0.16770743059029145,-0.2353296537363694,0.12441247411778257,0.1291757429281577,-0.09122567669427932,-0.03368270123743025,0.02954339651669129,-0.019285430811451124,-0.048767777794536143,-0.12503041917734461,0.022124097975213565,-0.04306395804880462,0.0061492372650176486,0.026252552787383764,0.03210104971088348,0.025047322752137578,-0.023452957060525952,0.01612735279808572,0.00297891419826368,0.006689399220940321,-0.008140634391962722,0.007433786547147476,-0.01980412299908621,-0.07793864022115372,-0.006326697856672932,0.021424137651839547,0.13904114757418987,0.016607894017877455,-0.15161978916711158,-0.08201466045725923,-0.041537705320548776,-0.02267775233883321,-0.008391405896112163,-0.02463815004428911,-0.00369689140166087,0.0005092509621592885,-0.004912972796374104,0.014316372859386315,-0.009640436919620717,-0.0025006167946356353,-0.016308105853629976,-0.011043574586972985,-0.007399320381139071,-0.0005042789508517353,-0.01774307099199737,0.0017931697095895614,-0.017819670243050388,-0.013032826726277058,0.009449568081721052,0.01652979953659943,0.0027960634951235876,0.00014720338592988792,-0.019981962942308744,0.004828543939744305,0.016542057768423785,-0.0010089277050198033,0.008450083262245618,-0.029268637720281925,-0.007864361453319356,-0.0024757588771064025,-0.021940289163775207,0.0033564257458385616,-0.0008179053352035589,-0.022526187591698187,-0.025131274371816545,-0.014036779153929596,0.012679892161704493,-0.018942724631693646,0.005672329314530941,-0.004840214607958151,0.0006463000741389655,-0.002747373130001798,-0.022134776369617845,-0.0017191299285796882,-0.016197174790470437,-0.0026239368965783392,-0.02111238409221793,0.007572524500214634,-0.014657836481555962,0.02229711529756786,0.016660926604417654,-0.021945062942659927,-0.012834024805183523,0.012893932840192577,0.004457480676570592,-0.0030614320464719745,0.003973203600793874,0.010416232600730563,-0.027714025227201303,0.002360837670118024,0.013057611414158324,0.0009898071742371853,-0.024595731971595296,-0.02650689527344072,-0.002141632209030487,1
76,-0.027155861630300773,0.16246269975017602,-0.050386515687748615,0.0656765931794774,-0.05674409573713179,-0.034009746195142396,-0.010717987940663162,-0.06413316406804066,-0.037993957725933274,-0.12024432622053607,-0.05504168143528246,0.025192868279379037,-0.01608894680232916,0.0058418684222172135,-0.01075707573397881,-0.05465727293298237,0.06132697915508463,0.02816861346330137,0.06960582393514049,0.07135316262147828,-0.08976986323438371,-0.21010444957726596,0.028208739103204237,0.10364874650914424,-0.045529508087931915,-0.015813523543106153,-0.0730935558856225,-0.006006854198762942,-0.04365758583572297,0.06757007955381296,0.09187973108112199,0.005990690834635953,-0.01810330011933361,-0.03301312472319139,-0.11430149759000369,0.04712966836486151,0.1205110187932577,0.08548210374475684,0.05400859733854346,-0.07879156639659247,0.0490170803944505,0.09429444793855463,-0.041351768819591336,-0.07277629595177755,-0.032886071684532295,-0.050697250791735385,0.06864126078536198,-0.004032651995408582,-0.09645810856634567,0.11217321609874151,-0.017186933203686333,0.011145823290428125,0.11177276861314996,-0.06886555197270415,-0.11590751398085417,-0.2423262340979579,-0.15220821214014768,-0.12471060474476782,0.0713713557835635,-0.20310680443407272,0.033737383166728675,-0.2238140820061778,-0.018641432713866608,-0.1554489997429569,-0.18893529409702267,-0.008365743759860673,0.18016283796879576,0.06392889046530927,-0.07908173954206041,-0.03979656720312596,0.22127810353759508,-0.10918093911938333,0.21638428230117326,-0.025732536828536743,0.031945276713015336,-0.029344555382929977,-0.06987539581957562,-0.1408169901319321,0.08253639961481893,0.16880301182635396,0.00855534207199424,-0.033522196634339606,0.050916668373988,0.018451549028217395,-0.008525240517315564,-0.07273233526292942,0.004371812480123072,-0.09420335219114576,0.029801367356703107,-0.04145149046773533,-0.002368862848165465,-0.08652561829523557,0.01923335240042159,0.055262840612964756,-0.028126314286920757,0.03900581503393737,0.034434378617616244,0.011670889246109411,0.011784745098734279,-0.06460962144979727,1
28,-0.06117221934860275,0.05171150975708684,0.27470923062964836,0.10220986438283751,0.06123261924393789,0.08933286811694686,0.025860355610152673,0.0771245142452619,0.012590769227188239,0.062296849334439505,-0.020774651555361838,-0.05464539400402657,0.03089961372963092,0.0145212013072388,0.15914028240432523,-0.050057085372776776,0.02165962551127254,-0.018967341709002238,-0.011296617790260284,-0.020747022429848563,-0.060198187920074774,0.049065892786954224,-0.14568635107090347,-0.16051058372157812,-0.03864738474799019,-0.0797877686819912,-0.03609000246594986,-0.004807097816130179,-0.026593997937137504,0.009855177723082488,-0.03855447997167507,-0.02325266432447134,0.04263902341823697,-0.03023608825970245,0.06009821448008859,-0.08381148367402227,-0.025160336158128845,-0.051714955785939966,-0.004888322392881522,0.023185650034960432,-0.041956695118033696,-0.06641275122179402,0.0039520351148424945,-0.0515061613647691,-0.08351019286602859,0.02645003207436168,-0.03316474528350994,0.012108168006579337,0.03080132747210827,-0.04177935630295338,0.008440251151643716,-0.08303569983546279,0.014384417814682854,0.053175358476587296,-0.0009448363207995723,-0.08353126820718838,0.004222323699374026,-0.14470309969151385,0.07637930277849668,-0.12541017703470744,0.013800001139179358,0.02185364970853479,-0.053311912139307985,-0.05660903897291492,-0.14741856100720055,0.02263361556643807,-0.07320855711577344,0.022644152457067683,-0.09855980340145269,-0.08192090321217914,-0.009602752887654253,0.14166011899752048,-0.06391753840691161,0.10853459557477327,-0.05500530488065214,-0.024271412339639184,-0.16319780588957045,-0.06902363753906463,0.14731422453061963,-0.2724054116929542,0.0011800812839451117,-0.07977758077600396,-0.026816982755826863,0.06257401417449132,-0.1445319448566623,-0.08632591867701803,0.2792118379944474,0.06169425069547132,0.042240054150011,0.013366906930384318,-0.08474726144882985,0.08671683251798144,-0.07999397484571613,-0.10526340506842417,-0.0538056209899122,-0.005898417587639586,-0.08803457079466549,-0.14599599314850578,-0.16590342144170864,0.028408283376818364,1
102,0.08463575530823529,-0.021078952738694364,-0.015827548669289267,-0.08394829435172989,-0.036312652976379166,-0.10623454556990432,-0.024043749729252252,-0.18925618008555528,0.03470133467029124,-0.23436001123276493,0.17133246587237086,-0.25237230562891066,-0.08361492906949974,-0.036939468645277376,0.011431209410448355,0.0007206686350854213,0.38532172695027567,0.3298474464211978,-0.050069080411568365,0.13787395541952593,-0.026345515962893997,0.09727652784857417,0.12786558373259607,-0.17389002066471768,0.06600066541953922,0.045652444809969085,0.1590560070020981,0.011509927722340456,-0.08586076318916112,0.08176098661056423,-0.04456044636237526,0.039915182655146736,0.06689598531873496,0.034530900686972385,-0.02353569154819424,0.05352613624781728,-0.013164568578479348,0.012147573862209469,0.009307755897547985,0.05396465315923452,0.015700193625762457,-0.04121808701270217,0.03895472863432074,0.027191734804460754,-0.07687254333465957,-0.005384982226176218,0.0180574471268028,0.01685536571847643,-0.0029727058996171585,0.003724376762705129,-0.02175494923055728,-0.09859702432061614,0.0070814708398641985,-0.012789711361609135,0.017217957145921153,0.08106468031245005,-0.014034022685456667,-0.007125031946040401,-0.012281008113967387,-0.003629925095018658,0.020050909196306428,-0.0005151221942123504,-0.02397811226904362,-0.05032658169703568,0.02276501490132434,0.007779657928574653,-0.0001549275622796057,-0.017397221177062452,-0.042798322396859725,0.0021240149565861454,-0.05594162360181522,0.048930300117358806,-0.001279641955681372,-0.007330585257680332,0.014945576934543453,0.0486487231999462,-0.009272520639039538,-0.022838167791850616,-0.021142134605246235,0.00239444777314852,0.01432242613698988,0.018807476639674723,0.025406751083840697,0.049220268247526004,0.011943801090535128,0.016227089161874295,0.022245131713451407,-0.0049751221259957705,0.007566574042488525,-0.06963355362126872,-0.009063159384684697,0.05355610527555542,0.014959973571781415,-0.02673508259777112,0.0034306976061293233,-0.03913067092223953,-0.055345892010403214,-0.05130123445859201,-0.049826000555436435,-0.01733599163574804,2
132,0.20641746138493172,-0.06391141469318301,-0.060885105909843605,0.045116170782219064,-0.051078924859577865,-0.023700982011240348,0.1128606354372401,0.14430442882915254,0.1997844016538427,-0.10556248243027645,0.133052499434651,-0.09920864287154689,-0.1755898013252543,-0.06020080858543641,0.00866543704783217,0.04948682048674478,-0.02791133926695377,-0.04655433388271979,-0.09246124849135379,-0.040352313411371285,0.00519044967675778,-0.13540017572329405,-0.040915099191490396,0.02414506175545613,0.03909066849006584,0.1052310891873014,-0.013598716749118646,0.0043559792719244685,-0.008841854617191978,-0.022844603724519942,-0.02024320359714596,0.002949317347143608,0.021159217686423773,0.021585860333413295,-0.004293493800758241,-0.004189535075838661,0.03689095206653106,-0.06295573648455195,-0.1288320666606674,-0.02773897885639713,-0.030647570262512133,-0.04975851217813242,-0.09181886711283285,0.13466628627894245,-0.0518942190050462,-0.05240807232041357,0.05279172375997076,0.11791692755809072,0.03663537246279604,-0.09648614692853627,0.05399311092023422,-0.07883384789683877,0.017466988100461295,-0.07251154472652466,0.015804615403653927,-0.06012006436039552,-0.008305576181692512,0.01746192690137604,-0.009507596719004136,0.009058563717727878,-0.037589929013936374,-0.02081443923981086,0.09079110849384195,0.11543679544502942,0.05030838285480893,-0.12332825622073534,-0.08113015058892689,0.06673920037762533,0.06606273336143502,0.1238160759146169,0.1794055959791923,-0.0874208792021498,0.009000030690569068,0.11057858077149847,0.08231694376485654,0.10031721983303708,-0.005932746363838753,0.009960670890063857,-0.028796257454074225,0.17487357571089013,0.22831865553810357,-0.2429479488395633,-0.020533349314609442,-0.10477015947119502,-0.011411521665980973,0.059072226847801744,0.0924645278886162,0.013929429458676272,0.11652738442416595,0.013575873446971953,-0.02453577325771737,0.05158875472388832,0.10599907893596744,-0.005958406763166931,0.11060408081934295,-0.03912708424222091,-0.21288100310553426,-0.08963630749289371,-0.03906466745476318,-0.010241599372548529,2
164,0.06767992177798746,0.00020999186668252287,-0.009004387593780609,-0.09751870763283337,-0.044844363171613166,-0.06842249853045008,-0.0105322985954542,-0.061163940087542557,0.009231395957767409,-0.09405555609989365,0.01602919062214096,-0.07130678792482979,0.0039958320044114915,0.00329858238654183,-0.02234235034225998,-0.11608056599844055,0.061258783738154035,0.09233716145336401,0.08195235275060574,0.009035782504861572,-0.033914251978919896,0.06843779511016646,-0.01641542479635207,0.039948765559141904,0.030159955144651602,-0.06635454404053044,-0.05137730995799072,0.037174923171376335,-0.04024521615107401,0.07001383108367741,-0.12239865357447882,0.02656969046164534,0.024597001347605518,0.039123559692023115,-0.07241426454809698,0.05358072743898879,-0.0657901224809487,0.12108938056946342,0.04123262448846309,0.06668702166963765,0.004291879177697214,0.11689806323692593,-0.1255616460586007,-0.16251208428342895,0.14490242559435898,-0.1231487436541789,0.014164643777659842,0.00537969169053099,0.07380524844069655,0.07538241252041358,-0.08013989489186278,0.03292151432157738,0.03557349342912968,0.12275202969039503,0.07862845327095744,-0.19817859012064026,0.02802913977227725,0.06687439642954314,-0.016144566841999698,0.29948602578640393,0.20329446497472442,0.17487426743042253,0.35180289060310377,0.15842061985909414,0.042468828669126345,0.14845029580551433,-0.05419869563179013,0.23974445009796505,-0.060321611468789484,-0.051572806327580975,0.18029144661326948,0.12090934523291377,-0.0036532585705237406,0.10823968371147406,0.05335337911123025,-0.07529255179253524,-0.08492453361452709,-0.0720869479127694,0.028720804493147258,-0.11882280270275287,-0.07790721756588855,-0.025800533085911848,-0.02466762351770233,-0.0576253730491501,-0.08669682981195227,-0.05162832587162697,0.009436824263386883,0.000454515952950515,0.15015514848786762,-0.06585858819687292,0.06752278149396732,-0.10552273148213444,-0.06395570331810801,0.03913289765851907,0.005123774503287191,0.04524172603280651,0.03465486996278433,-0.01938359803094229,0.0485994218891346,-0.016940433252597694,2
8,-0.039371472096914904,-0.009314364046492319,0.3267708929700257,0.11355752604009203,0.06360375147491758,0.0899855684259652,0.04027796421241509,0.08513597439819376,-0.014178036122717206,0.026292772523643773,0.03360736533665799,-0.10977227234020949,-0.00941408958800781,0.02217389046212232,0.03624661829282008,0.042040342802681784,-0.02582290636627351,0.022287812527148752,-0.07339120872072759,0.0347377604032862,0.10129935126697619,-0.01900522961370863,-0.008674923004850373,-0.05122243834275226,-0.00178886038381087,-0.06297210331911107,-0.02524410647686732,-0.02073931670916343,0.001395130574148743,0.014705643380233203,0.047908129751546714,0.019555114941530217,-0.013299392608897962,-0.005388270460992126,-0.02086347448186713,0.042746046782571344,-0.12375718344907002,0.03612922678574893,0.24156308556417155,-0.029049779106708494,0.17969186862958228,0.1473054146910852,0.02697759813359412,-0.0873945304614881,0.003976752000978145,-0.025168396267887604,-0.07245009642349275,0.15300559760632318,-0.14630423693450478,-0.0998814954685576,0.11869154627491034,0.11053482327563334,-0.0662502074120159,0.0043098874220021234,0.19756190902517132,0.021339208176039622,-0.034511038901227975,0.058659302380773985,-0.004243428100602311,0.010121112760850363,0.004317799723592608,-0.1369648885560697,0.09187459924810715,0.10223627557381189,-0.031621132976020594,-0.056499167219194825,-0.009549666646514009,-0.1113419309491018,0.004505020441793603,0.01964625674062443,-0.046676978503204736,0.0041406962557223185,0.12174961652134504,-0.037070602261756146,0.01245135305568988,-0.03641292992135386,0.0674379844574547,-0.05405795103758695,0.01914850297891321,0.09720827548955532,0.034714340885881,0.039628266822315066,0.07012033115855952,0.008781593163581371,-0.015822059211550207,0.11324316959518084,0.08521234141381093,0.09347620735524031,-0.006171723416266939,-0.03898054353297362,-0.007588281699701437,-0.05630366822708541,-0.17356520980440596,-0.17723752815782914,0.028465014270373578,0.024501645522085023,0.04436723291148122,-0.03695981300272691,0.21677076162905634,0.0559936715238211,1
14,0.03381475680958321,-0.0015513110159834384,0.4206399614514099,0.13853887021738712,0.0211664608842311,0.0956403260903442,0.044069487567097505,0.07692270390391456,-0.0047728211081502,-0.032063883869230946,0.00032881579235358665,-0.005615589427396228,0.016837334269149448,0.028908614504384884,-0.20196115646183893,0.0852404178538774,0.008249988921051917,0.11824055532236157,0.004564707220864704,0.058539315773180334,0.14452432570312296,-0.010752539729850522,0.1249866202384727,0.1507769235782726,-0.02076495925327555,0.01899678781761517,0.014877301671033811,0.027155023336612346,0.043504755411233234,-0.045697555177920006,0.05471334698570937,0.04719732656923974,-0.00961817173313981,0.040782082663158976,-0.02793117616964615,0.04158001486968743,0.15485319791709246,-0.05821645304012018,-0.01931010449594332,0.0044714949082338825,-0.04444276819061772,-0.04328088456942672,-0.01461012031696541,0.022536696640798715,-0.0010339860512881033,-0.07809471142749655,0.03238273508485131,0.010889759237720387,0.10044225680069467,0.005928028695500332,-0.05724500316396368,0.11174686329929769,0.030594387886661557,0.03550372302260316,-0.05782243704981906,-0.0417761813928068,0.02151880921384842,-0.011484022787601194,-0.04451595582326264,-0.03261135313274348,0.05486201881648998,-0.02807423092191906,-0.0677726753703703,0.018278406352965775,0.018245460840846467,0.02909637469315131,-0.04808673767769059,0.002567625064355424,0.0005954462518259446,0.04240054546471611,0.08372402454590273,0.00648834991098179,-0.008675534787402055,-0.06213379252588298,-0.03148813897543606,0.0071144312966731444,-0.025814081772548795,0.02083525627047978,0.019371375572329312,-0.06607984436686754,-0.02277405447722253,0.021022929055197318,0.020757084399454253,-0.007814910196220933,-0.0952804190649529,0.017605755155361547,0.019438127300516264,-0.03795654282052389,-0.016390985839241624,0.056648402579301683,-0.0008695057399916675,-0.1023357291508746,-0.08569361343069902,-0.009469389790885052,0.021278448098712367,-0.10342891926245476,-0.1340701683896982,0.019621820929679214,-0.006550145874920847,-0.007171695649485438,1
95,-0.1264531557079343,0.05724803470837412,0.05910553976908212,0.03558193968170751,6.494601763597003e-05,-0.009902589616455735,-0.05602082244658779,-0.05504910908028722,-0.0224662116891475,0.02384649731126397,0.0008162445676367658,-0.0005354233154207973,0.006888569702452042,-0.04190088956752402,0.08327073720739253,-0.06313514799475758,0.002700417743297262,-0.06589435610933796,-0.015339924469055053,-0.04338253267025205,0.028751447650963043,0.026265730113529784,0.17856332311650946,-0.07190314040900458,-0.025471376194631423,0.0665300671603537,-0.19999114807130786,-0.09037724327830875,-0.04640108182409318,-0.11727773495266297,-0.06389538957385224,-0.020014043901318983,-0.002246018618652058,0.06679816890633983,-0.11140319435803361,0.05445408755664745,-0.21772559336391026,0.11660218240066726,-0.007608902003841335,0.14991218211099808,-0.13017813304837655,0.05166790831913147,0.012097227156560725,0.04249366040523152,-0.03834407291222521,0.22889641724734197,0.08400073313265952,0.018793160700833558,0.05914360113060521,-0.1301730078264942,0.11630714162635582,-0.19300699816613542,0.02353185109452031,0.16994188909118235,0.13301519801952905,-0.08472396349613168,0.10273559732083648,0.045065858839955605,0.03455192044927842,-0.015633295905549537,0.054292437699911385,0.131815085627961,-0.16597639657039032,0.02468172471337928,-0.11700878347668564,-0.07805509484308808,0.08689085042684418,-0.07024283238262274,-0.11945784163442087,-0.10963439247700633,0.12636823682951998,-0.014676567503630654,-0.028246930207839235,-0.18262516668588455,0.016825610102902847,-0.1513868792298055,-0.12298121198018011,-0.01618242436358535,-0.031896174847949835,0.07198930653215584,0.12342403841607907,0.013589961969360931,0.07366860645559122,0.0343185816213458,0.12822538990080667,-0.0135332549947324,0.06301320558956819,0.030623213105112117,-0.02549855648058377,-0.02003056712681194,0.06836757023982985,-0.04722290966205934,0.05187037752997279,-0.018077855287699292,-0.07582220614218138,0.0261277819286151,-0.14652069941838283,0.058196080890975735,0.07432168332255559,0.1198471441678478,1
9,-0.00641769967778051,0.03140486144174736,0.3923146369673291,0.1315095155241293,-0.003620586978795079,0.07155539300705425,0.0030284641278295345,0.0678576328549133,0.03333586050380035,-0.01493233396646306,0.02809769249952379,-0.032528256606384205,0.03299615227669936,-0.018983888949649006,-0.18953084084193367,0.08656764628811205,-0.05080942541462915,0.030081985287514414,-0.029661751490740688,0.02175365277957147,0.19966782182844323,-0.002002129080582523,0.19873317083346015,0.14903102688488418,-0.015626545319872905,0.024809842751715126,0.0031555080016320114,-0.019466762687044798,0.0029071411014901694,-0.016562424004513535,0.044485023037908036,0.06521512683846085,-0.015324032796981387,0.07042043504564237,0.006823369951225263,0.030035205222004927,0.18988178110539258,0.027335739620660368,-0.05106147155516249,0.037262393746201404,-0.10070892351065076,0.001844286186137297,-0.06961924053411346,0.024018617409318092,0.05426365998427074,-0.03538932321073158,5.43711108368624e-05,-0.08680591637518952,0.044405275054608825,0.01790421237015422,-0.10556300408249221,-0.07757996667133178,0.0040157046705655555,0.06513684111737224,0.008337813210650224,-0.02147665892609149,0.029184760406335702,-0.045559495736853625,-0.023745215658402735,-0.01634978339172781,-0.032498486694101,-0.009184032096646883,-0.007483000859689553,0.034856496080819206,0.012746354821173232,0.043724213010317384,-0.007273259369098229,-0.032796993975692745,0.04846789093885978,-0.07177983327135201,-0.10498895872907464,0.01771906377830643,0.05194032524734659,-0.04498456543655017,0.03727245442659576,0.024382247478207913,-0.07967038330089815,-0.012100455271536165,0.025523123169470287,-0.043482867361473596,0.01902389185058473,-0.01717994436740787,0.022321372016558243,0.016482316678219564,0.012678900740001622,0.01283732966360895,-0.013009128449633218,0.07136509896527926,0.013613195216174477,-0.04020124233816425,0.025587928846473297,0.07140438770632963,0.020256537841519984,0.029928487025037684,0.0012519790086514668,0.028856831826482895,0.014369120150064155,0.02706000440123468,-0.05968581056636202,0.003926435204311889,1
125,0.011386786571482494,0.016016528044634222,-0.04718349310227443,-0.11765231649587722,0.07976525408228272,-0.022004259159694676,0.03725687463585515,-0.09192382094999495,-0.08143908996784666,0.04726023223012119,0.030467145921664388,0.016112304048428186,-0.10779153930255708,0.4390320754481739,0.15791534308465516,0.1254950469084224,-0.011617743038843794,-0.040835494845342095,-0.036692821376668516,0.13212708316424332,0.11588106686240816,0.051369644216018515,-0.021792833098845974,0.11371822630681291,0.056787585180473374,0.076019830502405,-0.029966263656342428,-0.0021783441845651098,-0.04752927665850333,0.030318123342652145,7.142210320152878e-05,-0.005692337528169423,-0.08376240004948679,0.05161822051145876,0.0289618403126941,-0.11012816680104255,-0.04264450261420691,0.035776035617125876,-0.04290711087363412,0.022742670460818036,-0.013294854836132708,-0.02347235645304087,0.015478705125965202,-0.07648489968125254,0.032268431082128235,0.10089841853104085,0.0016915818534249498,0.0207113298152976,0.019458418687412698,0.1302727522769264,-0.022691764165219272,0.002808207944534427,0.017469421548797534,-0.026638918600135963,0.1565282750829198,0.011198170804605423,-0.07377542843571087,-0.06126129471697192,0.18726832963889248,0.11448968848851807,-0.08138884542022054,-0.035561541355256826,-0.01579983909489556,-0.004283750048143901,0.03971326140545519,0.04509377551017099,-0.09992742900964978,-0.14909263147577329,0.062097250301828374,0.05924760068731817,0.20016741207959346,0.043493254217306807,0.08742400617358186,0.11799189488152147,-0.1590219052975161,0.26070668121237134,0.013707965184648285,-0.06658166741625511,-0.0016259504963853735,-0.19286215261940204,0.2626367440509528,0.19716310978453622,0.14089650000410744,0.16356434999779831,-0.026273968618792616,-0.11072086885085393,-0.14887023247516168,-0.05276734517360543,0.06156124614377595,0.001001120654694707,0.010052666339505698,-0.05704029621598379,0.05057378350816562,-0.006397527197214228,0.019668346061836015,0.04812642298298541,0.012886310552257795,0.02151866332833157,0.008238243968507867,0.011240171907679355,2
91,0.037045131080719496,0.006502200878678794,0.13369351410208963,-0.002512771100443986,-0.03846094260622607,-0.04321650826404076,-0.038613960300829815,-0.07861779825451387,0.020230652882089136,-0.0638329543285308,-0.03717155396311939,0.07677803917020071,-0.031196331791551533,-0.05235246464067905,-0.043172121413150334,-0.013982495227590909,-0.0025333879703879104,0.021285240021381883,0.0023351362722371215,-0.0720596323427409,-0.02871510998714693,0.004928317900432289,-0.09162898979040716,0.11565902337039458,0.03502537724246388,0.08720332336200506,-0.07258612759327131,-0.025575484945823686,-0.0474646236509239,0.09865285877113986,-0.11664904925411458,0.07691681699652955,-0.07666975041391468,0.05663574760103731,0.030097223267052865,-0.004869963550207489,-0.1898357576083479,0.055914826562516104,-0.11279913048044075,-0.03630036746124984,0.033201114814511976,0.18703007939166916,0.08289731706296778,0.048670393205135117,-0.174580187332665,-0.1535904072255197,0.028908422460043104,-0.22995917027250057,-0.08346529586652701,0.2099785665136614,-0.007022348801496845,0.0692291458207666,-0.18424179021981707,0.10804103687078682,0.04984412605658021,-0.08117096983460319,0.04111280658477699,0.03566386572258582,0.06890820056509266,0.008468405852958915,-0.2644198190879512,-0.19804022769242094,0.017790216822280956,-0.16899040798292805,-0.02398173205484306,0.0006704576922628108,-0.03886002287269546,0.13373229490732808,-0.003951907028084173,-0.026356941620731905,-0.13688379538784415,0.1771825912291376,-0.16873132483805348,-0.08307208528906915,0.14918549721768637,-0.04714591314654789,0.056527268833990965,0.028068840632176337,0.1014611833724337,-0.04022271994730605,0.1520640485979471,-0.04406896011789182,-0.030363940818605016,-0.13413399795358447,-0.02824342105247506,-0.0244042981432893,-0.08344606643530929,-0.0113621992011509,0.08647939498877662,0.041978210424519366,-0.026134472266606562,-0.06898600585803037,0.07682694560843324,-0.0620416944467504,-0.09971973703436345,-0.12877925178530936,-0.004679362498235877,0.02777804621421656,0.14509726912911378,0.025117925795470675,1
65,-0.18316428858812664,-0.12751141084960665,-0.09200163730859057,-0.1304211758452674,0.6227899906080002,-0.16933662025436544,-0.23165436029187186,0.12106782463775734,0.11462209844020105,-0.0975647401337302,-0.05332129387875346,0.03543290189238234,-0.017758040201713572,-0.04903723936551103,-0.10063319484882148,0.028097359572296636,-0.02837226374425696,0.02051830513735787,0.01561780293866699,0.02448502831486275,0.023704810079665174,-0.020387747271429585,0.004632734803080913,0.021505613094220846,0.00047866248218825876,-0.003370357915672213,0.0017622212944617128,-0.011842033218718687,-0.0933010393200491,-0.0005996964876797089,0.02067260960450579,0.17591203936254637,0.025777191737356896,-0.22291212134449337,-0.11524973543238616,-0.06710765808292396,-0.03781115849619912,-0.008932401926173197,-0.013433791307615149,0.013126094965797341,0.01224533268838951,-0.012647356337453099,-0.008067698604509945,0.01612612773436655,0.026097769403106638,0.02244750192933225,0.015829736740580823,0.019489665346509154,-0.004187924246611517,-0.016355166521521906,0.010816778811808017,0.02177337175919162,-0.04004355463967677,-0.012529582249680343,0.011724602873458495,0.0013750053780468834,-0.011849217267043667,-0.007317279140409617,-0.0028310086977933694,-0.011720008058665049,-0.021912309427269433,0.006187979988232193,-0.00523043756585149,0.021936790220637617,0.0013642834037049514,0.00420132105195874,-0.018754370084397162,0.0012678288925775188,0.00369872114896373,-0.0008665228334484074,-0.011255706252317985,0.002142059206783181,0.021314604807445812,-0.009792918637953675,-0.021101214563220044,0.01445818281846748,-0.02819972905312397,0.002903748922888516,0.011424542426208372,-0.019578141549564974,0.0015020972566364783,-0.02281608485012296,0.018243997580824775,0.008839032599601804,0.016454796326118532,-0.003434938616193016,0.011644248366865052,0.0009429848453222855,0.0010479830069326742,-0.01448485361103257,-0.025036522195224876,-0.020995761975879906,-0.02688312823496589,-0.009638119837898541,0.013211283831646726,-0.01060605439966201,0.026583942949049737,0.016147811390149213,0.03744872869907838,0.0164081517381799,1
194,0.06505503570341212,-0.0009702003784102657,-0.0029174171776280363,-0.07475687114138599,-0.05722392419217945,-0.05405509093722649,0.005416558248714204,-0.005912874001826672,0.012567600410407371,-0.14369670576883753,0.1142722841562544,-0.18088669050245565,-0.12222691875055618,0.06199993452637728,-0.062435840101934224,-0.04351472785168572,-0.08344148084832177,-0.2079298932399741,0.048393293717473695,-0.09839014254049368,-0.09718086476504234,-0.0005689481841725201,0.08243643137656104,0.009316931660644682,-0.08515713285063507,-0.3046904979836194,-0.04992261077605822,0.06524649778753205,0.022664168233400898,0.02214343383084401,-0.12220813339204155,0.09004417213100752,0.19537704105386763,0.01795048581903169,-0.06882120554148578,0.14610872631829305,0.03137626766030736,0.048978952656053655,-0.13680283776464092,0.02183410015492467,-0.043447911588149375,0.003408552563005242,0.0406773304591354,-0.009521362433354674,-0.07727728285029989,-0.0136006847602099,-0.04971177485529976,0.07837785758426327,0.04507486122817684,0.06803534707472084,0.07100949528459899,-0.04708961474293137,-0.0783309006539319,-0.023022331145394526,-0.03820948033570976,0.16095102178005866,0.04254664808164212,0.08967049577419323,0.051283923014107814,-0.09248952041144196,-0.060108214697721436,-0.0658236980325473,-0.05007199928310796,0.016427617079258813,-0.019742521682231513,-0.06653941617541202,-0.016361015205608787,-0.07149765269536329,0.05125769169243219,0.21366155430434258,0.13656094433286525,0.01211070558430343,0.002631208827996026,0.053867541738134704,-0.011338811891875003,-0.011932616189114087,-0.11058371125994569,-0.01759195853058428,0.1572179789032777,-0.04525704479828574,-0.11038842065663837,-0.0156785880864226,-0.07715571802642211,0.02219109826667965,-0.03127359691794473,0.016341868043236056,-0.11610708266822181,-0.0005351689550212103,-0.006964110480219724,0.1630994285219922,0.26538067059815107,0.04319557606781699,-0.09249513994089036,-0.0841341192839794,-0.02638941992530539,0.06609766905524558,0.10603972942190135,0.16931842538624636,-0.0686911425955872,-0.02682630604127792,2
160,0.044533345542045355,0.005286949177357544,-0.0508699980254182,-0.1400964335109365,-0.012735174946206287,0.07203908846025388,-0.018841593735926757,-0.0163195785405892,-0.02462372837574423,0.012179689161005732,0.010103107233837123,-0.02862782659610238,0.02824995569323262,-0.04658507250132007,0.016590472786309925,0.011162325294030264,-0.0011951227168384567,0.06955172927571922,0.09198679659598673,-0.006141292538347963,0.019550227117028227,0.049735849917263625,-0.025269975054926015,0.0488814736742379,-0.03104652208251079,-0.0194894343782481,0.011233908901697136,0.02555170999737166,0.020025186155028425,-0.044381635738263106,0.07482924245940974,-0.009875492789899628,-0.1420319766005096,-0.018489201141798074,0.15092358209057774,-0.1643927750939634,-0.025671861673319845,0.08607450401548267,0.0010459031603217526,-0.13342022613778332,0.08057363086824293,0.0012642090830622603,-0.07775913168400718,0.017562936976761822,0.154386377449175,-0.18072767513687538,0.43708685628494753,0.02461120734669409,0.07832684536414466,-0.005461921910874005,0.3164190513406244,-0.10909665708420546,0.016003616906711288,0.10700130280913141,-0.1369448155876798,0.3076678092086842,0.11220462051668219,0.01591070686285601,0.05782377361849506,-0.06442421782432375,-0.14135529679707745,-0.09247685440628903,-0.006278515077437791,0.044854260821667276,0.05152566413508383,0.02809480751091184,0.07306082801675645,-0.034867521691060284,-0.025136018002230136,-0.1813849209045378,0.22055647805304923,0.14267379626218837,0.06025129632682076,0.04322595395980916,-0.03547908161056132,0.0020609468938979536,0.10435249012153214,0.13717813585280428,-0.024445571473907125,0.007808446880867503,-0.058265520189113795,-0.03403893876837876,0.12094457690650806,-0.03527922939149264,-0.09923231980747975,0.06312986439157461,0.10863253861863892,-0.036071085774631195,0.03787855299049034,-0.04284210058620183,0.04946993824253781,-0.019191699089846404,-0.05929571450750411,0.000466914345908652,0.017562054641784328,-0.04208089873639055,0.005912973675320893,0.02932184130638247,-0.0033026881146739854,0.019951442480483573,2
192,0.05573116379418947,0.0020274895984934978,0.0009794307626044948,-0.10926154125345254,-0.09034516605117597,-0.12485162658033926,-0.048189491113392324,-0.07040704266862978,-0.0010115254556244755,-0.09380711598893875,-0.005543246585784403,-0.09831195090349812,0.08668819734728243,0.04831923674032258,0.06111625746085955,-0.1503006885887972,-0.15267825540554672,0.1186651800649524,0.242553707283166,-0.10684290622352616,0.2783245532717135,-0.11057234179640496,-0.01893355610007597,0.009193341598236987,0.05069142988763865,0.05920342113935689,-0.07014297958151033,-0.14629383401238816,-0.0890029501576161,0.09114387829418835,-0.20306486170432952,-0.04405126325603514,-0.010342988198669646,-0.18092484001982695,0.20359986506026703,0.14384522707566416,0.034479866939298394,-0.07615163870327483,-0.02306861489429501,-0.141153848317814,-0.04276944608782239,-0.028977778329054526,-0.10674638157975463,-0.06519290196811282,-0.08518050536319852,0.0897123329037656,-0.0039038605662431365,0.06470106162436935,-0.07344027921499505,-0.09711827402501717,-0.05965737822156722,-0.023310161920177597,-0.04976660681227364,-0.08778337197093435,-0.1322957413098846,-0.020275711027259093,0.06677224485022974,-0.046053806583690446,-0.09357160328147487,0.06401265096395815,0.044668767496339225,-0.03869043718973306,-0.055494165958406554,0.013685752910520526,0.011592513155372203,-0.02291337363198942,0.00136413828527955,0.02370295378970389,0.053492071864813126,-0.07281265178627334,-0.007925455868660329,0.024528066089825638,0.06041977813944582,0.030162893878811423,-0.015448134846139034,-0.004396235716484365,0.060521072072740316,0.04313540672351631,-0.01358534911186691,-0.01882755733330597,0.028959253952623353,-0.016360434811202206,0.008379626032919618,0.0398963091945692,-0.0058196838354000685,-0.007845011247020514,-0.037588826524083525,-0.005724153454602655,-0.008037248680893233,-0.051368610021104814,-0.048348194080604014,0.02500525215813209,-0.06019653478161973,-0.05175824874666253,-0.003773466374486713,-0.011496767687922425,-0.0902963304441156,0.018211916594806674,0.056211323929294184,-0.03276751547224316,2
16,-0.1934815974707917,0.3884134911906352,-0.16098500461593468,0.2225219537363598,-0.022876652432835595,0.03789525740706757,-0.04824996189805949,0.04198913346677809,-0.019720866837511862,-0.0843409833227545,-0.10129084291388696,-0.01845193273483102,-0.038881950400018565,0.011586064622270865,0.049513519587436446,0.005014694800190308,0.07699391302586499,0.0023000986515277467,-0.009364753082548812,0.006728176278232606,0.030587697459689433,-0.21988400183758833,0.19235352006668827,0.02956043667216504,-0.026252108291776852,-0.050034171595170346,-0.034032518894371075,0.09626281977694691,-0.09290607937985484,-0.0650470356175142,-0.12319056351257379,-0.14866574294254503,0.04079201124924562,-0.06885865211470323,0.0393118869684491,-0.08363934189237811,-0.16943226598947533,-0.080504750065793,-0.003815760952939341,0.06896690757119639,0.0009869191652553172,-0.0029135497964257852,0.005075689906230167,0.05302261491501601,0.06451796206673423,0.0016106503881460695,-0.007831136145928444,-0.04387864386913122,0.043326174493821125,0.0059319939869713015,-0.020324453213093306,0.047763051377523354,-0.03530262280397768,0.05407484904223656,-0.01723805851002063,0.10269425998475432,-0.004044923065540704,0.05012120101783404,-0.02554554733500479,0.057785751672930895,-0.03037767794351553,0.03626709605463744,-0.0024126973002186977,0.004279093669491636,-0.0010021416435485838,0.03734172033306097,0.014759717409327664,-0.015927818772048328,-0.0026509797898250503,-0.005141161592489578,-0.05827738418011325,0.009480147865994847,0.03907278241096838,-0.005257844452024694,-0.009103109424086143,0.043279106619645305,0.028537244743007412,-0.03408388844205214,0.022631394437488295,0.0011066974093880443,0.001648544700394664,-0.03701163205757261,-0.04900915558070021,-0.01250244855868447,0.010354347303556168,-0.022084380493550833,-0.006011097717428141,0.026292867228441732,-0.021114626225965976,-0.07363356692772151,-0.020505682310994245,-0.05333443265933895,0.03173858358409557,-0.03118812268104964,0.052227525023828145,0.0011814901722670885,-0.011822471065360154,0.19302162625980007,-0.12601096453955912,0.006379994638068522,1
80,-0.0542895149134363,0.0016372348063656212,0.33612488543343166,0.0493549306159002,0.12309683996246369,0.04323747921835374,-0.02053572566039928,0.053429824931860756,-0.029101434764356674,0.07119003480021732,-0.010111048538627238,-0.17208939216725871,0.1216562897236306,-0.015774736391246134,0.4382248326126351,-0.12716633931261914,0.10711980564084404,0.014804923204329275,-0.05908772743709876,-0.03713297150346155,-0.10992382432872806,-0.09462201352887525,-0.26504299071411924,-0.018279408654401894,-0.17003215661353277,-0.10581611409458182,0.023680976971513248,0.09526772209564228,0.0765906274122363,0.09970733622359874,-0.04190919252240127,-0.04101259889995727,0.005697922505274681,-0.033738607302463974,-0.044844593533337904,-0.08691438199517602,0.0777516410732071,-0.022378138841195012,-0.060721596062679246,-0.008655571810149662,-0.09662711243106958,-0.1525905186993049,-0.03210340388076911,0.016431692919082308,0.025131263988626997,0.033358318617516064,0.035183360977627365,-0.011507920152685924,0.03314089851571498,0.014105164997887276,-0.09821656032358174,-0.007176048224197868,-0.01350765549187906,0.029202380852412956,-0.04728761245026267,0.0018825657250639953,0.0031813537877369235,0.022159388119965647,-0.022539010449740382,-0.031118807034517342,-0.02615184393152306,0.006437342599240906,0.013720411294324579,-0.011430774706629832,0.0375463493585765,0.0034866269489654393,-0.013223726796641171,-0.01670906078229028,0.012810823762159454,-0.0497915047253804,-0.041414710770663214,-0.03667259172140882,0.030162078293391348,-0.05540377485883806,-0.007955168785727376,0.0651752890374038,0.040407785881525764,-0.04985263946682554,-0.0068465863666704605,-0.0413463756039427,0.039036468741548404,-0.029249921910956808,0.013089386798184144,-0.08618139170782085,0.033299726070109434,-0.005754400347934759,-0.047493180882247965,-0.01051731713366924,0.009480565966644167,-0.013153843612003814,0.010281711601848568,-0.05775210307023827,-0.0019699379335312846,-0.0021823836984695565,-0.015092630823404085,0.0050070391686837384,0.03913573110739317,-0.031237413938605754,0.02924478331749271,0.034611756422047245,1
1,-0.4227667093789243,-0.3694435641624935,-0.10405801936616785,0.07549301351435744,-0.1686946907526159,0.061746193764751746,0.05226716966022352,-0.0063615908000647665,0.007691934696777584,-0.010944038369976962,-0.00794592166296794,0.007635320248917717,-0.008050254017491099,0.051967220064884356,-0.04344712318800368,-0.00592371166621421,0.027049261894110548,0.02297206746053939,0.003426110254669234,0.009684925694859622,0.0018274347738600615,-0.023715905868029595,-0.060863214078663394,-0.002159229229448628,-0.0038062435815518496,-0.024882149326788162,0.0052348378194547905,0.017527299523949484,-0.03447968860321205,0.045514311745529945,-0.02461906049568934,0.03116146869854505,0.02150802140405552,-0.014756039623922886,0.019017537960175794,-0.07926881492541267,0.06721247557658862,-0.09849124294716609,0.02532219705269769,0.0026561036812932427,0.0192311436180072,0.0076403560575802896,0.0021900537186126316,0.010119411268936984,-0.004529553481454185,-0.007430309062070213,-0.011943304340820315,-0.0057032531254236195,-0.02679580505010699,0.03667315536072147,0.003618839808143466,0.0006540138359854959,0.030918754052848073,0.01979430733841875,0.00245701381606715,0.02361044919053913,0.03649920406055905,0.0341999782556768,0.008123988672472732,-0.04149403757768135,0.0199990200488324,0.023475416592507205,0.042422423871365245,0.02279898130649916,0.03180953300890371,0.021744363189894835,-0.03608877738173145,-0.0027730620832066323,-0.003007536946610059,0.08834999064444284,0.0205114733543207,0.01672005921741002,-0.02821595084595816,0.03557994745282978,-0.03889708074422853,-0.040058205367495325,0.030324124745301904,0.009105904758115249,-0.038025642413388634,0.0310819503875899,-0.06909383994105041,0.015171444253335341,-0.01552398606522557,0.019599901008524344,-0.0060559594933315836,-0.01579332499496895,-0.012826155702947555,-0.002670434790713355,-0.07482114732836673,-0.0930195077371283,-0.051475700523170666,0.05923122522972404,0.049708618045884716,0.15918550006332696,0.03924656443721415,0.07831292932440118,-0.04065900570977997,0.0620652975916496,0.105276456690908,-0.13538430631739687,1
156,0.0664200811154536,-0.0026882510708569596,0.009825856312276808,-0.05160619903039144,-0.050034391830331225,-0.08641202250698297,-0.022007722368058043,-0.16083464561690744,0.025129127122930525,-0.17171906902935433,0.12217945616709154,-0.19530906247300667,-0.04093896500941789,-0.03368043367249016,-0.011934948073455414,0.01749673021638309,0.15971406196416016,0.1730892592759616,-0.00637477681342433,0.06849732211469087,0.022965927608984627,0.08760935964418369,0.021230792301127732,0.10910930780564006,-0.13807466016300687,-0.025278831954595356,-0.04233182324880124,-0.18044408683155735,0.066707840164825,-0.12680681933287952,0.09272999257980893,-0.08507201760677166,0.20792340971403545,-0.07878718459379211,0.04110294746784543,-0.06574763957568171,0.00265848071589007,0.003134160626317053,-0.004859048584944387,0.07114497946287231,-0.007280299053832224,-0.10369588170377177,0.2567485485949579,-0.04558781903238278,-0.0638021958381901,-0.019565341861581265,-0.005857584734302515,0.03446188704948729,0.024038598215719978,0.07340566576411943,0.022325973046346495,0.017263126699706637,0.13713586598415797,-0.06028302075378817,0.04681601849168552,0.06088737791229669,-0.080954600267066,-0.026772620699491507,-0.029448249532913053,-0.10740980127520693,0.03185390045937409,-0.07882301479576265,0.11759540797159686,0.08435312491883794,-0.033453719697749455,-0.11673646541838943,-0.03078102760589737,0.009553220498392044,0.13587800608003353,-0.09162598629130234,0.0032591343820462565,0.043827238032226656,0.037866490230818096,-0.03973717330323797,-0.07079631830889135,-0.07323455633165361,0.06308636219076708,-0.006948961235560204,0.04855856770817695,-0.0584190869130485,-0.18685227605923455,0.08696103613053972,-0.043582164524487016,-0.03180657088320248,0.04892261381659669,0.10292254497232116,-0.12865747708934394,0.17682373096134196,0.04920141546667964,-0.17509399352627,0.043476828807174454,-0.04406940835361368,0.1664114412818759,-0.16212697074290183,-0.19080168649027054,-0.052772040006185905,-0.03073328659561389,-0.07335986784051238,0.011810737256951427,-0.045019397765274305,2
167,0.0195905885335648,-0.031713714171586985,-0.09753683353984646,-0.23017303716833912,0.07661416064936724,0.0516079128586675,0.27901993408574394,0.05231216359589532,-0.4413504138847568,-0.04232453460360526,-0.03487736323224821,0.004592931747097594,-0.08500949531316006,-0.34406474295316175,0.20079435917295527,0.46214404697104805,-0.22959903948518967,0.1947088440261854,0.12376575251490071,0.01105551556739382,-0.08357160964961881,0.02621758520600169,0.0751515492691558,0.04819615924688076,0.00038481235946121795,-0.031152925715671066,-0.013624623047927612,0.021546647557717458,-0.0027346038357188964,0.010154919300875294,-0.04289970097306698,-0.012479968598410896,0.013981289407553225,0.02067531243261068,-0.008591643021224645,-0.006058288689041961,-0.009801542456276915,0.003609120844490402,-0.04178334666562424,-0.024417400085452026,-0.015000583799314337,-0.015912235432777495,-0.0021218851613999455,-0.029120188238796377,-0.0013369711223908253,0.03292153135198625,-0.04963631850114822,-0.0019384313321066794,-0.0002296023844093368,-0.014295414818982301,-0.02933448666145548,0.0017541001078473604,-0.034330263083122516,-0.004434373921302769,0.003894126756707492,-0.04467941625571408,-0.03212024904613221,-0.015206489040783464,0.014651722349179025,0.007727081586668747,0.004739580140779553,0.00019737730876670002,-0.02688934135941885,-0.00035356567333120803,0.012194920228119258,0.009653044328796804,0.0059289438589343,-0.0024662130895925496,-0.0015724411070084793,0.0046716279859318945,-0.007346595966627769,-0.005880152824612502,0.009291804860530698,0.013571586642035227,-0.0019777880814129396,-0.0009492942984005736,-0.00162866122795731,0.01449767477172176,0.0012558681635883222,-0.0008579388206105315,-0.008347143227691032,-0.013039523638878295,-0.003439385286285092,0.014426126214705298,-0.008782744671326741,-0.005660355674150084,0.0073147907138439855,0.007099790885016182,0.008466876398526937,-0.0010977743810135405,0.004465450345350405,5.4480420459510314e-05,-0.011140871553083466,-0.006153542552036941,-0.012026312880881511,-0.005477625510121374,-0.0006717937933169597,-0.009328149454795513,0.009986184174054141,0.00012487808711569894,2
119,0.31899234882092736,-0.1915120911386196,-0.13476719079536642,0.3281290441480641,0.0871587887606599,0.03749437216966178,-0.04230492554339845,-0.08747637322974657,-0.06674468155099254,0.08123700545897695,-0.02686760221830543,-0.0558384610046141,-0.029072094643123263,-0.02396692174204307,-0.01881131024345878,0.027472113460169683,-0.08989985068223619,-0.07616022147391877,-0.08407734073737468,-0.04770088827818262,0.042250310455148606,0.06433966553876229,0.0004140819544825369,0.035185203654749184,-0.034183667655105186,0.09360647881497385,-0.04250285384084592,0.25336537873956605,-0.05913067061556728,0.0799257108118573,-0.06023848419211014,0.012036882851617189,0.12665915884606446,-0.030192948216938076,0.06817447895166054,-0.0025345891727453435,0.010535177957480647,0.17868493250192244,0.21512576868680164,-0.01834931447595701,0.060712375355724504,-0.0727795654573513,0.025542473631497337,0.11790589232490156,0.0023206843568642772,-0.021071394138139448,0.014934750275331681,0.034683676785985246,-0.07611390826162172,0.05577511579556749,-0.10167661944166405,0.05474082837768522,0.017810903850792554,0.09118271491102051,-0.07718585322407154,-0.05584491921826946,0.012087318856213725,-0.061330080770523245,-0.06008641446260723,0.0017025890691507665,-0.030409839940676447,0.06353082924984121,0.017157151353114207,-0.03727041331605463,0.02403532295532001,-0.0798700907912315,0.08435198712921049,-0.12675362184518224,-0.028749828912326542,0.0550379160134829,-0.03114654278807649,-0.04379380840560698,-0.0647620154938779,0.019333890314400345,0.018397785942951217,0.04428022096422996,-0.004727536755433288,0.027530285925314455,-0.03963799699887329,-0.055286245873526194,-0.09919897401845292,0.006324229141675935,0.01938957730906766,-0.021091097182403786,-0.0352072363485451,-0.03408317457961541,-0.07481889924398454,-0.021868348473897837,0.07307334140710164,-0.06324792173718118,-0.02253346726308118,0.031868953636040254,0.014742131465297395,-0.03663909741146904,-0.08445297503111174,0.003121341500773075,-0.06608305398991077,0.06121281015843267,0.024429862842816792,-0.016720726833548954,2
114,0.058955101964078556,0.0019926333915708705,0.015076280199402487,-0.04433606557838857,-0.034106717943488365,-0.031127975084531412,-0.0022843098973943923,-0.025250469843902335,0.018252556864019418,-0.06415786250735905,0.00953891513231961,0.006954697727711635,0.021842894676475655,0.010347461104344717,-0.038273709549331854,-0.020237069644357612,-0.02806999382851762,0.0305282436640194,0.02491630678151962,-0.021391327590749323,0.031074165142243544,0.11241870909319798,-0.019180909476458327,0.06928102256157134,-0.11228318833194705,0.06478956995603434,-0.02677219254208827,0.1939456405400264,-0.008886914488510528,0.1114954454662293,0.06558090981460633,-0.0917758082600398,-0.21687095987774074,-0.05055796796095833,-0.12098427856045083,0.30777111081659614,-0.03138681230015504,-0.35483391050629687,-0.11303890477319141,0.0436413964911359,0.1006092019639544,-0.06772564290777275,0.23969688328475142,0.026141866431384164,0.058074280555449304,0.027291365568075297,0.12709501087744998,-0.016202447361840806,-0.11973390393547528,-0.02213719105919974,0.03968444755192037,-0.017212802235202666,-0.0841826970291301,0.18708244529696824,0.03426790317409206,0.0006314781992958695,-0.07411511200467079,-0.0532111958211645,0.0538118072486986,0.0006985397685634305,0.12283912424596846,0.022932002951926427,0.02045829626912759,-0.026473754814534376,-0.043615653040732796,0.06874873610698966,0.08739911595343317,0.03475248009144206,0.02865421348225747,0.07295860991911841,0.08429374101513705,-0.10037457505415207,-0.0303614689691588,-0.010972930227612221,0.010629676573025566,0.05007084668345354,0.07881349874068072,0.0038788498307535295,-0.016722603100880404,-0.06551417035041562,-0.03234144224542003,0.01754463491727358,0.0797499230936299,-0.1287593734924224,-0.1271791025657085,-0.13510016623723797,0.1249226131993248,-0.022111674729659945,-0.20043754205884812,0.04798790342680114,-0.034443971485947085,0.01657743556438603,0.22719331461110903,-0.21529359472940196,-0.016811485045534064,0.15160843754005404,0.03947875645291509,-0.047550318966391426,0.003451278263718949,-0.008893385171303007,2
170,0.05443124987716413,0.010038216660648394,-0.08790271559278837,-0.1807191793755181,0.0945823871969632,0.032834301651447156,0.12738931755361413,-0.05107546784093812,-0.16193995973814013,0.016334512505966608,0.04858275891994,0.0072384441610463335,-0.1788998952555297,0.5452332985137965,0.10627210982081638,0.07833163819412052,-0.013402205378924536,-0.07734598964824757,0.025115777269625984,0.11302175979083867,0.02224249258157486,0.004961685495645638,-0.022269582758767694,0.08142704487409798,-0.021539773661689406,-3.285731840885586e-05,-0.009732144925010951,-0.025155150396918933,-0.011385597729007357,0.029836726973252584,-0.0011205897186142354,0.019670792295131793,0.03141098093838287,0.0013393447576993478,-0.07262394278167585,0.015814538318962113,-0.011478980703581007,0.05199719419431861,0.010299674164725749,0.009705989088750224,-0.09677494601079106,0.07094702162518152,-0.029053841297907473,0.0062614547058737315,-0.024063587470147203,-0.02701259667073283,0.013255536815191215,-0.02664920317166876,-0.035859159190923,-0.027517093329768746,-0.0460467286699495,-0.08169887737387149,-0.04199144302158678,0.00023493968662418032,-0.02428623871805317,-0.0012142867613875337,-0.026467654143225366,0.010301330111192438,-0.03970125861495275,0.001122176788257257,0.044234287305230935,-0.0006360105859959212,0.114544157324969,-0.0660968247041549,0.06232729353457925,-0.051625140530905,0.003920575435256053,0.06413647560253301,0.04672975777235685,-0.07093003242333655,-0.09637272407021578,-0.030667562538801534,0.08635589075459041,-0.0054511229568558976,0.1575917905853076,0.04221055297686203,0.027194726562744343,-0.03310862165695075,-0.1471170498932442,0.0002742731452300434,-0.022696179019683474,-0.07032075708378814,0.04673000641665824,-0.058804115482753584,0.07285337132816382,0.05959571300451109,0.15174294721820292,0.05392137226038877,-0.11764250265049316,0.09714667028915702,0.1385633839240001,0.20183250040646428,-0.04088049022893107,-0.10074293561276802,0.09941859524051892,-0.10166277967415507,-0.05942009149853991,0.06400488471523029,0.032100008050517215,0.048326820277206445,2
27,-0.0709358835996113,0.010012881402076264,0.39701159498249977,0.090729598354963,0.12850514056054194,0.08417961075826004,-0.002697593701894227,0.0868164986438303,-0.022041106571884104,0.05767783579667925,-0.012580796162706845,-0.12239294778034115,0.0866762285970905,-0.017971715099346294,0.2806414741827528,-0.059068093199241965,0.07510227659883911,0.023535956887910863,-0.043593485527487506,0.03476236616988615,-0.058756063394608524,-0.1060197019333793,-0.16715463493316401,-0.05967120171291462,-0.08268355550443154,-0.10661328057806102,0.024615106010184646,0.087840251591224,0.03490585032412387,0.022217560932540785,-0.022116038033704596,0.03931608661878106,-0.032160333042949005,-0.11990790855403594,-0.0529229086784096,-0.03556733100781491,-0.03493679161477219,-0.0024376502786960562,-0.006152066358898677,-0.05842102920586344,0.014986925856149743,0.005865017915067639,0.02043592779013413,-0.025988930193683236,-0.030054230656715242,-0.032153098578683266,9.47247155910816e-05,0.023955891726444637,0.036198612959718914,0.02936003626278338,-0.05318447907507841,0.05466634293016895,0.0497532279285355,-0.044056363952077564,-0.024522749787989347,0.0070134438771029765,0.02021456717404272,0.0013491047286531318,-0.022739753452781192,0.10029115369415653,-0.03429371274853075,0.03927803596965013,-0.10581434022144512,0.02406348133636824,0.03563101362559582,-0.0710038066084491,0.017946293454697716,0.061271386176495746,-0.039781467725148824,0.03464876668073305,0.0014834905507122463,0.024513840510558806,-0.005387134440206509,-0.07672318292266271,0.01868750124585514,0.06811104062281953,-0.0981002917302448,0.05415464040534946,-0.05982361264458612,-0.03670220926601986,-0.046013578213909605,-0.10110656894565008,0.004621877885779614,-0.08902746255689428,0.0488756450297395,-0.016125359924335222,-0.0426550237494042,-0.1038020793226218,-0.040343821554903285,-0.05989746621958511,0.12491314718779938,0.004321225557163272,0.08209294459714214,0.07170829242689565,0.01957320467311911,0.007235016601916967,0.0309581857442841,0.05794596414061821,-0.034829416679664424,0.04394769785308418,1
177,0.0687639738042059,0.02306923832598704,-0.0060677642310948835,-0.09709711498689994,-0.057047193101471,-0.040542658778363536,0.020050031799922027,0.0019000309587922613,0.00890773742844258,-0.07575108460575157,0.07854801760313293,-0.13869711993011316,-0.0899221487499146,0.08987515560674339,-0.09220365849576442,-0.07049074338125938,-0.13368997336742697,-0.18738867712429655,0.024643790468732794,-0.07761399732734581,-0.07778666889947201,0.06423289266151284,0.09925581906074792,0.028537665240071466,-0.2062853109695553,-0.2527277324658793,-0.010332698352142726,0.1320725690365502,0.05506977283907896,-0.002792607827288618,-0.09949946149530117,0.1205476301905221,0.07684733971332051,0.050583011290454276,-0.004586801121023095,0.10206652916007089,0.0039918972175283975,-0.013441610816651605,-0.14192029343002335,-0.01944789391739501,-0.06143224111127319,0.10479704883611668,0.037405595818285745,0.0493426736249325,0.10395803588993667,-0.024478412088097173,-0.05530660937950178,0.0592139534778712,0.0550504396660632,0.05224629022208612,-0.045392530698151586,-0.10401172488376159,-0.20063437111886379,-0.0424745465188395,-0.08424164778696933,0.13444851723219495,0.0026946774893425868,0.017595457594251858,0.04895480569502223,0.007081722809796809,0.05668988580827397,-0.07846416949587595,0.017146903751310772,-0.0030037345591907914,-0.02859558064223809,-0.04215131591617454,-0.021726074995733795,-0.10159996282310334,-0.09017799644612491,0.13654693595224202,-0.05488349923807708,0.02272153078716557,0.04323251235872878,0.06808726550198113,-0.009057003314000946,-0.10855744801996732,-0.12417892957673385,0.12898854872001028,-0.0007054525267007926,0.012121729145530344,0.04862804986055612,-0.038228057681777616,0.10030065583045762,0.030835960065028683,-0.04129672199128067,-0.039480777265192855,-0.017984572574935263,0.018993212500762306,-0.07025356855664898,-0.1013655555248922,-0.211666876159731,-0.1514427098138943,-0.02325754120770204,0.11795481732415929,-0.045652694695168965,-0.03439850212186277,-0.017847688394329164,-0.1584433678650511,0.1079363223230769,-0.03662692040963075,2
100,-0.07111368960175148,-0.024989083247442388,0.1261333970405051,-0.02684186281771805,0.022672113137402947,0.03172285653728365,-0.04179038601644896,-0.08673764265403408,-0.004992661218915895,0.012970405896602486,0.007877677140577733,0.06722474193942075,-0.0059501040856334815,-0.011960762989427212,0.17063026648005056,0.003097992394924684,0.04753190297390974,-0.04236217511708291,-0.056723030351513125,0.0031358112043560708,-0.041899418079581106,-0.02564121035480073,0.07445717490493729,-0.2634101096003636,-0.14429075196915644,0.16138118635263618,-0.25784512255740405,0.14739888764119788,0.00534917455878049,-0.2227518971669409,0.10968020017526632,0.17573982073825564,-0.04816618104267089,-0.06465064147595145,0.23975657716992668,0.12682278685442705,-0.07056057255380613,0.10109291865156983,-0.1077898047178215,0.10566632564239291,0.07552427121083743,0.08749817051506877,-0.10576073928394113,-0.08314455720317725,-0.10212947155938416,-0.08269391865173141,0.033720241533218086,0.009098632453388532,0.0629523748450766,0.052889385994323856,-0.05615669251690113,0.01139431289605032,0.021947893414581494,0.027039189933581415,0.00431450411939946,0.05717548884742356,0.038472765481841906,0.05616046794630495,-0.03787948489336699,0.0776824284192081,0.037793488375051455,-0.006553833846932174,-0.1476105205399651,0.03697074709063605,0.048330889478643654,-0.07608715904630453,0.09264247116870858,0.08605587486247782,0.04168125243791526,0.012947868719144945,0.0019386791261277298,-0.11141416337946092,-0.033836715455256336,0.031030395464869017,-0.028613826243596915,0.09633748110460769,0.04241381716785486,-0.055377420975410804,-0.043233212807129766,0.0006024793007711515,-0.04277855270848751,0.04169934776780871,-0.10207520470123614,0.06475639622377846,-0.09464615163325653,-0.024037178204908617,0.06892183178992563,-0.009013826236709198,-0.08003621965743625,0.09147234278797182,-0.02530167475699638,-0.04892289897504911,0.012337027479346192,0.0033370690772279396,-0.08700773952277012,-0.10609064216679925,0.041872353886975335,0.07680346667782544,0.1099359607902715,-0.16026131686453923,1
7,-0.02095710257793742,0.15509659962582922,-0.07782420277856933,0.033292221365889406,-0.0351565229707572,-0.03147805973046516,-0.023737099641656732,-0.09633091489967689,-0.019291354336549434,-0.008603675562849876,-0.09764870100090588,0.016624771442692848,0.009460239109785287,-0.017790993709724052,-0.00637681054336262,-0.06304170602460495,-0.03462097200433747,0.007790542869224084,0.100728231256808,0.12553052998468117,-0.14290274638230718,-0.15960151923464785,0.017538749048248075,0.05186033525867976,-0.08489431815075349,0.04375720847803602,-0.01763637258670043,-0.076295020201283,0.02473426236885491,0.11354930790198342,0.1290281785727375,0.01565775218915637,-0.07694165818694729,0.05587215010301325,-0.20278343726164633,0.08177835500741305,0.2435478636990306,0.15183275239877908,-0.06799091834100984,-0.20766188016549603,0.1995260718839039,0.04054013641710601,-0.06040335205526836,-0.009039187623165681,-0.2019227205123733,-0.010456368927251354,-0.09718825872423957,0.18855341690000643,-0.05476721110628076,-0.022155277016841994,0.09078573983677944,-0.17440831742416188,-0.02528661900047148,0.007043172594632183,0.04253778349645296,-0.04267513261375296,-0.019468737118186842,-0.0034023052229907114,0.079574471676828,-0.02849679533603417,-0.022513604789292468,0.060539143776600295,0.032285750965039973,0.03718778030973897,0.1614430184371205,0.05552169520629483,0.025730269220652434,-0.04928608410775426,-0.0667625107976038,-0.11442050400628323,0.00010701675365185978,0.03200603710776802,-0.12481698560170676,-0.10996521684292775,0.03356316865707282,0.07780922939465466,-0.0191330478404405,0.031087840949274692,-0.03876410314569618,-0.13266496362736793,-0.049954248034422194,0.05951191403201923,-0.16728985972186272,-0.01702482284456218,-0.03615087773524549,0.06352313848457396,0.023631809880304472,-0.04203153988218405,-0.028164465304730095,-0.03288049116064603,-0.016900481841591358,-0.015278158360859244,-0.00021553990348797196,-0.029631071129364254,0.021096599200515157,0.017851048113288536,-0.010516053317460822,0.17193938697507416,-0.13075814496992946,-0.06245807757245129,1
127,0.41423900454342766,-0.23449763777901733,-0.22280921552790536,0.35480428486887045,0.1416519678461721,0.14089916819082338,0.08809160170320365,-0.034278499303446695,0.009024296635941472,0.02327144739583299,-0.01664015501424202,0.07652552268776561,0.024812579508241672,0.013879040005684826,0.05805347846320163,-0.04239363835280722,-0.0025895940372680443,0.03863444408930026,-0.00254958444262279,0.05277721600904483,-0.04367357337081436,-0.028134800401265536,0.015227748328408109,-0.030177313014245984,0.027802730146485377,-0.028565355194084683,-0.006218144073047634,-0.09081426363756978,0.004213562181899094,-0.009618302108068287,0.0216323305878013,-0.0007911457572765076,0.010677098056886491,-0.007421913354887019,-0.010270265406800495,0.018767730028629026,0.010871288950084736,0.007234447458907586,-0.0293065306120412,0.04845180983240909,-0.06222743081782332,-0.004214994029850062,0.036570219983131945,-0.08864313024717951,-0.014626932578888167,0.04160881364060374,-0.03061455327179382,-0.012531284087382216,-0.04332092439161601,0.027031717310306295,0.017991150356447112,-0.051918022581598104,-0.05101791188326231,-0.012622177458589054,-0.06574750566070603,0.006864344538316495,0.012572253907315496,-0.0027035359193261542,0.01145178762871224,-0.040399953025601794,0.0021357857226755894,-0.0036112815967080155,-0.025581484925225866,0.12275437664093902,-0.033966920321161345,0.05204205530466063,0.0407900581544013,0.002897768750109605,0.012800610998555523,-0.004724966373392154,0.0002371976001422924,0.09452411139560402,0.00904001068865719,0.04107413334036213,-0.05813799851622882,-0.060739539503717514,0.04098543091541265,-0.043025769028021486,0.0013088347067561844,0.017981632374553726,0.023038608051488045,0.0036279120524970935,-0.0208424685056224,-0.055759735222898434,-0.04572326579291486,0.043315247861541645,0.006893825085483651,-0.028017187756753926,-0.06271309483707155,0.010914021195685688,0.03361589349467566,0.0005689797698372558,-0.018319122446714867,0.08437676329009186,0.05403971557478623,-0.018559804757600107,0.10082823695807917,-0.034707032931479274,-0.029565574889063334,0.019418162229588205,2
12,-0.051249377562528516,0.059715491769092535,0.19983806359986583,0.08021000438418265,0.039106218522947274,0.09971875124566713,0.08811821859588503,0.11430967961325114,0.014473190066577768,0.08261733617718943,0.028628779827274665,-0.018103718778745108,-0.01046287880408056,0.06711718650217086,-0.1183272929522592,0.030169982247315697,-0.04428333356651307,0.06791249688750854,0.03622941382228162,-0.000109410228085429,-0.008827509704650953,0.15250968008415194,-0.12886635524435539,-0.15352574912407072,0.0869109951146866,-0.016965153328722764,0.02779567323077658,-0.10435700536500091,-0.08674591531989681,-0.1021737470244363,-0.0015620325684152377,-0.0709009020458569,0.06089739958584046,-0.03106903197553287,0.02476275089224019,0.0411126610932436,-0.03383633027841225,-0.08784335163564722,0.0916675715400233,-0.04332192435354911,0.08838856105930248,0.030939236538190047,-0.06098117793635048,-0.09363041080756795,-0.0389639907158871,-0.08103714589048315,-0.0552058038703843,0.05387412021120214,0.0036194786917084177,0.017325987081139804,0.026600603061532477,0.036107503660018546,-0.13531100921006395,0.08134260346150209,0.00566302765391369,-0.01743167589805753,-0.10523399015065464,-0.04012129510037549,0.01660051077034007,0.04188200325858275,-0.059876548795282286,-0.22144434022212475,-0.07492545236043584,0.17315291922110965,0.10368834915081329,0.0960787542706074,-0.14500067719435616,-0.10362186020171743,-0.005743037875236866,0.033871456039819156,0.05517947360942481,-0.17521600272362348,-0.06902099676007988,-0.2475111008813874,0.09383763145373315,-0.1742908668968238,-0.0396788936147123,-0.16069434252560438,-0.09153953978302887,0.032373873182295516,0.08198962856691958,0.023454213927914584,0.1626481428283211,-0.033964690544360084,-0.20184168112540465,0.026806359179052434,-0.12804872135427384,0.09491076248359413,-0.012590030479153112,-0.047220207083904196,0.08634384505414039,0.04049101889827909,0.044659626327869836,0.11808174646096065,0.017684731822069404,0.10077178776386617,-0.03354793517395721,0.0156672878727818,-0.11915958352710133,-0.06311067404148463,1
20,0.022861367760975866,0.013967941327448975,0.07474068515768881,-0.06883330042178072,0.00530576666512142,-0.013967208127093326,-0.030894731008121526,-0.1744750550558906,0.004881213000857988,-0.0167087140793326,-0.011967175246226121,0.135098419829445,-0.02736387518211747,0.01820875006989423,0.040040791511737055,0.06365406960727146,0.06456487307286207,-0.043627250981573704,-0.027652027769397597,-0.07924995867115951,-0.03492042792129066,-0.01838108089037661,0.009493988947909458,-0.10096676370280944,-0.0035601882169296376,0.02622159385047743,-0.04798475922090793,0.09324613151296282,-0.07880808734841471,0.03414943465034005,-0.09752193059713703,0.1351545933236012,0.013985517865945886,0.062170399358742336,0.058340236350534265,0.0714507612222465,0.04745762153797328,0.03071586145383266,-0.0353322512554542,0.0024065444242568693,0.017093670031498583,-0.14607325775469596,0.08130562370095719,0.0075263582954570455,0.3249935372612479,-0.10337690159419363,-0.23062684994706684,-0.17491207760103125,-0.24804673944288738,-0.24444189168755526,0.2239136691626252,0.04100522505085423,0.24904791410895535,-0.15012599552613634,0.011937073018755823,0.09298465259892232,-0.03723548172200166,-0.20549690718501448,-0.10432174728987015,-0.05239287520863789,-0.16966440156949789,0.10071619788104941,0.019130192512015393,-0.037262753461983315,0.1710070874499223,0.04736499637048338,-0.14167430608022366,0.03494689264824899,-0.07540557760360332,0.020926572657435714,0.11631495348687815,-0.010163304371270608,0.07905946094826988,-0.007859415586729862,0.07535106207913238,-0.07449149487777713,-0.052425425045464435,-0.06648780016924861,0.025566210541726243,0.018792334758830815,0.0827339627826806,0.07785228477781049,-0.11287091441442008,-0.15750223431965976,-0.06058286966758191,-0.03921265099506494,-0.03662332838223655,-0.025059228200075577,-0.06096098871394816,-0.018639540778502196,-0.047699212605530665,-0.0070772724892391595,-0.05486703969526023,-0.04038881071875556,-0.08184839287750671,-0.05517020227704649,0.019172576489957804,0.020868447733067362,0.005046238233297126,0.05826893196455034,1
154,0.0521902669617408,0.002432813435054576,-0.03195678620056949,-0.09675767806131702,-0.03147799571022637,-0.08499099342952497,-0.00011649674739672114,-0.01863901882750196,-0.00491590648472453,0.008198580087150645,-0.0371692251689454,-0.034741126286748525,0.1824431820619846,0.07698799322800258,0.029513397481192402,-0.05492436019901053,-0.07806931493977784,0.15051035278627695,-0.10488911045067299,-0.06748889963261683,-0.0031639512992479553,-0.08784441310432199,0.017310134152257524,-0.005245228536381678,0.45202801541431176,-0.1427384607647323,-0.20294004294004164,0.16591538664257366,0.14428984787762722,-0.12144979531845666,0.1472306987813503,0.03535370124350185,0.15866081448917743,0.028469331432094864,0.025482352087668456,-0.06527706566424019,0.018078355964515982,-0.006401637141207868,-0.06924757054592373,-0.08740207657971252,0.08024469551089901,-0.06688450550400729,0.1318748479522119,0.20544217540739723,-0.07514715440916896,-0.05872384379691537,0.04140006957883892,-0.08360845764848504,-0.05100615003507069,-0.14877569381586211,0.014467229257598233,-0.06509899199143665,-0.13057305060049468,0.02152877479743473,0.00044365556245562347,0.04777195031671168,-0.049138095365130814,-0.10289867964330467,0.12874979555645893,0.08164607932752685,0.17041771171276424,-0.01391721419797699,-0.007988018997615769,0.039370704821319207,-0.012863724372237931,0.03831306539791508,0.010426235399585914,0.07963720912921461,-0.03264351027064562,0.004543696106990077,-0.08561574220528094,0.012351346285731668,0.032602046960741655,-0.05638556251227607,-0.059987498800121046,0.011757777306218142,-0.008245639561934767,-0.015555075250475265,0.014494636299111897,-0.021830104138262207,-0.004519507261781547,0.013445331588618997,-0.05100303738117473,0.0423359235167677,0.00921258021324253,-0.06223661695938606,-0.0725412804830254,-0.04410100550211693,0.06570256937398193,-0.0023133710803453613,0.04154631246505823,-0.015390325660665683,-0.03294268085974418,-0.007071106552553734,0.06196799570569378,0.07315589771647807,-0.08979114334285683,0.005672472905509974,0.08288612891654469,0.01907397244294774,2
158,0.03476003074520233,-0.013106540346652306,-0.01628298848953417,-0.10849773797882362,-0.024608581484884606,-0.07494845088722757,0.019785134660514347,-0.05669101164888168,-0.06816616712849946,-0.02600960946006773,0.0021455462264958662,-0.03922993222975103,0.042469762107350234,-0.007410831774359629,-0.01603157459448128,-0.12340103201985686,0.05731371095323339,0.01157054474112446,-0.045880714168799165,-0.013568624312858905,0.0694094673852736,-0.05021289094233199,-0.00023793984452280412,0.04566292519274136,0.15319096700853935,-0.04777612592544652,-0.07852223361684016,-0.02390036719670713,0.026200355588806356,0.027308825325929584,-0.04500882153917483,0.013673292679161963,-0.027740039074189277,0.02850369015650003,0.033441085125745895,-0.006150116277471923,0.0045975069118861685,-0.0134838395208579,-0.08335312300195626,-0.09142460558023621,-0.09265917478463563,0.038736874332641384,-0.08653552636275706,-0.15739096668020666,0.017398087881925373,0.08431800145453092,0.04919401714762296,-0.06031578091928481,0.05143871198232858,0.37549324880021473,0.24015660960528334,0.2559213134626808,0.06170985332653867,0.08981464233827355,0.15170312413039772,-0.021156291994742935,-0.2132543506423527,-0.1616554372286169,-0.005707104284547601,-0.1701532441259071,0.1350991598885931,0.24944359798553586,-0.15537659068331464,0.1257212377182742,0.19563141209963694,-0.05173606372299364,0.13615304168129708,-0.16558746649009337,0.017749642896671032,0.04949534062002216,-0.1355366157751351,-0.0035124098748540865,-0.03499831870095667,0.10830344904916286,0.061868610446451276,-0.09151964515235199,-0.0007800990759160239,0.07125900641309371,-0.004830444586081589,-0.000848248338367438,0.12939361684566406,-0.12212249381333486,-0.06305425906104913,-0.07342317200588364,0.014820778627971092,0.0512535677412333,-0.01532326191501128,0.010755381608536905,-0.06718445816059665,0.029476172301354745,0.01909407117355374,-0.10377926551590148,-0.04382227883518268,-0.0538476413862302,0.027787137396476955,-0.018582323220579497,-0.04373941466940147,1.2328039531049093e-05,-0.05445508531573964,-0.0391509401641402,2
121,0.16264533217865365,-0.045997033108173845,-0.12084188675129626,-0.06210312666039395,0.027554633194006573,0.05735153126810505,0.2498975878682969,0.10081065431631947,0.1382978066305205,-0.08063335019002418,-0.008133918244258414,0.1740716807689383,0.24731095454911406,0.0712983145706709,0.0681408672304699,0.004021051203117613,0.03034535310951121,0.028249100953048962,0.02811641174199597,0.038700385899050116,-0.15042757267741078,-0.10639231200517857,0.0793727031247863,-0.057755194940574676,0.034605366061163434,-0.10991407934010873,0.016115102796858113,-0.14296126099519435,0.015174641538790706,-0.04440075587055953,0.045375015943523125,0.06122481570007309,-0.1066916027981637,0.018775037116085677,-0.07631962678654876,-0.014156173877703335,0.0690904346355834,0.08046708741918732,0.1690561436615028,0.20911553303559965,-0.05099237815849708,-0.041131547570714244,0.14193809587332382,-0.046109294278062964,-0.07336543431902721,0.0773008235982512,-0.07847076326052059,-0.02574382917256926,-0.0873592854627937,0.06670042323515653,0.0562854568957281,0.05626029816232894,-0.07104271019801858,0.1080430954017256,-0.15808674630033925,0.09441130816841835,0.11700445001704714,0.011345166228333791,-0.13060401947095632,0.027656331119863778,0.032208103611140786,-0.06711999584687112,0.054878347508943555,-0.11428043546331763,0.1490683730089129,0.000558951175447673,0.009005378342385913,0.04246040914877188,0.17377888210528464,-0.00903145760872617,0.078864289507247,-0.001085155179889664,0.0003895130269772143,0.05366139534696145,0.005092141019647319,-0.0004539608384407256,-0.06738241612151492,0.10142136079031817,-0.03661290464920158,-0.0380107700949103,0.11514413148812921,-0.037408587652998135,0.10908567520573159,-0.0032868855322763495,0.024142396435757957,0.019507554025330075,0.057193512389955604,0.04610987827915851,0.0266814515805625,0.039572866533815025,-0.018838315575988022,-0.08154938728237597,-0.04304541627951361,-0.0005047912889028938,-0.18475374672405911,0.1003319331146129,-0.019203877032931808,0.0021473340182776184,-0.025069672624423524,-0.020700833492125526,2
113,0.03201139240891508,0.023674603812481442,0.024756419047541774,-0.035260338909467115,-0.04778875374446085,-0.052410957350931486,-0.01867075521290658,-0.09380220801756091,0.05521003756154642,-0.04632704287825735,0.021527067957274614,0.018813024843593,0.08003401684848692,-0.011616063999871905,0.005801543112108604,0.022145565946259375,-0.06484636495566524,-0.09858063580482938,-0.024835150437833655,0.16803986471022564,0.06874787384132802,-0.02029728802466321,-0.015490718688269555,0.06724373779997517,0.08976357362060165,-0.051486021958756636,0.016659422585158894,0.037174789545564475,0.05716203884879783,-0.09699807339841623,-0.045561362577444656,0.0012155366742988578,-0.043213551933195544,-0.008570653109853384,0.02115971841170128,-0.004763577740367389,0.10471907050062912,-0.016613535487141794,-0.03060466093964322,-0.009086140509693398,-0.011921438063023943,-0.13737756838865864,-0.10317542092848889,-0.03644065937007924,-0.016330811929298694,0.23195838791938686,0.0650960737338251,-0.013772042997806672,-0.11620487120103903,0.16005775751653825,-0.05509617811718198,0.08899671896250072,-0.01364221352913852,0.04501673499702289,0.25074218690897254,0.11579215020911822,0.01942038413349812,-0.10808919976946826,0.20638277002583905,0.25008233607164476,-0.27589571564032833,0.050930031426011164,-0.0059703824031175756,-0.10820269058051711,-0.09377514445317353,0.030869071430529627,-0.12852911360242583,0.10964785777273041,0.05707979139072377,-0.041556665892693474,0.09153816844780553,-0.10515954690981559,-0.08877019773037037,-0.05523080973588746,-0.14432647215170663,0.03179542492956538,-0.17410952325389137,0.022331272741394105,0.022173956285708684,0.23691952384267212,-0.16088460728616144,-0.021620393060114297,-0.10590241195121484,-0.013808307562788355,0.015673619266398903,0.11702275357780692,0.08753190441725513,0.03299495057669585,-0.09990063628104039,-0.05849969081765981,0.007895921387134608,0.053626137240806344,-0.03677495953971089,0.07189598982159147,-0.08666483003925934,0.026135852625373955,-0.04361556468599572,-0.07263693281524734,0.02223496189516785,-0.01726081884816954,2
40,0.04274592607093085,0.019071373859296317,0.00033951803920587853,-0.04268565482643843,-0.0669994497787485,-0.059580718675411384,-0.04238732714244345,-0.12378470016261821,0.03718293825786291,-0.09878862597249505,0.03782021215956578,-0.06097838577848407,0.06581599575146688,-0.03660193391474676,-0.05493572215290051,0.009400874433437538,0.057703949741045334,0.07307164497290096,0.019379256128587437,0.08306499231391486,0.029158927810920263,0.11302341852087865,-0.025899353934370338,0.14492273176104925,-0.2726256889897294,0.05410510828926775,-0.10308018138114751,-0.098382045203669,0.10528334272037294,-0.23029330377657767,0.1853916930041106,-0.1164917215824956,0.17932417560573893,-0.10467944500920115,0.08578063271234798,-0.13292385986921376,-0.03801428639682798,-0.028846434436952846,-0.024403664545844795,-0.11507981926760331,0.058708042237639896,-0.046193582264010866,0.14987968884559857,-0.13614589521838905,-0.0060958289987747575,0.01743345526783731,-0.04868311555081133,-0.0070007333481787205,-0.06401552572096866,0.005876762732671447,-0.011817561314131525,0.06571880474591317,0.031989343413234186,0.03391399117422449,-0.02845883022825636,-0.10682776257318814,0.020818499626755003,-0.03744999784520803,-0.0018130111215725086,0.0500773376307252,-0.07839375857231745,0.05441861226134605,0.07354836913753537,0.020153574993814618,0.00738695630901497,-0.09644661488718434,0.029231902883742833,0.09268435218768206,0.07561705745304043,0.009916276001739353,0.014993951222802945,-0.04618509647893062,-0.16529314344159396,0.04644156259545505,-0.07877848136051091,-0.05988017912245513,0.011819333937009435,-0.020386760269834256,0.14272843224291087,0.0039688575797945,-0.025268150236665354,-0.04753330396211573,0.16769015004959414,-0.05533396472199188,0.013084567231915048,-0.12656894319038486,0.010064460412578219,-0.06799869973828798,-0.06935769812081327,0.2481574170283773,-0.012151453328774518,0.08605263977552176,-0.09532582443820443,0.09958934544487075,0.1536033996400204,-0.003358945145367383,-0.03497509703646134,0.11652091883862023,0.018520733870829635,0.07391570419899839,1
10,-0.01767435420867218,0.0792523428208452,0.07144995685268753,0.006161046317965424,-0.01734519201385197,-0.0014040516772513198,0.014019831620022571,-0.08108211239529955,0.0810782928342995,0.04554894279193336,-0.052658726812868,0.09187849402518589,-0.025245947354806657,-0.07548599492229319,-0.008389345150563707,0.011657932492655858,-0.15092037906406486,-0.0779239384337681,-0.061042815167588436,0.30603491201326855,0.007665449218048273,0.021639444499958777,-0.1469691977525113,-0.10201965275165464,0.08957422970364226,-0.09364145391502543,0.1761106975109799,0.05395823366994362,0.030508639700992702,-0.14015750342705247,-0.20878842498659214,-0.11165598293546143,0.02647818504283003,-0.11413797882865782,-0.051188511025407266,-0.012747348224070747,-0.10128256642426631,-0.12460757557620977,0.029272186290389184,-0.08879746135271255,0.02787966978395224,0.18509257549871946,0.12819776073309838,0.02357963207937934,0.005189886842920296,-0.059371523741917634,-0.0031889089762485393,-0.02116529306398692,0.08150840247640866,0.0593638398518496,-0.02205415682123294,-0.04867673427986321,0.2290732211388574,-0.08938279505785159,-0.17501265583556558,-0.004070325034064446,0.030318344997937473,-0.014941086205285602,0.07514595091012188,0.17263680624242667,0.09662729791338859,-0.004150409535191006,-0.02341565674050776,-0.05465515216133052,0.1026844967063619,0.06226638670156899,0.13237352262752008,-0.09372722715967553,0.008393255585131433,0.0013825512055568251,0.021063226359210357,0.08804670101625037,-0.04594934868212994,-0.055122252632327215,0.1006269492679223,0.036824319646906266,-0.05161655336042615,-0.037782036446979375,0.05408761993616544,0.041773200283362004,0.04797520642154228,-0.02703042504792037,-0.05397815982860098,0.16673319787298443,-0.004232801525164247,0.08503347792117606,0.016381991825602068,0.10892804312108484,-0.052254111182542556,0.10779157138460341,-0.03670081242740968,0.022586700841633573,-0.010142655950130747,-0.14380155579543474,-0.03861233854523746,-0.007775378024830756,0.0767280322716692,-0.04522048275124399,-0.037904346411952776,0.04045263430707303,1
200,0.07244177619578415,0.009460564558807892,-0.04606459440656826,-0.1290299629694462,-0.05717111821477191,0.006047285708645926,-0.0037370581698126467,0.004288787621663754,-0.012043003504297581,-0.03747535061893174,0.0070825182962876015,-0.0646749558461297,0.08811533883665824,0.026009709062629196,0.07646968760215457,-0.1574638680049462,-0.2326309869800565,0.05916565165812213,0.35744637142085156,-0.14116910129041557,0.3113107793846362,-0.16234590102805835,-0.011982810054000245,-0.24546166396299088,-0.050171313684591164,0.16596105855199575,0.27191078406653824,0.115373493746486,0.002348859404962388,-0.0649219345078461,0.08329795770235221,0.03034829281102257,0.10499271997802195,0.11353761026139866,-0.11829442488962467,-0.07598300151517008,0.009856360015170219,0.03897075081648962,0.03853874680643166,0.09013072169607225,7.941193785490448e-05,-0.009071938306014441,0.0923831159755002,-0.02389493369836638,-0.04164842425421292,-0.020238835620944272,0.022165733863941835,-0.06398403193059836,0.04986499554302858,0.054730774131683674,0.05396956681525499,0.03895655944855321,0.03973274298876148,-0.012026143429412328,0.05018237801548903,0.01597444412319916,-0.04142749402968715,0.008933746978771032,0.056783477095288394,-0.043215595428974046,-0.02186225032781873,0.014683318719975432,0.021879380653925085,0.005684239907983114,-0.020045159327306085,-0.009713964131515566,-0.0012269525384930298,0.025291962862980806,-0.018795291318504825,0.031363822503631775,-0.06420793673447844,0.006804134487377666,-0.006703395448492951,-0.009551402833579619,-0.003881457421605542,0.01934985774407266,-0.018418887193470675,-0.034123385860700316,-0.008310157915927163,0.026644062392192334,-0.021804507929079973,0.0035939057657708245,0.016442329179734223,-0.011467165833213892,0.03992942993893666,-0.00017590609856683637,-0.006142634454517445,-0.004856168928044841,0.0020090218226101976,0.03751909710447995,-0.038784050272668916,-0.02341708039074406,0.008860023462015957,0.02080908886519658,-0.008290494454545161,-0.003917272440854529,0.004032233530556417,0.017607925649706892,0.01957728793815435,0.017327290503603123,2
150,0.09784889399372097,-0.007485114868179568,-0.047103731341132236,-0.12437544290040178,-0.09319842580927569,-0.14311363325298346,-0.013267697246871272,0.07607680367606215,-0.05395506045410388,0.008146491910340517,-0.05598013909555161,-0.03984043032920929,0.194932458064462,0.06355535827499087,-0.007231309380058536,-0.1375944743430003,-0.08875897709893672,0.1856772805958366,-0.11022723120311893,-0.08123264569316697,-0.034985036526463155,-0.11677796625043331,0.005800835786380266,0.009071657848858019,0.44770871127328354,-0.11747781294526444,-0.19557010526359578,0.15399091553757793,0.11065079960527514,-0.07477802930671934,0.16618865265045396,0.015199370389799186,0.11806868430876816,-0.014977471742792653,0.013801930850068785,-0.07995720362660867,0.012980962204822939,0.0019970453059230653,-0.04602539836287423,-0.0650859490395519,-0.0009044393509552385,0.014440985651698572,0.08066359906421573,0.05563677351149423,-0.030623248937580068,-0.0503831907709946,-0.030257224726663274,-0.024276461548331345,0.02110045672391887,-0.10241760595817025,-0.08819648007012049,-0.06498705683850024,-0.04184176201717146,0.03166320427975827,-0.03280376969876444,0.009223489083045806,-0.04597866449463429,-0.023545563958076884,0.006278685653985003,-0.02296330667577556,0.015540105007165874,0.013303499890141538,0.03742634781308212,-0.025924688023001383,0.03535950908513004,0.01674377558457336,0.02832430008085229,-0.023768553850422695,-0.021446141039440068,-0.00039243107480294617,0.02730803338300039,-0.032363664576990234,-0.0016804848275164136,-0.008371969790845849,-0.015887813053080367,0.02553417289446877,-0.003984533689499265,-0.004330829179783744,0.026139523931186244,0.024852343725893507,0.027109868699683383,0.03722153021056941,0.052019501145990334,-0.06629262986480496,-0.026673432554190697,0.02051254107256965,0.03713357633745924,0.05206670368636304,-0.02837600980677714,0.02094386008489911,-0.020803896115181818,0.01587196204083432,0.007997219047467717,0.033790211033463545,-0.060133896680980306,-0.09353839793486084,0.09758533295519393,-0.013179092747882055,-0.039378316435968,0.018238573977916058,2
96,-0.21502055931972008,0.422836072287206,-0.2204522202785684,0.2420854938289716,-0.009810221524035188,0.06495219171590966,-0.04053312154593556,0.013012637643770465,-0.03702583218729347,-0.08700927488335149,-0.12734249920342577,0.0007286932970986963,-0.02608249797127712,0.004253502952143875,0.02991637198882095,-0.015203028338260389,0.07832526483236779,0.006328066558241644,0.010699578048120497,0.0187894464795697,-0.05480011866393643,-0.200677958528171,0.07775866683083077,0.03781956055157858,-0.03907552465019707,0.000868934586578593,0.001579478343445145,0.06541767371445746,-0.04683544132141799,-0.007216901353941035,-0.01982624064541907,0.0024346586805681952,-0.017667630505369125,0.000750649227303,-0.026474989393382286,-0.04383290976715498,-0.0106035213871229,-0.020989101842354394,0.04930152624332268,-0.09297396473082849,0.04600052028479318,-0.009330878087485455,-0.006483783246459306,-0.05517916653178324,0.0068889315546113656,-0.08195707807714545,0.014841905042599496,-0.027982214744271892,0.005705580764456696,0.03306079208849392,-0.06369186332536904,0.01571599853738499,0.09426034036176725,-0.06794374068732073,-0.02885288835795386,-0.06756811187079322,-0.017953211422823374,-0.06956531618270975,0.09026909529042611,0.0018427876109417959,0.0572335146728836,-0.05070528709128311,-0.04305380457945643,-0.09506977623022518,-0.034753172303578383,-0.0013930036415162762,0.041441704970651375,0.04546813724890298,0.011607161744927591,0.024915561936000804,0.02319099983727051,-0.055716805627353976,0.06125875633258054,0.06457927263205054,-0.004433813210064753,-0.05959200007734651,-0.040474577592364815,0.0284797052570494,0.04466636389598678,0.05017004426227275,0.05409478376498917,-0.057902968614300006,0.0067754739827175945,0.05973101773389517,0.040028195133933665,-0.005111359562181752,-0.04308762625553785,0.0503846431832425,-0.0013173127309512214,-0.030524980252603664,0.040942674112773726,0.055657795826242557,-0.009694831982178648,0.0009233175464902915,-0.01195965257442035,0.025693329100406368,-0.008717338019795282,-0.11582088874488056,0.04246760348163923,-0.04658666175713105,1
161,0.010469192413008983,0.022958790003915396,-0.01715676494588359,-0.08828422075707983,-0.034416662648719086,-0.04593617130387081,-0.011048597959480912,0.00942071996173757,0.005404100025714544,0.047588985556342854,-0.055820420634046033,-0.07440123400370043,0.03713027322748144,0.013403756247928783,-0.054303698657444416,-0.0629767299820411,-0.10161759788404663,0.01648349634618536,0.013431135809489162,-0.0044534661196038725,-0.06329929351759703,0.027192764660497814,0.04373237508961188,0.017378732431471193,0.04928883206477349,-0.1285405137929368,-0.01956598811297587,-0.055876329773097554,0.018610990153083134,0.04797592151875967,0.04233208322654764,-0.05237672173343521,-0.1513016081463411,0.04266398848575842,0.005039344047980109,-0.12178761967900567,-0.08951216818538565,0.04697425210596344,0.02645910021974416,0.19590080800855164,0.01396626316563668,0.0214089604390414,0.04651514737164813,0.024949046536757318,0.03205615394704332,-0.09798868100420872,0.05705850794592866,0.022096508038240942,-0.25063374398009386,0.03939112217787519,-0.32204639912611865,-0.16878703588029276,0.05706473152678022,-0.16081095243461557,0.044369929499316306,0.04236977337959173,-0.07327525930737641,-0.014453707321655084,-0.04958425293729182,-0.12711733170314568,-0.12415211547720732,0.15070033297463375,-0.2852351962185903,0.1562959832350037,-0.04158819082974823,-0.02678790538507931,-0.09119047589482568,0.06872331619724112,0.017724048919001444,-0.1000887664214209,0.047483782847014225,0.016747864015780857,-0.14266729090820615,0.21531923416504184,0.2929736339017162,0.05937141051384782,0.12713239863421724,-0.0777390040670862,0.015002653883519157,0.037628849579528154,-0.0887187023452274,-0.10175146506515517,0.12270856718675502,0.11026178813856069,-0.08795692196135456,-0.015202912551343492,-0.07433238006698724,0.045261935610053886,-0.07028567877868587,-0.06952230339287445,0.04911378944090979,-0.08367207733078619,-0.009028209460651587,0.03332408032842326,-0.02552481612106257,0.08493877212716493,-0.022462890131302465,0.019657494636098394,-0.0011508188037109605,0.04324382815705576,2
63,-0.46607411170897955,-0.41796227113995527,-0.09454201246190391,0.08909406911742747,-0.1863674728723207,0.05494404107711517,0.04249321874660993,0.00637331790109499,0.014773425296269916,-0.024903516775966802,-0.03354567895401467,-0.024777931080067192,-0.013831109778538806,0.03641090660777224,-0.04856545928078916,-0.004568401125355633,0.008979483075548144,-0.014762858637510791,-0.00699123043492419,0.010050740242555164,0.014581200994946525,0.005276396127166107,-0.03035554164348631,0.006873052508734571,-0.005178144673455242,-0.03407379585869334,0.029436085149171346,-0.0018420134057441349,0.026818980120119105,0.00581880779138347,-0.0036719544601411525,0.029495960983587602,0.03767706308479713,0.002829926221391759,0.009915778550513258,-0.00013890012637632468,0.0006933405747210706,-0.010182765025269847,0.012056699915463074,-0.008154167870423045,-0.012546439958982674,-0.03142036716084007,0.02644870655687219,-0.006163142217348065,0.005827121021862045,0.01915183509013833,0.020402997299775887,0.01187155625140969,0.014892325541793303,-0.013216111828417816,-0.0022756416824446847,-0.0015876832786713851,0.008476927599590399,-0.01590016301096838,-0.03135809578967623,0.014414834339711304,-0.03371001157157555,-0.02667642878426847,0.0005695194213139922,0.010168975602582436,-0.03508972145488154,0.022590781694622013,0.0008837361461162047,-0.01076753087207479,-0.03817205586933309,-0.028464028344829178,-0.007507668345706862,0.03189073702719366,0.0114445946933549,-0.05997605920072791,-0.010297948655360774,-0.051527328418153315,0.052205256617409865,-0.06723086618230306,0.013529851208667967,0.049101926232832944,-0.013766909854044329,-0.006073632342023623,0.006122406518942103,-0.04064646720004829,0.030903073824547673,-0.00418821224931756,0.0066750705864885695,-0.04715494564082639,-0.040622208953092834,0.03322995345988963,-0.040973357391166094,0.014315860150583956,0.06951667610531947,0.04616765958814461,-0.05366887114865245,-0.029894866426037364,-0.0678149354418244,-0.03134146819984861,-0.008541704712452618,-0.01598989410630919,0.056482838161793954,0.008042816566659722,-0.019639512542341836,0.0037052303310571954,1
147,0.060970246523175314,-0.00546183603034956,-0.03204136688117319,-0.06152383092271229,0.007505998100794838,-0.008642394311635828,0.0333143362484981,-0.026512531682535836,-0.00107868092386786,0.0067400411249330175,-0.023704742778797572,-0.0199048860337413,0.024116286482442222,0.04139848488811715,-0.006409394961240074,-0.037585556958104026,-0.0462286425792834,-0.000493831832736595,-0.01971391039863657,-0.08187422951254754,-0.022890408209330193,0.08024883191967905,-0.04573504327374847,0.019989553976489285,-0.02711617891555812,0.13653669206045949,-0.010974020478748394,0.18720842275535954,-0.03179506816165973,0.010613427898558628,0.03692476532379585,-0.0355817303780439,0.022130449566995978,-0.03353499955555756,0.06581936273013717,0.009170949941932217,-0.023200886338439863,0.04550641749614664,0.02720284209316245,-0.002716621134863609,0.0707745317195178,-0.05583962072980911,0.06992076931550686,0.43498399592371684,0.12258857586868491,0.023113598671067003,-0.25492890478554936,0.43370889524817663,0.04887558091243243,0.358908089136556,0.1347861903550866,-0.07988797438359604,0.0035304129224157537,0.0652767664624225,-0.03140485419652566,-0.14897050318729563,0.08611777968071084,-0.14640714033976637,-0.12174121100649223,0.030262982344933853,-0.0007455832323920967,0.0004509847131907545,-0.10965272678058086,-0.022875649897905,-0.06677671519463763,0.06367535425843886,-0.08673647539664758,0.06868854512369017,0.17396025341246438,-0.1560868564581362,-0.013330514532240257,0.13444460244474934,0.07461993682861483,-0.014358929805032427,-0.03159830697135602,-0.08187379547265293,0.047399364607185655,-0.04245025083852549,-0.012112298779222205,0.0739087637766524,0.060571816279391746,-0.007308827479855388,-0.004300526540375183,0.017760892598844783,0.017857901947236177,0.02111211996287095,0.03023585158068341,0.010185842635311611,0.0021558353096267618,0.05212301934363833,0.03755653458202231,0.019352128447871493,-0.01373388281364396,0.05885646261427289,0.020620808543209704,0.0035947471701837613,0.0946283225667131,-0.036462585712606944,-0.012111040377382323,0.01552929770726266,2
46,-0.12401378775219307,0.13804158076229917,-0.07822729201845473,0.040495476252498525,0.022532949343663154,-0.026086295495709833,0.01803912646260824,-0.039860358880181,-0.05386264630495745,0.2872331179800032,0.3774740840735569,0.06032722156200472,0.04031006368621034,-0.06482053820983645,-0.04864245166213622,-0.008105338901337866,0.032528435672841666,0.03819978293145657,0.04908720393221618,-0.013380017681134278,0.0017459597805152053,-0.0519346260486998,-0.0544020293362007,0.07328764928601998,0.05021720890342282,-0.08878313525344178,0.05984308459852261,0.028435154680398454,-0.19239143382519133,-0.07176117360979924,0.045219971367483985,-0.058627735856350054,-0.002669139615598784,0.0008252092826391713,0.08416680384232092,0.04977622804129708,-0.07483211538481598,0.019588053762749153,-0.0437831092048693,0.053439055566944345,-0.008475790432680043,-0.03982270623256081,0.04302737631254141,0.029698945829920057,-0.028011391393684252,0.042954967074986736,-0.08388123320699481,0.0014888340601523643,0.013994695627752365,0.04154566522836812,-0.022922563218708798,0.04705815351376493,-0.057584974151970586,-0.01268910289272717,-0.006769611078222343,0.033059779089538506,-0.02834952631214441,0.047710723090013465,-0.08009493821948326,0.04111581335044188,-0.08448875928780121,0.08072173673922028,0.05695266463985635,0.15183723655554365,0.04454954864958826,0.06131037139340202,0.11250366019264149,0.05462026055837238,-0.011958057513407776,0.01776700412499461,0.00807494261864331,0.06942484595439372,0.12863382269260515,-0.09600427556549386,0.1243140716628357,0.09651416220847558,-0.028497322191961483,-0.03767482983037952,0.10657429443057832,0.09427660717296867,-0.1387394086069513,-0.0023289377810120125,-0.007299165870734096,0.05639133914918335,-0.001578825150084896,0.09817424713433599,0.1193161965276521,-0.1392882659369219,-0.09616062918583682,-2.131761856491808e-05,-0.08103947699057418,-0.07731914157002572,-0.01978501994088938,-0.03375177233481274,0.10256567519294398,0.08244334407535114,-0.027963892860305272,0.009418501126577937,0.09696620600784892,-0.022614545364600776,1
190,0.058360727318310476,0.006607516876291143,0.0033220657493710426,-0.1024991175186218,-0.09756117153592735,-0.14753614598674836,-0.07139994546160242,-0.043046148751748774,-0.0030240753424534477,-0.058440580582657844,-0.019498429080556767,-0.05658397304831705,0.05950939222473352,0.045494588813308215,0.05383600870407359,-0.12628693396453453,-0.07964397515833396,0.11641132783357021,0.13954953812423515,-0.06102432586511553,0.16243042126063784,-0.06609765446007806,-0.006986069596800602,0.09569643059603093,0.061098764926926535,0.00463073634537478,-0.1711952726527961,-0.20895637881344845,-0.09081317746819959,0.12005499926485053,-0.24352830040635776,-0.04834791015087719,-0.07141720217590591,-0.23939654376871405,0.27625535292743264,0.21157860145226542,0.0388985635840297,-0.060341331447537165,0.03512176758756899,-0.10984177380907513,-0.07304742967683553,-0.03070174716869825,-0.13164128715995793,-0.04084810764173809,-0.06138800622802084,0.08256098354736491,-0.02986571787987693,0.06029657764611823,-0.11617299458382609,-0.053579808260223266,-0.06793164505542978,0.017068875782622412,-0.02561688031816879,-0.059869546698991534,-0.09551255010987574,0.038626712658485496,0.058693894854480004,-0.034366432477068984,-0.05623021659962234,0.024557552524164118,0.048312902113261356,-0.03034772990900062,-0.0005415262428420969,-0.0077342423518482915,-0.03485605063267969,-0.08332496689771002,-0.09566943234510623,-0.04819000999731862,-0.02229437805726246,-0.02645489565641022,0.008542990877730425,0.016480580395466102,-0.018666957912210114,-0.02064421846977489,-0.04531106791013409,-0.02460282595672803,0.03220590207274596,-0.005899334496176914,0.00028889904339691406,-0.013663762534405776,0.010632851220206688,0.014629282397252589,-0.02897295793953782,0.03584744370671197,-0.012521087455877131,0.018408708300852943,0.03220448291732251,-0.027229621978377347,0.0013880510896651108,0.05597571960972625,0.04661878646551957,-0.02349345768331114,0.025476838406718473,-0.0018377117660312466,-0.029451459240655713,-0.0018229668050772797,0.07008892240290573,-0.008086020023720747,-0.03128334029983595,0.0022931431316525587,2
59,-0.12112317116252816,0.23191615557164963,-0.0968706896857004,0.11720086444959275,-0.008184648464017154,0.017153971985479695,-0.005574339435788556,0.01617629016502934,-0.01579925274940393,0.02289477453119566,-0.01327888111643761,-0.02355706461205647,-0.015555810037933404,-0.012586583004356233,0.019654309610087614,0.034768246007639544,-0.010581865802760429,-0.0675015583598537,-0.0490584297995267,-0.0181052161532256,0.013302629523484162,-0.0014973997489494673,0.04261060833639934,-0.08154825480106274,0.027320371161284288,0.002156908058924705,0.005182363651787786,0.004568768463203731,-0.04245044084629033,-0.011443779336090974,-0.04847233422220315,-0.0937324618804081,-0.037437937380583944,-0.05495497907367253,-0.06330512310063954,-0.014810608220053112,0.05662279311715834,0.13666973612055075,-0.09416222238082216,-0.1407430120310024,0.19718437831469976,0.09105614132946177,0.0881246208451938,0.012035989836594159,0.021193131324177467,0.16643911269769468,0.11381609115875159,-0.17545828464728686,0.031236028378618365,0.02568254535102177,-0.08206311722640125,0.031005293881258555,0.2202876654076153,0.03562456485729999,-0.0265185336405188,0.043346927869711935,0.12420962207222212,-0.01699169548348933,-0.11287941431620757,0.04994558512468829,0.11260137157850969,-0.042155462195099566,-0.11827005019361918,0.07124621807145565,-0.09766265001314436,-0.042531681227808614,-0.2673983704622948,-0.012248877169336644,0.2111348409583482,0.26382251910467147,-0.14027708636654238,0.09309827013578277,0.06852770177436245,-0.015443661868621198,0.03466216337417821,-0.03553026096618619,-0.022155465532061405,-0.01126311402541844,0.06388730086595036,0.09406803831954123,-0.01113956892907886,0.09805416144423866,0.13719654563592598,-0.14919248511109326,-0.05233661664735475,-0.08746392783980551,0.21598112191396965,-0.037007248631502364,0.13143983736734982,-0.06447989753263351,0.0313314398699226,-0.07846823601005092,-0.006087181981626083,0.006708039512931801,0.054021012812005303,-0.05988217611504536,-0.02369856605246695,0.03797762626798477,-0.07404256434163775,-0.030686248110026963,1
45,-0.1451069999398087,0.296753071467751,-0.13309389645723566,0.16847452375416008,-0.009949909240048434,0.052360288666675636,0.010605383741506887,0.044321900633896,-0.01453656637039673,-0.06612417240333116,-0.07913527465652738,-0.03281464656408518,-0.0034386026722429985,0.018229638915439196,-0.012235522964898266,0.029368778999678484,-0.04433541223773995,0.03378509494484769,-0.033504037445208905,-0.042005011053939584,0.02101794738961443,0.17315066414079655,-0.1862309726116443,0.0024905637163865732,0.04814418241623088,-0.03765098543755416,0.059087750800893096,-0.04468395260256711,0.06233685039476628,-0.0011841030188945814,0.09524651188042355,0.20427473535900162,0.008759556334269432,0.042870315397298187,0.07860990128757728,0.09675076004730168,-0.0583664380815931,-0.035721832802433795,0.09859328497698329,0.06232435206403776,-0.03317196710405099,-0.06601299342228831,-0.09758602777729387,0.013265551552813896,-0.014974158931998967,0.050254126189847516,-0.03919385149683046,-0.030675403102866157,0.011146962449071436,-0.05093208868775997,0.048477543871397605,0.02065187374815707,0.013989425454271023,0.10562507920321719,-0.09382397852480855,-0.08541365805149187,-0.074218729653541,-0.022644129721560897,0.00306029025321027,-0.0029257593181105557,0.03887008607654921,-0.17802125419848389,-0.007787618825241141,0.12925536408857985,-0.008650778604333479,0.02041178695130479,-0.051233958665937065,-0.18238665214190375,0.015983026145816055,-0.042433545865314524,-0.006987690150648336,0.03947331146427176,-0.16522261942937325,0.18482561954849996,0.06231113799099584,0.15623810884951514,-0.06241198299349655,0.007803026028591148,0.14863531825854343,0.11451898567977746,-0.06547290509668215,0.10432712794597711,-0.10504585679852439,-0.07232273121113864,0.1610578233031664,-0.06540478521100551,0.05521188891332521,-0.15345777716073514,-0.029949161242345503,-0.12856411417807387,0.07530144086504617,-0.038316472933905506,0.06030171106438845,0.028110968803093283,0.005779489115512945,0.0022414927825930887,0.03711918229331715,0.08420835894306661,0.021484436539772337,0.04614495162647337,1
111,0.11451988638583457,0.00744004942280873,-0.1414091140732521,-0.36893372774598854,-0.08753482558312912,0.6956821247555566,-0.4361783059021467,0.05479125638752513,0.05460537453310094,0.06561278757362221,0.0020308376164387886,-0.013209144750448362,-0.009089073237278908,-0.03855639614700866,-0.002496999580281449,0.020803287999951143,0.00951949894841008,0.03494307386306326,-0.08282020375826252,0.02050416265163397,0.012159858225023539,-0.006751545047783117,-0.01777250949316809,0.04311184428335178,0.025588781725640483,-0.011686273572641709,0.00291576332056686,-0.03425153643700493,2.0546843619275436e-05,0.020532750100950355,-0.03113608661391783,-0.006247231727833846,0.026436823353769724,0.00549070672849607,-0.033651319763426814,0.013486514826354254,0.0076078125218346886,-0.00010995230681910381,0.021675958918246835,-0.004876205110356158,-0.016238149498691748,0.007613355235096642,-0.0012371869293846705,-1.294181401848954e-05,-0.009520687174187765,0.01828864899233653,-0.039359692439754096,-0.01233296627315961,0.0005281596020173333,-0.0033415768393154507,-0.018218115079917305,0.0029094879275082417,-0.01830088231213332,0.0014569890926128257,0.005361751010877707,-0.02003916341348734,0.00247871655673039,0.004082003309530852,-0.0060043543548897954,0.004339510926543891,0.015596522873604014,0.004626449509642975,0.0029253029901036708,-0.007513260244732414,-0.019493324442784992,-0.015835704724910724,-0.006956259849904872,-0.007947463313262633,-0.0010141626314924823,0.012148671839628615,-0.008093188327963994,-0.0056985230792605075,0.0013653454706039087,0.0118154794901857,0.011163313797411534,-0.006075222815952786,-0.010637707428361844,0.0006988552458556715,-0.009067883355394801,-0.0007102806112845384,0.013859858644470868,-0.01166494728827909,0.0016275965944918607,-0.007655190329472373,-0.004652571648413421,0.00534004076397015,-0.004738407882402045,0.002959010783345664,0.008618958098467341,-0.012381457764910838,0.011527755987546445,0.005090740900335226,0.0029406292465588265,-0.009833435740379337,0.009398487518449043,0.011286129530798576,-0.008766267239771213,-0.005188527071616834,0.0026077223761116833,-0.02242346387628169,2
82,0.04722208157401835,-0.006739667486002733,0.09526197902769133,-0.06729780914671998,-0.01866042345282625,-0.07849439432027436,-0.06982486898387291,-0.31962283405823416,-0.030439474016535732,-0.1084927686918094,-0.03949908150804468,0.36570524865974546,-0.1498207350988084,0.00889796645545298,-0.01681710757954059,0.06629852220623175,0.06651664044619807,0.11234246685924511,-0.1847860259568036,-0.4398360453901543,0.08304045447250027,-0.04971259872016568,-0.02492472295366426,-0.03145277011120924,-0.04099179083476147,-0.2269488541834421,0.1715330280588035,-0.004084585450407073,0.06109889487271856,-0.03602647619294016,0.05078056694544616,-0.1100837234760902,0.005631075448701093,-0.06122151296052236,-0.07573487751160764,-0.03633368599520211,0.09000902695196124,-0.024818805419896894,0.06820233381420218,0.02884048236008908,0.06031155916023695,-0.006460139411330366,-0.10863799246331315,-0.039604255070871786,-0.027017100103150886,0.02600662146285733,0.05473564701717442,0.04982497018686375,0.03890478672614435,0.008084831372529279,0.02914527374585739,-0.07567807813028123,-0.04663030525354765,-0.023626787539296236,0.050828010959465236,-0.030956935893982716,-0.018762152485557272,-0.02167435456608517,-0.06907453667335839,0.1667505397601423,0.00936168282960656,0.003737231532266673,-0.06896034399205728,-0.025129542294175265,-0.03029775668735877,-0.0899822852339924,0.04983918855191746,-0.03753224705253437,-0.0007558435109356696,-0.0008403636887133559,0.02415146022730938,-0.0428612069450897,-0.006911387343388251,0.048334874828555294,0.002345731484217252,-0.0261779000972818,0.02515893636504449,-0.018259928161065725,0.014779561676820645,-0.02829474886861033,-0.0095236878107038,0.024761591368775735,-0.004191452983534501,0.012505249719227774,-0.014445035203961698,0.02093247670958406,0.014137909313735942,-0.020188395472117447,-0.01723208254012571,0.0040187301479609125,-0.016610243647899096,-0.017432531157743986,0.02494565128777813,-0.020216087490442455,-0.010705909363240075,-0.004678177317995998,0.02336627748118047,0.008169092921457267,0.024476686714279102,-0.005749457012986589,1
97,0.0052612585619721,0.022812175615834027,0.0923072617475863,-0.06563553746022094,-0.02612141124359595,-0.029718894734474824,-0.05865317811879037,-0.16583544528790486,0.026941521209334376,0.0406106818764669,-0.03750515889592243,0.12850098243899674,-0.021984769910306807,-0.05345986410082439,0.09677677868272525,0.014345633538572218,0.006864862165354375,-0.09166205240401609,0.0013629289650361066,0.10775932975184696,-0.06936823648921198,-0.05729261866010643,0.06533591323635529,-0.2248883735429222,-0.14509941213220126,0.11354201150329624,-0.20207887546724454,0.15494102857330513,0.0076966378086497,-0.16358852071693153,0.13294275517942616,0.18938677239517143,-0.10104989291579537,-0.04578525343342119,0.23687934590801243,0.10334183909519602,0.06313343842160773,0.027606879039869872,-0.12341087220577927,0.07263452816476342,0.047391580768562064,0.07015707840873062,-0.04292617506571818,-0.040306601241274796,-0.03009202880413591,-0.0478892696385656,-0.03616548203386208,-0.029639056843896876,0.02649944928799024,0.0853879484731181,-0.0835625005211261,-0.039903901135758035,-0.030449970396004014,-0.13739004973358115,0.005591798930540495,0.05530634700639823,-0.038873586637526235,0.03752452748813032,-0.04341372615788337,0.08658757249427446,0.022747272549318426,-0.11242125615938921,0.007828492376047349,0.07918509443910225,0.09453377069555109,0.08004738709901837,0.10652967320736025,-0.010971795775947514,0.024476955578225615,-0.06420960963790968,-0.05442294273731802,-0.09829968591755732,0.05125146268250806,0.1141025973941298,-0.0014791350653866196,-0.15298980932148082,-0.04152887950829309,-0.05027262638472942,0.028101985499043622,-0.031209928560530502,-0.0003866015783099993,0.1191555107450762,0.05860841661038759,-0.053270714089337604,0.11365625777126578,0.01984021347657011,-0.05771894734926696,0.01914132964795331,0.12984427315149208,-0.06897806156863096,0.002093273123311896,0.09125402407661154,0.006981743419491761,-0.04549993233640483,0.09518594206179615,0.09739426621505477,-0.07280131181379217,-0.12242151767165074,-0.11486222315923143,0.13206408053880503,1
49,0.03787879496428856,0.025710115771617487,0.19528265886373142,0.04171333618016658,-0.03134703759254486,0.00642246349882395,-0.016766598674587335,-0.04565113703310931,0.05795370660746861,-0.04993988658011008,-0.05346017384714929,0.13694311709001017,-0.03659564360678489,-0.04210405550060378,-0.11430896438612431,0.04165622001264313,-0.07513558693219259,-0.017196705934021055,-0.01457098925006925,-0.04034094172194371,0.02784760032518606,0.005996176571210138,-0.05198991371298775,0.063396052853261,0.012775373006109777,0.02749007844379122,0.07594649551718077,0.053465752819358184,-0.0019392902418776741,0.10037241567829269,-0.06993209915135598,0.02489805846299808,-0.06628652243727451,0.0722165021483265,0.05022788885987077,-0.09308573218919211,-0.12664901054785188,0.036013336862431224,-0.003488602889663666,-0.05306013488606221,-0.030803464660345378,0.06615044655727054,0.14781227793639837,0.00802802393986049,-0.01539454602501078,-0.10297029562499102,-0.011966202130629787,-0.028179675281276483,-0.06969906655420342,-0.028710012753327064,-0.12500213464833487,0.04966511889554822,-0.0781256169150488,0.15231143914678513,-0.053268334827109194,0.08341527162560426,-0.04038780307796435,0.17388273079105432,-0.04593539362707925,-0.19175575220298505,0.12180540701405375,0.11656393656403685,-0.0905149288323003,-0.07604876106944801,0.05457759601335838,-0.031899543869448314,-0.15066176692104427,0.10117049000615766,0.06240019355032394,-0.09468479983702324,0.08454088873228194,-0.06962264637225207,0.05746673152938868,0.08759000726688691,-0.24301305728273323,-0.10647562717005328,-0.17856031968301184,-0.20966541646932135,-0.1416661625676631,-0.04079959758458694,-0.012010228790681695,0.07554448940441477,-0.02479916619305314,0.042998594375687954,0.09349729531711085,0.22298741281426634,0.02074680605056794,-0.2069698022246916,0.014204143107450426,-0.008541881666349511,0.04154553231196429,-0.04694000833145931,0.12763979576944956,-0.05259553105462836,0.12444558610183555,-0.07843398464038095,-0.058335591529873616,0.0009103403131768639,-0.03577445571845766,-0.11884788835894278,1
145,0.10050103608302449,-0.031137562041796154,-0.042599940219242356,-0.00827135496264505,-0.00757060020489328,-0.07174976184194813,-0.05421642183461167,-0.09443473645382598,-0.026257842318469202,-0.01648826892674188,-0.03002242931281276,-0.051822093130751,0.03982327431869348,0.0167070275713811,0.039588590106808645,-0.07883074648165728,0.011642583106888784,0.08989733329136051,0.08446120954191412,0.04696189540583685,-0.0006527782754540207,0.052386436801665125,-0.049508829375352066,0.08038076336658244,-0.04584757668720078,-0.07607739674188638,-0.03050440049398396,-0.17024357245770433,0.04145420437881937,-0.073318330594098,-0.030428240940942923,0.005669796543556133,-0.0665361349879335,0.11663040518956388,-0.0456400691752128,0.001809004556143563,-0.060562547399453395,-0.12068078115572771,-0.1683389035183387,0.17909562055763284,0.2695105499481511,0.020182545231070916,-0.17390567924498868,0.13242843019882114,0.132298459428803,-0.09543603082057672,-0.05726397669975007,-0.005482366460819961,0.15851369610678995,-0.06954067781516188,0.09046441863639469,0.15552496548553538,-0.036099178168555374,-0.05995503777138521,-0.029704390083543527,-0.15851208305548672,0.14190585058086286,0.09824865197631467,0.13107619524891717,-0.030808496214428962,0.16758833141628945,0.06772123954180875,-0.07575768457888979,-0.25475363687064007,0.1974060641206482,-0.10828815998082217,-0.19154500558760487,-0.07275616363086693,-0.006425870551834297,-0.20103506689023154,-0.13777156887947692,-0.142288897768204,0.0608991318431248,0.05778832548811003,0.01015566432890659,0.09853300081704858,-0.09379245845172307,0.05030450890472498,0.028915720717372476,0.15204556240838552,-0.12528961895439455,0.021517824095172704,0.1291736336778078,-0.018177431845672835,-0.10212141409659989,-0.040780243273046766,-0.059412293898841236,0.03443255577033061,-0.026441461477290013,-0.035455230346476754,0.011929209069135116,-0.017086355856848402,-0.009819187830222903,-0.02228466037069174,-0.032088382750778265,0.020335010706563884,0.014383811585702046,0.022553724238747224,-0.00786725568628355,0.00542305153690603,2
180,0.05308312818852678,0.01899388076832055,-0.04953226013876081,-0.1241689544765319,-0.03500112077707997,-0.15209590759165942,0.06286730622335707,-0.05821612366324629,0.13739600724250675,0.4406446670548773,-0.31179533304627577,-0.25567211071301477,0.010516808873291017,0.0876292340736126,-0.15584923093816422,0.028144279033056278,-0.20120313135119036,0.23812509561770792,-0.29617291849667193,-0.07966291745076429,-0.1976854195389034,-0.12170271740660014,0.06176059550695171,-0.031333612750607025,-0.11130580739833816,0.10172010438462911,0.08117246783616704,-0.03782340648382882,-0.008933846378402733,0.004794012938276206,-0.06082086722591774,0.023514895630070986,0.06534204592833097,-0.007102535734802327,0.03014247496588507,0.051451612894765936,-0.0022140997462080677,-0.007182375167641505,-0.0073067122989500894,0.021804212089461993,-0.11204864507193799,-0.011323848838071124,0.03549854326832078,-0.05018126282543077,0.04525056631910295,0.028748284089572147,0.07264360422354875,-0.012249335918783359,-0.030904577221400754,0.037779693007793526,0.04913038514071101,0.006309723604390747,0.024227219326390395,-0.04423117836101585,0.0427761564689141,-0.04147761501012409,0.04274281730971745,0.07768641500235711,0.005060872521776756,-0.0057893218234599305,0.006561348315596761,-0.02622698099802815,0.006609184465986992,-0.02000654765477002,0.009063530832884015,0.01204017875316598,0.003914883397499405,-0.0010213745742756262,2.3806166317293886e-05,-0.0088931009086035,-0.006062647945816879,0.018658820878247072,-0.0002212764744893523,-0.020191607659790566,-0.031130588637968182,0.02416866103241035,-0.0011934958326925266,-0.017517217649930028,0.005235853064702786,0.015147842971715047,-0.01624020266837129,0.010206976719142355,-0.012264249291982618,-0.013583546703887405,-0.028853754347366943,-0.005462621327312252,0.012127730017218516,-0.018638789945194908,-0.017200974458642514,-0.008651954339747202,0.003016500041819801,0.005344204062523426,-0.007870177636906778,0.016389418313634142,-0.006823101869592744,0.011799938222656358,-0.01355758661794517,0.01008370245514253,-0.00802899513850824,-0.010170547266009279,2
29,-0.1376464519533113,0.15224941820523308,-0.08814806396326443,0.048701043821635086,0.04331382413586335,-0.025309600996733368,0.029733507112354535,-0.028792531232454455,-0.03654156066149301,0.3874318883295915,0.5291181981552175,0.09022838743166135,0.060630714802652516,-0.07904723057449374,-0.08353142197121491,-0.05337259317450398,0.025746032024915027,0.04610623553553789,0.03789449318048127,-0.029737924183849674,-0.009026386234554092,-0.054263350472027766,-0.08916033196045924,0.11332197994324418,-0.008600801734056647,-0.06545686818899812,0.07657270598605508,0.058858148171816144,-0.15048539824256774,-0.008825133263370057,0.07918241065178036,0.017451230819443424,0.005851749980225911,0.007443423765121857,0.04577815750906064,0.06037504622246065,-0.04287909930731497,0.05095197749807869,-0.028910919219544185,-0.007275854505229459,-0.03955513071454326,0.006522849422991088,0.00562724394034725,-0.007258185082591033,0.00025948993076654295,0.015657549534829947,0.020024678184230368,-0.042738049344081944,-0.002694889319460137,-0.05190777397664806,-0.0016874721706425348,0.006809535545856679,0.030746818751491364,-0.04595376761470188,-0.033788152848350204,-0.060821580393650085,-0.012320848134328042,0.021338311468230023,0.013357165922514324,0.009966456716653162,0.030314864166374043,-0.03382685568487163,-0.019983574079257337,-0.06897179958222024,0.012507958876263912,-0.03466028022662674,-0.003935708139776283,-0.012835936994957404,0.02888297657181652,-0.012086608152002899,0.008393420644655689,-0.0227735491168098,-0.013866032100301472,0.01973800682707322,-0.043583099927654974,0.010296742720687634,0.027008650450071798,0.031232167905259296,-0.061303080658291174,-0.035793064403999805,0.03360078757123768,0.019993108264293378,0.0431906686231805,-0.02992676064989909,-0.008156873669709337,-0.027015967816892073,-0.06641049557117236,0.03682536429123931,0.04530502559712021,0.0008977845033976747,0.044340852623325176,0.024438800199762634,0.023800883383980117,0.024054149776306728,-0.03607323139806247,-0.07138061917201201,-0.005635400312716557,-0.050710941795454344,-0.07781279716223573,-0.02692597965837649,1
51,-0.008090508919913666,0.020834194914492198,0.4003112947000982,0.16453558068745225,0.006297331707183546,0.08376473484509764,0.016893238090945343,0.11885083777031354,0.019284988985154138,0.03533708816780824,0.02783569571988075,-0.0702194009570913,0.005092312716522126,-0.04208464122138437,-0.09922511214502523,0.05052550057385535,-0.04615684384096608,-0.0043635022196576905,-0.046404727965357474,0.023256553743014854,0.1713862081403478,0.008852332386763287,0.19006891036363402,0.08012709633445797,0.0027082909321557275,-0.024507320662518393,-0.03812112860828448,0.02651779429530299,-0.009452373593895244,0.01749022733590502,0.04023276334052046,0.013792926606174448,-0.01645616789778544,0.04318340040267363,-0.02259868244924369,0.0065817096064803415,0.06473808712688606,0.04165299118302342,0.04974480769772146,0.03561518154804195,0.029028124988998233,0.06749812532156553,-0.07911739242419175,0.050586207824128294,-0.006894946437121079,0.05754878239920113,-0.013277914082290579,-0.016754064187815384,-0.05534601578219891,-0.023133685292461275,0.018497364609973466,-0.04378347721567631,-0.017177727864755025,-0.02093012166789183,-0.007257065359234716,0.02337680621568837,-0.0029063319911376,0.05524374176545543,0.011419829823539087,-0.0072371787268737725,0.010125898070765605,0.03474437700596824,0.13619793814698425,-0.04978255720226255,0.027744585660373362,0.015040638858193603,0.022897688667824184,0.04443378881463034,0.05414244028893094,0.0077523537577638855,-0.10311432346665628,-0.0051904690787277176,0.02448054776758126,0.12360398875602555,0.00012140376448609145,0.006362434161841018,0.13925134092246144,-0.045228430814302015,0.05439474278794955,0.03816975910172461,-0.018882784945826073,0.01799706746452793,0.04392705379273968,-0.00505203269771666,0.016387172840630862,-0.12518412145789018,0.014002507934520143,-0.01686092553514061,-0.028850301041337213,0.13023493226327204,-0.007449624854062883,0.04751548651722403,0.020268591982981216,0.00561321375854202,-0.008325900888284431,0.00035804257393509404,0.10435282721002204,0.058716393962208756,-0.16966248744392476,0.10484982395646521,1
41,-0.11703639227490205,0.1282563410740197,-0.11686637361724476,0.009101244713653613,0.09608406714155737,-0.013904388411482208,0.018633133357831583,-0.04106501575431486,-0.04071232766957753,0.18673451789336482,0.31603304478694144,0.06524800960720398,0.03127687149302603,-0.0016408771029167437,-0.026220752524696547,0.01315655521656141,0.04643429548316005,0.02519162063580986,0.009049167977777836,-0.06327249145211682,0.00221564355952264,0.007561796360019918,0.07389390505781468,-0.038258024345933284,-0.007368999828562567,0.19011984390224587,-0.03156341270204105,-0.013148972967498554,0.5705765252663964,0.21393438177634924,-0.1794004359007672,0.05507298054587049,0.01004611249637146,-0.07819124387455668,0.020091351573277558,-0.062329020001878385,-0.00032024968906778714,-0.08318271321931757,0.03146355003636205,0.06858971491183019,0.03529909255169294,0.07085406525867577,-0.03256984267029843,-0.028136237789691522,0.004928870347216511,-0.05944419440868149,-0.05681132095132689,0.05683856420140375,-0.013298887853350982,-0.014190439440002941,0.00999590098618521,0.03222792451924675,-0.018703633952537012,-0.006357050083443416,-0.024945554889470836,0.04521788848213503,0.027670915744839465,-0.03595053423531959,0.0031545161202774655,0.03131311281869158,-0.034224293971477505,0.020156818516115768,0.014590932975035248,0.011091526307009445,-0.000977650892262526,0.04972246829895777,0.0617886148197294,0.03440582088900469,0.03062012024084122,0.03521700158312062,-0.0012420440928913037,0.050411272851984684,0.025370526022967917,-0.06256166174498172,0.030795177957338302,0.010056914836681334,0.01827791362208105,-0.033054928437029486,0.05506066486759734,0.04149022349748527,-0.012144675415477492,0.01276202936760052,0.04986755806665963,0.04782249047448956,0.028513325549192076,0.018184328940566902,-0.015329882335355881,-0.04185047407239969,-0.01105105001642367,-0.009387676076460676,-0.03698338274800141,-0.06548962591611543,0.01809524073797292,-0.02520964515956611,0.031827683221198326,0.07981428045742742,-0.051036560168824255,0.047438054736090925,-0.008360473208196127,-0.04456166584946418,1
33,-0.3833318599556055,-0.3577129839272022,-0.08405781212719281,0.055555247756624015,-0.19702379381480176,0.04854889132262604,0.045846675228529074,-0.0028726664222270834,-0.0067353099026911875,0.004129511740599529,-0.0256205860365362,0.026077892237421373,-0.01196655589078099,-0.010037961002937426,0.005521955179805233,0.017357071413894802,0.0014064609503974196,0.03654012903257843,0.04474395977478406,0.01237536807123237,-0.05300167505423429,-0.04575841684054177,-0.05603607420781533,0.03111302684215171,-0.04752633535940384,0.0003099931220819009,-0.034829316045032026,0.04797199543156265,-0.12076700322430067,0.10213873206513195,-0.00398846847826927,0.10517889542206903,0.10112787562017639,-0.03225611504614161,0.07937577563240411,-0.17721109502064727,0.14481614051103617,-0.20882868714303826,0.028511744977604194,0.07843267108053839,0.08120712446442367,0.14289899768248057,-0.04107104415973788,0.02050831493644166,-0.021252535178544005,0.048946619955473725,-0.013366622554069384,-0.048312784951481204,-0.03560160069728407,0.027163205869383648,0.012017910351312803,-0.05029818655062483,0.00622784898422438,0.05431707773893738,0.04084954609169449,0.008744126026169684,0.06479769416828109,0.035985798747616565,0.04132020996866733,0.003144919581788957,0.004313894048726727,0.002322295530750131,0.03496756234977191,0.017482704162276173,0.060448854024563556,0.03876068441281582,0.014429712825550223,-0.0324419578460483,-0.008173074937939022,0.03774099296585223,-0.0019601424291572516,0.05283520859413804,-0.013095559275930238,0.04237996576342272,0.01311820215978809,-0.12342575644835774,0.029044688065506218,0.020408539558106016,-0.06866210975611022,0.04995780971208705,-0.00497387799653447,0.04635855629932245,-0.0076464329238301165,0.11564848461364331,0.033140016896193655,-0.07308684753630112,0.025211470619000736,-0.0275457782885948,-0.047397835553423015,0.009933085325686208,0.13111170373027375,0.004381933135295446,0.08676963577286781,-0.004564878113862236,-0.05613206161314622,-0.07406488173023919,-0.05611360855678173,-0.010984419892503906,-0.01880803633038232,0.09134032122567806,1
178,0.12594491550705728,-0.020700518307249647,-0.0581614701278191,0.0681282015887631,-0.017639926682405372,-0.0012955969687872787,0.16642354349368677,0.13509864141310057,0.2182877426909131,-0.046549616261667,0.02927826450727891,0.13956248943675387,-0.02647869552607812,-0.07181083980593969,0.02353859794429061,-0.04463532105537851,-0.04197255231452431,0.05160025582241491,-0.1345252331413055,0.017920835206537818,0.03592079354066764,0.10810243649490196,-0.0720469011213523,0.06062355809916123,-0.015791086954568104,0.11386745068887713,-0.016192434096441416,0.059732947586726454,-0.054843938876051934,-0.011343056559078666,0.04975936363587969,-0.1132396528488784,0.10161541502190868,-0.06708692128994663,-0.056470206802226856,-0.045351897425045126,0.04186684716471887,0.07592151362631236,-0.028743629265477404,-0.028825893341321907,-0.09881130056690862,0.06808231265365361,-0.18421628710528404,-0.12862798119931382,0.03369047836172418,-0.09145499901381553,-0.15564845683643205,-0.021738704641861947,0.013162778953919159,0.03642224388829869,0.07103824583960383,-0.02150736512911351,-0.02097403219919852,-0.06483278065636214,-0.018306478282943375,0.036333888793496104,-0.06756716611154774,0.01091221114428602,0.06920658155301251,-0.10256748500501989,0.03710804574628462,0.014030673014440099,-0.10978981424760613,-0.08025246085919296,-0.13230540126108964,0.12795788948553358,0.07127822784877402,0.14723673576584131,0.0339268373341091,0.07573651590344331,-0.08168283704578483,-0.0387535543162112,0.004130798734261159,0.026422099367231083,-0.05210934649185579,0.07259687226465289,0.12489214901816123,0.06798052538637386,-0.0978735764895883,-0.04114557143898255,-0.011121345305031284,0.13410729490224027,0.04807744748386679,-0.03742595368667391,-0.06418170781253284,-0.0981537241039949,0.037195208171203885,0.10701453832184535,-0.14601220787238792,-0.11688561775888534,0.13800075826749686,-0.014793908197911949,-0.13121428306180383,0.026721202093691023,0.002158943040114298,-0.12816088299100453,-0.07718164800698109,-0.06002428415875905,0.049403671606873555,-0.10146430275253318,2
25,0.025336114529026486,0.055550377651231615,0.0747030596036584,-0.08938998602416576,-0.08118232535769747,-0.1326479472152743,-0.0689710776276355,-0.23958162394441992,0.06381202159638855,0.022964418554035006,-0.08453734991884716,0.13813168539490445,-0.034133475695468415,-0.12382423840491637,-0.01418610552492436,-0.05537463053438918,-0.11635244970397629,-0.1187109739624092,0.03851758969056051,0.3892205344175398,-0.04744134750728684,-0.024693607036180114,-0.08896265098964641,0.0012451173018370207,0.04713674884858447,-0.022253133476223357,0.0673456525605496,0.061660517446058674,0.08759406377117548,-0.1279822873683704,-0.08947076418368403,-0.02646795268267521,0.0322237836352799,0.016408053919294112,0.007031663917453829,-0.0004333112477103021,0.0688565948044654,-0.02752401208716205,0.0629046252018264,0.06646367214108562,-0.008214612656016529,-0.07125768289849659,-0.07235200564945653,0.00923309794601571,0.02123317234063969,0.08899434129142522,-0.004073317266520549,0.06216680302447346,0.048938470606769056,-0.11639452828434177,0.0444734783438939,0.03724345954808433,-0.11572187565458981,-0.03998582749065988,0.04916256873221635,-0.04931644888020495,-0.016655434565417723,0.050958097207481026,-0.1404681892205836,-0.07028518824213964,0.010341301261836782,-0.036976015523994835,0.03791493390584702,-0.015359068130947633,-0.012667247661067959,-0.053672054733305996,0.002283089955905628,-0.012152800046129519,-0.029570244276642246,0.035172870988232234,0.002521269473425426,0.0583804326017093,-0.02979826230818643,0.0406739037735467,0.0642526825668406,-0.008892129665256782,0.08466642263043107,0.016603694194763024,0.012514629516619769,-0.1010932950745632,0.041281225887041556,-0.05617595437464988,0.09403678491072973,-0.12289743995435036,-0.015777028513459017,-0.05397429492719663,-0.05985716009556691,-0.07943063071631255,0.01982107816476162,0.10571045177618416,-0.04848231021009802,-0.0002718426593708044,0.04251577493508066,0.12915489743540304,-0.04047193746421961,-0.026724142941823882,-0.10621658521379537,0.01125018697626362,0.10192373280003096,-0.03111663172068296,1
163,0.0701798739564806,0.03080539337674337,-0.005172180657087553,-0.051881242746050174,-0.03410792312398611,0.05512337991376765,0.037010469126666376,0.08149810899649848,-0.008549989019567578,-0.03942362299254582,-0.019257570601322452,0.030731772748677864,-0.004303604619643874,0.02594650166638959,-0.11933568863033421,-0.06296822518836293,-0.0542713516614466,-0.029579270764524622,0.06060926070554099,-0.013976394731054673,-0.10714576844537627,0.1832077482518298,-0.009652426730059034,-0.07745557154006932,0.033863979900171495,0.037683356569504556,0.02599000664360881,0.051983014636033484,-0.0266463744384298,-0.006602652296600474,0.03750187149119886,-0.1526089570223116,-0.19254352983579265,-0.11545938233771909,0.01098591352011965,-0.17032374517335072,0.0642341478946056,-0.028052836122811863,-0.08509507069046054,0.05095857631042592,-0.13763218177274608,-0.15955089911212686,-0.03490333629410691,0.03589119295455792,-0.16108662223054737,-0.13281430960085874,-0.11901202554963909,0.03721815004627718,-0.15470455147664117,0.04254738412597264,0.006907812415432199,-0.03251266223894839,0.0830547803366471,-0.02565646251759796,-0.08847515783036058,-0.10386371074528834,0.04501198247971694,0.21835036860750795,0.23671890370628298,0.0904895845287818,-0.09140834324120345,0.04114930924435075,0.016683459575097443,0.0879397715456083,0.10447905148288786,-0.28354118907693665,-0.02027129296273665,-0.0013655344949009911,-0.2026525373432977,0.045271494210511354,-0.035267705980669466,0.11114158202415463,0.24500553487534787,-0.04830345483252896,-0.03178719884807072,-0.062265588393146325,0.005273294266407978,0.010522616041314234,0.13587680452623013,-0.0022048803476019153,0.05021843517740535,0.15929594663225163,-0.024472674631799474,-0.09127247707141961,0.12965509260291908,-0.08862742790352389,0.06811426672019084,0.11269010989470328,-0.09588909072946614,0.012323903915787816,-0.028662962546536472,-0.11721268776359027,0.03015226776655928,0.007261058138196179,0.03971493678311045,0.01983956041343397,-0.06048929131702423,0.034092533876561054,-0.011528983318417296,-0.09305689364068426,2
73,0.039401590239737584,0.027721860072723155,0.1567383627995484,-0.02739147320391452,-0.08746425585076183,-0.08369837532069324,-0.10467630922051482,-0.2733032726682478,0.038790969234438366,-0.051516147540754835,-0.07365198435153135,0.253207210586641,-0.1024314517658294,-0.12090145189759952,-0.051887434201097045,-0.014238024917487973,-0.066323521150647,-0.0801932396232171,-0.002194326031402859,0.20564349198517756,-0.029745895961526984,-0.06628327543520059,-0.09165246202079523,0.043664638974761374,0.059432547237981616,0.03585326431290348,0.08417568881670914,-0.011695849955976868,0.012515461611509177,0.023173807810074335,-0.10927191423698242,-0.009753752064725736,0.07384037549616307,-0.03554743334868144,0.009121967706862667,-0.019156163265711373,-0.041027360961727787,-0.0019326786735499259,0.01728756008833918,-0.02913689171795438,-0.10801751683075207,0.037245432684542265,0.09822937061499969,-0.0011387785099016077,-0.03653110319882199,-0.067240439514058,0.014655281033810764,0.020605691014986265,-0.02452385907976155,-0.021882381789474332,0.006205776550705713,0.046967769023226136,-0.009318109222276636,0.0633962829103586,-0.08663374773714334,0.009337988131131398,-0.035771648988675575,0.012230593030600067,-0.034419616289888426,-0.15707747805294311,0.04106687681162052,0.03167254256928629,0.03103335253246148,0.03978924188318391,-0.02826737848222455,-0.04848693471637616,-0.0179243142258544,-0.002994585006259969,-0.012317957317110342,0.015424118115762291,-0.03176598284534361,-0.04458503797371634,0.03018696285262715,0.06993312331291808,-0.12553619163359092,0.08040877707904882,-0.02385924932454302,-0.021583813758804322,-0.06582633728920323,0.04539294001523653,-0.05553204113489637,0.08678865097976572,-0.006542485233120516,0.012767518096547293,-0.06370472848333134,0.03433816340800666,0.05198312800557146,0.07636207590720331,-0.07015351881367644,0.07799100294015465,0.08859712293977594,-0.12325280455647317,-0.0841350627907609,0.13730793380460504,0.036538312806401324,0.13348313021952835,-0.002356362225998388,-0.09050794726489424,0.07626457789221769,0.31094062466325556,1
89,-0.22118422164825788,-0.13339707547328894,-0.08665825845862961,-0.07128560964760154,0.4258406988961063,-0.09303341813340206,-0.13535419075042732,0.09701647000643326,0.07934275412579463,-0.05604673590675886,-0.03482798451773262,-0.0022915478397252265,-0.009554485694003408,-0.019883851919903085,-0.033185783860376336,0.00936250482050146,0.00596847079787637,-0.0286322109895619,0.024245093431267347,-0.014565068659460315,-0.0177662906793612,-0.006978411064439817,0.011125279314010087,-0.00695654868686388,-0.0013034960110199084,-0.029169806277924308,-0.005760881491595472,0.01605338867029072,0.06661879628853541,-0.004210287531356919,-0.018707416930526122,-0.27396610887947775,0.0017235616506673195,0.4216845459932316,0.25234169949184854,0.08633668951185426,0.0985121191024246,-0.029608516761722336,0.05178992975587504,0.007110560584083645,-0.033225456810263884,0.10125636608489029,0.042599421922768485,-0.018050213529723656,-0.09522934468890927,-0.02827496611426529,-0.028964456217466863,-0.024086572268300126,-0.03907203285307398,-0.0101048964244418,0.05057293427192198,-0.038078665173811754,0.0839043516255908,0.0065507113674674634,-0.0011495766669623153,-0.006531823018544932,0.009310629984385102,0.009041501979409085,0.002753358570450575,0.05016878598289698,0.025233018819671847,-0.01208413905122464,-0.015336481857102624,-0.03182467420812502,-0.02459685384566355,-0.03573769462966602,0.042549257386781524,0.03849247650073363,-0.024413375369565355,0.0007153983964799311,0.010019758463333634,-0.008809359231324613,-0.03367896015525579,-0.0037780576075400704,0.0032625532012819807,0.016524533040739628,0.030510897170718795,-0.0031922683541838258,-0.021893555580791008,0.004866998838592558,-0.00030053492942431624,-0.012180481124907936,0.006090180983756063,-0.05266481345484479,0.03610491369085894,0.009605692461441533,-0.028805174519193195,-0.02075415241046564,0.002804043056528156,0.008024151702733262,0.023558452058290248,0.019159293915328945,0.0039992604382519305,-0.001879197701222449,0.01203583040831178,0.031286038260250074,-0.010979230760647418,-0.032654580598728965,-0.07849520818647408,-0.017288946026120387,1
37,-0.13852242684687807,0.16001912791516756,-0.10676052151267793,0.06137765713439967,0.06129893000818944,0.001434900206844539,0.012508531705617464,-0.010988335381893585,-0.00045014061441874903,0.1277604775654709,0.21769817473948133,0.044376482174717985,0.01624383132897604,-0.016302884804714448,-0.04914234473267278,0.016115449653653646,0.009340593398718232,-0.004045985081214397,-0.00531877280243012,-0.042936738684628425,0.01927264834382678,0.08696420964815418,0.09606295332414407,-0.10377043410113847,0.014798907300201496,0.15280526685021667,-0.034730617265224785,-0.0760316066926022,0.5502237692168623,0.19587645569807227,-0.17673835224639217,0.05581119358609962,0.03936553266443712,-0.11401089779143352,0.011939973353829347,-0.1198487283581765,-0.011961390372930092,-0.06425978075651871,0.0018589554890287437,0.1270326002692316,0.00361530471996953,0.011450474943743178,-0.041618095635584516,-0.03357006921383987,-0.012165541547788478,-0.016416854142820562,-0.009719288563125844,0.010210677567752438,0.020080603170535866,-0.0001349763817055644,0.029699731172966863,-0.025099238345064216,0.006843474619651945,0.06856886870812097,-0.034186713952822745,-0.004760114313329229,-0.05489897556811377,-0.06310119377186273,0.005275291076462639,-0.03668337983496026,-0.01802781372876949,-0.01672025273508586,0.012741553722145185,-0.023132005564630034,-0.058546257539143456,0.026565146858391078,0.023346303234516308,0.015319442237760281,-0.02050343460035731,0.009559105469049284,0.021900253266606842,-0.05913571024908204,0.061066771019535594,-0.008655757925853219,0.036653390385029856,0.026836008973159027,-0.07644237816979271,-0.002122650622412442,-0.023389251550960038,0.01477385858866784,-0.007897301834488474,0.005556328303355958,-0.00480112504610567,-0.03348830011690534,-0.01600832628064135,-0.04155342994318866,-0.0011190732123378974,0.00347394577588878,0.026326774761334343,0.022252354914668114,0.061812189772493656,0.048539805296636776,-0.019150620098402765,0.016440212613349128,-0.02382258130865821,-0.07879721208386525,0.016437379949779164,-0.025815177331932167,-0.04825044670424923,0.01782347263740855,1
126,0.402514980528529,-0.2631324434299649,-0.17669426861942722,0.41672390728587183,0.10554824429088303,0.04752427048515819,-0.15840104170403563,-0.09401441307591854,-0.2328166417444767,0.05375027557027305,-0.03173356457720712,0.016521113251897587,0.05455232424730518,0.05690482892155497,0.004198554190926671,-0.0017184482786507477,0.014011259020384558,0.014493013863241576,0.06288995151976633,-0.009016702377026644,-0.016260533467194846,-0.027083658657522876,-0.0038624832650887265,-0.0843582756937615,0.04969011232826792,-0.08582776855090106,0.014053371009616565,-0.1048165726886128,0.04174926391947322,-0.053605533739397485,0.06675966585067734,-0.001490617349715019,-0.05907000233358526,0.019914029561735106,-0.059008270530090556,0.02668512145982501,0.0020573363156804435,-0.092638655602713,-0.07941609651138598,0.00456105341876259,-0.031910398206034175,0.0826022769356653,-0.001305831556997323,-0.10934907443429892,0.06388928778167638,0.04012004396259875,-0.06799157471051946,0.001739064456812593,0.07855022397944025,-0.026939733468621288,0.04840357983859454,-0.0572509731221667,0.008971458443716841,-0.05240182960330918,0.01400397093594963,0.03889653720900171,0.050195358326916184,0.06309122850229547,-0.010289860309992427,-0.018966173625204186,-0.04330453797746784,-0.03721983177755098,-0.025121927576102127,0.007208354675186338,-0.040706249966434294,0.07410098076039746,-0.040988958458304525,0.07545693284040553,0.0376098348287612,-0.044438331684655594,-0.024498408610255894,0.05835847116805342,0.02659265185880343,-0.012146598053473815,-0.0023093169756295048,-0.010378201835835215,0.024822475948828644,-0.055528855229119094,0.005581253917756469,-0.006263310706905699,0.03550329615749371,-0.005931163336095002,-0.04089350366112736,0.00415077541752742,0.03757804301631162,0.02202631161493902,0.0017485800907748087,0.017680058461102936,-0.006079730243120837,0.045472107806084745,-0.012506807218351254,0.009851049804455413,0.05557898025644927,0.029652491046328257,-0.017171000069726418,-0.012182653551437229,0.017986226659801118,-0.0037943383294658526,0.0014973678860943284,-0.0011062968793531702,2
166,0.06706837744768239,0.009140629208397382,-0.008394767892719453,-0.06327405624439814,-0.060163045715114626,-0.053284724262619355,0.016025657565358307,-0.10510018855330065,0.1053969452340588,-0.1435799825033431,0.03932940022346128,-0.04457417881395876,0.6025077337012102,0.07761888278084592,-0.0678954036291488,0.3905932394290314,0.10162756527562802,-0.20202635896722104,-0.0013483920772214902,-0.05610347650298433,-0.062288786532431556,-0.10651126002905581,-0.03829432199417272,-0.05872646754672743,-0.0033526856445821075,0.0440784049971873,0.054001175771657944,-0.015586441240260797,-0.05561208316838725,0.03482916561068466,-0.02281714919929529,-0.016770797770920217,0.012429741230262524,-0.01893955259814367,-0.05178242197330611,0.0359195959199683,-0.014495367635845094,0.0190291664404413,0.050181896042857145,0.07041628779271557,-0.015419170819962622,0.002413819488204241,-0.05344591741956961,-0.010293499620049218,0.020929334451214997,-0.020671383986967762,-0.021563456035448247,-0.024557895364681198,-0.02530066304820379,0.00936401425502091,0.03657637577037492,-0.011991208822095154,0.01926951270590201,-0.02395472233657701,-0.0414328063549075,0.018998448211004496,0.023928317356980047,0.02548980682914889,0.015534770360463036,0.006280505057478101,-0.005392025079849612,-0.006498974465944478,0.03672877823438356,0.016542676872136803,-0.053987306978010886,-0.04315317112194928,0.010159693042755116,-0.03110575941158609,0.06662349663334267,-0.03564191881074304,-0.02007318580678432,-0.04012462866833752,-0.03743193322480299,0.021153462483417856,0.02567169242873087,-0.016404490455881937,-0.01814505797488579,0.051638783293406494,-0.019876515582097846,-0.04106799037810088,0.010000882211634378,-0.025395211300808445,-0.012311799293953766,0.012291208426043186,-0.031538806135687984,-0.02666909225847891,0.005843252128853405,0.005326839500937395,-0.005876914341863108,0.017797474207357857,0.013287159753510665,-0.06874172023178751,0.014151346602675004,-0.005343880336899353,0.056212787304771014,0.00949705695741116,0.01600118104471025,-0.003382190382510061,0.009429387154840195,-0.001642598215450503,2
77,-0.2006507339289005,0.40068025577751,-0.1927976648340781,0.24357548924225814,-0.024277735325315526,0.053258194723259294,-0.04638679971464805,0.04437151389473277,-0.010911469288916713,-0.1337756850369315,-0.17329135461888612,-0.03456882076410095,-0.039982489901069236,0.010657868442592183,-0.004619715237635207,0.019557539090736174,0.017599315650333916,-0.016044519712638716,-0.0087676072256187,-0.027263537026124236,-0.01254123659682803,-0.016238419888523526,-0.0037916315176764635,0.04548125803667277,-0.0054446448055161505,-0.023765529644576837,0.03176102776330522,0.03943755319681851,0.01427260453719747,0.02891642394008672,0.03432087187512222,0.11206109331871034,0.009628030424545795,0.07195455709337711,0.05755623386088313,0.02434177130227614,-0.08397569272765497,-0.023730231756477534,0.07261899976554699,-0.026913000097115777,-0.011377636988856273,-0.05985892424374072,-0.004522297709353254,-0.02520972154651661,-0.008625942352257453,0.03976356489735895,0.02394901387451955,0.005998613563483754,0.04046240115959495,-0.034488501873815296,-0.002753161248613814,0.011788184880361707,-0.006971695281558755,-0.05653763156468915,0.030671861308770896,0.03249665257380416,0.042451190133745625,0.004610404116339129,-0.05076165665118008,0.007133506839715601,0.030116194972352395,0.041194972005449436,0.04341274175818004,-0.04896876271503828,-0.007285362614979097,-0.02100359232366023,0.04145416094170238,0.05629577192440917,-0.03064139486140373,-0.05894684917288614,-0.02448634975919151,0.008773995309708366,0.06222276324689398,0.0178350119760318,0.07588065355717984,0.05475622219039028,0.04879534923150401,0.028980176798613783,-0.012863996173861227,-0.02680352665275132,0.0827664178552816,0.017042203697351453,0.08324772896288819,-0.028516098636150847,0.12073055104552767,0.09213751613384631,-0.10865587686887679,0.08624307538436021,-0.05834091994228471,0.16423995218473642,0.04378104923896311,0.05818097703335828,0.007064677866220456,0.01666685562293471,-0.07692334862406322,0.09455450014814376,-0.024561142635725876,-0.15549433094792706,0.009342987574121976,-0.08109544604578678,1
47,-0.4145729474641804,-0.3370046760349485,-0.04618180370505887,0.06113374763108299,-0.17187215764012118,0.0388103348982156,0.047968019243019536,-0.012381952039278743,-0.05443328070896498,-0.007354380544593061,-0.025070101591565502,0.00837244023797819,-0.029231677233427046,-0.059918202491814065,0.04135883861664285,0.0497656189543362,-0.024692182134437104,0.006997972090996389,0.015164875262215776,-0.01269985944726842,-0.026596807911964806,-0.02200683201432099,0.03982795217375931,0.029524543155224788,-0.031148783992965494,0.008465243787193122,-0.04944854636105332,0.016549201226249366,-0.03396489345983112,-0.0267690609433162,-0.021961688178744252,0.1071520740665416,0.014365326635588297,0.007460283075352008,-0.004810861254759959,-0.04623212752354036,-0.03908284758353207,-0.045879492235129965,0.022247983640516594,0.03549720091035682,-0.01608383613020266,0.06441625295410272,-0.019767892243029817,0.01928755645270398,-0.08714146385435145,0.07619766541421458,-0.017690700493896247,0.008883000055189133,-0.026715535425739928,-0.03511546771785084,0.015884867357053273,-0.04558806904023979,0.048808105846157836,0.06360876994574984,0.03770158111418667,-0.004145612357306994,0.06202923431687901,-0.004135957698509751,0.01049730952666669,-0.062236971701748724,0.05579595144300609,0.014363218787906308,-0.0008021299247495297,0.019777784528171576,-0.06523772536110882,-0.07276369817336233,0.00516424517812939,0.04873476681322322,0.042399715299438326,-0.021615892940983792,0.03970654344916495,-0.019550215787755513,0.03201603387765524,-0.0015968384231802657,0.05153838469766899,0.1580285515670461,-0.024629939820101514,-0.03466893386108478,0.04126508084754116,-0.026541462310504475,0.01757178814393058,0.05979631707670708,-0.02647066044333389,-0.12267808714055123,-0.11644417922545916,0.1400820338984328,-0.0070416479094772295,0.092484906925924,0.042230030350704724,0.03931787754479111,-0.16819804061070628,-0.0219507908660978,-0.038077225788560286,0.07097185273906914,0.07171735727693404,0.01809318721330409,0.14131641971908956,-0.0017757003460944743,-0.038397072046610484,-0.06840412761272292,1
193,0.058447090580634936,0.016818244338897694,-0.023785257495836213,-0.09702272997085284,-0.010792376286493535,-0.010798699363112074,0.07328104971798499,-0.02028169168890629,-0.004207914845056455,-0.04523924372748882,0.10072066839720935,-0.08213882943425553,-0.06872630683649877,0.10393821365990268,-0.07775228194054404,-0.03852969962994691,-0.017468423963712232,-0.05190393750408001,0.0652300583888552,0.021155223667991975,-0.0419569919041922,0.09315030466161975,0.015638850826931495,-0.0023655009514868294,-0.2707579381839693,-0.07940935739606524,-0.01563124454818432,0.02959367595806741,0.13176505869866964,-0.15622959021210867,0.14116312460466002,-0.05714980572698088,0.11846708948398334,-0.05828933721023267,0.011570327813003942,-0.10746137115720406,-0.04512198018296891,-0.04897237500268117,0.059568675450212126,-0.27708018629254955,-0.10645592943982446,0.17384058293531193,0.03853460776237541,-0.0450918917335169,0.21855744207218517,0.005111358634573007,-0.12310417109801147,-0.223988186511484,-0.08188648980093012,-0.04271672902901746,-0.027157674177753735,-0.04765101323365781,-0.09036075058044114,0.04760678299619129,0.0007404119117829108,-0.07869678260231716,0.0006756376612838714,-0.12064672835910054,-0.011465216547022844,0.026734043879077057,0.027300920337405162,-0.02165611501051441,-0.00467889789682727,0.11527146288399422,-0.017136227061834416,-0.1927520341337439,-0.06903578221083682,0.06712302069618217,-0.048430581157700145,-0.16648817761922727,-0.08550696184715799,-0.027376631488369853,-0.021748951086771474,-0.04080963983331271,0.0019877248874359465,0.11331502080578537,0.00997864085040238,0.18502098384639168,-0.14313073728366488,0.06708481967223975,0.15850769053600006,0.001349846799256998,-0.10281565901209269,0.13129498602325396,0.0005552098172400601,0.04591915567997658,0.05960988278162276,-0.14682521559328904,0.08583190156824555,-0.050405511520384735,-0.03619040646785992,-0.04750899718420198,0.05375598500015791,-0.0006747778541491697,-0.06731403006006831,0.1279106308904808,0.036037699401019814,0.022208904180614122,-0.09408023359382137,-0.026353180702740123,2
81,0.04878135275009981,-0.01100032601240539,0.13981388893902966,-0.02878971123567641,-0.01849804406221705,-0.0641996504654381,-0.07948627196519445,-0.3249291178043727,-0.022202631878811278,-0.12474577926715846,-0.04351921232842869,0.39349346801512525,-0.18271645402046893,-0.010528229211932555,-0.04400843869782862,0.07908847059327788,0.07346634589732358,0.0940018503319934,-0.19043114158206517,-0.4486837886613831,0.07620871766249374,-0.06948666877733241,-0.02242152839161008,-0.04472180559391687,-0.06740805294556829,-0.17697607654826425,0.14991470389798814,-0.036815441531208054,0.03424438390612642,-0.016614799072949462,0.04408289472944409,-0.06835886534348798,0.007828597576468381,-0.0352645372081025,-0.031782863312562505,-0.05289732495757571,0.05349202281543656,-0.0059432034014682625,0.056814359752288074,0.021566120606706287,0.020284557214161655,-0.011904385270121247,-0.051902544762338965,-0.034025172981536705,-0.0062547901160750225,0.027063573625004535,0.026478099702123704,0.04781742338751692,-0.0001512840874762543,0.006122370895010666,-0.0020254289656122283,-0.07664254048655962,-0.032974435882757176,-0.013628567032131783,0.023150179486401738,-0.02508351408871395,-0.033162007541355995,0.016748171534795735,-0.010689287003912418,0.11291038513648377,0.023838072266406635,-0.009559051196016051,-0.018757971054354946,-0.03320886264640361,-0.008375324823335521,-0.04363961115508151,0.025351114112538604,-0.02668068680591352,0.0011517351936024124,0.0012909489176923484,-0.025770099529218073,0.017661835943367645,-0.00943200755888267,-0.0033151862820423694,0.049011476689761656,0.023567374647522118,0.01576890148614581,-0.003383560907307219,-0.004085271387798889,-0.021523171322914012,0.028365662214796784,0.01138935144659847,0.010097437905033164,-0.008222865311945533,-0.03368481488216343,-0.020188537535228493,0.018282550718250398,-0.005737346405730421,0.012298790522118366,-0.0005371924802347715,0.0033974598686171416,0.03353669003094,-0.01070659818281878,0.020006866156001456,0.003859431234843063,-0.02409290315059379,-0.01240356812736482,-0.0006780895080975956,-0.024133816063417173,-0.008426135096505605,1
110,0.15617347796659814,-0.04727056505478196,0.013262629643235106,0.03719458995395295,-0.3016691902070022,-0.3742054458077729,-0.4009894603470025,0.5104390080831228,-0.19879644852014128,0.06633682700272943,0.036332746260674995,0.15126003998334567,-0.048668003249136116,0.03767428472843131,0.056217140653481136,0.10610379599900759,0.07220872370633057,-0.004914251349897223,-0.045419272453502336,0.05705182419705445,-0.01563097222789087,0.023105643533212896,-0.0003877081025888915,-0.056699713685992116,-0.06662480502377327,0.02224506928280419,0.07103043636762174,-0.03216153068502868,0.008434777511881462,-0.0230385654289533,-0.007150943243986375,0.01904394629738275,0.01222068777480648,0.01602030274235448,-0.006192504584451824,0.013403806467710187,0.02307176982699527,0.027625014644134957,0.025911544469278174,-0.01055602889013783,0.00010641225571473679,-0.025586658508426376,0.015659690845845405,0.02957340510588179,0.010127922564731337,-0.0005941603019285498,0.012799469019345599,-0.00915406977235945,-0.03847815766439967,0.0313050831508825,0.02008161441478289,-0.00498183900934595,-0.009619104904162235,0.021959837456842362,-0.01608763838144053,0.02032696916074424,-0.002713279583116573,-0.016671443686411012,0.007994850629026527,0.023972200900560504,0.026067785778778507,0.0015130784155742644,0.01978968641098587,0.0017558858872839171,0.013020052566999054,-0.009573967516944972,0.017147286508450956,0.014038445021213456,-0.002241413437532972,0.0020318701412650195,-0.011019361246127513,0.003922042242382064,-0.0030274853894555415,0.014674317816320434,0.0006784177180053458,-0.007820326091556615,-0.0016313215479780347,-0.0041817783922414396,0.005049442954280955,0.0028379722017953324,0.00022152714298071663,-0.006151908352834146,-0.0006566483457301752,0.004232345113716013,-0.006814942714468269,0.0018095415408518163,-0.018549915970835912,0.01275283706053749,0.00993620523347013,-0.033782250265767706,0.009651289322929175,0.012182367959740485,-0.02524061367223271,-0.003496855179535318,-0.01367413946610115,-0.0012402288299889024,-0.021802323861040286,0.0031051616655402283,0.0016515706925735415,-0.016575327912004962,2
175,0.09730633891150485,-0.013449989882440214,-0.004276034587514899,-0.00409986538655958,-0.05943201505172808,-0.07530123101224047,-0.018434331422495898,-0.08191147077167689,0.040856575771337736,-0.11017290912269287,0.0371800719005927,-0.10494019196851923,0.009193377273675979,-0.07315946612859098,-0.017858363753866697,-0.023806232112683106,0.13715254360768045,0.1356014176922774,-0.018761144005899875,0.04455275375863565,0.009040922150306998,0.12676567497429997,-0.04266852959866368,0.09598473431275054,-0.1285414220943853,0.0708075652219821,0.031915349213293254,-0.03703974957938607,-0.009493481636608882,0.022448623010439896,-0.029128565184913826,-0.08766828280959837,0.03109447098270124,-0.03843813250305322,-0.028378406726166434,-0.05534739329031451,-0.06105201099280043,0.023058317352135236,-0.04528989440966432,0.10020843293036628,0.028975822822439316,-0.06527609575208332,0.08491453112356914,0.18107302292204897,-0.30249915856126475,-0.08682051941782575,0.02177260320044103,0.0027937851732580087,0.0951488017450932,-0.12852536229539244,-0.15391153513100647,0.03572853060068916,0.13807992501554595,-0.10271237457784906,0.2984919016191481,0.17864242209013842,-0.12240269921674786,-0.028377050672926465,-0.12062476358961703,0.031604097346347046,0.07562916317765146,-0.1603351324755093,0.016173925083773653,-0.06488486281795447,0.11359634897363013,0.09647396410640283,0.025013781308782925,-0.08540106540744523,-0.015113773903971195,-0.07507762911519189,0.01528302679148326,0.04146305358083498,0.06072308228827624,0.051707829721937694,0.058276024291184975,-0.0312396853849836,-0.1403881063388757,0.07691427928656439,-0.10666934272923867,0.04662015598657985,0.184838938328301,-0.06079952955165673,-0.08277163648004382,-0.0011340443060433537,-0.042480543883605275,-0.0949645613489845,0.0978921875987309,-0.08834002457774655,-0.06542826101601049,0.06709655519495454,-0.0001864353448564258,-0.049676522401786515,-0.121417768789923,0.12325984292304933,0.002101518508920564,0.024519411035603213,0.0660608458692387,0.06891089831726945,0.01895957282419778,-0.05383609889530637,2
56,-0.017858540850912933,-0.007852252095626198,0.044632603606261194,-0.06366118277261634,-0.050287237756117376,-0.008987050314916976,-0.03411986201512166,-0.10636642368610405,0.029169175816876385,0.02894333743766594,-0.04293837617761265,0.06821784550261803,-0.03598388560123259,-0.04646012391193734,0.06712084513807537,-0.014600966438938033,-0.032268187196150884,-0.12934079683433347,0.0706501734571292,0.08567278608700067,-0.008661319177646624,-0.0388261320704217,0.14991405853640855,-0.19249945160654208,-0.04536679291485937,0.06588519213906366,-0.017194968904880432,0.001375795876891033,-0.02513377674467885,0.04551370302112917,0.235355214796018,0.05175776056721035,0.010779161673343451,-0.050818028003344035,0.1554331422330823,0.009345579252693584,0.041276044656750444,-0.024531109430584445,-0.05611805030863815,0.1195849579654493,0.023223549668640226,-0.037667518603363766,-0.005666127973463337,-0.052415478108160385,-0.06886305415673044,-0.15977748877923942,0.041762883065045144,-0.0868193508989519,0.014671825994841863,0.009723092360670154,0.06000754237750313,-0.08591221119062684,-0.0692487389343778,-0.06940322660242756,-0.05755045743523002,-0.15390566103673514,-0.2630816699636178,0.03224904794317197,-0.05419546950865916,0.03256135169153083,0.09527806350197779,0.18486678832219483,0.14965496200519265,-0.1501408862796794,-0.1837359033452104,0.03987663492708279,-0.2694254119062409,-0.23404320450341845,0.06461486972722598,0.09297793707010105,0.06395265799633035,0.25611358534923845,-0.05853305484775719,-0.20251815862866018,-0.047041486835984095,0.11388234521264792,0.05254564182043514,0.061329844892298674,-0.025896591319384838,0.07485439935688624,0.0022210343549219943,-0.1744211754227247,0.05862261425731125,0.07013435948143208,0.013348881183174281,0.08615464696442052,-0.029696871283959463,-0.04404502495413745,-0.10425884734436779,-0.07050320009534766,0.029535949087589598,-0.02687147656482502,-0.02228977283258629,-0.002527424008846105,0.019203727168011105,-0.03912000556325525,0.04902103536450001,-0.008894128789138983,-0.001385311947766306,-0.01828505688649258,1
34,-0.07270646228547854,0.04890417550849941,-0.029480017166797927,-0.026035975964390966,0.022109881725504675,-0.015849387065895122,0.014950532595577699,-0.05623916798738227,-0.03968880615145303,0.09610970062487663,0.11454581053866579,0.04005334168364635,0.018929355044199566,-0.013296182829109352,0.03343579893152746,-0.04213498125635829,-0.012925016284919433,-0.006680685345819008,-0.007633465487809441,-0.06493518066411343,-0.021578899750025766,0.1517433535294658,0.0013590040289399791,-0.09962218553417623,0.017312628106643344,0.12801597790928207,-0.26417131921066983,-0.10755788603993349,-0.11084275098035995,-0.06346420267650803,-0.11774291963449648,0.05003196634498104,0.01149949901714929,0.21352927277862058,-0.24746812439633678,-0.07668287415675555,0.15814225133441245,-0.1750242885275975,0.1777336466159019,-0.15735393052900357,0.010773444090119986,-0.04112445715060017,0.042918181984016375,0.037759110285192146,0.0818213934247656,-0.055372396378838874,0.10682836572243332,0.057761328532413225,0.008383799086884084,0.1117200858669803,-0.07484326479383645,0.12114219760364157,-0.1708504735236548,-0.19222343192958055,-0.05686456383246405,0.15935364862920778,-0.1066482321153072,0.19126620708952527,-0.10795915608204897,0.017326622536850966,0.025262408314947422,0.029222989314019763,0.036195978948407266,0.039217857429655965,-0.09390020454507891,-0.08115885152878582,0.038606884940292095,-0.01438630095768011,-0.032407212288546004,-0.12352258360311437,0.07457294040835216,0.02719987082270804,-0.18294895989236537,0.037625990823422335,-0.07951903257018579,0.028522123366320887,-0.09026758464439748,-0.09734716207054338,0.019147014846740928,0.15587392388607818,0.09286712527906703,0.03517382661177652,-0.07632583611726128,-0.005110318073801469,0.04611038188707972,-0.17519422960344586,0.021222911581993752,0.09023512438834734,-0.028364600165615587,-0.03371029446913793,-0.11505172485213197,0.0012772489919293207,-0.0594956751516515,-0.10462125842633564,0.08290327854641498,-0.11150285073824887,0.11937039149164749,-0.02176997384982314,-0.06748855503419329,-0.01790374687735035,1
116,0.02156871202203642,0.04790609830063907,-0.010516512636245458,-0.0819752586529693,-0.03625048039228014,-0.08059110238911062,0.004984698157762449,-0.06112783636089587,0.06359927834475193,0.10181962988428464,-0.06542103083225886,-0.09818091251523488,-0.01575307230684323,0.009220628763579508,-0.058114876629556306,-0.04117532618731434,-0.09697943243431108,0.00674505653879966,0.019492228400310115,0.0057242699793235525,-0.059149930202778485,0.07539495324601117,-0.06347464978739217,0.04864496362273796,-0.0719426597839001,-0.043512303403043906,0.01882813796318427,-0.1516547368670403,-0.06230194872554007,-0.017769207617165814,0.004355097639642832,-0.005234252452745677,-0.12362040595515025,0.11429431124888086,-0.05113316076702007,-0.010760246473290378,-0.06937880740438937,0.0028609536056026165,-0.020861327240613885,0.08552354596705519,0.214253122715196,-0.06360376818173892,-0.22999595285610033,0.0483579031415271,0.0013247524649516714,0.02856909258952236,-0.22543285394696422,-0.12021988466224154,0.15820485285594987,-0.10360137333567598,-0.10264534373770634,-0.06032028050447845,-0.02425885881047967,0.1057411958876338,-0.12094897671951498,0.16772948337293292,-0.04335737041935075,-0.2308564836898,0.06877096183552264,-0.01890972558992724,-0.05160020811699738,0.036421198913141994,0.09733180960541692,-0.04379618816292139,0.0256038502804475,-0.22074782714961594,0.3176530027263849,0.05677710450301483,0.15999522624865578,0.13605199169288193,-0.023202617269584388,0.18184012703369104,-0.07149361391466133,-0.06101851003421719,-0.1440013040077532,0.036941812903505726,0.04947151264782389,-0.29725373773080693,-0.06938154261872294,0.04496018553705221,0.06674091960905232,-0.04817694807536548,-0.023537285389618225,-0.036981926258116,-0.04840044203841773,0.06056716839727367,-0.009267120055068821,-0.019301692016151287,0.0042753480814030605,-0.10581830883689645,0.03348234585520645,-0.039003290554463325,0.0008251766722632775,0.017540729388911904,-0.017382834192992056,-0.007734679121282203,-0.034516887654640276,-0.045969251153568064,-0.0035634570841488267,0.056195597838303954,2
195,0.09449406395525825,0.0024983421033260645,-0.003073021715337982,-0.07591018778305794,-0.058732276926673765,-0.020116579526845,0.028192811888783767,-0.0159998024044048,0.007196881908123771,-0.02632455677453465,-0.03486218533799185,-0.029688564105901562,0.08452289252653504,-0.0008733858385837132,-0.10173278076667357,-0.09715290603746798,-0.04163313807414279,-0.01940401259442223,0.06389772111899371,-0.017788989676445648,-0.08674548345230422,-0.0003750858789230003,0.1042032806376118,-0.004874314112966474,-0.13743147372059797,-0.08162338236987364,-0.01304996705894413,0.012494395386804405,-0.018661141262651715,-0.003427761938307289,0.02353786781783875,0.021977489045932136,-0.19721605242153395,0.041819539755314335,-0.013722922754170567,-0.16691613139076678,-0.09686054878950259,-0.08608743352836315,-0.09768248876878406,-0.027303241842648124,-0.1349706289803366,0.1423352321525345,0.04257704571858706,0.11616749559996889,-0.07523774808569844,0.26515776424138116,0.0634793695733943,0.15522717795947857,0.12373640992858354,-0.06038007537709153,0.04459091171186414,0.039956211096369786,-0.03792292760596142,-0.13317328714647192,-0.022144184006591638,-0.013602979511665345,-0.0964504484972563,-0.19700235475062552,-0.14133557074217104,0.024555085210054648,-0.10327529151058011,-0.07029159458514475,0.14179268538632667,-0.12159676304901432,0.0590086999557493,0.15636810949916977,-0.04944432956178844,0.12357972269642759,-0.12435871097171769,0.10883882220095498,-0.04676404009320728,-0.20777004453603415,-0.060905123498942754,0.0004707931102985853,0.043900232050498575,0.053775788863051954,0.05591382703290375,0.02505344396074972,0.07954254905198638,-0.08755477449570025,-0.059364394763968695,0.11147095794929819,0.013797742809171103,0.03626239939385408,0.04040706352205547,0.09202594067419405,0.025879375337039615,0.010967207449002578,0.007612432771461752,-0.15377611624492427,0.05750489889518305,-0.15464058018901486,0.02312349561007867,-0.03169799717744216,0.13323486379226823,-0.13882858048439015,-0.004250394737643323,-0.010018602298024268,-0.028405752503297025,0.07061185216256723,2
184,0.05726316093925545,0.02703387975563418,-0.03194412929545949,-0.1277843315814009,-0.05648519942711553,-0.1354239116385939,0.04478553469552444,-0.05480660115535924,0.19014039858893095,0.432356016473414,-0.33944880234608193,-0.13858845735654088,-0.1485615067326791,-0.11222949309163195,0.011410667503748783,0.1628720588124023,0.35114427329235903,-0.12614356665278126,0.24606957048806793,-0.08386943586104366,0.15355693893280498,0.01908130490706112,-0.0128434610654963,0.0718874003962524,0.08393501578906833,-0.07339377366282876,-0.05876608205778325,0.0055410010749122815,0.05755585938752149,0.0037198791879366993,0.06970241845483015,0.0451043953177293,-0.015821476597648355,-0.011479686615381299,-0.07289650516141676,0.00939329782663124,0.03435908991715427,-0.0011096386675224486,0.014522801656124107,0.05521173728797332,-0.06792311959347545,0.026130235228341313,0.08565824155194073,-0.03798866753477531,-0.009478955327966613,-0.0032604867534063433,-0.08127953465377903,0.032152249097249466,-0.0002340236835044472,0.03886820100636226,-0.020716527423926972,0.017938285918354984,0.01988635655733248,0.015423687942791179,-0.054163482621899454,0.002588420258594031,0.05464159217851305,0.0062958855449566685,0.0030330879171506517,0.020898576558028965,0.000788208056944901,-0.032316375316327015,-0.006664803736218377,-0.010707291604929982,-0.027608003662489833,-0.00416909053507949,-0.005292924084525449,-0.008646312910512474,-0.08439102167884585,0.016295050758691376,0.0005098571444338176,-0.018092568475316186,-0.01464367569767156,0.026264693635471233,-0.011688623876593172,0.006246932472413475,0.022740743446187737,0.043807312749795185,-0.058062233657404726,0.017402362723885154,0.019157581896949286,0.015991186648523996,-0.006518109847659874,7.757167291525526e-05,-0.04684981789425446,0.012210257447717202,0.01407489536665817,0.001753438839562957,-0.013558880502551803,0.0017601316013462758,0.023617284352494092,0.0229223802784388,-0.018177874079782847,-0.01636575456357894,0.032937025149516304,-0.020621638355532372,-0.007653077593165886,-0.0050390934656735975,0.021153379950392407,-0.01632249259536939,2
50,-0.06842676827586372,0.0614041521455794,0.3122545410090717,0.13235573652690555,0.052796344647365406,0.1219864535055449,0.05301791453768032,0.09631556332280511,-0.0045195504356380185,0.03277260807649299,0.02780054334476312,-0.07710168342805543,-0.022410430303919815,0.020468018493436425,-0.028309234210802853,0.05896643989254432,-0.08781761177353312,0.02192462643284296,-0.06109900726600751,0.09965618770600114,0.13568696167700317,0.03047023599102848,0.06024071018412004,-0.08809581863356199,0.07723766698913904,-0.1386018836105851,0.054471815092012196,-0.038532955128251584,-0.0022713200609698787,-0.04757716220853936,-0.06125041032151669,-0.10816132881216355,-0.03441897531819412,-0.08337962212172452,-0.05702859866081686,0.011875417652230427,-0.04999970489797799,-0.05213673621536373,0.024884807377414827,-0.02241622237742614,0.019261959411801696,0.11558405264152345,0.06392973124964364,0.00918946501823208,-0.06658694328717514,-0.041088066547253464,0.015014777967388537,0.007817939498645407,0.049442356906798816,0.1132003185953019,0.061471159351502755,-0.1042820321275599,0.17550627021607604,-0.1579685465331322,-0.2099169075231389,0.0236236662891031,-0.023376928242843917,-0.0756224213640551,0.0619928261046936,0.06486829364966896,0.06929925701314486,0.05172817014689758,-0.026706108568919654,-0.07564764830856789,0.04089762708822102,0.0259848555311924,0.013366595520764787,0.08591648481619406,0.06513127250983694,-0.00969225886425016,0.1369751793333375,0.02793099320970585,-0.16039372693612958,0.023047500822008234,0.05765723871002433,-0.016008349183605716,-0.03980364960128594,0.10669067371736807,-0.1045142982944194,0.030124445519469873,-0.00896888994450006,0.18045887977295869,-0.0666501393850537,-0.06633266530411176,0.06364246868174141,0.018922261599338908,-0.1393831078203727,-0.0887029604104451,-0.008864250855264273,0.014552993977615534,-0.11583528323169397,0.05672294059913638,0.027099212279340628,-0.028693225286125217,0.05961495469571045,-0.044361243056492076,-0.07894672970948949,0.054819973509233025,0.1544902890857878,-0.009701276222589351,1
57,-0.014908315248184015,0.00520615312325564,0.057570232138193594,-0.09391351207895036,0.09082315863793661,0.007703849086144197,0.05940257322591244,-0.10003476058866993,-0.09015970135784424,0.058263530834412804,0.01759029414178642,0.07787383082443136,-0.11974439490951201,0.4574995016220535,0.1316013319031117,0.16739906284628273,0.00490092407229584,-0.005377463587310524,-0.06300120102636975,0.10344234035394335,0.10943135858620757,0.0037676906854994074,-0.027211560092875117,0.07719315808678585,0.03895520568364036,0.07353746919642243,0.008566411177560447,0.014591532182304655,-0.07718181678315733,0.05377614855547856,-0.03360816681837934,0.011288644004303494,0.0038115486070788335,0.03988975011694765,-0.021313161480919357,-0.10476730421172613,0.006533159612930448,0.017638391857328718,-0.03562582815286321,0.06400569400859234,0.030833387474942416,-0.023092787872853175,0.03237632866586333,0.012371678839910348,-0.1016357686216555,-0.050366152507700816,0.013455348829753367,0.026105319736696424,0.11479921943982364,-0.1296705001997203,0.07875880646070964,0.030637252249262618,0.017157645931638692,0.04965143391817255,-0.06406688988100039,-0.052151105004777716,0.043538672989990874,0.08370406624030712,-0.19214413910067638,-0.0912209842206326,0.03281508426662233,0.06722630429764372,-0.08021400139354991,0.018865985763385613,0.05117581094391687,-0.05367127673092044,0.022098902444970328,0.1839943611188661,-0.07857669513044234,0.06294804041608655,0.02882346983554803,-0.06768159185817922,-0.20647024782223158,-0.13832806367315845,-0.05037048364480151,-0.15902775348193834,0.10703588987966069,0.12686043245095777,0.37982087713715584,0.0941754587532672,0.04539411921043987,0.00482512690126944,-0.05648951837891317,0.09747557061330295,-0.04040299212234278,0.006079677679585806,-0.04501149634962942,-0.11076698663621075,-0.0294691263486714,-0.12437746983339398,0.04797554994448074,0.032066414325245034,-0.06969030887448109,0.02544397912684906,-0.03221208033734416,0.08141270200999147,0.03736822703714482,-0.13678424996235558,-0.04695923964779674,-0.05938600935699473,1
183,0.0468792930828319,0.03694179923040483,-0.043500355699745766,-0.10042406628109332,-0.039666055552315886,-0.12055357857068198,0.046568789126499636,-0.060392842826831376,0.18349070005134505,0.4251805918136659,-0.2874861267150045,-0.11646729627782539,-0.14702045698105728,-0.12112656017963817,0.026309641971443455,0.15939948902347142,0.3586980628780957,-0.1470156483654163,0.27407582851455287,-0.0719404671979407,0.17600171777042362,0.033584660341179094,-0.023208018457974013,0.04792329827830537,0.1082460725498947,-0.09907116609644212,-0.07285205347194222,0.008771079958084746,0.04252512082525647,-0.0045902027267531315,0.08889753706252043,0.03360647140941962,-0.03540607547778393,-0.010243506631374221,-0.07515280779876339,0.005084326967994357,0.036616834862266585,0.009282804487661053,0.007949250942685173,0.032264733513902175,-0.0434033582447876,0.021918086558548353,0.09848408077817976,-0.034680659225348145,-0.048139693830427085,0.013178248765873063,-0.11492069349525341,0.027937223634515007,0.02095295855459352,0.03771701978671779,-0.04117657296653107,0.0352342635605802,0.008764613049901908,0.022741874740595656,-0.0685860484277415,0.028495142707837436,0.06539970611557358,-0.019175402069280225,-0.01641220001725617,0.03870539520479374,-0.012898334974975693,-0.02135455906995639,-0.005251672733225928,0.018008407838775716,-0.03906840106919016,-0.006621686915346379,-0.01008435937855444,-0.01334762699434442,-0.08616441978008547,-0.001665651323774796,0.0029654103069794717,-0.011971384892984974,0.007567192471555363,0.017594664048025413,-0.0047889091117949536,-0.003877096360195568,0.009895130645221694,0.0321641125043614,-0.052443413044567844,0.03309559292041242,0.028730482833022368,0.0017847136904076287,-0.0036616248189023613,-0.033335175055049286,-0.05352406681854178,0.010598241100141665,0.017013094194138524,-0.026288819192811834,-0.015157495285493096,-0.025672782092513807,0.013247689512347744,0.041462586000558424,-0.002902786146357115,-0.0338756011538828,0.026746095300802443,-0.00776918267902783,-0.029638957699449388,0.0016214938031380913,0.019215752281003605,-0.004407420501270049,2
94,-0.18380599592834393,-0.12763330985171892,0.02415969450409925,-0.040249481655297424,0.29127649245348913,-0.056573738302085015,-0.11226260227839412,0.06058803260900603,0.052640846381398834,-0.029966627395053895,-0.028337135223803985,-0.057722336556331216,0.05849589102163646,-0.04763894427556335,0.18273907885858406,-0.07566917991291332,0.03812145970418871,-0.026516662446646848,-0.013063000430510468,-0.035250620745774536,-0.09457952759568385,-0.022810264488578237,-0.15944680442110654,0.006525045980213403,-0.08643433581681398,-0.03537010225005243,0.03174634515880714,0.04872477809414352,0.05645629518038455,0.05500708179842688,0.007706322468391712,-0.1551302817895365,-0.009584634431406048,0.15092138972164165,0.07189252297083275,-0.014484336662758094,0.08486905179189809,0.04467351489804206,-0.06627681521772905,0.009461790693866287,-0.11978473284149362,-0.12091644117097679,-0.025430245101859598,-0.010539150190257154,0.024881466948771625,0.04257781585322968,0.02329629841645584,-0.06445002998662568,0.04198300985895951,0.024057572067075483,-0.11369231349812667,-0.0644158583035642,-0.03232413213317925,0.10779262431883106,-0.0244936524451469,-0.005071812132700376,-0.01400434751002187,0.029866839075862243,0.03790790959504447,-0.05251418535726291,0.04422524201046994,-0.006758768944356626,0.1688473089050285,-0.04786681097000728,-0.026143620916532398,0.1313050465363042,-0.0463368679188226,-0.11754110877466512,0.05288669059508386,-0.0008764414311131479,-0.01634739039591528,-0.07638239300863807,0.003529537854152703,0.06347472211813152,0.09255162141555728,-0.12684786921755414,0.19332784182422375,-0.034926993393243226,0.050002138086065684,0.2701489489551109,0.05094117078540353,0.22294112627244547,-0.12264354986595426,0.17184410189925878,-0.18189128713253197,0.10507255081581804,0.01013884412583364,-0.028827923165553826,0.07346072690703224,0.19312275946715346,-0.06396759913954318,-0.05299674943894327,-0.06602075128034597,-0.08159179701421808,-0.04763617196073833,-0.01011983463736013,-0.12939258580377183,0.049322480551838264,-0.00228097097466341,-0.07636917566903892,1
122,0.08569508304562484,-0.002799080634581237,-0.02710414335586143,-0.07449532552575122,-0.026788071852666077,-0.06054344875907762,0.03687502185308037,-0.05193615322841496,0.05971136653649819,-0.13128815754345813,0.10608325552118925,-0.17362201412731876,-0.08445482182683502,-0.02283818159621262,-0.02726626968322377,-0.023716474619989124,0.20827218656486732,0.16734463789787327,-0.053843905595668325,0.09668510778108355,-0.04186069756188811,0.10855349936680726,0.10716716197314523,-0.21099154630888545,0.08479151718429026,0.04229816943656541,0.15997110097265152,0.18067485950400433,-0.060699272343618604,0.06690518187463414,0.005389975481223559,0.064642629029779,-0.15969203022354256,0.067036700929682,0.017350452591207675,-0.11430174768092752,-0.02594757143874898,-0.003055012125089919,0.02426277377837597,-0.168500892751098,-0.06022488643917818,0.09936440784322557,-0.10177405226011879,-0.007909541748905374,0.019130749657983205,0.0534481751447672,-0.02769007905348355,0.01777139439788295,-0.019729836148353795,-0.13642833406721433,-0.06389399242967829,-0.03201685539743259,-0.07787763759188103,0.0871021511443634,-0.10459723619913294,-0.1606245636539304,0.04056683245577585,0.04508538024555209,-0.04057785922401178,0.08910317396422193,-0.001651352567805646,-0.003625113967361153,-0.028238598695212953,0.05203337954689757,-0.08638946655075724,0.023217304021982375,-0.01370697357151967,0.027171734127293786,0.09883991660391578,0.03710212004660572,0.0816991379064395,-0.09699085986082286,-0.03936984204203615,0.04812975584705599,-0.06809573840793655,0.005766902123449372,0.027904205537518722,0.054312431082555755,-0.05824358277480014,0.05939949843964014,0.055217721931248735,-0.025386109808874156,-0.07212409820498894,-0.13617262632339486,0.04972673493818023,0.041385297367114014,-0.087542492587098,0.13700043927885866,-0.17550054689562636,0.07321220875592782,0.12368968728216961,-0.13082786744860805,-0.08789928374883678,-0.042228192038583606,-0.14508004705566838,-0.014822395664190968,0.027816661857525717,0.09687280382927721,-0.06914101764506266,0.058637271571485766,2
68,-0.16302644497309335,0.35243531021999636,-0.1263760641885833,0.20538190084309144,-0.06143691823497139,0.05550059607432976,0.0068106429639985325,0.04987189535928004,0.01726714718564554,-0.13104664324909324,-0.12783578735422327,-0.041460856742296534,0.007881362485734879,0.0028817322640258764,-0.017185814583523334,0.028564823763060472,-0.07666803899723121,0.03484342080915996,-0.03710909412394663,-0.04293864827742155,0.027788041312968165,0.2536328322949943,-0.23607571182282885,0.03571957969428942,0.03851409953653842,-0.04988100847678111,0.050345271022846486,-0.050237731309673635,0.04490786235181733,-0.021071975962304174,0.126992144946303,0.278981033759694,-0.006288993229617867,0.07459642898072703,0.07769559903645674,0.10405653380553431,-0.06825845511342798,-0.030471139564878146,0.13004867744044238,0.0024778985700832246,-0.09685176931997971,-0.08214435681147031,-0.05040905963492972,-0.040905621442078176,-0.061268336347569424,0.02192695955478986,0.015340230717083401,0.022657848911890325,0.014305583212698814,-0.023337238396706143,0.04646859747144503,-0.07500741561558802,0.034774229123800376,-0.009869654605194875,-0.011763457732256394,-0.034613835648415005,0.024894593944425787,-0.019979720798274484,0.012516886664503065,-0.03443414884231828,0.03035229908363307,-0.028278490782125135,0.0032254351211050357,-0.0069020901698148744,-0.00802993284325857,0.02263650041353737,-0.02298372674548952,-0.03762330067368633,0.010120330631003495,-0.01608815641778443,0.023914540720341337,0.03578211957622806,-0.05514578831305019,0.07081090349850645,0.007617204569745258,0.031064140955039996,0.003421841212720665,0.035250959108879494,0.0531422964276465,0.0125106446504306,-0.01314280648361517,0.05690163081223587,-0.028257887464236568,-0.0675689184275226,0.05991783724938219,0.023976247048750704,0.052895159333143364,-0.03662041825773147,0.020155219854384118,0.031249110772961983,-0.004897951904728217,0.00888892015414009,-0.009538015489448883,-0.017841670268814988,0.026325046773103922,-0.032963321017148293,-0.0312053331165979,-0.032339746555167186,0.05630010392587136,-6.435516433050739e-05,1
169,0.05654493205217602,-0.0068132517790987215,-0.007236298398912079,-0.0988924642776288,-0.023034525395106573,-0.09648819783714138,-0.011997889918555908,-0.18838469180606326,0.02472949230374678,-0.18770368844033575,0.13624950582572615,-0.19847059557728802,-0.07709244266926527,-0.03820781532161115,0.02718570250145463,-0.016747341972812878,0.31397449301751673,0.2517056188927975,-0.03889662777772907,0.19845836682913381,-0.028002041220242496,0.08926206459735027,0.12696120696352414,-0.17409377610999932,0.12600858631309328,-0.007855134084466912,0.16928078071871483,0.07298094580580589,-0.08591836615600736,0.07525409488147045,-0.07505301849392675,0.07502396100988201,0.04098641186145183,0.08111291340924405,-0.022619944823308726,0.07151273183310328,0.026815085678194298,0.04694589392169063,0.027805919332077985,-0.015047207382200924,-0.0016551544373145984,0.001002524484667572,-0.09443064415054345,-0.04812726332213391,0.10713442497224857,0.08016366430488969,-0.024343438015027714,-0.011981008857529793,-0.11628050488328712,0.10632747467894928,0.034762047921571324,-0.041606364856216,-0.08673570798975702,0.02298410385166289,-0.10042290743457247,0.05601973579362107,0.054678048690482366,0.018712553482744757,0.08757744434437495,-0.07494758536505784,-0.05442362293807942,0.013842294031308645,-0.09998424922049387,-0.06268322139434465,-0.002785306023451485,-0.011101906633501628,0.02814974995600799,-0.003639440606164185,-0.08719764687156444,0.0437198519463378,-0.12038522963893246,-0.027831332536864553,-0.026012575669092024,-0.0514304114563206,0.001497561369526551,0.03326411831706733,0.01860332170909191,-0.03527285745984418,0.07167816906229636,-0.016835353933342786,-0.027564190239195596,0.03157587732574496,0.10833631407089879,0.09655337256493673,-0.0016162110233064225,-0.0038925491399240133,0.06942957855561462,-0.12138065929007603,0.1084405440424902,0.05515275606621388,-0.13871280409962775,0.11893150148118904,0.05112995872492735,0.07723411345165654,0.12153859164176217,0.034642623023821525,0.018010098348951353,-0.00296675666849891,0.06708528975558761,0.016777859330663503,2
78,-0.19180303105068602,-0.12956294478157027,-0.09140767452214572,-0.12002928120452723,0.6021516563722631,-0.15833290412188614,-0.2117489654584485,0.12126548397763957,0.11400888281134361,-0.07691926827638514,-0.017458627304165975,0.03899636565053365,-0.021424609038848904,-0.04145801282303001,-0.11777770551561113,0.03876420054013735,-0.04546621965815448,0.03658782534076912,0.01957891375000713,0.02766949874883768,0.043919223348503726,-0.00326431523150681,0.013573787282489215,-0.0009657854027093404,0.0075664055037203875,0.006049458408516792,-0.009416010213200555,-0.017393755522874157,-0.07620619274877401,-0.008610379922546575,0.0186224024995899,0.1857525376181954,0.012021041030500846,-0.26314567848006776,-0.1542950006133442,-0.0475299022125322,-0.04677349356245544,0.005384056173841498,-0.034028249086044196,-0.016510627410763125,0.016144548908915885,-0.03984765782305645,-0.009192939870677886,0.023897273425789078,0.018590205302669697,0.023905120801797006,0.00858474680122151,-0.0003582257769800169,0.004863048216679861,0.02080659079306,0.002169492891870366,0.004402533858416856,-0.014008242022494035,-0.00922299167970027,0.006468043458387144,0.0038243068335935765,-0.006354596039570479,0.01044266465285557,-0.013072772715163977,-0.015335333819972008,0.010856274665970559,0.011303341030776615,0.025306267712183007,-0.004298833411074157,0.028238459144273507,-0.004215981572786416,0.01211858856839464,-0.0077232581387823305,1.0472495395695218e-06,0.00404870790476532,0.012602648342990356,0.011784448047976017,-0.004405629562286451,0.019425987272898376,0.007547623602529739,0.0009626795835828098,0.014669937583871676,-0.005474988420964066,-0.014142991203208426,0.0069878196459226835,-0.012519522885101152,0.01715321772177586,0.012504229273321668,-0.021200494222634324,-0.018531031254835396,-0.025825781738237758,0.009737330185402342,0.015387725554230429,-0.0077126981907105225,-0.005079546397539669,0.0041724450128994926,0.010736393322997848,0.01719538633039863,0.05156909930869896,-0.010057165842356847,-0.0032858818492201413,-0.012675278479738313,-0.014167176724852999,-0.025088921943628648,-0.017596139961350454,1
171,0.10452975539459634,-0.009076012161151028,-0.07217270851479353,-0.24244460876802867,0.01693707684166833,0.05725721746290771,0.2141338210386376,0.1173892686903466,-0.2998600437155445,-0.06142309248050641,-0.07464402859854503,0.04290893908913686,0.09123759411563741,-0.014980202764781778,-0.15280917461373564,-0.26907246350776476,0.10963079511712559,-0.10980419614808487,-0.05757062837427341,0.017690539011671808,-0.04695106563809036,-0.04710223173053448,0.004198644462004867,0.008466983516024814,0.005698010053703339,-0.06909277776338892,-0.03452880493654632,0.0003523267113261267,0.021968181905667045,-0.04121082382180127,0.03520450343963608,0.018742105090983764,-0.03589294556541,-0.04384001388583785,-0.050183391107007314,-0.029776563165737402,0.03341393837312592,0.0009681696859378728,0.023602110438559587,0.09756779846529846,-0.07329440243672766,0.007998358030676517,-0.05078382885849625,-0.027009038018679286,-0.07392345702152968,0.01620914278396486,-0.010995555443719458,-0.018828901584633687,-0.04050781053148831,0.03866711682257929,0.04356363983683332,0.09030790142430303,0.07020043051627813,0.021847319972036924,0.000545489133485937,0.025490634111899984,0.011807707865896744,-0.019808203462231944,-0.018352732132684724,0.0483771944587507,0.06313843311023269,0.01389443603401414,0.03393975500807497,-0.023052572413080803,0.02480308634355819,-0.07093769571863462,0.016125283306430024,0.04026656184341464,-0.044612473273932786,0.025551612669599433,-0.010315247291293008,0.008981060335074294,-0.021617572897735148,0.016367170605139012,0.01883998941357677,0.0789025029571362,0.03838556992416094,-0.03987330272607742,-0.008752938016803753,0.08066405223778451,-0.028566681554789374,0.05712280670791326,0.1627913814687696,0.07688441953001168,-0.021770361835501798,0.020105516555687628,0.06991522579149859,0.04010068331474536,0.08933298744209008,-0.059753719670134035,-0.005537513018422407,0.1362563810176212,-0.09359200729851876,-0.07026347051735006,-0.021442571752290595,-0.04970676169872499,-0.018618684886933117,0.018454299254659672,-0.00041405223263105427,-0.028083478062109948,2
70,0.052135603483203556,0.0042544824604637144,0.28059991979589005,0.016908066871815446,-0.05005439592143195,-0.016635659497922273,-0.07164463170246785,-0.10866766606972673,-0.043853729308295994,-0.06702854635523342,-0.08790783943565196,0.15391219709936851,-0.019197663940243227,-0.06057558685911812,-0.08760387210205958,-0.01652318414731756,0.07944257630500073,0.06401292780264774,0.07473122851188668,-0.09297765622997649,-0.07718781030099262,-0.05013933776541332,-0.06154361202756588,0.11011612721607611,0.031227706601789425,0.10433361030376721,-0.062331120892106344,-0.04977150534628167,-0.0390096502208811,0.04187565251864738,-0.13600950917793758,0.10292616232485415,0.013510422353635065,0.06424975740587678,-0.02033002336140545,0.06264502708473807,-0.12754699320814164,0.03828204019161809,-0.08076360995212507,-0.0008890804025337544,-0.07840693222921313,0.08948928960254264,0.06897201242318064,0.07697524862056737,-0.10626999488165974,-0.15349823275801913,0.09221083876084114,-0.14120605170770692,0.016181119644706823,0.04276076641697294,0.07337164753888532,0.027402076869199706,-0.05437979192357167,0.05240316670314041,0.0014334729561671254,-0.07498394609913771,-0.007082255357765794,-0.011420457573101965,-0.0037460454394013395,0.04182826908428887,-0.12981663839142843,-0.043279610190560834,-0.009729519545705924,0.03686918613259722,0.006893619267338383,-0.010863112461416405,-0.03397718792060884,0.022129729581660183,0.05168621246894041,0.09159511551219329,-0.02494155137780911,0.053654761263994745,0.08102866458121571,0.030953130941753174,-0.015931286534105173,0.1410831469928346,0.03404898219703097,0.08343910736244733,-0.06112570385979533,0.10307415131992709,-0.07802220986310597,0.06837391396676543,-0.07517863337487797,0.06022217602616131,0.029908493580692842,0.027199888447947098,0.014993328265334394,0.12413895158493064,0.004455932911006511,-0.04696408770570827,-0.023018230941417073,0.1958645582137632,-0.09660574493515882,0.018638841050980487,0.051474949746140704,0.2084935601084977,0.020709922696904297,-0.08387834309057504,-0.18080971291727319,0.0016515018897848657,1
157,0.047149709837261806,-0.006080499511473423,-0.04125743930501764,-0.10130926495134153,0.009119724486415553,-0.030463576298820533,0.03526781912661386,-0.047472598741685954,0.004329933452184711,-0.021553241065823032,0.0061657158471401475,0.016350855250638903,0.014251294385763634,0.05205892781906365,0.06605840792904227,-0.041150243768886256,0.0316210447797883,0.07769296309390712,0.07215817852624967,-0.017784893050893445,-0.026699884464051072,0.03420319721847182,0.04406092935832504,-0.005981241295833561,-0.05733015265955365,-0.06945711184607653,-0.05099432365388152,-0.1024357583537491,-0.0041983016692667486,0.06001180426675277,-0.06582762155141733,-0.009606235908757919,-0.17226616865180308,-0.19524579966066605,0.19430492873712873,0.11399053761817342,0.18628418573649336,0.08587547740659794,0.34163577536446604,-0.0946039491207761,0.014937209563747146,-0.0023159688798147144,0.20389708987349875,0.25023392546560835,0.14792007714944383,-0.04916867338389186,-0.10414407948195414,-0.17461666769134532,0.40829187000886863,0.004188589907836337,0.030830292391343578,-0.034255112020571965,-0.0013092713247386035,-0.04022389569335595,0.18841143292340765,-0.05441638870865363,-0.0466371434591107,0.1528996495784848,0.23430799506411423,-0.08263206443394747,-0.04214972328747374,0.06022307449749654,-0.045166680997739975,0.049353384310413355,-0.06386269519725363,-0.005360008677162649,0.0295817193317837,0.04323367542966925,-0.06515524594249915,0.12221195758177872,0.07038988716829911,-0.09952902065103408,-0.07950746079790107,0.006361728701206829,0.0882114917705412,0.06491536937148087,0.058295418474932165,-0.03226329497452728,-0.008751192091631768,-0.01325496364919178,-0.06368720099369862,-0.022209330191799333,-0.02311578252883399,-0.0567371609814158,0.020085217933803825,0.033568392064364766,-0.0023877159861376823,0.056308941607013926,0.035566017209684275,0.04847015840144676,0.0004868318265705046,-0.025559070992202,0.004187352624963243,0.03900369411750206,0.040805090309016114,-0.010152998071991019,-0.0793190905714373,-0.04403893594762762,-0.02855732433677114,0.031583560140125776,2
155,0.030044583378163094,0.016102383135570712,0.016902651781427188,-0.0703924695370461,-0.047847152476703875,-0.09216962623241966,-0.03480840428869821,-0.07551598494695755,0.0017337612896120911,-0.0762191159038986,0.0038143907219480595,-0.07451031678638816,0.1541417327291743,0.016348639068407313,-0.002100423205096019,0.005078069097079833,0.0307141859515907,0.03679598322766182,0.04542009202907756,0.01383480488760281,0.05057866390778179,0.07736324081283114,-0.03150775152781119,0.18530850609301652,-0.14069859970365148,0.04632177987831734,-0.12107430778564375,-0.1349630911339138,0.036610185702256735,-0.11787194256513556,0.0762066740749127,-0.10591424458441287,0.090774441108597,-0.02316008271406253,0.031940924906007265,-0.11589817306836192,-0.017994427352810313,0.04108898953038634,-0.03799963357733645,-0.09337046556914463,0.15306012877251837,-0.07255525464663812,0.04487146344130988,0.01328367665212154,0.014385765844321224,0.005314780568052972,0.11203398248019937,0.036337107354739905,-0.09502584100868744,-0.09682031016346347,0.12443803134316075,-0.01406590571597437,-0.03816772908668484,-0.001524402075389942,-0.18523535982607342,-0.14200685709107505,0.12828469254081562,0.1895536614769415,-0.04879435822093076,0.05945768861765152,-0.17254642422083386,0.21806499721155917,-0.053683300943922735,-0.04825338649193816,-0.0896751093938686,0.2817849758572062,0.12100293654101367,-0.1504077120615148,-0.06324070485942686,0.2454380990348101,-0.12353871781419405,-0.03903796106097956,0.021130191364669103,0.12491252050453633,0.13399608079523834,0.028454207666318,-0.17717050614201826,-0.1755410867140741,-0.08095409085778647,-0.030760700009540794,0.15562605303699625,0.04594375286950503,-0.05568772357164614,0.014703595996370201,0.02953058828538913,0.10091606099644182,-0.004560850621834873,0.01567154498776168,0.017405720892636766,-0.08188519816735688,0.03949983999478797,0.03009669343462147,0.0008792308721554631,0.006693662617051295,-0.060082454975269865,0.026955712848301255,0.058827577038614014,-0.06873476783551086,0.04138020339558204,-0.04887682930149777,2
109,0.151380684289213,-0.058868730198130416,-0.09804612355581488,0.014538970390228572,0.015165556604632882,0.0005754496000359524,0.22104969327840682,0.18619015162923166,0.23981399908986772,-0.030614636175392385,0.0018268135979021647,0.2168211672412446,-0.030192180587403628,-0.03636686245628496,0.08937650705862894,-0.06883402730032454,0.03500632435019562,0.05210938957635208,-0.09253068560831097,0.04415478735949652,0.02824972405887879,0.007688246592861905,0.02453990108332514,0.14384262567776743,-0.06768841468213431,0.09148011965232246,-0.0687931885931982,0.14613659957538913,-0.05206445169524715,0.08908960115843155,0.0004573613470942988,-0.0953549421110742,0.13159292607510203,0.018515732136566997,-0.0853760708004287,0.0645772095892542,-0.027089950295655432,0.05040439796979629,0.03438065030236684,0.06399894029469254,0.013316728730934448,0.08471099818289038,-0.08767983036117405,-0.064479302783154,-0.023690271983760582,0.03594341724560588,0.04637871779741237,0.053037588968104454,0.15503224963515486,-0.07354856824720903,0.07100788274237514,-0.05373056480015487,-0.047736036500164475,-0.16204969794207252,-0.04098998196009805,0.003100620626724483,0.038071240959947544,-0.04523771352997202,0.021049930639762494,-0.08299210620709974,-0.08788617448624252,-0.007483632894225127,-0.04862641939259506,0.11821807408689841,-0.03345422867376193,0.005998142828624832,-0.10263029585859339,0.047590419009351834,0.046024918552335065,-0.05398095083120724,-0.13234459654355896,0.062480322057492564,0.005099528400787155,-0.015247934311426639,-0.032102338519944026,0.08863800083120861,-0.11266875146960953,0.005543266799814778,-0.05794924771589871,0.011189400474509904,-0.04572328600939565,0.05198122897243944,-0.12705643106767806,0.010758374827223947,-0.05393345163198045,-0.13285014562080308,-0.06941543417116088,-0.045578066176630315,0.0010471995100957794,-0.03650363891729266,-0.042837532645283304,-0.03380987795615323,-0.059551445029395966,-0.17996893835867855,-0.005174639547303802,0.20270263121456497,-0.15581553987287686,0.048130811646296866,0.11397181739166866,0.052689710951708824,2
6,-0.03769803121991947,-0.004446135546046648,0.4530794798424662,0.06682014470111208,0.09473718643261715,0.060504174997058645,-0.022564732482532216,-0.00249359713286697,-0.08309072897290538,0.010499061121168062,-0.037653897184595754,-0.08028698175969728,0.05583482847336632,-0.04691285377197244,0.2931619643968062,-0.1144395238802469,0.10101442194906304,0.019717845068206757,-0.023133253234809997,-0.04750901299521908,-0.09023136311320926,-0.09675984119059122,-0.16560727026943892,0.08009662613818244,-0.04988504238463038,-0.0029038403031981697,-0.010554421322020375,0.02066752884467408,0.03732520742448482,0.07866980751957006,-0.08201925725159111,0.013921294832259644,0.0012897723699314058,0.01595902138119165,-0.08299956510372966,-0.055434012976213004,0.07051534461894521,0.006205307306719885,-0.06736421357483334,-0.012877610157857648,-0.10499985395783938,-0.10424337895286949,-0.002605943260069128,0.011744290047845708,0.07038093985196185,0.04886592387164526,0.04601074741475895,-0.05664704716509508,0.015823256114357948,0.01348043167640627,0.006375609485088817,-0.03853889619858145,-0.06623512193248508,0.00028008058757471093,-0.051757827592974676,-0.0063050552971941265,-0.045853241100805346,0.025495232330202292,-0.05031470263351853,0.006188369035347733,0.0011289692544777543,-0.007772423263204955,0.0068340764196543865,0.08320178336779673,0.009193317097322828,-0.020839989266604086,0.026499184440332623,-0.003203037770414927,0.05462083608985845,-0.01120352858731702,0.002032014919294836,-0.001916630571646282,0.029958794439998045,-0.07821898877360295,-0.01560189648224956,0.016918117629882934,-0.004446055575549088,0.05442034625167431,-0.04148441969114459,0.03308392289147264,-0.021381142577073034,0.023336513017529446,0.11151800140824036,-0.06685238547537639,0.0809671991579813,-0.006831228200524193,-0.08333824727484206,0.08833587019407316,-0.043840480824850765,-0.07129252217760446,0.004928204639812237,0.0560844629114091,0.03387073186888919,0.05465198632373726,0.09568340572169327,0.013159510339272559,0.0907065057973909,0.01663926027124048,0.10043305557273884,0.00932528051049729,1
42,-0.1143162829284037,0.10173435167571215,-0.0597111707427549,0.014182791788283945,0.02968097590314021,-0.03296095678599587,0.03403144991971902,-0.060532188254452085,-0.03476518351223463,0.3747541397325026,0.512812158340483,0.09250315804588188,0.05033175164287379,-0.07399220320879447,-0.07454356170455342,-0.04964430742234302,0.01603303168350959,0.026073301313231045,0.03779320473095069,-0.015729413819689186,-0.018840075888399158,-0.035764202501251376,-0.08354466952388237,0.10493970835857161,0.04297065698421318,-0.09069649965332668,0.0851225584311834,0.011988631398935563,-0.19349885580549042,-0.02383643298624032,0.10319646044750501,0.03153190675800138,0.025181942790096983,0.016267719364446386,0.061839914133175966,0.0914743760625833,-0.05240070081999547,0.020264670769544895,-0.019248950647579994,0.029058660664456247,-0.053946743815187444,-0.036627203068783164,0.022481658728454885,0.01585844528649921,-0.043720053261907726,0.09638900366320846,0.03539057952363643,-0.03202681482286684,0.011220296941170629,0.02190923966368012,0.03640002764259654,0.009199379509448278,-0.03503183178491664,-0.02319350027658499,-0.03562947700320631,-0.06495977280053213,-0.05510248347004204,0.05944557519355535,-0.040868640985028994,-0.024489574793563593,-0.012396821338126808,0.032792761654979165,-0.011075125178460885,-0.009813863884083913,-0.026014584315623833,-0.035709927410105924,0.014282472520105843,0.018004552353445835,-0.020123575353628107,-0.07322567896281205,0.03168007892798175,-0.002577747130512899,0.054652245811871204,-0.020888982987808304,0.0374790484335011,0.05805438430880703,-0.11289015001965826,0.038754504701027266,-0.03851824938264913,-0.0133097508759545,0.0031103775060534787,0.07245448759553665,-0.004460459600942515,-0.00018462531885812136,-0.034868828591328664,-0.08072751683102158,-0.04589138002898145,-0.006116288553014452,0.04945880120626212,0.09652610958636379,0.06564130159135592,0.029726748531107298,-0.004642610435375813,0.02661398383764907,-0.10428816250426662,-0.10641833670062338,-0.0042246745094879235,-0.04593901402092257,-0.05016667196474827,0.020328050138706363,1
99,-0.15433477976708343,0.12697766445013461,-0.07472695507663897,0.04007592353395826,0.011268286922511658,-0.010509050232530816,0.005614647683679541,-0.054626905130443694,-0.026260470817887592,0.22979960173927497,0.3501146046316806,0.07060545332830383,0.060069495402657894,-0.048575859805571484,-0.015270368342101956,-0.042594712928455986,0.024983407574494944,0.02762218149392539,0.028073549703761913,0.006773684506605261,-0.03264921547276703,-0.10274942227572759,-0.03649334498410432,0.06745642955692466,-0.04774006687241839,-0.023439009296297646,0.044926362553763054,0.04982825261306963,0.00044214657898151115,0.040537906497499956,0.06536655384432784,0.027404719408529902,-0.013798156273537528,-0.03680901622511977,-0.02072655135273507,0.011074392847917959,0.014815308421776896,0.03912859706337227,-0.04279863073555573,-0.014657956339153067,-0.022977627109090386,0.05722604756296102,-0.008049498189108674,0.007271465693709386,0.02079746675701571,-0.07141077959888496,0.006039135228645214,0.02896049674896138,-0.058630219222825054,-0.06168631745590869,-0.055526043552695976,-0.06118367367551792,0.08444519766707208,-0.021109551216528737,0.08557816398749049,-0.0427666016501059,0.127599621716479,-0.02797909900767755,0.13888791343056583,-0.017435176316053163,0.07579849899696856,-0.060760672054793186,-0.02674156902017249,-0.1483612043920872,0.04353014057144944,0.013754745863989377,-0.08358612431673605,-0.09782556027238859,0.004560902356469071,0.05797380854015893,-0.006997293081239811,-0.05057401603069369,-0.20850048845732724,0.17720377218870503,-0.2167216602319493,-0.2017025411743782,0.1881140073180143,-0.01767536584135941,0.022874329312017,-0.06790305884211488,0.10611134373592596,-0.15140104092886644,-0.07230706704607237,-0.04647490767968536,0.07789214732211536,0.08745265767482387,0.06465374777358396,0.1765886574340643,0.007139837790574415,-0.13725456685765688,-0.07732195590553279,0.03928957485713575,-0.04253492384135633,-0.02675381746497032,0.08458772176513596,0.17276725318112557,0.07033736167605925,0.1414947370526143,0.10874709950023133,0.03903643045860247,1
146,0.12103317415395201,-0.02257763705218447,-0.01353187977626494,0.01074435420814914,-0.0381577671759764,0.004700765966336244,0.10460074967971912,0.05470100403574834,0.12147985369525208,-0.08119272060163486,0.010627698320915013,0.04640569472852014,0.11790009169353406,-0.05286041557490338,-0.07714554963739115,-0.014766554556779254,0.02046154611195377,-0.043720108574153385,-0.037309755944720926,-0.0011774491326221855,0.02500117695512242,0.013697059444027663,-0.03364738013332311,0.0592196082847336,-0.10633324348681983,0.0949405223218653,-0.0047884964776938686,-0.03533840019426172,-0.019031548091041746,-0.014928977178209473,0.0742338392880427,-0.02824186181362189,0.00970710639418564,0.011184725062891481,0.06573751848883964,-0.17880581476993856,0.013788701746073282,0.08386137215525868,0.055798920727944804,-0.00495245759005049,-0.0011741634560584223,-0.004928287421968647,0.07791158320829114,-0.20910294330766954,0.06236742559796947,0.15536021683466003,-0.0979048517170324,0.02334524488949524,-0.0333260292326202,0.027693314051844956,-0.026533914062182248,-0.032572468237965536,-0.18732711961973106,0.10788955964472534,-0.059098182559971756,0.09550177718166267,-0.012396551471310363,0.01703141807254349,-0.09207898396905462,0.0523133885299127,0.20130741806729233,-0.07044966950467375,-0.22322138908464284,-0.1332495287318856,0.23963510027265433,0.10094612058808097,-0.06332746225395039,-0.01813449879642396,-0.11553104550478249,0.07650132323240756,0.17694341522779974,0.10208123572666751,0.07711660990755845,-0.07849665149890567,0.06755730237044938,0.1511160960315646,0.0558927105792345,-0.051799308055573604,0.09347957964935273,0.0962839770982573,-0.10415625408221173,-0.1750049978997499,-0.20239159150951386,-0.045983920199121106,0.018574678023268596,-0.09193490853570245,-0.05127180958781638,0.16722156112880504,0.10916533848126389,0.030432193251563624,-0.05003315211471987,0.05331765532715267,0.12402992904228508,-0.008604630362619268,0.08900976713504136,0.032073405660728235,-0.07186940356552701,-0.05927017283757334,0.03751178386658636,0.032549387851841145,2
86,-0.19167945142774642,0.29537264926696755,-0.16480603795768037,0.1451651489171754,0.00869567856890779,0.011999898603036489,-0.021996736432174355,-0.03753790029932235,-0.030151235966960902,0.006110153035368109,-0.0021142103298512137,0.02073841051032449,0.02041287996400339,-0.014886903648178594,-0.019814219767054102,-0.04994288319713619,0.001161147585125164,-0.006845203329828606,0.04231556596267677,0.04929771749044294,-0.05895763386164804,-0.13499497243247757,0.012559370433358653,0.02546695015765626,-0.05177569228525384,0.08528466670264659,0.03777769004472093,-0.026163194908532056,0.12471395407276907,0.0667883305206441,0.03253273038379679,0.00899423415426756,-0.09987355801977138,0.08046760933593404,-0.13428682149875204,0.027076211579940255,0.1547683929316179,0.1295340001147045,-0.049603081169961864,-0.20942568880770612,0.06323849692793902,0.016838436048470278,0.04423573939520095,-0.02218957425220796,-0.1040687194771506,-0.0006516157836515022,-0.016433946384051736,0.08095527556225929,-0.09334001010024755,-0.03781578441925692,-0.002671013533276118,-0.08049141442152946,-0.06952840252035049,-0.05147876471427404,0.1546847595444237,0.05756457912892363,0.11366315377297766,0.02510466583309582,-0.017482901760310605,0.017885917705415928,0.0488666876415258,0.08599400825015756,-0.03548380394188575,0.09968750013783519,0.12080517869641516,-0.07805693308002976,-0.08467301949356291,-0.04215875349029229,0.03083693591476797,0.034843890848931754,-0.022432877085505364,0.08890335954612073,-0.1439432646596266,-0.030288497716794816,0.029684252458545963,-0.014102085687043027,-0.02513387027678074,0.021402347343745996,-0.07940137629056468,-0.04250438940042861,-0.07670351962703753,0.15523888188325033,0.10127522879930953,-0.024393928300479543,-0.051142089701151895,0.022783858753084536,-0.020784888180639824,-0.009346099126164957,-0.0036414110843736975,0.09557182073019214,0.0033407092682428896,-0.010146770839099642,0.005101780966943214,0.021201867210602535,-0.03676789739728656,-0.06537498233175304,-0.009631126950649646,-0.2605567877006972,0.050697907453994114,0.0317976632050075,1
39,0.004177106380666815,0.03427037707663083,0.057762854479311974,-0.07410812086098933,-0.049498292714053385,-0.08955761155118139,-0.05036900119494171,-0.2201350896892986,0.04345202157612073,0.014457282240020877,-0.010576433979515193,0.130792655011949,0.01125711477950505,-0.08930000358490033,-0.0008060192311952257,0.0004381491443716102,-0.10160033904700526,-0.13309745188675204,-0.005636243654021693,0.35288029208450145,-0.010459056966879323,-0.03893854629062283,-0.037484406728959224,-0.016300291236734002,0.12027201861335705,-0.044503326729385013,0.07646194722427574,0.1022933342112302,0.11461975454236828,-0.20359085243104358,-0.07597760615686087,-0.04148506130975728,0.05293433106917445,-0.02203319886119973,0.0010650647562806866,0.02819960366708692,0.0897295243505577,-0.06963636542173374,0.10145323202680576,0.06213275814506566,-0.010773127076043984,-0.16301208613654336,-0.06616387025991315,0.02155937441843483,0.07985101145379249,0.12014420809421758,0.09610939901032582,0.03333950770917775,0.01608965534482674,-0.023442353606369815,-0.008538059437274013,0.035125788129416066,-0.11937658869124002,0.012374692225646088,0.12731069933554112,-0.0728573876672711,0.07419488796643137,0.04298599145456547,-0.051778324653989134,-0.07805047353281779,-0.011931221304272972,-0.15372033253636153,-0.03419148391071429,-0.0436541619773151,-0.069781054971467,-0.04420402080928458,-0.001655706419548807,0.11569655959811752,-0.11113029653593338,0.025230396047363428,-0.021245563943393612,0.18728636717042446,0.04053481018054985,0.08058331204266278,0.10001350720476762,-0.09939563528961834,0.06551998472143575,0.002339318502560817,-0.12539497556544565,-0.02686670245927374,0.03693610665780778,0.044813295950389076,-0.011734724660790235,-0.04875461324928312,-0.011667275699109877,0.007308056003018093,-0.040087086884152544,-0.04293876143116779,0.005316877666763111,-0.15436884532656975,0.040172168081938193,0.008290882843644341,-0.0006679883197753237,-0.14136502874684465,0.04011294265325615,0.008218413978301066,0.05588691132629048,0.12065395017333759,-0.1509596847275987,-0.15560515723413587,1
115,0.08362498685943985,-0.00039361937683882815,-0.03500597011877779,-0.09583166805586321,-0.01798054408309817,-0.014101532397320071,0.03513345831226871,0.04783863313820451,-0.018643121459613457,-0.040237214524415706,-0.012821690390539209,0.04228679585636439,-0.002869965315702283,0.033784061942282125,-0.025252755150976847,-0.07221663605802439,-0.019250124008659164,0.02793020829223403,0.0026120654529560084,0.004404522573011928,-0.055638982882409226,0.11794302846189214,-0.003547435101213793,0.06225863768338976,-0.08192495015768048,0.08970896608886453,-0.0661176882707245,0.3164515958823669,-0.007024535597118413,0.11723679002780453,0.10115752256951462,-0.17557660554071888,-0.21773543134574497,-0.1080560889736298,-0.17817987751694783,0.27835066342578957,-0.0032754053554783394,-0.30842481772041536,0.11209533201932789,0.1588952349913295,0.10284444878225664,-0.04177200413751831,0.162414001330801,-0.1504205952819827,-0.008575860069022452,0.0673075544634327,0.1057641042172463,-0.06638175489644764,-0.03795153493813117,-0.0643039293638488,0.03737570857083745,-0.03129437678785484,0.018994796999447224,0.032927416347895436,-0.05653453457106466,0.01678419618234666,0.015820432092958248,-0.03714718056461331,0.019112140579360552,0.01490355040388446,-0.03811100402906674,0.015382121353542267,-0.038692577542180036,0.06458683991065159,0.03130653488101364,-0.05480784310778582,-0.019575560959130295,-0.03613288456784023,0.0020128106103810025,-0.06903469613552908,-0.1132823686515891,0.047193758728652564,0.01180642535547692,0.02594772287154217,-0.029302344000571762,-0.017742845910891168,-0.02833361066597445,-0.006683483167103948,0.035757713119341526,0.026213595633162792,0.03121318000115388,-0.05080859040928698,-0.1036443975243603,0.08655695338907536,0.07647363415267802,0.12189207633508684,-0.1342392963708064,0.033260773040157815,0.21859126800327805,-0.013774867514815797,0.10169353157577139,0.02559629654210925,-0.21307333580222185,0.23690265368167907,0.040569202915467645,-0.16441857281960442,-0.025897608811439356,-0.0031228433820094537,-0.0040158122681161505,-0.017595718805068297,2
32,-0.008612700725422735,0.04272541021894408,0.12761028655777884,-0.038029088629448364,-0.06772030939404951,-0.0748000597507977,-0.06769891511632929,-0.19384932889645315,0.02708381946614593,0.008263942289361182,-0.08449243636228447,0.1309195258547599,-0.021431953760378996,-0.11882518800136378,-0.028771076835093418,-0.050475964739399005,-0.10256860537299041,-0.08335885179097495,0.035412485233768914,0.2016550846269111,-0.005024805164484048,-0.018575988768519208,-0.12473340335961125,0.044466783699138826,0.0543415555669247,-0.020378542117253835,0.032219201855305454,-0.03460583609153559,0.001735685809323817,0.06470540833998817,-0.10165906231445342,0.020568698326105195,0.0003463171263308191,0.04620197504171966,-0.0733836181260646,0.0038236604124869734,-0.08070618771474368,0.07169016598248697,0.04366441985241669,-0.021423102525125047,-0.08097555924411153,0.15390199800457124,0.10898143700868385,0.029564455749546872,-0.009109429631978697,-0.05395942721970759,-0.08482036962477585,0.04568925018635812,-0.014019913623778267,-0.03880244639968579,0.05603692818911607,-0.1567567684127703,0.06111126184177495,0.03677134863484137,0.012886722067893784,0.10040176864634877,0.024829949329274775,0.03303194817889267,-0.00041035193601401146,0.05947547600519899,-0.023329711484288147,0.08024724401055792,0.04855429577413506,0.18628199247333302,0.005841384594042329,0.0777401475214213,0.021371170058297917,-0.15249359402725904,0.09684391143068088,-0.07268315997674078,-0.08909098715020927,-0.2852206937665577,0.09893166514306016,-0.05160260020875084,-0.13570609516334683,0.13270601517465608,0.14951755980420753,-0.027829375341848664,0.14844742382473422,-0.0033346642745191875,-0.0030406121584088757,-0.16753568684063525,-0.004490624167350746,0.022267190705629155,0.01688617423163606,-0.20396988103046415,0.09524681787487414,-0.0034551604790816585,0.0940930615806538,-0.08143097964167749,0.033915924194975036,0.041065684855104534,0.07306849251963617,0.04963310038352116,-0.14421029724049567,-0.14306552423036117,0.016545494902773787,0.007632357072388374,0.020914874189602986,-0.19656158958570497,1
143,0.10911680785062051,-0.020592476241927463,-0.04454140882512208,-0.08293114323438701,-0.024785149892093208,0.02390871769543615,0.03539364842358047,0.028013764067334485,0.04837748938513515,0.050638473020089475,-0.032660452663500435,-0.037528697864049776,-0.04397029471168526,-0.015407492487118965,-0.07216736912779745,-0.05742686640753062,0.036798313170272066,-0.02306320139364553,0.057395957512804324,0.011347933082622181,-0.05018566924505604,0.022296136981808153,0.1046820049340187,-0.09276548050748457,-0.019847794159214567,-0.09385434882512121,0.0724446266757398,0.10925992858888402,0.01910007923791826,0.03716805710792066,0.03523364484443437,0.027399497757757716,-0.3541026080167979,0.010148296413773425,0.06952441231136676,-0.29497895013651126,-0.03323461537015232,0.047052366879845896,0.0855057056138431,-0.09987676147599188,-0.10161476447181961,0.061232141908805014,-0.0260089840627747,0.07608372216858277,-0.10287365448352483,0.08981550620786084,0.07303198938605142,-0.04955849744190657,0.032417527335038006,-0.1698608304987661,0.09628608502196884,0.19826381718150302,-0.0830504150876569,-0.0947157012475909,-0.006446200250297797,-0.11922498950474704,-0.02531756497199929,-0.06572723218168315,-0.006042803938242135,-0.006332515052397024,-0.04716220705788928,0.006471928074525248,0.036308630692413045,0.07326914476901185,-0.051466540305100665,-0.03727665007069023,0.029475497669598446,-0.1512930052612827,0.25376307314004387,-0.08246638827486964,-0.04560452910783509,0.04167118163901258,0.07629705988000358,0.021468050208292608,0.003896193977262355,-0.16357509511437143,-0.11530311406369101,-0.09040830229110089,0.05292384926003979,-0.06508502777600127,-0.11585932201369584,-0.06110132012709428,-0.10218120915839296,0.04596117716545691,-0.12534613635518643,-0.13395216042073335,-0.10272962997311132,-0.030189297638181605,-0.033859247237316106,0.05483683984369832,-0.03970768446040518,0.16974571589526935,0.03845744836940542,-0.032360010624238815,0.03913040842634596,0.06312114259469141,-0.002214137997205277,-0.04486022294903617,0.08518463339820538,-0.0859483456971269,2
60,-0.2647275268636207,-0.18193460557473204,-0.004601130082718739,0.032527916367325146,0.027417891556757296,0.01605831533670793,0.0024774112563732092,0.011833242106886018,0.004580137429012016,-0.0033120970703431315,-0.009618768500661271,-0.0227908773704706,0.017544846121444396,-0.0033436111258466506,0.013226041974109136,-0.02228497160716517,0.004485089904575148,-0.03170452625615401,-0.048288739621271025,-0.028873399723937793,0.06467788856509388,0.05055777559766109,0.1158972361031945,-0.03248048811020456,0.04761052286154849,0.06644608305298524,0.006579228305763303,-0.03687369080263194,0.16081156036637823,-0.14101993795711582,-0.012911940461343837,-0.17298412346579137,-0.17125931853267579,0.007052613011776923,-0.12825419862516504,0.21940081985009863,-0.1947500563821547,0.2797140172203016,-0.040936353087333816,-0.1096696206242118,-0.06778447318261038,-0.16563467575180213,-0.018164101233629305,-0.012338520532556118,0.045823362442143765,-0.010610458286513599,0.013467484500509169,0.03749357239589785,0.03205364106406795,-0.0365288465206481,-0.04339934161252156,0.09169295395400906,-0.031018541473883672,0.003797333086890659,-0.04352182466018628,-0.012486582533832323,-0.07141388377621052,0.042221098391521834,-0.005485671376014658,-0.047167858976650295,0.053775459487235,-0.028846922601576445,0.076035597591078,-0.022015041275181356,0.05230788951039911,-0.013852962738326842,0.02637275229904155,0.01591584613117483,0.024106678582548096,0.0594499418832937,0.013069269376491442,0.09248526387800285,0.02480151876381284,0.0990436433512067,0.03121890602205049,-0.06470251948707476,0.04408133598112989,0.12907670379874447,-0.004953608185829272,0.04552777301596939,0.026431176473554637,0.08665769069262567,-0.14384095202572605,0.139787279520145,-0.10068376116404164,-0.08886289797701605,0.03238275700482142,0.0740732607161212,-0.05534902062889029,-0.11785947696657839,0.08100048629184202,0.11433113475563678,0.22127677301195386,0.16096157464846791,-0.022735940161207967,-0.038534383885730564,0.06991090807406707,-0.006165896945058198,0.006227266400618296,0.131471189642408,1
187,0.1642472075603661,-0.02732494271466057,-0.062330375641839075,0.03754480733938336,-0.045756459785332104,-0.012263623580228871,0.1272757517165868,0.14476590439360365,0.23957512859830712,0.10780481544309851,-0.06674705217518137,0.05229913571656899,-0.09623112185901855,-0.08422696290490342,0.045270835596130245,0.09065736549787269,0.09141004659814307,-0.1061052220446806,0.028337464189402348,-0.006438041131201096,0.11623926538564903,0.060592013276586205,-0.027234279154434875,-0.011623253706782218,0.042173191772951174,0.01544537191958202,0.01177840399176751,0.09431444339617251,-0.01810033250359574,0.013871193967508156,-0.04745310857318276,-0.0751160770352811,0.040676882591365364,-0.07552706812278182,0.06270983994113062,-0.03682925233508525,0.02212793728235587,-0.05865715113635242,-0.10359156021091169,-0.07092924372815773,-0.01680772068584343,-0.12323936074566998,-0.1072866530075672,0.015281960208803996,0.013578308109637446,-0.03171991878714288,0.09764125214560072,0.026381280837469188,-0.08566381694299117,-0.0013188036536585285,0.11114896702231793,-0.08566614914929699,-0.1154549041897788,-0.0474912640340147,0.09257214926294993,-0.05888417108023576,-0.1258359242216108,0.06476427852193804,0.07488106354637755,-0.12863484228025418,0.07792467347303937,0.028813483745312726,0.07862223246768159,-0.011640767006617961,0.1335026559662956,-0.12576336567724455,-0.015675715594723538,0.14514945427845424,0.242589823913617,0.08166844918250137,0.029018027063028178,-0.12402921343659083,-0.10126241253210204,-0.03935781192546936,0.2130801668145598,0.005934691631987826,-0.08857293715148044,-0.10099184504463618,0.022340121400489767,-0.0652779562382981,-0.029592511568691315,0.02819259128678462,0.045173200831782494,0.12853364927359948,0.18652482815079005,0.05036830676130619,0.12028309174305432,0.018401799406234706,0.1522180043237849,-0.046241351016331186,-0.05120057734825514,0.013841133316026396,-0.0012864993490284634,-0.00845482522582508,-0.15364581002040145,-0.016866220227506445,0.18102843039114033,0.04801193529825866,0.07166469443484404,0.025763285176062328,2
13,0.004338795428599907,0.02209411708946691,0.31679954479933875,0.07359068058550812,0.008872217792432378,0.06708593533432483,0.02981843289951319,0.06051019020645511,0.01740514823356891,-0.0007615301218147972,0.045286119425277785,-0.023811628010007815,0.03043944143589479,-0.022419970380863987,-0.1872081667731881,0.07030393562588474,-0.03300154729833287,0.055669626024182746,-0.03328957015001673,0.09830117277835392,0.19682708081703532,-0.013380372203490361,0.22135894272948617,0.1783104816739855,-0.030727014457422687,-0.0009162082269857436,0.03762060127584028,0.04721566340707078,0.06584272929740825,-0.0883481103224425,0.0649213163445776,0.07731379987384784,-0.04750890201451161,0.04328760039801495,-0.018585530216365526,0.027619958886761376,0.27815211223411507,-0.057594652016612034,-0.009451860634479834,0.041884095329675027,-0.10879987295254219,-0.06558521112260791,-0.11940093859342214,0.04114992606566965,0.0710308783661456,-0.054685781348595745,0.04647954375697306,-0.07103954754464269,0.07812353761384541,0.026480011262900213,-0.15631527664527675,-0.040319557348518414,0.062363778321936084,0.0655496215633517,0.003083682943521983,-0.0132255439293483,0.08884647841100798,-0.0019943657918641013,-0.020288267468223604,0.011653386212594853,-0.03344684229323314,0.0036952168896565367,-0.05759999915721747,0.05329103500272672,0.04495821219319745,0.03853831687691365,0.019712941790305843,-0.06977515788855844,0.0007375951114120604,-0.07585231047714855,-0.020632776054077154,0.015552360172821376,0.07545344996859378,-0.05126789837418069,0.04079290336117859,0.002990666289674469,0.03036260549968893,-0.0542354485352698,0.10261509524893575,-0.052642900795654375,0.10456354647874129,-0.05080425506636511,-0.081949888944867,0.009825309763964006,0.035055653187966336,0.04433690129034528,0.04133918545844522,-0.023743894243799763,-0.02799047099195046,-0.004922521940552004,0.02124596999536291,-0.04329791507684282,-0.0031321199554371956,-0.06326649098502414,-0.04321093131056029,-0.006291202439160934,0.10546380446592965,-0.0972840636188013,0.13509280201554974,0.029872078358077758,1
103,0.04595869444145963,0.011336149063705642,-0.11044435327561546,-0.2787362847184036,0.1038923124948472,0.021939575596192577,0.28939751337366953,0.08610741148528141,-0.47410175105889696,-0.0014556094338184756,-0.11572313281724626,-0.01526087971581527,0.062172957259601445,-0.14946812508228635,-0.15635308036365808,-0.20967646008001367,0.2058844537317161,-0.23995081309590532,-0.270725447112414,0.04860159888589218,0.2355686686233358,-0.06162341413734104,-0.0628078520035915,-0.05268625456729247,-0.05444992985629876,0.04066227983951657,0.05422889708637899,-0.07736507215169389,-0.03682450638318967,0.024986924168597838,-0.029029260065998447,0.037450254054344274,0.0429381301921825,0.010840401999276852,0.05143717676196963,0.02109080885803416,-0.009875815477078349,-0.00930943874859462,-8.811917968570177e-05,0.009583103190559222,0.048609354482335256,-0.007977328714682713,0.038920000690112366,0.018193546877829668,-0.0007883408858092642,-0.015073556401368367,0.04615668113351514,-0.001594422883419966,0.014377305499387835,-0.04725415084672041,-0.026999044450522133,-0.03754536811152994,-0.03267687421345027,-0.023953833130165043,-0.010382674403776647,-0.0158571342335018,0.02128576804368502,-9.622431400280446e-05,0.03084625283608024,-0.009175747268444766,-0.031137527689819696,-0.008972549645369251,0.00643519970784464,0.01973967758324224,-0.008062708895945816,0.009479054604815823,-0.023190093358827168,0.007792473481735978,0.011786628452777894,-0.012304787402073645,-0.01022266759107068,-0.0038561232508172324,0.005682432334236296,-0.019329504660367643,-0.028971902664851352,-0.022383322266469833,-0.002129477872419052,-0.009403233092942649,0.006535378955780729,-0.044518202222453174,0.022457301604031536,0.009343158066137678,-0.04988983633305684,-0.011922323394349654,-0.0018186181087972875,0.0013133066166312786,-0.016654747908374585,-0.020420639023512197,-0.020425172284101293,0.01296925627274048,0.006947129059333455,-0.02546407230558963,0.028499310192634117,0.028424311444307297,0.0010887153243241236,0.015695581405258795,0.015301381258014586,-0.007093976865801024,-0.014313472246199343,0.009015422424281317,2
189,0.19168935725007802,-0.042940160134319144,-0.12256365906190195,0.019511797413825648,0.00879590433742815,0.06138489189175534,0.2577141667518089,0.16291873749249974,0.30042381240805316,-0.06444501646633251,0.04788421294880705,0.21767086593135387,0.00865777364991181,-0.018369934982142896,0.15279374890834832,-0.031432099205205746,-0.009502186784951834,0.0921887517623831,-0.06984572548597291,0.057319879471782534,0.03488870260829988,-0.02539230424177583,0.028284619936240145,0.024893179060525517,-0.08875607227288332,-0.0394810081975561,0.040132843283286396,-0.10524413206860711,0.05817263901404083,-0.05281418069154279,-0.004454132860529754,0.14392200476881978,-0.011033307557948476,0.11923704467986306,-0.006552772556629065,0.06304010602939066,-0.09858943728659626,-0.05840508187625383,-0.11819879095976032,-0.07388824703981468,0.008541760469241834,0.024416566461947415,0.053632987778748774,0.06726598746095787,0.023229519886710123,0.027140014157770394,-0.008189107284847627,0.004436886440916626,-0.06627675189903438,0.0164961541009159,-0.07636397606475132,0.0987341059893683,0.041409262845539745,0.02230764085552105,-0.025397751863437963,-0.011113480136582855,0.08353375671122827,-0.058237581323966045,0.04681033081396975,0.06193102666557748,-0.00956653148700155,0.023703499629000077,0.0030636724490575758,0.06707999505318306,-0.12151819264177342,-0.04419916458353908,-0.02664733378754122,-0.10393646807322468,-0.11524808524984151,-0.041170283709566664,0.016229008330829114,-0.010262369671791047,-0.011173503548829629,-0.08742477238050798,0.0946175237361284,-0.030902687796131353,0.09810404645023338,-0.05525744735358258,-0.01736312878811487,-0.054828303098364714,-0.07116277136463565,-0.002152182862066299,-0.013723049595169918,0.018693148512442036,-0.022843726649724238,0.02580070287067291,0.005319979466507841,-0.03270597837266752,-0.06625838904261827,-0.018943349129031825,-0.026168804476621708,-0.04371806934102458,-0.0663195839544534,0.025249811951684686,-0.03817962013788248,-0.06342230853106365,0.01689879212890597,-0.051929571160468854,-0.1189531236926221,-0.015045948249539762,2
11,0.09325183384807492,-0.0017401852865319128,0.32050662635417926,0.027136649441550174,0.09837182843681039,0.20473770322366414,0.17338864156793077,0.13668673812364301,-0.12286060482106298,-0.006812349472840821,-0.0676407637559704,0.11774697197026633,-0.03524472338561606,0.15926471428235148,-0.2437052964272434,-0.026953342928954297,0.11270129176716241,0.08900436207814995,0.27289207301625695,-0.025050599221351215,-0.30282017164508374,-0.05668719703186997,-0.03119633797689594,-0.060875364238301234,0.08324084401830013,0.11535256542763318,0.04454053934755518,-0.021553941532626422,0.007506072719577613,-0.05659983175606761,-0.02217737386321162,-0.012044726771708677,0.08714614767423623,-0.026450647444236124,0.0317300246718603,0.03133388998615399,-0.005518754078317501,-0.009203278349437634,-0.00024242275995514065,0.010530979668781438,0.029657261071957403,-0.08192946749667253,0.007263615950368993,0.014624644238357352,-0.05468568820576518,0.059368441230710986,0.053126751541721653,0.07511869171846697,0.027207615650429586,-0.025989021235909026,-0.021887470703593443,0.07987820030034395,0.06276391067145347,-0.019045998079805813,0.009268719406453655,0.005067695502056529,0.014975216323974595,-0.04388044759496222,-0.020296314431862153,0.007868231954339064,-0.015764430951381296,0.06502944936311475,-0.02358377804611676,0.008978746782566212,-0.025012091006840362,-0.06923864597201482,0.018800966234452085,-0.04390627950128275,-0.03821212267188508,0.08212406248756442,0.0031181711953837507,-0.027890954914046213,-0.04782889161438188,0.09965766877187135,-0.022277087924408658,0.03561125151325774,0.06141828992380425,0.018584499578613585,-0.09308046592033706,0.023917777352470013,-0.03361076294191995,-0.033570562617684575,0.012227441510792912,0.02492647533195203,0.007140433200310729,-0.028227930155737987,0.012623432205913693,-0.040387225448300666,0.09586728195723343,-0.02395410196917799,-0.033710748732747924,-0.013017030731169232,0.006230058221635644,-0.057961775374426386,-0.06244261369634317,0.043352031474694776,0.06624694482040393,-0.01403752354386546,0.018207285750469752,0.012564441278786736,1
48,-0.003753440773806176,0.020615749651388272,0.09890235112383143,-0.037765404486088,-0.05529347087791018,-0.035584189071094605,-0.06761634058174681,-0.11872026627038303,-0.005441468548621079,-0.006156143991634544,-0.01381965627153966,0.08552994754481824,-0.07347252156673811,-0.08576993316200568,0.03467800262168955,-0.054569546334169126,-0.13060449639065927,-0.13737082374804668,0.03159209573440679,0.1281836772540399,-0.06980999182135905,-0.01910276346086105,0.1637543266456249,-0.1133508540796511,0.036578119967690406,-0.051064361946410446,-0.06260307954139191,-0.18961277116182407,-0.055665467340268004,0.40631185963227373,0.30033390508620034,-0.09515810013628861,0.16016017709066085,0.030519996093693047,-0.031095555864311085,3.131779632016041e-05,-0.06751492450464776,-0.046952861214196465,0.0400825581679603,-0.02524140975967658,-0.11117059846529853,-0.09944549182635942,-0.03814431637839439,0.03470861302859794,0.031299980560861966,-0.04924656800712753,0.04127859436857069,0.013738287262811854,0.006307991391239535,0.043454439564207754,-0.00017525224696732515,0.05375903107762513,0.013917873649831493,0.00789055829250415,0.026188731923830002,-0.004604734183243904,0.06486251852599796,-0.029072678653368864,-0.035243604102519505,0.06748941468616773,-0.02513204103042199,-0.03586883065724335,-0.03654160229585243,0.0029846281038277043,0.030541279629496505,-0.02340087181799057,0.037715314139315774,-0.01592970555748312,0.00895748255194676,-0.00804367788389408,-0.02827745640938564,-0.04053749516062336,0.020570851597006917,-0.023783175743547432,0.011635503842517495,-0.007059258769844359,-0.011343495870774326,-0.025042220958257148,0.0568679161337129,0.038261321713814106,0.014067826774046872,0.07481423450694215,-0.009695743323105343,0.0036131709610841035,-0.033055232693846706,-0.01625199384864714,-0.0025400368312710427,0.07002476342283893,0.13258843585258603,0.022032897041907237,-0.055790128560570224,-0.06841805037067503,0.06487615514418767,-0.030870641543328095,0.07523009939271241,-0.08206418880872701,-0.03319601474323034,0.11656003102585208,-0.012897511816484833,0.19299306590025705,1
67,-0.19456328263486922,0.39469735868801603,-0.1364628743759888,0.260701394695494,-0.03956741820956876,0.07422228875277456,-0.00327590779850574,0.09569890824448127,0.008521648549899822,-0.08491264345556034,-0.06864862308368377,0.0106704972081635,-0.026238243642581024,0.02242933307990127,-0.020025747187822584,0.00636214092395722,0.011157670428680079,0.026952229088787204,-0.01830124404184602,-0.003440442708791101,0.02389565343744671,0.020609610040398046,0.06470313792313918,-0.04606010916997178,0.033140771277109966,-0.028008870624039915,0.016237731977192922,-0.029909010563653117,-0.09589334431015667,-0.04579106644992661,-0.03882247570697618,-0.12113525234169983,0.0632639492269016,-0.07153706752641525,0.10776707894185421,-0.07245499245705493,-0.09954029990716531,-0.0996396227626324,-0.027934756480710008,0.14142607602597462,-0.10567775984199394,-0.0769193046812614,0.003202201509535873,-0.014910614129556351,0.025474297666939493,-0.0866322623589641,-0.09636889042303756,0.03338392194267264,0.014327138905663674,0.029821144395414893,0.01503451341842323,-0.00680789787262812,-0.1314538226930073,0.02597427476956368,0.012533298520173774,0.01084756419041274,-0.06710781646422583,0.008487609220753454,0.032928736947525065,-0.01869147001067578,-0.08615570414069795,0.012799202216168648,0.06247776075132584,0.01156789305519187,0.0934576619951012,0.061905618825908254,0.031051518786746394,-0.032423655070066684,-0.02092835759137427,-0.0186416829437927,-0.0740196487810907,-0.057928737287543615,-0.020413723409809778,0.007399515596053921,-0.011450801425906394,-0.007392282419363342,0.04967362478946062,0.05601851989319527,-0.04206531130535168,-0.09970312864155717,-0.023471137770560216,0.0027832731248514505,-0.030893693393435114,-0.01860581420849689,-0.0485351835885348,0.06747853049845698,0.09979594362459328,-0.01075153194696003,-0.0009488121571950025,-0.023238725381205163,-0.0349433357494305,-0.03912711570238651,-0.007364066758192046,0.030148236509391226,0.09907410374743085,-0.02264906540144613,0.04131542136741045,-0.03361383395944357,-0.0378149880298818,-0.03194001046150575,1
142,0.1512927077923009,-0.045548013331049735,0.023891234698847012,0.03576410213813232,-0.3066088288101544,-0.371116579491994,-0.40383749401004543,0.5122231102676277,-0.19945073564995677,0.06150816349238906,0.03683503419985581,0.14611736461886637,-0.04672396161346126,0.0392467361749881,0.04191063604859999,0.09719502964840084,0.06438470414126203,-0.004966598594816195,-0.04123301483229,0.05384672637911224,-0.018645750694623948,0.02395624430237141,0.0033809699360611437,-0.058038242668098,-0.05938678431560201,0.01610272900936005,0.06879286879226448,-0.03296392674859719,0.00939602884753603,-0.0183962455130785,-0.006645342483046562,0.016685014916756183,0.0140162436601541,0.012284665153955219,-0.004289890613147454,0.005184186851176181,0.02504615406314032,0.03253137232018964,0.025982078012504174,-0.0066321730182112865,-0.0007890047222551429,-0.02478651883427572,0.021654151357006237,0.022837362205017614,-0.0038319255249421335,0.0066057893082428374,0.00829677514129059,-0.007660103882637626,-0.03351751142242392,0.026236736467694116,0.013547030714430797,-0.0031091619520475606,-0.012087593194307468,0.018937864861516062,-0.013913943688884288,0.019383336853787552,-0.0033873132665809794,-0.018620900955840403,0.013199568187928052,0.02556328739212654,0.02355306059207583,0.0013042178818723276,0.00875605454902431,0.006414793545271775,0.01039218852179656,0.006044176998815076,0.02019847427296895,0.008067858312299135,-0.008086295439153011,-0.0019112302879852208,-0.012373368949551624,0.008667118691523939,0.0011513228774738776,0.014198996703525323,-0.010940097860788738,-0.004262144373070101,0.007880710575241057,0.003522766564140931,0.011367550136641435,0.013668826237033213,0.0027512689554132675,-0.009644150695240227,0.004221929942213063,-0.008051139265619192,-0.014868477520371546,-0.0006233634301967233,-0.01560092581637045,0.014465446472639183,-0.0015537761942052831,-0.025380414334007877,0.013982474576017149,0.009145702962144368,-0.025300877007134005,-0.006243896416661727,-0.014712935199985767,0.007268171402583328,-0.01820818630006044,0.001435910610298708,-0.007375169978904752,-0.009251865431789344,2
31,-0.022228070918540475,0.015038140969826242,0.08783425024779155,-0.027635409597067163,-0.010259634148708839,-0.011972689203245747,-0.030824450696208615,-0.08911466229885508,0.016525836882394767,0.01285405620512857,0.0014027702508566601,0.04980282513943697,-0.04041101834898731,-0.04149393138813701,0.07229486977397408,-0.03243209682118145,-0.11120271726413056,-0.13737585481953224,-0.006662270293155516,0.061641706712841964,-0.04818422604869268,0.04011478177438585,0.16850225761290433,-0.13517986775856308,0.0339313750995657,-0.009958767156458817,-0.05018110848508835,-0.1695598294134824,-0.06645917922632603,0.3983065076636722,0.33187074915046455,-0.08293670155291867,0.16620785959274664,0.030547551713648553,-0.00929002351550762,-0.002984748928859322,-0.15393765867529322,-0.07781677612941024,-0.002869858699340914,-0.08010903551128302,-0.08768422457266192,-0.141610667817714,-0.030768836118035398,0.07785902889529092,0.10705769333519363,-0.035030317200443015,0.05739718658190502,-0.01234247008269127,0.09646426717370866,-0.01970966482298648,-0.04816386457093758,0.16685548599492506,0.05937006954498991,0.03625907177891764,-0.0006106017228463638,0.022930525206470667,0.1743131911258311,-0.0011096447712229463,0.036497319616988905,0.10682272559006033,0.02974770217276699,-0.1260799824419075,-0.08536847865801171,0.05398118773130929,0.0687875449067521,0.02034861881126627,0.04991402946227157,0.11678432419286813,0.03170672579718089,0.06835509909493613,0.009643560311711144,-0.0050666272663083475,-0.03027859240697175,0.06009346135575988,0.02908612403550956,0.005550588013819747,-0.03985893188975757,0.007141496401034236,-0.05610703785236165,-0.05537090750406844,-0.015336320620960154,-0.03798740077461197,-0.0025884689406584474,0.01731965367774355,0.01503863726025464,0.03426604051280688,-0.010231755547005093,-0.05136171703637575,-0.12391475158107745,-0.000920568057491692,-0.01604939694524234,0.08455325866173871,-0.04879087703547757,0.015072991643673444,-0.07317985334929861,0.026173168394141747,0.02626032366578973,-0.09853260705173214,0.036133568016741106,-0.17985060637032407,1
26,-0.11729973241514413,0.028599683504082197,0.3098331632377615,0.11116443439540684,0.012069348714696589,0.07811535116024909,0.02355552999446964,0.08408986067344541,-0.014117629248086629,0.012340347057701307,-0.019694647069936268,-0.10058603863954159,0.019790562652661055,-0.032806233913918036,0.03698769527744395,-0.024950663616125152,-0.0728338466180952,-0.021906574150764184,-0.05177168787008947,0.02612183659859077,0.13354715553181423,0.06343464463808356,0.1628056094536182,-0.04074766118495992,0.016226742957469283,-0.11096618911349565,-0.013438963569428647,-0.08870744818689442,-0.006895442657462539,0.047293745556461604,0.04180861744466149,-0.08413296002515917,0.02659144261135322,-0.020711186686218522,-0.008288065125534828,0.0271615407452096,-0.10843028752476919,0.011042110889303488,0.02284514714581367,0.08011379781151591,-0.01584378235755632,0.10614659903914084,0.007932448593123628,0.029186546901754214,-0.05814862273278739,0.07524318801110418,-0.0065764061752616705,0.01076551456051796,-0.09549075443006969,0.0865562280448106,0.10948234666593086,-0.10301805571468918,-0.07936059176718697,-0.12316145586611252,0.0028481063569833326,0.07666210713732718,-0.05094465161086037,0.024552141806855093,-0.009744379946514128,0.010019631982014388,-0.048329026824260775,0.19649627040342182,0.13072572355277337,-0.151228634267539,-0.02119340719269908,-0.010887928339844557,0.0526731125757424,-0.035342269665546926,0.008916436861830078,-0.05272574996144487,0.049670113020769284,-0.03551719484194125,-0.007723555314569296,0.04332770953482895,-0.043644830518811836,-0.08925210140451581,0.11605141694971947,0.033064179803383546,-0.07627655425896085,0.07152027217404572,-0.0036148497955569956,0.0340956905963206,-0.03337376566480357,-0.2252027707454333,0.03901083005519248,-0.12288030952490397,-0.011868807924564947,-0.1376762035340564,0.13102684124696617,-0.019992745960821314,-0.0029401231059700476,0.006509049628706349,-0.060758711025009314,0.08941347149651087,-0.04804677271163189,0.17150022235277362,-0.02607850264097175,-0.09584915293520975,-0.09226941932270491,-0.11053075894731675,1
84,-0.4444358470947222,-0.38345401473923074,-0.11683045917737236,0.056985951320279615,-0.11755497175839502,0.0424569906411959,0.03737497558071207,0.00394814050411919,0.02272705048228073,-0.023125418754146906,-0.022261519442722724,-0.006173684658044112,-0.011751639558004854,0.053396472734300704,-0.04443704653403619,-0.024289414937440638,0.020815075583849364,-0.013903064973258506,-0.01167351857788989,-0.0072083011199425,0.022386193385799828,-0.0055123053267587705,0.047139452892380106,-0.020670605276455676,0.043101645012885,0.026432278637670562,0.07846136363311575,-0.023094434986308317,0.11083352600072405,-0.06956915967323456,-0.000354687869276183,-0.11001207206443614,-0.09342130441685599,-0.013764590897628257,-0.06338940697047946,0.1521783781694393,-0.06792556556620509,0.18237437556196479,-0.0696226230124937,-0.07455276488185911,-0.052218565523507406,-0.12952798782164898,0.023923475850088353,-0.010934191497597374,0.07649248561681739,-0.09348439890566099,0.002643576420906626,0.017467906164512652,0.03281038260214852,-0.01111971085878045,-0.04794725758383627,0.06630072186620996,-0.04975463827831997,-0.0782731618942298,-0.06534374111764547,-0.01843900950013701,-0.08381929190908731,-0.03994939036017415,-0.02920015470894594,0.05553111007620906,-0.05874700680868923,-0.04289595799246736,-0.04653260812599144,-0.030640582393791378,0.005416570389135486,-0.025879819122749573,-0.03630407212671753,-0.0076679195119820414,-0.018631012903782294,-0.04899429206603933,-0.01671790192904612,-0.013883928637639674,-0.027775121863456907,-0.025172238135091375,-0.06929108492913828,0.03401312311680874,-0.02641390090534552,-0.014116575050013517,0.051114968057363486,-0.06862820383894534,-0.020064754221145533,-0.09256436963733436,0.007515724324141813,-0.003304881564903409,0.023083738619178517,-0.00816964755106265,0.01918709022561138,-0.01467454351311896,0.029373984078451466,0.041418493070740664,-0.011856344484405444,-0.017513850736537804,-0.04387260306491029,-0.05719165420809987,0.00023980041679046648,-0.03922033312073626,0.026536264755815612,-0.07579040833634298,-0.005044693716622089,0.04438161490776539,1
54,-0.4303802361767231,-0.3542452344941518,-0.04971946091216068,0.08827465725808034,-0.18481648936425277,0.05739986196961286,0.044571873501015644,0.0021651669385960902,0.004208392553278748,0.0038447493250926192,-0.003608859024937383,-0.024018087891531294,-0.011886100708138838,0.020192320939891,-0.005550502089586456,-0.011822219566829602,-0.009828044666314938,-0.02735222079780732,-0.025810402009299436,0.020054640063462283,0.013029624999839241,0.005590346829323286,0.044216183122820565,-0.011134179389047148,-0.008152054302228512,0.007212832795654516,-0.020984849867276743,-0.003927469871563626,0.00476103030383692,-0.020824705402733183,-0.002088065068152751,0.03781505555110793,0.012829213863412584,-0.06151415862915683,-0.016665628340729897,0.0025129005958978027,-0.06117250773016781,0.03110933205867137,0.011745983164759475,0.02222097440624221,-0.024453183023385002,0.02030468930922866,-0.00041735760072894406,0.0127377915398249,-0.06306785358634252,0.07171055485718078,0.009165458145752954,0.005077614530901574,0.014762650156517485,-0.06743294116133554,0.038227855961386344,0.004055572883187457,0.045483861142451114,0.08131700406600711,0.02746861195796598,-0.02132426097052136,0.00882832737519596,-0.005218426020384333,-0.016762564792013566,-0.06502882521088856,0.07205207798459888,0.05566289170598099,-0.04544720316483796,0.001890473499457862,-0.08548289901189735,-0.06332981157701678,0.019250451980886592,0.03462383366150524,0.016333399627344463,-0.0463021187648248,0.029830230136487595,-0.029705285932558962,0.021371492142124773,-0.01917363860123099,0.05681298856185267,0.12052459503816743,-0.03252868788736523,0.0178118351140708,0.06338793209072051,-0.07213464667790058,0.08842887445199608,0.08759825769996898,-0.006263933451615247,-0.10804104163103855,-0.1350012622929185,0.14215972996772008,-0.08461435813838987,0.08777051146645498,0.03097583340955684,-0.04477613057327208,-0.11925859451682905,0.04191001974425244,-0.02333639446562242,0.05080305642524326,0.08702535344046279,0.03118571080533934,0.10252489927106136,0.056607879698274584,0.02539098834838138,-0.03382006576291682,1
149,0.05880953600771368,0.007552338767566624,-0.009053172126199414,-0.08512730338319807,-0.05446560347775579,-0.07650362999109594,0.0058781756672104685,-0.08217273816218443,0.09879684586943702,-0.13229897424089246,0.053657027939987285,-0.06881873015752643,0.5752780854454689,0.08897013518003784,-0.05262794308340058,0.41414334324083824,0.10145720990108302,-0.20445754045734685,-0.02578590429631011,-0.05659287025458659,-0.04487179327519212,-0.0978203387261051,-0.0374527886989582,-0.06521968258317189,0.03701754104379752,0.03525537049447435,0.044796590663807666,0.0010173297360599593,-0.05073709306398018,0.04162613573653332,-0.030041830018596137,-0.03508233324975669,0.03109578752437191,-0.03029740924790688,-0.050122434193670934,0.0535545391932606,-0.018631361678202958,-0.016881375078587453,0.04895068922261524,0.021286040298146753,-0.01330606981373402,0.022061107696623047,-0.08971092097485481,0.029240481844044472,-0.018038898023958454,-0.062077423385860996,0.019288389563950285,-0.009165120054427727,0.018411151091646566,0.007757107297722957,0.016369333249261733,-0.0034895616358499235,0.029645964411365633,-0.02220037172445283,-0.008067605240396455,-0.024631109270934145,0.0014503376523322337,0.05674123558238682,0.04238122535010587,-0.013731744096774301,0.008375377546539227,-0.022388017141405668,0.04080799323997065,0.05432314062007612,-0.08343010363728488,-0.07094461035529938,0.02928010268171055,-0.02235648694336345,0.062440773022128374,-0.05823815543353354,-0.05924646403637032,-0.045254641242274504,-0.0305759124687216,-0.011072620398817368,0.004210548980404843,0.020991252196216316,-0.002890967966132922,0.04560314881875824,0.0067570281787927575,-0.045039241559215015,1.790006796665564e-05,0.009413310379958096,-0.02453024875637193,0.02253618400483091,-0.03716310836091497,-0.0009257091174754634,-0.03999541994313497,-0.002339038890790267,-0.023033225945674776,-0.012866543283945061,-0.0007792152643377391,-0.05676409510769619,0.036099902829532626,0.0027422633696291315,0.097485208897044,-0.02150184947339413,-0.07452696279145578,-0.047097330411835225,-0.041139056718883384,0.008480246351234969,2
90,-0.08775097176734344,0.20936254418973513,-0.07181808689038918,0.09229774282402745,-0.014270035192925716,0.023600643210470774,0.014707614369296467,0.027682790879480775,0.00025866865101408334,-0.08513865186707639,-0.049375132840905556,-0.02988383610849822,0.015692453099070955,-0.021245506987653595,0.024121042127472934,0.06903305520598768,-0.07405005512412359,0.026443284585473403,-0.04355475045035332,-0.04800888683945881,0.03444560798481951,0.2724841429150589,-0.2014328720660597,-0.09697170791757617,0.07252381283506543,0.002895351854849305,0.030777207083852242,-0.03311570006823941,-0.013920767497679927,0.07241438962191415,0.06348430543272092,-0.04027954994066131,0.03139630993387823,-0.07429126894693634,0.022007430204590943,0.0778180574965236,0.24866864842365627,0.18881296500934613,-0.22945787783823973,0.11207301423877217,-0.03667650060283698,0.27844302882955996,0.13266158888263302,0.062358978929616456,0.10680266034461068,0.10166596750229037,0.1093616097309385,0.0127489636836802,-0.02054256863797705,-0.09636012640561337,-0.036895640035866845,0.19968414203506657,-0.05524339639067148,-0.011787076162764547,0.08138589669270868,0.028651151689252478,0.1104327507267372,-0.026940405322086244,-0.11062796819700124,-0.008182124798552194,-0.021688783565977983,0.09343919568489983,0.03773525733626932,-0.061715296804618125,-0.09444919414852004,-0.07709307269419156,0.06256168015854434,0.013552173598195738,-0.015432514363178558,-0.030497122884633857,0.04593111155605112,0.058268144348303845,0.06139687651932546,0.024992964998830983,-0.03409358806115533,0.08255120612198336,0.07136766877772492,-0.05837550717575341,0.03050255519477717,-0.002976910037915023,0.03693969379025442,-0.035234752430775736,-0.0014027206598150692,0.023632307372902835,0.066229433378204,0.027334777538513075,-0.14260072979887164,0.10596086479879917,-0.03845294729183636,-0.004539542901067261,-0.036767494166612576,0.023932465880776427,-0.008892161002095935,-0.05639377469472548,0.05012820589905348,-0.018323078358548676,-0.0550915453185772,0.04655240884901864,-0.032125496750884525,-0.04378292757824801,1
151,0.11404459693162328,0.007288631188455719,-0.14086370005579588,-0.3712139741708052,-0.09290304288226768,0.6965894687596789,-0.4439999786813005,0.05870055461571619,0.05571738067228828,0.0630655551214348,0.004404366819363992,-0.01416291613099924,-0.0060654478416886015,-0.04436871355416032,-0.0015395302784688048,0.023187680330522636,0.010670007921093816,0.04037920646533937,-0.08225256160378977,0.022172884274154352,0.010563811814510972,-0.012690556552344348,-0.01824407606499015,0.045852719061640186,0.0234599450319851,-0.012197352396740113,0.0005930875885744062,-0.03769136530216815,-0.00015274792704482942,0.018773335705092854,-0.029689002698128807,-0.007430457623993751,0.025061410217938805,0.006382038727866643,-0.034529891772632666,0.014643199361761823,0.008618393039420469,0.0007178671138265518,0.014842558333486067,-0.0029897777995409867,-0.01371143959644465,0.006242559460086692,-0.0002804519802566711,0.003565065471958863,-0.011349335697437481,0.017432572069682444,-0.039734028134554476,-0.008693156926388813,0.001911803403121777,0.0007769874228269334,-0.01933071588546541,-0.00033009119107143365,-0.019983065742561347,0.00023556046645199476,0.006790924115820338,-0.019613174513429452,0.0003156281959036471,0.0031084718811569484,-0.010584758732388904,0.003650413755217336,0.012099162044694236,0.0020618701240460767,0.0027482783571031763,-0.008226365745045058,-0.017998202717842218,-0.010763278645098556,-0.0029976374401445736,-0.005056364561744159,-0.003672071893675001,0.013393292034443574,-0.0072133960019134065,-0.0069418744434253075,-4.9689702730644554e-05,0.013142222850063345,0.010456228552075435,-0.00606569338774804,-0.010767543082211338,-0.0020987663590120377,-0.006237528696059815,-0.0021766399722537937,0.009197423093178971,-0.011006749198679907,0.0015455757253679584,-0.0066004720059538256,-0.006080657651160886,0.002340765370341689,-0.006754315540234993,0.0015489504030878904,0.00836479004975635,-0.01450800714509932,0.014567888749046073,0.007323979250276552,0.0022793473992023883,-0.010470677031304233,0.01188730774541577,0.00885058261938752,-0.009214810944057286,-0.004645459510831193,0.005252790957968592,-0.023085306935044184,2
179,0.185407523682364,-0.03896817974381935,-0.10529105784648399,-0.0034187762896762857,-0.007527784406585668,0.04349119447917852,0.23621877046268316,0.20698510671740106,0.24557134734767802,-0.019083454125364593,0.009220094288326309,0.1486822461891567,0.009728462022248053,-0.006044119646632399,0.10776006105743949,-0.07208340783454154,-0.04259521572858235,0.05009749398304609,-0.034775443387351425,0.028380762186899194,0.02672648900827039,-0.043902851827024886,0.021394974617010443,-0.0328227208581138,0.011854516814906213,-0.03291777670080754,0.03459764321373253,-0.0703144989028467,-0.015904777252917224,0.01245301484363367,-0.04051918567295528,0.05070577586718234,0.027898587679755244,0.046223742822886334,-0.0026277617624499154,0.02673577346740367,-0.0066884910785039164,-0.026914792714053375,-0.07339632634299743,0.009980412768982221,0.050837531542646835,-0.010428814744075102,-0.02647560672497383,-0.00796987356233424,0.06011123435527693,-0.05881616304970207,0.0372516982951768,0.07778581987445095,-0.04913593040988026,0.014685851742764551,-0.032985533273301566,-0.11254537792403396,0.15677228242330452,0.024248171093513203,0.08948013053724198,-0.0873124597095029,-0.06514176367743965,0.015640891116241902,-0.091855230543701,0.07991527147892953,-0.10225736388154934,0.01638307904231494,0.07858977173501595,0.09642077498112825,-0.037492007143320155,-0.04372415027731316,0.10724621823136048,-0.031029427146167823,-0.14175724629967598,-0.0009802932203058332,-0.13818123617119185,0.01512817762352601,0.0070615009181865095,0.131077273027854,-0.17541609520886822,-0.01730571087484907,-0.1110626310248977,0.10614409003592068,0.0932957609909982,0.10871150453402632,0.01303845460805331,-0.04959656049313098,0.0947910895026991,-0.04118551805503757,-0.17618033575671516,0.15720944794501782,-0.15277764686950424,-0.035521099688751556,0.03764438256132853,0.0666414137872356,0.03828262565878183,0.11128728962199114,0.2538697363574862,-0.09132169922664927,0.06736279477268368,-0.06596044981176788,0.024613036674625388,0.010911148078955636,0.02954242396262629,-0.005755060198230196,2
199,0.08747953824324065,-0.012261364177210594,-0.022611254411847623,-0.09279255100799845,-0.05875412184552524,0.04434815177410097,-0.0535113151251464,0.07236975466349331,0.016089126946427588,-0.05100061864500449,0.059031874960328655,-0.0721466215923675,-0.036411885627560744,0.03330623138730132,-0.008842253307581644,-0.0658297440160042,-0.06383941328273766,-0.1967320244130036,0.012142008693120026,-0.10659135966442526,-0.1162411657488396,0.12417744032063074,0.16322108810836825,0.07395844578618788,0.030138475266389957,-0.22277055594525277,0.028311271728649372,0.08186897748588123,-0.03988239414439211,0.026379777389908706,-0.1998732096339405,0.08367712700415772,0.030761998183065076,-0.007870007060735656,0.017594716279187683,-0.043021030100085754,0.10954745184298108,0.04775163861097451,-0.06907138415169976,0.03224195679518974,0.1188164881792078,-0.14670776822752474,0.1352276441100519,-0.2264969455633916,-0.11281904631584068,-0.11642708233191007,0.01298765367245783,0.11872437660267228,0.03146540930687428,-0.04513872387586668,0.03221265757905929,0.17802035750392142,0.050977279396517805,0.012227351320549239,0.012015409330878482,-0.1475449254300146,0.025109468315237256,0.10515054978851134,0.01886499199334378,0.013572835241476724,0.031443129899017874,-0.05300686048021115,-0.06411497886317341,0.08073457882644924,-0.04335400665623848,0.16518602511817448,0.08252098340592613,0.031386537443776646,0.1446642105467738,-0.11473328987952647,-0.015261832525264666,-0.013425839940732147,-0.014762481689719048,-0.042347444494713116,-0.05604629933171727,0.08874970024219869,0.13111745736475902,-0.021460665941370922,-0.05720373939443684,0.031676287495733334,0.07897394277628043,0.018915697223901993,0.021593722730431707,-0.03471312501295082,0.050541309342741994,0.06355787484843553,0.028966971346828106,-0.09172332019793317,-0.08784457241184893,-0.1034887099319776,-0.24906639628552238,0.09839855319196006,0.01829286636882128,0.08584117719465513,-0.13224651299015724,-0.053788022958372955,-0.17452638288427694,0.05604877497771191,-0.097799775283387,0.194115851700467,2
129,0.42607207892159976,-0.2625320823259911,-0.20743100569234704,0.4382743991682104,0.11306832296661447,0.09583013637380987,-0.08843396490537521,-0.1501736399352773,-0.1349461383768369,0.07407775281745606,-0.03746074711379209,-0.08014830660200994,0.032642681655210455,-0.026818117151782107,-1.9961633906904813e-05,-0.03322982569246732,-0.05511297805342238,-0.036861030712812624,0.01939404160535574,0.026952486142012975,0.01259645638607587,0.01945182445582156,0.020905553207027056,0.010825305634427036,-0.04704194605146518,-0.029649938508096812,0.014767090155436435,0.010693360075761497,-0.00723145578742352,-0.00264874580254493,-0.010946121848012884,-0.004876707687584548,-0.02281499413362948,-0.028294470371252517,-0.004111833108659319,-0.004400074422012556,0.024548180731117156,0.025300528690504906,0.06467340021222369,0.027653665617428703,-0.031148972259961,0.017772487182979965,-0.036781649815529976,0.027142831377504197,-0.06656819693572798,-0.03357414559889997,0.051393795698934666,-0.031230648988577574,-0.03638390123227865,-0.0178414000205743,-0.019927498565029324,0.018403695743518834,-0.012105802697144862,0.056100144007699596,-0.030106014240836542,-0.0013862159051451998,-0.03159544781514065,-0.04396657401673758,-0.0014528061051149166,0.056538448884562865,-0.013202438720730146,-0.002235806951486499,0.012623675190689972,-0.02474165009844327,0.0580097437421893,-0.01599606537608281,0.01626781503024646,0.00813078864935296,-0.05842820710988012,-0.002800031510592128,0.04069595674320817,-0.026988437218004303,-0.02849282622721442,-0.028293516588895316,-0.010577504034061583,0.004371764606150637,-0.002362533392907345,0.03826552118028784,0.00836103851898547,0.0024634377886909088,0.025481576673395512,0.03530335543102106,0.045125700310985985,0.021680135026230823,0.0014830079812637557,0.018435662394411422,0.02867533027823489,0.035015540084839425,-0.02268313049164689,-0.004858198619028949,-0.005904584992734443,-0.011744788674259727,-0.027462842186751192,-0.02284444771614875,0.026119656622995133,-0.02004156266933725,-0.004003339776559972,-0.03842774341733064,-0.05686637428883233,0.0016689994152435958,2
5,0.026689298856676053,-0.00149008282243953,0.3597636775195574,0.09026562221535267,0.037858576845203926,0.0695127656538263,-0.0002044495398542194,-0.038835687289426706,-0.05495140505226222,-0.03212025383277411,-0.04768911897624062,0.08113419719708034,-0.029154268231170018,0.002050579490883696,-0.10619991755969996,-0.0027082224279558163,0.03607581802398194,0.01918920519061276,0.05287498404744388,-0.052943765288824315,-0.011109800325311718,-0.06158915731862806,-0.0450595722471958,0.07873912803005326,0.02360945843829709,0.13231287676895653,-0.03217944564864245,0.00465056089979845,-0.04542138664615058,0.06306941951608343,-0.055788041519738235,0.09028059223678928,-0.028197537505573234,0.10389361335608896,0.034676135458976194,-0.002573607868484844,-0.03204276082428969,0.0407601542241268,-0.07043875303468727,-0.017913790509823984,0.03256891026622984,-0.07786529055033192,0.0904169670292927,0.030378186710254277,0.1616085422907561,0.08703220834988808,-0.09662470101701814,-0.08538160814366326,-0.02733181693342163,-0.050090948484555343,0.06617381728878986,-0.06883193477431286,-0.03943209024478928,-0.10507547431032103,-0.007011923067040395,-0.00789659002343345,0.00655460721334179,-0.13871057259692388,-0.018073004503725783,-0.011883654014165806,0.0729304159845037,-0.038740058913842086,0.13114168501529225,0.06516536828031465,-0.05610561524473727,0.03216028201505731,0.11427422576634952,-0.019983122005703614,0.0029211550720741083,-0.022131927353676167,0.03232254942535167,0.08910500951312623,-0.12948619216314636,0.030026326053367584,0.03318709766875259,-0.03518484822867223,-0.1565999532638296,0.08672262666993603,0.03509301371306533,-0.007143409247875365,-0.048980193092623414,0.02343487165822448,0.14881508517247213,0.18839013661169127,0.05901074630214968,0.04071777781727358,0.05493000193995647,0.2226327378137402,-0.0922135044138376,0.04337925473734236,-0.042841282566142766,0.001630964827361249,0.04678093307475497,0.11741532372565278,0.011925596136754696,-0.03383708620459035,-0.16432986648351489,0.20889361793590697,-0.010658130333187776,-0.18642407775815345,1
104,0.13340544595282489,-0.03769754796010212,0.017127740516994245,-0.006167399479414778,-0.2771490659125814,-0.3652322472222275,-0.3543202191865776,0.38532070793393225,-0.17436958679918993,0.05421184251493779,0.0061797418451052044,0.11227058307935954,-0.02650185010180193,0.023752261048441255,0.04683587461202798,0.04961688390953106,0.053097881185213816,0.024927878472366993,-0.013036180895026785,0.0466968728276059,-0.0200412614517957,0.007665832420476587,-0.01902398976062291,-0.026819950702748875,-0.06594352971014875,0.011584375928427877,0.03606705373849089,-0.0705121919621214,0.012652134352350592,-0.00932695158376559,-0.014299174753269115,0.011609965019486673,0.0016934986129337666,0.01214573471532769,-0.011092828447772742,0.010056668509157927,-0.002103277842153797,0.03036402813529271,0.05690178009841379,0.006334601980833667,-0.017330562639079613,0.016416056654869567,-0.0020216767115697892,0.05339009995848151,-0.016407775973138156,0.018131149715713613,0.01642581391352699,-0.005869864469103169,-0.0200555207089826,0.012712343967618802,0.00024410927898479057,0.005183012996011398,-0.01072523380521834,-0.01506234121974568,-0.02079307570419925,-0.006722000836146186,-0.0016042762724788448,-0.05794293407341499,-0.009506714115011434,-0.0001802913711835891,0.028869562820857845,0.01279479470026628,-0.021485406209415723,0.012864813268938407,-0.00700454262596661,0.0036297277508439666,-0.002867905488841723,-0.002669448746450825,-0.01647599624543518,0.002877437295068817,0.02424402261173018,-0.015604688997302307,-0.004388471780964372,-0.011268045000998778,-0.01406969788908175,-0.010292880014624858,-0.020665966198053536,0.021867243667970705,0.00019397626317198258,-0.037008853829019236,-0.008526448868709718,-0.0017049344633481792,0.008204712025615197,0.00838131132553025,-0.02421345753646039,0.008071753444937758,-0.012341447452611162,-0.043915724270778084,-0.05227899103220464,0.018778486534636932,-0.0008545171439121716,-0.04143069388964506,0.0159550784160058,-0.013277297901972728,0.03424564558530878,-0.004795836695248722,0.014774286809664684,-0.004515147463238607,0.021270400843088986,0.020608651220745216,2
23,-0.04275769814703735,-0.011548849955183045,0.09188782453332095,-0.044479485686456176,0.04566980706062547,-0.010954386166221377,-0.023466544697713098,-0.03972540201331601,-0.037853615325122235,0.014959283747584092,-0.022356450938220706,-0.03861909995934616,0.019300067085911844,-0.045237795005101084,0.3113841498595424,-0.1574193370111141,0.029643427073146857,-0.217705511175903,-0.010888225040602578,-0.2109325358572956,-0.22578126825358721,0.15959553289460013,0.20795444877190908,0.25544138493650353,0.2012502904946294,0.26451623530156415,0.29641203179108144,-0.10079506908108368,-0.043360860403771025,-0.17970848676793666,0.012799567779248094,0.04951418278796582,0.027793165231654177,-0.04609320696739483,0.0012784828604584706,0.028117153061178044,0.026255311012330078,-0.0811200814504115,0.023395651063740922,-0.022069367291983125,0.03259613038864068,0.10487663165561316,0.025054960069071344,-0.030746880144424664,0.006266222674083014,-0.029715806072457152,-0.019155693712710885,0.012481157993674085,-0.029999083378356654,-0.0008290319780657245,-0.015913399848042135,-0.0034071742877718873,-0.012942365076998549,-0.025696318316805942,0.012199789094352658,-0.011485930541248942,0.036117672559786686,-0.026434448000583893,0.013451599664295474,0.009618693810506484,-0.0004249301265540138,-0.054796027628001495,-0.013173003835468221,0.0441363502822249,-0.002881869993611029,0.03386136822384765,0.038087946620539194,0.01716661704976383,-0.0040843023014759195,-0.017755909491898234,-0.010674683560449701,-0.017007760937362497,-0.024103411852652076,0.08189811423921843,-0.004606412084933546,-0.009865651066381122,-0.006282665399127419,-0.018128687682076053,-0.0008305337733204814,-0.01850482423276542,-0.02450568482975491,-0.05652531372887957,0.012110577020989844,0.034567097320846424,0.03574532601020628,0.007199074176642755,-0.003245066753595357,-0.04586523695224574,-0.022625217660687952,0.021156585157246912,-0.014067596993024381,-0.051093412768892794,-0.010342221845370647,-0.0023326295952726603,0.047830855736784875,-0.04429438256299943,0.04258432790205944,-0.002128243435891949,-0.005795212726899504,-0.04223248392683199,1
117,0.053321480384777006,0.038965662453837105,-0.0529242421401209,-0.12544837975402923,-0.028909502102955138,-0.14955241944523232,0.06472765963182045,-0.05301555577271984,0.11043565792192547,0.425223037505887,-0.28383101283016166,-0.23429344606247446,0.01028504050967538,0.09337861557743553,-0.16296103179595892,0.020120595566209376,-0.20850915638245085,0.23809994928484138,-0.32333027835474226,-0.054884898939050325,-0.19981078388343648,-0.1237848611007541,0.05450223168255878,-0.06023088435296315,-0.14999661897205,0.11566441612132933,0.11699424047383737,-0.06692841036229168,-0.024251582661501157,-0.0036422694432789926,-0.07720405460328693,0.024794445062410696,0.06136876100971262,-0.008341135038001574,0.037891725495334705,0.05474423808691199,0.005849696687058426,-0.031074696966253153,-0.014464204971575145,0.0077115097342991944,-0.10203880418661633,-0.010026872795722444,0.022722155329325634,-0.05046261598449492,0.048774850777150124,0.030265499225449077,0.0954944573591726,-0.029322911288811537,-0.0285525400233435,0.01566705565917735,0.06757809522705734,0.004469587114730764,0.021343606962619596,-0.038368955785945395,0.0435021435869246,-0.037379545320483085,0.015588359869797966,0.0810799580440387,0.01927090917303965,0.01551297301629507,0.02186313267103239,-0.04171435904598973,0.019209106219953684,-0.024303847259014758,0.03269008216040048,0.01599814727205079,0.00681465352272888,0.004829400622389419,0.02364705255016002,-0.016579219103867164,-0.00473494139102886,0.014764213270060465,0.005769965415637636,-0.02631140166636155,-0.02656437212724315,0.0150135240271125,-0.01822194729594304,-0.028337213454408143,0.012499595059799588,0.0017937140712796379,-0.01691884328569333,0.004327486465951308,-0.002350210732503757,0.0007718583583012165,0.017908786040629253,-0.013267686072841995,0.017251178499074392,-0.00818967961815168,-0.003244597123853259,0.015809376260090376,-0.001776983191629032,-0.004589972612849678,-0.017912273019029954,0.014062269080376812,-0.0084288160366687,0.017443550061659305,0.004682603983958073,0.018794330134682086,0.004826730844380633,-0.003975465039636219,2
35,-0.20201922412937579,0.36191484111774574,-0.16938912581716892,0.21135209445340294,-0.010907275347535422,0.03971351291852087,-0.03976857676949824,0.03518293074962674,-0.045369762656832346,-0.058032678717393774,-0.07566049708270045,0.0024962557544123084,-0.024322690537483493,0.02551164399740454,0.011074492990721808,-0.00021511250587579906,0.07037449365156269,0.01473193911840819,0.03475115130140916,0.005241904184186236,0.020099260350313994,-0.17278553130110055,0.15995563423996392,0.03384278722378246,-0.0414843928966438,-0.011309870521757302,-0.015449456643108978,0.03650262632689808,-0.014412759138266663,-0.07863451091799423,-0.08224715568433857,-0.09356356361099569,0.016635995641251403,-0.008301608946320342,-0.017510399527772044,-0.08101813956030288,-0.05760417255285869,-0.0901080455367847,-0.008742012447029652,0.06935563180771362,-0.052841625344602766,-0.06170649490787847,-0.02320799517287869,0.03719771000241968,0.06525036744853835,-0.05081755944832885,-0.04567190964375975,-0.002999330297453437,-0.010238337307115031,0.033296355881202055,0.006269365066178716,-0.018069237878272557,-0.07279655226026659,0.05638348584011616,-0.020316376546898145,0.011326486843353249,-0.026948590299383016,0.050497586540518336,0.02131108485767149,-0.003792636416021853,-0.052062214287090985,0.003506659083227557,-0.019398491522591134,0.009885011318209075,-0.02889750491577716,0.007741737746672022,-0.09090302025974899,-0.02066438914383955,-0.032763570116468146,-0.037147891660679354,0.05057840138054056,-0.04636071480036671,-0.08261613066481185,0.004658761944565907,-0.07750175340014699,-0.021601929378244955,-0.021067248176804526,-0.04342906048837514,-0.057440014963836654,-0.026739403158000302,-0.02178257877003907,-0.026722421545297626,-0.04530442259287272,-0.035997429616794335,-0.1589073555378902,-0.04570736383604168,-0.046244457598915406,0.06951662435472256,0.05842770832414304,0.033871564507345256,0.009647699987155475,0.1376344366633957,-0.0679571899456107,-0.034969810660874436,-0.041026576474146016,-0.15727552419969698,-0.050710084385378426,0.0679867509746588,0.10671570280798824,0.03785377476574807,1
19,-0.3949881267677853,-0.3634684722152152,-0.06440673486967725,0.05916202748130607,-0.17440410099321602,0.02871103811739611,0.029692282783167552,-0.0185513452132272,0.011838027472919526,-0.004595801775018668,-0.01991897351146981,0.008153357919034158,-0.004883153300560366,0.03135784294163818,-0.008968613733661323,-0.027341745779145978,0.0312841998113682,0.004621753192961592,0.02168215294763438,0.005220287649928929,-0.03578692861626054,-0.04631880624863863,-0.030805891874865005,0.0515757016412415,-0.01600338684286281,0.0017002306735717913,-0.0007928142190883463,0.016734716358644892,-0.10116131327039342,0.06942453134540733,0.0012709702795497308,0.08580237766439659,0.10284595927104687,-0.009756027220993823,0.07371535034823753,-0.14060918752822799,0.14050869490374765,-0.2162975555394196,0.0537451818943516,0.03504879296901747,0.1067341340256156,0.12588307114775224,-0.04138420247163437,0.0382694885260544,-0.0500628916294576,0.059270208525061624,-0.002856136165240666,-0.03385141571638845,-0.03142242755648772,0.018915200542211873,-0.0039691056499208625,-0.010091896609461982,0.03769813134069988,0.022966003356579157,0.030033627155138385,0.04011006759663701,0.06370401686366009,0.0006107222890816407,0.030122630261450723,-0.008387201893255484,0.006182128431783467,0.025102315033661254,0.023111837948563585,0.041864114172942175,0.020181686117446123,0.00952555082535531,0.02391636702326186,0.01885549533964969,0.004732745343886918,0.03362953037683867,0.01908546350675684,0.07306874139728735,0.05062749900635944,0.020719575071220932,0.04736414883984088,-0.07549465742638321,-0.009153737993466741,0.08516727649130451,-0.06119675526554261,0.018744260754533063,-0.007701517345413631,0.01651082757869942,-0.05568545383540091,0.06770691073892672,0.013269187946587161,-0.12633726738010193,0.01083700880327359,-0.02107359541432793,-0.043670956688604136,-0.029460676691451065,0.08549977399944961,0.03254643976288609,0.10629121918305151,0.007013105184361159,-0.05810835613931713,-0.060401305873060036,-0.01054852353254632,-0.0589284888072052,0.003070309981246347,0.12088747693908224,1
165,0.06835475646236978,0.004392037129003681,-0.023412059414313215,-0.14490769768814835,0.07094324854826803,0.059169796865878824,0.17125882254268704,0.06452430016488424,-0.10817455456841066,-0.022506312875217135,-0.008196217285694153,0.03198428889659659,-0.11536868322456877,0.22159542967152665,-0.10388759809949288,-0.031208229094444855,0.0644571795953994,-0.04522907612449082,0.28433434162481436,-0.03906627489042116,-0.2682413571525979,0.002829195030575847,-0.03590891320317881,-0.09951566286535546,-0.03593324994785573,-0.08815436047441111,-0.013562300154754839,-0.00822980142409496,0.08803265267084932,-0.1209360630665201,-0.006029817619916012,-0.053862055497657456,0.252903457283161,-0.06965726750529715,-0.06322940871373257,0.19525945523930963,-0.038363153676119664,0.01197396760080444,0.1366468935433095,-0.07498318240707681,-0.013113372272049126,0.08889235043152724,-0.1595022039118977,0.1468967369746069,0.03068175196048643,0.037127404178706885,0.12621932651523587,-0.0941156725260743,-0.11399372376677139,0.018521758603269038,-0.1365249441848198,-0.008338994672070315,0.038466275873293015,0.09469816246577598,0.06945899507697102,0.005015248381861021,-0.03771794682135857,0.037822658043911876,-0.05399148196610714,-0.049588556872473884,-0.07204321415268473,0.0912346790901985,-0.007214505423468857,-0.11836747380169745,0.06770672278322981,0.11318594546508419,-0.005443373650816672,-0.08123589097770328,0.144244458373505,-0.10377442524666416,0.02462961225699629,0.020826524073642827,0.07805362471653461,-0.05125584597771566,0.017224454501509476,-0.04029729739640243,0.03309662053513284,-0.046855941180984316,0.11370937686662334,-0.06773785475426153,0.004174842013954785,0.042609151778558875,-0.08601260199090485,-0.09065972397201422,0.021443737209130027,-0.01767228330882685,0.006368254949968996,0.00859247352641918,-0.1428534128003798,-0.07088990338496542,-0.014015684130942925,0.062495339167020214,0.027540498163019924,0.03158459980151511,0.11756730385678275,-0.0835210229766339,-0.11027551859066781,-0.06538313556904601,0.07871249474773788,-0.006434768028934677,2
124,0.1673890387842901,-0.0174033509906852,-0.004715982704351386,-0.005289330502314992,-0.07784453834174324,-0.04772489465556296,0.06913008024055813,0.08840318624547296,0.1141230505471983,-0.23899772893070922,0.27042367973068115,-0.3213531738277011,-0.39008695413223593,-0.07127125495383684,-0.06998556679469377,0.1174784027018257,-0.09371368382845029,-0.2005616748436559,-0.09190323680325417,-0.09689551008258826,-0.08614348976038746,-0.28905749206326214,-0.185935250830428,-0.014939581842362968,0.06773054836962708,0.06134349096119073,-0.07787090946188015,-0.07180327550695156,0.034423877442243116,-0.06149030367928885,0.055046831779092434,-0.008800828264849455,-0.08664034063974857,-0.010552202448585494,-0.04008926688759677,0.023626841156642053,0.017372632409984993,-0.016984937267362176,0.07048215942707828,0.10300037234463386,-0.03247233014899477,0.011419276659186932,0.028581242175935995,0.00902084836186903,-0.00919176460168211,-0.027312014863474152,0.021660900920996227,-0.024627577260539553,0.028385942419761286,-0.008896503838657267,0.02145534899355302,0.022422163788531776,-0.007466642205729373,0.020376946727664026,-0.028373246456340127,0.014447298501115292,0.06582185838729095,-0.008430187232649787,-0.010495528041689855,0.01972445003144748,-0.015904923113952765,0.037904159752413596,-0.009143480715526968,-0.022941591971689608,0.0077427272411837705,0.03315827270237466,-0.004001683771797007,-0.0130752723305822,-0.043725060770253524,-0.010258400817237737,-0.03387823906548442,0.016397047180088865,-0.0074654421271807695,0.0005245553628686153,-0.015055798622256804,-0.004853278145634223,-0.0031480022585483485,-0.018117462170064682,-0.015750176149439077,-0.04319823767403564,-0.01813683376865129,0.029843047816249232,-0.006109421848840399,0.03105165013666279,-0.006972938889492991,-0.034251808259114204,0.00284338956921378,-0.041061541918322716,0.002034212048672717,0.008665419141387245,0.0034297411281397783,0.028894354080619508,-0.021017959919445852,0.01680273488569938,0.003941376873980946,0.013359913543580989,0.030767982827007698,0.019148808966060263,-0.02027251765945609,-0.0017935789731611212,2
138,0.16742865082875377,-0.024928449260444387,-0.07588040309260445,-0.05456892423947695,-0.00303592792849112,0.11043853054718006,0.14274102030882385,0.17465432814005316,0.2607942744001068,0.11705048812985966,-0.09553493545333988,0.04823112197118776,-0.14707668134046065,-0.06454444256677222,0.009281042910501736,0.09354550300824291,0.19623515112373766,-0.09039296667545622,0.1441122283900732,-0.034236257188314224,0.06860510349420218,0.007064643250961389,-0.08344750445677794,-0.0026767125442710596,0.027908178301359735,0.008385101948792063,0.005685526781889083,0.028339118681872406,0.02999044637661039,0.017241795510574778,-0.021096025316747532,-0.09069864223634128,0.14205291389478736,-0.016380519493604324,0.04369791697519001,0.05492201437632986,-0.09772622238460356,-0.03419540496724449,0.009770378442822221,-0.11411380798019018,0.10110350092390702,0.034468692315222677,-0.1687690757784047,0.06773012686460576,0.03612283016623108,0.0377315825092854,0.18811342832521447,-0.026584941699907234,-0.006899925086361084,-0.0884786414849413,-0.05533198002584374,-0.06996445581829068,0.01828845538381925,-0.011172331877238428,0.0850668550698824,0.025319813212883836,-0.07861104174977626,0.028443596725370196,-0.00900154881383192,0.002515268992684948,0.009812437828583313,0.025046200547986612,-0.06517866360618697,-0.06988116566700696,0.09224512136781708,0.1012058590358477,0.06070548625586841,0.014697066232471323,0.04640348219264322,-0.05558433394217602,-0.02157128857991641,0.07428530944377897,0.012685967030739459,-0.03222661984507672,-0.12047470678410255,-0.021599918271185712,-0.005249958743503,-0.008798848993614435,0.16438939568891073,-0.02659757607444544,-0.053174518163685146,0.03699177535126436,0.06334962850154774,-0.003017667972468453,0.10735300889480923,-0.016468625487031145,-0.10209114950484684,0.11003289695084935,-0.031418939558399674,0.09271548706535654,-0.10246153895950981,-0.200233477146971,0.00969805654733729,0.12272733420394674,-0.05736949046642989,0.03327183676643885,0.003203524085686851,-0.005918196334527117,-0.14029451734190143,0.011741878029633437,2
36,-0.07424741989890037,0.16182783114530014,-0.07491852469551691,0.0705642025858343,-0.03008019381823441,0.021042665006815068,0.001698797368839524,-0.007411548819898471,0.0027788022819139747,-0.1133422942799099,-0.07938377009119586,-0.026650226446622623,0.05665072446035156,0.014893546738668011,-0.011622394298903228,0.023990714585094046,-0.05676456663023597,0.03350057110971192,-0.008578693288114355,-0.004860287221047379,0.0163871237132305,0.20417457867295166,-0.22188058435883054,0.10285242280190342,-0.014267306358643686,-0.029366064677814413,0.07810638615295191,0.030037146325591135,0.0945931246899194,-0.0015644250672170598,0.14090855782671396,0.3056221874241071,-0.020140021141900253,0.10764874876487249,0.05556597268725031,0.12569434049693898,-0.0665818466584115,-0.05435551268581669,0.1389883947799587,-0.11028759537121004,-0.13978086559653324,-0.08593998370722185,0.016779016290501398,-0.0999161216769104,-0.09005023254658388,-0.07025420891506406,0.06088145930466406,0.07638338585300551,0.04098128408754158,0.022641192561590483,-0.0293662113689282,-0.012094453085787245,0.018759066579541406,-0.18992967337381086,0.05003096760605489,0.04836071870034332,0.06723967471701278,0.033162370982705226,0.020503756893870836,0.052204631146539955,-0.04329533740584504,0.252069497581734,-0.06592574401330391,-0.1338338166905972,0.011546526613469952,-0.006943990806871081,0.03675546125423093,0.15340553017975259,0.07914544598985566,0.11978923367702865,-0.03795374525992697,-0.03302241414701838,0.1657882871790814,-0.17930595892918152,-0.01695604148740133,-0.18259440066508428,0.011535808652355017,0.03718040746587079,-0.08649203243669437,0.01889472083997334,0.0338521821331375,-0.10324303011388357,0.031624310383978955,0.14082568080547156,-0.17602426069557145,-0.07473572990738267,0.0099965762745401,0.047251714654484495,0.07996643004884757,-0.06674097757548524,-0.0420266546909242,-0.043910679708890815,0.039149483774199766,-0.0302903689843534,0.03927403340982723,-0.007622949483078595,0.012637374237922548,0.1663687692662507,-0.061066772884906945,0.0896028005378541,1
153,0.12679831539432704,-0.013816385409407755,-0.12234896441804786,-0.33640802517952517,-0.08322069457999348,0.5939427810275123,-0.38632794822666217,0.04286632157820107,0.052961079476482875,0.02269621829405223,0.015584178232981567,0.007917451972771382,-0.006219371716496785,-0.026723449643001166,0.012440475311481215,0.023979431944277853,0.03749290892742635,0.0501950695315201,-0.03527360317220064,0.019696722351268754,0.014655547770864096,-0.06174964116547348,-0.0019928307197081777,-0.00879822767579208,-0.023862496561510797,0.04340075274629404,-0.011142044938336048,-0.01959177358890998,0.0015784215340913768,-0.04083056911788784,0.028557270527981533,0.014271453616030992,0.02168444481460311,-0.01267480795644546,0.014102806366660862,0.05552660585298026,0.01669505901837294,-0.00452463101501792,-0.03543897390392286,0.01659608417429659,-0.009915313494478087,0.005646292914786924,-0.0009131011613377457,0.012311286750610058,0.0030173835673182716,0.016040383161204243,-0.021754440256940615,0.005250756789941025,-0.024416481933836703,0.013799866849988615,0.020082993087998366,-0.012007695414071028,-0.007330660633244435,-0.007317765667455298,-0.01922623350408313,0.018319307762241152,-0.008808367737516812,-0.02199575749454969,-0.027419621778324785,-0.014801038612301575,-0.012663893224682718,-0.011059399172524876,0.0015432651421760548,-0.012308975088238163,0.004336623174643353,0.001339230709886437,1.5719337718213817e-05,0.01833371424007812,0.002253881254705555,0.01749016989104142,-0.00045751192204239634,-0.033323158005792476,-0.020484113341819144,-0.013721774970472847,0.001172374825634857,0.022660942857814517,-0.01156229031020423,0.005005973595346533,-0.004973620968819085,-0.016851299343655694,-0.012472734730804227,0.02185014596884541,-0.032672485324613594,0.024438664115781012,-0.010392433086855791,-0.03234996163582662,0.008880353549409753,-0.00786679572532602,-0.00016682386285440424,0.023289277260664015,0.02096408173134085,-0.03354092283358825,0.004024125933416672,-0.003758755774179409,0.0026174178530352296,-0.002862926304331613,0.022687284121631835,-0.005814954814343855,0.02567014995544934,0.013059455945196072,2
4,-0.0845900194413969,0.11070061688506101,0.013632067680657672,0.032129448568646184,-0.04529570614878256,-0.01762512302096604,-0.0354788670781808,-0.07342027004643212,-0.0016286389979184859,0.00761573980676276,0.030697241221802847,0.032999204999403425,0.06609269823869482,-0.07322673162282324,0.022658976571804674,-0.05780654500449542,0.03127471837625464,0.004027743443409848,-0.011645767501432274,-0.07496879151627577,0.04163100906224341,0.09746704733250404,-0.02513696067999688,-0.06756287675717176,-0.029526091573053612,0.07674317314651918,-0.2477445336268209,-0.09556690735081322,-0.12995605517050027,-0.16091132068408812,-0.14026916792648855,-0.024835830818613642,0.021751558094086878,0.06792468616622302,-0.1821476488468461,-0.037717822128489426,0.012883756974732829,0.03718994274386101,0.04277443391711252,0.06053890940758982,-0.2118668226564894,-0.008609281955631803,0.008811786556451774,-0.008404450932809554,0.022206819689308672,-0.03787458857625601,0.023416173684309812,0.06715470206006496,-0.04654277377081346,-0.1555684636175271,0.03799562008465401,-0.14413670089787792,0.07485949295037715,0.18795175874222275,0.09266160048353173,-0.1426800496680721,0.06885919278774036,-0.1263065345385793,0.1546524578836151,-0.004358365564225234,-0.021194223353511864,-0.0913499676958179,-0.020421827940835354,-0.008735070163856025,0.12962836798734836,0.01715010120124874,-0.02252091685402097,-0.004817473762304436,0.12642285643061438,0.16377909844518979,0.022948579129898006,0.03469606337251051,0.08179444047766883,0.0061935968567757415,0.02517078649578796,-0.04407418701789819,0.09059227671432901,0.04758011973453289,-0.10117491292419173,0.020645384034079048,-0.18716576116856845,-0.09883244380095514,0.04658156899247077,0.10659283595872479,0.07643353422936358,-0.031046860822477727,-0.22493256050919486,-0.195995714361311,-0.05251164725134658,0.035919493404537435,-0.14398894194884918,-0.04360905236469544,-0.08414256096184652,-0.07246608896779255,0.08738247334829766,-0.1245892666006877,0.08986884846751525,-0.08737832965674314,-0.07703713459922298,0.0067944216441280965,1
174,0.09779688929067384,-0.002110633978011546,-0.019814808194969055,-0.03509121524301585,-0.07093586979523314,-0.0006377230690232527,-0.02424198008886581,-0.004790554170264502,0.10091784232926133,-0.0960614961316827,0.04863405945690557,-0.05403721225566032,0.2993202675255758,0.022533797363155233,-0.08611091838309629,0.22206084230877493,0.02084332439894335,-0.17119290135457277,-0.010524018363976657,-0.07891600433265003,-0.019086844052684914,0.021182967105024406,-0.02220102641403715,0.010236965599325841,-0.09214931296405755,0.025309945043870147,0.04316318239615858,0.01674954090556183,-0.02125243080106026,0.06526150180615083,-0.023621140883850568,-0.02012142873701589,-0.044595559597849194,0.04045952823179359,0.019828797804538473,-0.035290377161390975,-0.12947838242921147,-0.0968591756840173,-0.08302424792018916,-0.15419141333574954,-0.05320355081756479,0.12136748411312846,-0.042351599892676506,0.04610195020113742,0.010428776409855522,0.015874315338400537,0.05209944548908353,0.062201378133660425,0.12954652570353248,0.0024307211829575734,-0.12018004687866528,-0.01399788334506713,-0.014843368650370172,-0.05044952443599861,0.1008971790870985,-0.046986773034474766,-0.1414432910504775,-0.09655739565431357,-0.02569595801379309,-0.05943038782060092,0.08222928452345858,0.045505362923798136,-0.06536146427487903,0.0826181599201025,0.08201299296546943,0.015737133333020643,-0.03288456001993182,0.0011145950037243868,-0.29296014355694044,0.0530295410599079,0.025918843390348736,0.1486155937122808,0.07422781323097294,-0.0272739274302905,-0.09482541864043305,-0.01069553483112748,0.1253677094175739,-0.1486169329792699,-0.013979463834072947,0.07632096503140506,-0.07236078525912285,0.10426171506929507,0.08990080538126691,-0.09139815323072258,0.0628057154176291,0.03455029334680149,0.024208617149140865,-0.06088885031460073,0.02758447741029798,0.017484275187098653,-0.0357099033126687,0.27191271620942775,-0.09836981610492418,0.035942589562013905,-0.23884974155688313,-0.021095119807901363,0.05733340410816252,0.10756814901619875,0.07107675746405871,0.019308428488364244,2
118,0.07200964837989632,-0.006347606769431136,0.0981238312361437,0.04757359820656293,-0.02846385263928487,0.038926086867970035,-0.010686525566797797,0.027543847754576137,0.03555095753325885,-0.04311664846708081,-0.006360834959315156,0.03699668586776323,-0.05752817011162867,-0.03712130086158529,-0.15807979878174694,-0.007016497769349845,-0.02882292123077974,-0.07603460305078959,0.058192287808159854,-0.05074033814153467,-0.07025236818759566,0.04476320770599207,-0.07100085896222724,0.09624842670892322,0.07199310057587155,0.21538822013322373,-0.0654385459233729,0.09767342487037799,-0.060055198878538815,0.1384851929662816,-0.04143718766596388,-0.04819399020028869,0.010066672116797593,0.0308441342939215,0.07536333930435808,-0.1691605676238312,-0.09859222073509485,0.15459599532663487,-0.014431167200517837,-0.029035877520687006,0.11726366585452458,-0.11202735540227503,0.07690622185122996,-0.14944026792126747,0.12047714107725498,0.20579229526972878,-0.07770820264579081,-0.047635017681875794,0.005326732396983931,0.04093085617648941,-0.04507825603340024,-0.11931681919892244,-0.038052717639374706,-0.15817087107542116,0.06210540804946842,0.13218489873183728,0.02354816541675633,0.12196890874735757,0.1917675945479612,0.1099262993716127,0.2130550841918308,-0.06747792833756994,0.03657224226884932,-0.08548568889591755,-0.09321993311766912,-0.04992793755095871,0.07342559825306866,-0.06656167083210557,0.0278290533981753,-0.10962421357582007,-0.04490136175732299,-0.07381593342271785,0.06253779367493087,-0.04017674744627891,0.14521157343989813,-0.051375916709572894,-0.0007362422996645856,0.07920597180008274,0.12485795014971444,-0.050691938226117936,0.01874887517513444,-0.06970940097629293,-0.0005156731758010962,-0.09620713838389633,-0.08980740596667389,0.13301346676966433,-0.05994397949736344,-0.18256328814257167,-0.12583031637046063,-0.09157651648130608,0.07386678865045257,0.06917370775413179,-0.07753170436415728,-0.04209971291553653,0.029588868650052516,-0.04527845942362355,0.055200684047613836,-0.022638009543334513,-0.061546453763723016,0.09831373316914468,2
71,-0.05977782706602569,0.03207661971840205,-0.017860200975803105,0.006358015785729029,0.03748120440716974,0.01578391678587192,0.02413953771861611,0.003654311978870086,0.024626816810339004,0.03756755612211222,0.030521336935695018,0.016645564801411293,-0.026822668389488852,0.02127651924591961,-0.024506454241086967,0.03960349936950316,-0.057504311547587714,-0.043219121527346305,-0.05037118678461678,-0.07728640119121276,0.01687295209352476,0.171803550122073,0.02623437195334756,-0.15646581007916077,0.0728075874851578,-0.07778684518719138,-0.010860328772336256,-0.005546404946488373,0.03186933210109622,-0.052687393200617556,-0.04135574150723406,-0.10459629427777802,-0.10032273119764595,0.00026903010054046123,-0.009982745115451858,-0.030629991321602712,-0.09211591926668718,-0.02633590932029106,0.00812590044069579,-0.08787554123490048,0.20957573561625237,-0.18636315146557159,-0.058795355370867136,-0.016285696276812797,-0.15146776255508942,0.014381703282721607,0.004133505101139935,-0.2891523283520741,-0.01999297516836704,0.28513279068568015,-0.02018440477864672,-0.16818754398376612,-0.055364301001348204,-0.14355042368606108,0.11500639514076286,-0.13402887509859351,0.3960440772246627,-0.07868346473791875,-0.2283914750523754,-0.26404864501993475,0.038237516123596674,-0.032954467617871706,0.19022175872194258,0.07979722885160126,0.05673334566986851,0.08426009785005628,-0.004123548606461044,-0.020921356702680853,-0.11508937264292847,0.03420051703730882,0.07447467582066722,-0.13011682893689822,0.08537134118822205,-0.04075797656571389,-0.14513138344828466,0.10763140883520084,-0.00387738635913961,0.008684341240507496,-0.046181107595943585,-0.015160255366695494,-0.03870679152073826,-0.10094118332119134,-0.02566507077278639,0.04674696177173899,0.02569407395643126,-0.01666091552779396,-0.06399789669014201,0.01988393205866613,-0.06051213964094652,-0.005550841793103276,-0.004172263775041507,-0.015535115025758087,-0.043226581906207616,-0.03650242752540895,0.022155930435060915,-0.01751939755937731,0.0083778490301106,0.005357503893032621,0.03369683334688608,0.04503982548830962,1
188,0.02524011685878966,0.004054158199537273,0.01908978716267737,-0.10096118152127417,-0.021231377959804832,-0.09702986392371601,-0.07737815687931958,-0.03815842723886726,0.026005972629279058,0.014349560795984144,-0.06192859230076848,-0.08861126926419506,0.03139707472962746,-0.0008218969448922667,0.012406189538483587,-0.09658997533398593,-0.06051962268476697,0.07105708716291305,0.059128417267423364,0.03684775562005719,-0.025760067806396992,-0.027064346884049965,-0.08572033047078964,0.10169257947992369,-0.019897366403669597,-0.0861584575788667,-0.008289125252207503,-0.10466015175040673,0.01910142045628164,-0.0018266746810362304,0.021121860127064726,-0.008775712211605871,-0.09480788402815953,0.09447123599175407,-0.019833546974763118,-0.09030649019234581,-0.11195116493731551,0.04675054806131641,0.08467373011373708,0.2954345991938076,0.24203879056062397,0.06214393795447706,-0.12301633537398093,0.03008659014547061,0.22981984166337338,-0.061724927972879824,0.054175466228136175,0.06171218522771168,-0.1418770182983033,-0.007000053172270574,-0.1886757120518589,0.05243918633574466,-0.0771580529895026,-0.12899319308262594,0.025038930321594807,-0.08853066141569686,-0.08849860996185115,-0.028101957465565593,0.012957213768310438,-0.0731733371232964,0.014500161704605873,-0.0219527451721601,-0.11650660152991826,0.14489159141339747,-0.05994780206345189,0.05631730443232299,0.05799784480973009,0.0038567942517817064,0.08524263383254177,0.20398476082725617,0.0708780554460464,-0.027668171533715726,0.050919672391642544,-0.18397301663512103,-0.12691354271391236,-0.044014743540267784,-0.014601073014135468,0.3241406749662759,-0.0017495815771508916,-0.10079262795186776,0.03654771568006777,0.10814165757504937,-0.15615594094874038,-0.04752699495013592,0.12506803468166502,0.05932344131673525,0.12317294390798164,0.01676020394808471,0.09028867967011409,0.16168154280038932,-0.044133569656071285,0.09491250001436534,-0.01530801638463813,-0.06113659262325058,0.012390041753609502,-0.05906217884111913,0.00456992120923613,-0.015644198310224303,-0.05177084179492359,-0.015575425313145194,2
98,-0.4360451431419986,-0.38667150508977216,-0.07305094481138472,0.07989136429870049,-0.1621639788205287,0.06384579182701881,0.06609582168012124,-0.0017493111064634352,-0.02521500094815759,-0.025371530472807304,-0.03749754320395204,0.0034362376783664914,-0.0037492840229231927,0.0025056211430770224,-0.0048539532119159755,0.029009932418243827,0.01894499595156747,0.048247532397517716,0.009382105543286072,-0.0023474255505824067,-0.00858804755510908,-0.028594546503833886,-0.04684387641660275,0.015699254527685436,0.02050344992591636,-0.018808801391543166,0.020682332655869922,0.0005354634828132068,0.022822510686558238,0.013277097222427616,0.009965216466975024,-0.023719272986957238,-0.036303187031900774,-0.013621522955986549,-0.06801538732529586,0.05464535314986867,-0.02257593344075697,0.06365672196862966,-0.044535516385295605,-0.02537194009074138,-0.023347026385649488,-0.06480697101383413,0.021023118023460546,-0.005949330612570496,0.08689825392866576,-0.05824830114293232,-0.01965650948062026,-0.0038899014939016707,0.02636977265684418,0.014383900198817141,0.0025235412472930075,0.012688440844709183,-0.06404785834607085,-0.049296927998769856,-0.031595256207560304,-0.03751359866392054,-0.02791512471811509,-0.0018216008967130732,-0.01972116578860492,0.07419048854244029,-0.06006935412304743,-0.06299692110050886,-0.02046978481031049,0.0001687986946932005,0.06528274234507699,0.061228838521808916,0.009867804783429095,-0.08003616653434478,-0.03685290905072998,-0.007649248829862315,-0.042917013548340426,0.003937923853057679,-0.04760354544784588,0.007125539687338767,-0.05884135185759957,-0.08136902820771331,-0.009529723064234837,-0.06359093685038482,-0.020704874668370475,0.030233102353370452,-0.03243084039186981,-0.07593327215115851,0.11811320211973188,0.02522058188043538,0.1841896877031719,-0.026314207255501706,0.05836479823202446,-0.0675572057439383,0.02512280815423516,-0.004365309927147615,0.11162915236541045,-0.06585312438002708,-0.0596204601306826,-0.13818441780493293,-0.03798724996792951,0.007765566235628569,-0.1274156310529234,-0.01374919516216604,-0.032380144279282444,-0.011242015158963167,1
120,0.13080250324420484,-0.018274747212614552,-0.0034375075387269188,-0.007200665890771446,-0.05667729468865973,-0.05702712816796511,0.03382950089214752,0.023800372982188123,0.07738406132453367,-0.21535111343680977,0.23412426472206124,-0.30372450176923327,-0.374286228073716,-0.1159336727632324,-0.032513434929262605,0.16015880792174622,-0.0941197864147961,-0.14945462882532443,-0.1135364389396911,-0.0763891973083761,-0.05548757812313362,-0.3013712693303762,-0.21979234940111328,-0.010567327529352504,0.14870566707589183,0.14470455383041794,-0.09233621710114187,-0.12499923713563688,0.02782454381750766,-0.07522180652123753,0.09777305807495645,-0.030948705825124167,-0.15055728081506764,-0.026234321240712934,-0.00017355087115786898,-0.028333322716164303,0.026230136510522972,-0.030877375360356337,0.10801334577591193,0.07307040575907826,-0.023095649550633476,-0.009165508673055288,0.025880890910096505,-0.025660222149566106,0.029953463739013836,0.010824344301339588,0.010553093904930411,-0.029484293265282034,0.020120751142252792,0.014504912771259001,0.010288432718949636,0.05901422670035058,0.029851273583216844,0.015743725316043563,-0.029660090257181297,-0.031003156114849786,0.0410772456874571,-0.042502765908933586,-0.02730728116093131,0.032773570919275,0.003683290546153555,0.0731425388625761,-0.005306749946312589,-0.024793221170253156,0.0009189502587980001,0.07357963759847397,-0.0028658176169084728,-0.008779875499289472,-0.0538300664313539,-0.07156725781342178,-0.06534077099264333,-0.007106437322743823,-0.02614979710292195,-0.03937529395817013,-0.021442843295914546,-0.03376507861157069,0.03506005684308263,-0.00957544290009965,-0.03129501734819857,-0.05039315223894305,-0.045450943173984376,0.07781156150732563,0.032873274985505636,0.02763214916380676,-0.0025919603025425426,-0.038033157505055974,0.0015958405208543922,3.415436649302892e-05,-0.037862070968066465,-0.021088178130299805,-0.043462979354485336,-0.03462095046707587,-0.002065948832826648,0.0278774797929532,-0.02004713306889469,0.016800891508137065,0.05010220111660908,-0.004840822504214323,0.020518042291029336,0.01018817396941802,2
140,0.027822410248661285,0.022495315853122984,-0.059050047117195276,-0.13068307013823569,0.07517639238944726,-0.011863352821456207,0.04819495140250894,-0.08884813579954184,-0.09235683395099106,0.04736435386655705,0.0407921113561179,0.03961231137462979,-0.13356551242788095,0.5282421323524874,0.16853172068989752,0.13695467151647817,-0.03999177364286506,-0.027710193351097034,-0.056842556572447744,0.10696513361553946,0.17124160552605106,0.02749895564532214,-0.007617852074191933,0.09844926524145452,0.027315675085354908,0.05198601194425551,0.00959072899382391,0.01199834047400166,-0.03992804475598496,0.031185988063196543,0.029901490952765366,0.0029491380713407584,-0.04492716045221608,0.01933630539523706,0.010311117865325388,-0.061859471395257735,-0.008053858896680423,0.029204313561433923,-0.043288992163134324,0.017179597292060544,-0.042525000923293005,-0.015698911733428238,0.02481609677286452,-0.03840196014132309,-0.041269485212278335,-0.032019428047208566,0.021479529007356588,-0.0013417818632591172,-0.024414831829941433,-0.021190284748479334,-0.003839908364246255,-0.04437204454698646,-0.004173882554350737,-0.0098060048385065,-0.026086276475754486,-0.002982465365333286,-0.003103725599087298,-0.03876150034604329,0.014718272350607194,0.008731053980356212,0.04099357840711774,-0.08467419553147593,-0.01578203999401253,0.006372742614689544,-0.09371660133936993,0.05949246206057339,0.08071404918511144,-0.08562940052646646,-0.058079868640658616,0.009175891763140081,-0.11867671541667267,0.021994244232935233,0.020679167535471044,0.0513878264648707,0.03556090113871036,-0.11267156185226519,-0.08488921822524191,-0.0358364148620361,-0.17986914139352844,0.08327921000368044,-0.28853316632587367,-0.09426458573260107,-0.08207256844089691,-0.18128287080932143,0.003554314003566197,0.011788892276165117,0.04235700269502859,0.11292722829649794,0.10765145510299347,0.07895882442993248,-0.16658481170254535,-0.14771639297793632,0.06425853786590259,0.08490205964715412,-0.05588203227706019,-0.021190042197889333,0.05127943315597836,0.0207938666398284,-0.056097230758143844,0.001405536980279109,2
139,0.12128280438347394,-0.030799432519284558,-0.03062430709668001,-0.03713750630494988,-0.042769382238803395,-0.08023240461803384,-0.008648093319851143,0.08962081894338673,-0.07341860644896414,-0.03327916303911302,-0.008670749589645284,-0.025993598543619066,0.04709849970350595,0.01239684217925404,-0.023217893571669992,-0.09155717585690838,-0.0163299006804745,-0.010617700383236655,-0.09032649157556197,-0.019076983309807127,0.09165698424355856,-0.04150461445328449,-0.030103549651413875,-0.047959718691697115,0.145695938832713,0.034529138150945965,-0.023403104762824502,0.052369550265665046,0.0004995198206637952,0.020120171534764694,0.06428925050183526,-0.0009670996195331817,-0.10178515303061579,0.004936512358462392,0.01513593750762477,-0.026832125777360837,-0.06400161278088226,-0.19291020883121404,-0.1319890744177317,-0.2036625753750202,0.0076999437204203994,0.048373904132663986,0.0035082592408350152,-0.1344841511468671,0.13740510668688302,-0.03139560740593288,-0.2381446854002109,0.09432602542428481,0.08065243286782521,-0.01739665408922529,-0.1511120746049377,-0.07822247402807081,0.18868332236511876,0.1950956494126217,0.1749682530943377,-0.0318069010790774,-0.04022614087009328,0.2660495472258063,-0.24875724856655837,-0.10082918881503813,-0.21060712930354247,-0.056719798129021004,0.029456808843976418,-0.21497712032381766,-0.03455278192589646,-0.07917365424780169,0.15685596006828567,-0.15497826779548418,0.09617286986971618,0.010827628595072511,0.10172175536418573,0.033776064575336925,-0.025219520497973037,-0.021403170341791844,0.049001573352034776,0.029434393221471882,-0.07972257622337503,0.14576102378530587,-0.032566430222124014,-0.04181349630356599,-0.12837911750519224,0.040129009573843306,0.027142998705656486,0.02750225943850694,-0.003185961574887715,-0.06638078196404452,0.010541699921237258,-0.008110637556482078,0.09069193005801583,-0.07198762685571812,-0.0244801168749955,0.0055569226668343045,-0.11590459118419247,-0.017368428245233603,0.02742693674409963,0.08284908078334792,-0.06366883141359869,-0.019883678388342138,0.0048681762642083315,0.013122468264425476,2
136,0.12136032295117351,-0.019146186664925135,0.3224890893836098,0.10411071605885613,0.06454876778246689,0.14266393250187187,0.06334566173159616,0.1403383126034699,-0.10888118118757222,-0.011938614985666077,-0.05502702458210696,0.1216403620328139,-0.056329764665788234,0.1351788267446615,-0.2972336499651168,0.010010864160382157,0.10314379053998664,0.08568997367887514,0.22222794635517448,-0.03115177356512025,-0.2545598369359951,-0.039208645507976356,-0.033297364509673466,-0.07819670785166458,0.09643620805639899,0.13418206886028808,0.029194785839678775,-0.033105226215075306,0.011889015067406592,-0.03967505397576203,-0.009779966286273669,-0.008188534224341714,0.04095569176248518,0.015447724071759986,0.08629776473935032,-0.027349744865627055,-0.037108824449163455,-0.01891552574021846,-0.09115656524020203,0.021434435750083497,0.03498982166463776,-0.09744225605582235,0.006879948105921338,-0.037787769488174874,0.01784189115163708,0.10071267837049078,-0.006521817649871771,0.08635209574925269,0.0842616346629351,-0.02936475567248918,-0.004583022661361983,0.03487424638184294,0.04052096067607074,-0.04189264498005973,0.0047912235792240765,0.023089233953764304,0.05087985004642954,0.03050401604140048,0.043379713204769625,0.023581556826208043,0.01014257931635988,0.04085465422786945,-0.021801809037587133,-0.008505414354197613,-0.11879573198031101,-0.02954015778076494,0.008579199216900391,-0.020180868223881952,-0.05625919501895924,0.05974278077159922,0.0064915701737698365,-0.04720359358166214,-0.04351396265189523,0.025760018590415355,-0.03380532821700075,0.023412010687468197,0.08527969045335547,0.037011050496258344,-0.0980071416201014,0.024366004573254246,-0.008598705681506981,-0.04244626286478138,-0.07971580027093622,-0.009042290873410191,-0.0037310248170698366,-0.040153557669111405,-0.03448115155447979,-0.06462152579073217,0.1160854912079254,0.06384733113080798,-0.010265935104786954,-0.09514850797677588,0.024469773780583508,-0.04866949071426793,-0.06441417082374487,-0.01811597299153967,0.07424631581627669,0.006366346175767586,0.08664311895570834,0.02584109815861468,2
131,0.3959981715725122,-0.24897982842880426,-0.18021027517300442,0.44242574108269367,0.11077697863060053,0.0726175036663275,-0.10442475239244702,-0.14502954616732472,-0.13889260597320077,0.09930316808270029,-0.036733998554772176,-0.10971012558122008,0.011113686654229125,-0.039274714854283334,-0.012172179398705083,0.002731910858120348,-0.08008111867638013,-0.07674654988036543,-0.01817170248321021,-0.014513247051479135,0.05994578132776367,0.05779934114458346,0.004627095970022246,0.029470975412228873,-0.04792119290167416,0.032705277202868664,0.009717413819642725,0.13515149440793706,-0.025513986562274407,0.03576957651323152,-0.06187303161958471,0.004615897401199611,0.03371495460151189,-0.030384859026737637,0.04524054307662112,-0.019384327094269155,0.010775576742813259,0.09007433419313146,0.1350834519322898,-0.0079426396468861,0.02731259807659176,-0.023760209513798515,-0.042425905353889355,0.10928377501211667,-0.0381509902658252,-0.05294093334850954,0.06461513917598313,-0.02928902454300363,-0.06204997783689734,-0.010072656183745386,-0.07621149450072406,0.0638635862978418,0.00016586195072786327,0.08677517255928262,-0.02099724521397602,-0.01802426451279182,-0.024174385522570695,-0.04270237339635017,-0.020848564092118046,0.06570584500379312,-0.0018666223078906354,0.043057275278430646,0.01898962514930769,-0.06924630910622967,0.07059023489140956,-0.07189000902318292,0.019154668833566087,-0.06806187777145069,-0.08058310892049471,0.03400645546893631,0.016936506589090728,-0.0963945757552189,-0.047448807868024696,-0.021195909438947298,0.009663635399340592,0.03025984803432118,-0.041251947951169675,0.06846216155193079,-0.013994166518014453,-0.02331823832785025,-0.019538449521035096,0.016775830873263547,0.0407514562695475,0.03220355904456009,0.002025005350113158,-0.01689093992893382,-0.01856007078871748,0.021229912371986882,0.02553673390312655,-0.04297126274353184,-0.03216542481509167,-0.00598327340509289,-0.011552820008199696,-0.06007421031554937,-0.028938739154866173,0.0023892341169184997,-0.04674983510480989,0.008626920862370725,-0.010848513617876244,-0.007961297068122025,2
191,0.41322928872524933,-0.2535908869545449,-0.16201037275318314,0.4332553309461908,0.10280486034370569,0.057545025050424706,-0.036928127288940384,-0.1519556581173277,-0.051011157554571224,0.02357885431762618,-0.009197873628762199,-0.05154832573434827,-0.005193425043871831,-0.051166228171009416,-0.0036647043392282123,-0.008894948440564815,0.034708424745013206,0.02033794379836553,0.0012756735763729025,0.038069034584584285,0.01671939975333982,0.009141446787825297,0.000570394486505995,0.022442058335549697,-0.0037060549260033646,0.040825758442999696,-0.01116371687645813,-0.019930283188539028,-0.01228204813235654,-0.005127586045086427,-0.028949915774550503,-0.003992977571069548,0.06671396392293825,-0.0014601626360917187,0.004787403651213221,0.010421201217479963,-0.020107116900582474,-0.013734097716490147,-0.05304584663881147,0.009817265873430266,-0.022936783863353245,-0.023932430426933018,-0.0006669252808744477,-0.005086852507014258,-0.04536739457614659,0.006396396857799183,0.03728601515223833,-0.01255510920889277,-0.0026060835923630873,-0.003210360313424757,0.0031525956566021045,-0.007291445832300714,0.001889006803909853,-0.05462098917185327,0.02550654846825077,0.04259696910469073,-0.026819049032830885,-0.030945404939164797,0.044110637016359894,-0.02247301969325528,0.04292298162916649,0.009201497116826428,0.019035118421078665,0.06948946555537933,-0.06379564466691649,-0.008270369355225021,-0.012854231199494701,0.010076872097384676,0.005630417482477495,0.030582021667877143,0.02146519009376525,0.002255452625767665,0.018443960645226697,0.011535213435142784,-0.02068452035838646,-0.039854390535161016,0.0018601702103219913,0.011849819338666037,0.020008870047050303,0.03736883401526743,0.019813206199246824,-0.026900235506488263,0.020097009218073957,-0.025066929512000194,-0.027165616667860326,0.018679865956211968,0.025760465500876198,-0.02430208645040705,-0.023416743355268797,0.005641609723589456,0.04812333868821438,-0.033282855137002916,-0.031573324931181874,-0.018604108722668374,0.06935967207206613,0.02048990322964421,0.03156217399399153,-0.03909238157476847,0.021971846528226077,0.01291300619159232,2
62,-0.004737868210926855,0.06082905123273311,0.007759613383898124,-0.05270034938044269,-0.004196401228897525,-0.051437750877935035,0.037421594939903394,-0.0919229692324435,0.06438784987917219,0.18801285517220845,-0.03700878866550414,-0.01143085316259304,-0.012046615898686516,0.005331160458764976,-0.07200864009637126,0.02554690659873243,-0.1099543163197518,0.009229084094070411,-0.10842852317862184,0.05062083636577777,-0.06853447527491818,0.015082692775075688,-0.062334178648347054,-0.10255866573644376,-0.06730423460116826,0.045247788405875344,0.09059075451647289,-0.12163130273183706,-0.0912647653713056,-0.004166023599458328,0.018478770687051532,-0.07290341297033086,-0.02054557473218063,-0.010644709655747245,-0.050190659357554714,0.04172165661806771,0.06776171328286054,0.011500446362831776,-0.06468612142777543,-0.11613958189184694,0.21107823437532927,-0.08391381488250377,-0.10063809721013857,-0.05551986192359485,-0.1922247573550165,-0.07657316729589081,-0.14988813986706906,-0.04351256328864921,0.14074106970572303,-0.04590704188104751,-0.030188803704464695,0.03965745133323184,-0.08641580360226503,0.288478821694536,-0.07197607926102313,0.2110310011418936,-0.11522467598195746,-0.13078610995465004,0.025055518735619516,-0.0028479378287422793,-0.04948927804435271,0.17502419946953574,-0.021662076254390088,0.05383035628311481,-0.21294327091832288,0.10180305841393031,-0.1435228899546476,0.08357836377668248,-0.04947735715069145,-0.07239186196304828,0.04665639544956999,-0.11066523141535389,0.18608845201042865,0.1710523382335669,0.13545686045588373,-0.12185601832451234,-0.018265011664559124,0.202463240230809,0.048997877806477366,-0.013424279769194,0.01387034378098283,-0.029170896583249985,0.06703620457418999,0.03831230828702183,0.2002555927912625,-0.03133818683278839,-0.11051195087080085,0.05608863014907117,0.036820375673980506,0.013651639341960196,-0.10279977610366864,0.06202161387452181,-0.00504532609709534,-0.08390497773370632,0.010058288117161696,-0.011330092013954707,0.055052161686137586,0.05535867163468014,0.04742979328136987,0.03590346782901847,1
43,-0.03894804485305057,0.13221436965736597,-0.012964393969693858,0.04034099200453645,-0.019864418152490303,-0.0143688810856153,-0.011240622040781292,-0.02004433074521909,0.0003054576170398173,-0.04112564803301666,-0.00696253394718419,-0.048566132130787566,0.005355252470473543,-0.03344177523415697,0.004845209964230596,-0.03826796650954846,-0.0762982569437153,-0.028612496194348563,-0.01738641499676957,-0.030663403969723058,-0.007167174298224649,0.12883893865367332,-0.02188165104607412,0.06714915374497571,0.060271061176643534,-0.011190991695170231,-0.07832046329395274,-0.058131669102989274,0.09234338522485942,0.07771650248126559,0.03704299057417651,0.08296585305985618,-0.0029504062105287733,0.03029092843057597,-0.04382717320018101,0.00353206320626014,0.03504375253656771,0.09780963792899572,-0.006619974356681492,0.04288425184427401,0.15747392015140022,-0.008872500688546274,-0.06889079304089307,0.12551154608099022,0.013488347642929137,0.33295989591226727,0.038057344216684004,-0.14237726826405483,-0.009692270213493998,0.09249868341161985,0.11260874794037255,-0.10699849052552518,0.25852732417747454,0.07631024850313765,-0.17756576328627627,-0.021337255523679086,-0.35587859376443975,0.2984328255640518,-0.08942521946025721,0.06508363523344043,-0.07630876041954929,-0.1611998928349851,0.009171292801900967,0.06103406785921502,0.07343511068523631,-0.04501664577747433,-0.13695633784487554,0.1471489918509561,-0.10076098883992632,0.007462267188027646,-0.07590474113115867,-0.060703184459893256,0.023822569904453424,0.0071797790423341465,-0.10161682560310949,-0.07741453446422504,0.06536187929135578,-0.030510613415937412,-0.13979742413007415,-0.13020953189852744,-0.01394563644790684,-0.14326464043981785,-0.03656873253136193,0.13281586751961827,-0.059735472596349724,0.017681633592165978,-0.01569043276834341,0.03191558562152343,-0.08886220935996707,0.05341048237770085,-0.12210177723504458,0.01564838967488231,-0.06702651427164844,-0.02420528521729963,-0.030511169359755747,0.05902529613126774,-0.005479681760208771,-0.014620972242853953,0.03773886086975992,0.017646483362750532,1
66,0.026154074532258133,-0.004602300236407795,0.0546804618182517,-0.06574261059531619,0.0009610858351317834,-0.021149051420785908,-0.036961999183603225,-0.17498392970881166,0.004365600952212874,-0.05880381955475285,-0.003443824989799998,0.20818519912684028,-0.09690202635755636,0.026713622559452865,0.041110838790134926,0.06418356224844889,0.006966418579473683,-0.001507184869272971,-0.1280776976518102,-0.14501784179577468,0.05602192811749665,-0.013768271092467163,0.05236306473022361,-0.1037108208996248,-0.05792788717105403,-0.02726273365225757,-0.020280101545212054,0.0064054391518338265,0.009692091354586149,-0.0774080109991572,0.07489443568893672,0.02037501189879371,-0.06344594977097548,-0.017443443858789116,0.08587213801113536,0.039721248919973674,-0.05847637131058479,0.007536607242926793,-0.013526253413932732,-0.0565497880742623,-0.022898154368988385,0.02757682304762995,-0.021244999715789706,0.07694581412165606,-0.0026524494545592187,0.19950065626412242,-0.013024667384535457,0.19836346609934086,-0.10893372869973006,-0.02518712615087664,-0.23125555224791303,0.22278046732009973,0.17552183049224743,0.046095829206301404,-0.14228767896904498,0.09444150484637631,0.055489471933946176,0.10960177183762351,0.33034799849566704,-0.32949685399691514,0.010264335516505038,0.031918335571333105,0.22379722483025882,0.09446294466697527,0.08665055377218833,0.20489331664835903,-0.019997701096463157,0.03638488258433116,-0.03262705692743138,-0.03333370438399915,-0.05342387914087617,0.09588997588184404,-0.09389489500968022,-0.15002128324445446,0.024539209320395994,0.07032355248183852,-0.06537402504561024,0.08855027979400792,-0.03824444718357307,0.06959400356050441,0.0708383356801989,-0.14149212217412757,0.0779077809328423,-0.041971885977059614,0.0220697491031038,-0.06489846171240868,-0.06977115929350773,0.019395665385692696,0.08479562890762656,-0.017252583789365717,0.048337726988377516,0.01862148195847432,-0.041446103341179166,-0.03937252677369789,0.00022884182933201284,0.026366085845970767,0.001696091650341309,-0.008555386221667585,-0.01247192564806427,-0.030631568070256486,1
185,0.18752480151245637,-0.04174498497022007,-0.09784102299251592,0.015814685191972294,-0.0071058747385827304,0.07240566710189468,0.2564161291788433,0.1908198050859432,0.23763386947825965,-0.05465847253508937,0.02483018187662491,0.18878871027058933,0.04379414974314471,0.0020168919717379785,0.11296288263774704,-0.06623868978276641,0.0018310756271592659,0.05738416993598911,0.021161200185472507,0.03039567928426883,-0.03515023524844209,-0.07150614548462293,0.09061522283517962,-0.026826948814300387,-0.03183790146929866,-0.09112684863945428,-0.010053235751876192,-0.16600042583299263,-0.023777072392136007,0.03770779333471008,-0.051709428992954415,0.03976753566850739,-0.13113946651387748,-0.09227059273770333,0.09140807137442158,0.020883337771591782,0.09589379698417962,0.08620432115626231,0.19566240212767333,0.018454304042711964,-0.04464469338854703,-0.021816390106668783,0.169135654901792,0.0008895544458819715,0.01053013044598767,-0.007985828445712745,-0.05053310446920146,-0.08910395613225869,0.047826652888501756,-0.029025981536291073,-0.03136327345935326,-0.08823972416003835,-0.059056831801348166,0.05538833033890418,0.08687249221151463,-0.002979112167400148,-0.03757120597195365,0.03011128254565321,-0.02121204492760253,-0.008367442087332158,0.00269290386584742,0.016919842323005845,-0.040242481378340814,-0.07395784047384793,0.04791507764337635,0.10433728075078198,0.024343091955040395,0.04659300146542634,-0.0024164231680414384,0.023602571450005373,-0.1085204190396092,0.05212751708934464,0.00811978879062753,0.013459286043260198,-0.10801625287501959,-0.02085142881423044,-0.089431274407626,0.04789988767066714,0.04017282596401333,0.09474818655778255,0.051527991383952795,0.06419455790820569,0.09217169610373346,-0.009283634941518135,0.0199893504557288,-0.021595461304452005,0.010773221203056281,-0.07588328389281408,-0.0398986662350932,-0.015873439199802403,-0.0011822752879902336,0.04491533728521285,-0.01502072251245224,-0.019810626041406352,-0.0006480783064760619,-0.010038058802764467,0.14755783722084356,0.10529560254082436,0.03970054338995497,-0.018695210047844447,2
130,0.32506114922426216,-0.2185392668715879,-0.11368601267375879,0.34930456170211116,0.056937207630814154,-0.009224148383238458,-0.15620364285459928,-0.07426457314733709,-0.19501098960887345,0.038095009517957745,-0.01054560324449997,-0.01998914239556907,0.04140109425597645,0.03641218755930181,-0.0009827270625394754,0.0019063055683180238,0.06173818369870368,0.02467002581544706,0.048236368038165424,-0.00011309354728618539,-0.005137796576134594,-0.05271187012674395,-0.031149224146764774,-0.03851432715067516,0.08617017433080384,-0.10060753384829108,-0.015513830114852434,-0.11984344894117178,0.05677423192403304,-0.048057584962533366,0.06527309722592733,-0.0033340038471902987,-0.08262480101868458,0.024694798204819617,-0.05015709274831517,0.043543552536823175,-0.02717360620047261,-0.1566357940315096,-0.1654560170690107,-0.02803890151422128,-0.03459152627453628,0.07902910843277809,-0.0011631443990802166,-0.09534820561765317,0.09780145955622421,0.004612137691607853,-0.0631983208106261,-0.008725896419252083,0.0927178997650024,-0.008624223489350397,0.099221167777499,-0.047691513792823007,0.02334831202895941,-0.09259011261252373,0.08642201861703455,0.02661407555508132,0.0350943817080779,0.09753296315881609,0.025051236077240562,-0.06420740814934671,-0.016693095472959028,-0.046205745399180896,-0.0341551951184306,0.031189115657513533,-0.07771272492520952,0.08759664088921475,-0.08716165189635919,0.09815408537714056,0.10400502246119424,-0.028253711982924083,-0.03288366591396026,0.05537372728956317,0.05426904244857684,-0.014255010126181206,0.03275390630303339,-0.0077243176648828194,0.022886892923829085,-0.08809347501969518,0.018916413388240547,-0.02152831018020488,0.0380409874057385,-0.02845439010067562,-0.08285896732109249,0.02505327638701754,0.079924444227937,-0.030938017669905747,0.00036402728388799135,-0.022355775442955635,0.014236165100511866,0.04777474592515826,-0.018419537777351128,0.020419394760144035,0.05837065114685844,0.0482362491262136,-0.01586100416018346,0.025636891609764276,-0.01835553192405648,0.030443088123619774,0.0410815549917295,-0.019115342894264573,2
69,-0.15219309990601984,-0.08228745170462563,-0.07633060908848388,-0.09486632138433701,0.40590023255204477,-0.10802068876756231,-0.1365229383183347,0.06100659962568048,0.06036402167548781,-0.04761922746505839,-0.020079235131073212,0.003437528659916885,0.0035112596527994812,-0.011564256076153266,-0.024479726984027294,0.012191631732026411,0.017677569625544808,-0.019947005056280026,0.018170300352546357,-0.014094782056962574,-0.019594641657072417,-0.004622705078067685,0.005385950559820904,0.015328703779905141,0.001946859308699204,-0.019683649047677124,-0.012712044848507555,0.018442191675620525,0.058780893178902824,-0.007012785340490458,-0.03287460710307131,-0.2565435108186412,0.025897729207859405,0.42144528020601996,0.27504829223880467,0.08939817009063725,0.10295655707280096,-0.0736738669431045,0.09457800023149564,0.013678454398633313,-0.0249035541503536,0.12210981909199536,0.028462401237369258,-0.01453246410389198,-0.0903171552257489,-0.004831588531592601,-0.029226431909782708,0.0379734739591377,-0.023443272232661547,-0.0086373099339106,0.0659478995415277,0.03880399830402264,0.06769879164632406,-0.007897808095272825,-0.027048288418352908,-0.023003285269976744,-0.006633665762489019,-0.018873152568476367,-0.003616019110910507,0.022696804222643738,-0.008478599278679172,-0.046441615521097095,-0.04873507974802479,0.019164572871407194,0.005622873651411651,-0.03677766428176187,-0.005968027901411677,0.04566051024050981,0.01047192760461317,0.03245660891154002,0.010088128527469724,0.006409299610226628,0.03766777090922154,-0.01888033637169222,-0.02657719617943466,0.05182868673969397,-0.12953966131499714,0.04502134960620631,-0.009656363236796594,-0.11215835866498503,-0.028208548396438857,-0.08017167754045415,0.06967458677265952,-0.04378654614929981,0.04471920246246123,-0.03504916809626628,0.05583232397948022,0.041665398630398934,-0.036414798062534524,-0.13331454584794242,0.01762996668359432,0.02646704118998079,-1.677036329913527e-05,0.045163142700851436,0.03781228402070322,-0.03504856484522923,0.10629566245680093,0.04838519984775515,0.090490864560115,0.049027859516847114,1
18,-0.07350562208710901,0.06263881410135601,-0.026283266796524846,0.010115844713062849,0.016034593857496584,-0.0012729826128778144,0.012442311179349012,-0.051029603199076276,0.004331799276831989,0.12951921944535147,0.121817301907408,0.06148249957243583,-0.01430382194513388,-0.032304686512138005,0.01357688528663506,-0.021463400461632223,-0.03319658310134604,-0.04991763657374616,-0.029513441457390353,-0.10872389595184472,-0.00870475673887431,0.2088345039630709,0.03976903432017898,-0.22307570671783472,0.017127215065533483,0.09361619354143272,-0.29644485528410297,-0.09017127605147046,-0.18201180829284977,-0.12544102799493487,-0.1602246248851166,0.0443782261121858,-0.02160614223525471,0.14840539885794138,-0.20612641194654965,-0.11609359986029734,0.15152129816610524,-0.12333420371139628,0.11741591124728795,-0.10636894527614345,-0.03391341332585079,-0.04901496665415394,0.018691802840398106,-0.020062990763835633,0.029731063154613515,-0.07909158013707994,0.08375363674524904,0.07338950036660781,0.02465342582834595,0.015370622398196348,-0.08021555649205886,0.040038832095197076,0.05125286918945543,-0.05885756861260284,-0.04953425018021296,0.029197054317134357,-0.07574481196197941,-0.08118897739175976,0.004059090855510757,0.01790569470783377,0.002887763424048582,-0.009433072698840595,0.015433609237697545,-0.14771317465710068,-0.020987785054622045,0.026205955061313433,-0.035492984949762565,-0.0057240062101506,0.019680731195474824,0.007372820179555277,-0.14725660794567846,0.01411254261631645,0.11070413596138949,0.012266611177259835,0.00964527939304345,0.06720106259614139,0.08698122322693787,0.0872622214776675,0.08163458431720177,-0.1449939739715175,-0.05314713767929447,-0.030061218153547346,-0.010609065230949429,-0.048882083996497364,-0.04256426872784343,0.22007194945470193,0.09479756211583246,-0.04843531272389547,0.06880978799415281,0.10111176997513995,0.18518849551784178,-0.029757045825031768,0.11046614610573711,0.12380293527775153,-0.11344369066303502,0.19356169582268767,-0.11278361950323106,0.07645163251583083,0.10237099162755575,-0.0196356885534314,1
168,0.03796548894753386,0.010756767160832518,-0.11046334079309986,-0.2616505236014503,0.1160712175827576,0.04187324198320136,0.29597846227904895,0.08988670657352324,-0.4687635979749896,0.004987172736925236,-0.09946176138897822,-0.008452769353403635,0.047633698586768296,-0.13470862228193065,-0.1614013416657552,-0.1808567672727017,0.20111859108982472,-0.23298241692555013,-0.27215687231793667,0.049060549047943734,0.22605786282669557,-0.06098357459163083,-0.0948728710675924,-0.040123480173409484,-0.04986978045449095,0.05680181785331677,0.06702739899011416,-0.09773633452110089,-0.0359463310376873,0.03934751089180117,-0.02231296758784128,0.04672694485965225,0.04877499450762723,0.015260085308576624,0.06032746351798473,0.027766622102511688,0.0027363272241920974,0.005184445322460578,-0.011782183816688274,0.020418742797392666,0.07016307981363536,-0.03363075898774058,0.032259555641803384,0.03992017608901617,0.014082590516876728,-0.04836360221959865,0.03365900694222654,0.008043602178907037,0.0014825394149899013,-0.03151573779197739,-0.029418900695481705,-0.05731835268282506,-0.035981177151219366,-0.033787613620766266,-0.031170327202968053,-0.008886559834788397,0.025507164055642743,-0.010574803518385086,0.059599308219673505,0.0002166604797627794,0.004147552745674413,-0.03309769597993348,0.012073645526469745,0.022743331558442006,-0.04543186299613928,0.022713958491155224,-0.02902752069271737,0.03971416857218512,-0.009631491252927423,-0.013708921135476703,0.009342708608205564,-0.031167289206667167,-0.009396260933597217,-0.007695663428137116,-0.021616292052600482,-0.02624621086492285,0.009231219685326858,-0.02846638608371998,-0.008437463393157816,-0.03091673184078236,0.004354996361450944,0.009596804038275172,-0.04835973332500253,-0.027330865502089317,-0.006000358941383121,-0.0006727330732720537,-0.024960310637421598,-0.02009987109116954,-0.04304352120735578,0.03168558434727829,0.008144711381771887,-0.04362468105441337,0.03877899698197112,0.025218348461721413,0.003187338958010346,0.012583860364632915,0.0035581004894838413,0.004470997852051866,0.003118222257716821,0.007130481255589995,2
182,0.08352205748676618,0.025736216367539665,0.017025710302210516,-0.027184718752020238,-0.0960637077729708,-0.06233552510916384,-0.0372070619838254,0.05564136989089067,0.07813920233983651,-0.02966161110377244,0.049801754107681936,-0.0993239300037708,-0.021043486578075175,0.008136495731974268,-0.07299943397279292,0.0014484249962174172,-0.10125597050252491,-0.20818095704585676,0.022004882119082414,-0.07055041275029185,-0.020391305114510323,0.08407152773528469,0.14547758747650902,-0.04064188114958712,-0.04698859613070791,-0.2004470878630285,0.015872793417318485,0.11086859375532242,-0.05806836462488484,0.09342305733315785,-0.18503216519247792,0.08488027211992505,0.09794960651674688,0.04027181093760049,0.0629767632840435,-0.05413544414721128,0.028025159091317753,0.08476629864145964,-0.06838830843499027,-0.005897256101698072,0.1504698594239558,-0.16378277513580375,0.03734278549577609,-0.14516954683522035,-0.03987248361088416,0.030274559320098,-0.011506634168229148,-0.044638438367956196,0.03702124720982818,-0.167670530172069,0.04393960074583461,0.04934799584673034,0.10126851733803639,0.02084646090875094,0.05396266289048161,-0.1049973777356193,-0.041986095840518475,-0.05343829779065559,0.0037099947236442035,0.0031169094102435364,-0.07550307421756514,0.006304050287825141,-0.09716325591101614,-0.04295540141494594,0.013029585939962961,0.07831696897322558,0.06159839523830942,0.048659804401371944,-0.0362162808617386,-0.19128776003857834,-0.04089942492905399,0.053628347717296014,-0.10157528911738788,-0.09066045889991374,-0.02296377644776305,0.020023226716429927,0.12920562541927505,0.009225168451136787,-0.1426144473286958,0.09219051742937441,0.0006271362352542244,0.056526886930722685,0.023234510021925465,0.06623314339861047,0.046631611606381185,-0.11289288981273514,0.08715343565345197,0.138405585142731,0.12243391704907448,0.1111647018632104,0.18638084268738828,-0.08863751022345374,0.0924392040462401,-0.032877951215909564,0.23033781905970138,0.023616018361104014,0.1553904195840128,-0.11824372272002874,0.08521932887316096,-0.1432983345703152,2
152,0.03735610099259356,0.028816771865762654,-0.022351630135818906,-0.10982730995032709,-0.027391335184029673,-0.039230739385238564,0.06791387019195741,0.01197805830790733,-0.04709899394036912,-0.054042905865727874,-0.02218671491509304,-0.02134451240545627,-0.007704241425240853,-0.009298270437177934,-0.025299233924221738,-0.09563125354665722,-0.02635004202212873,0.010312754179922784,0.0009755426818746075,-0.028990358866701354,-0.02326326640213668,0.13397813795855817,-0.06446432262232499,0.09889860304803032,-0.09184872146547635,0.00044114471316312326,-0.045724108953105094,0.1219330697379311,0.008484276915400716,-0.039351122555623966,0.03176899850856923,-0.11776833911118395,-0.08227472402281531,-0.08730646030668252,-0.11668021530770284,-0.027298803381811183,0.026665553424200975,0.006475745925547053,-0.013406660598302159,0.01570792092200971,-0.21604847428588017,0.0065559580919966895,-0.30215988946076217,0.2035075470324617,-0.10257732709451993,-0.0985070769052596,-0.22794328913829204,-0.1887589922540503,-0.1942495627678416,-0.03137458439130932,0.19336713681944695,0.16208249328926042,0.12406523011383112,-0.07914385459403062,0.09728039668173238,0.1756946404526315,0.04797748744301673,0.13637581288108272,-0.07585560905990962,0.05022628849339036,0.18172604942686993,-0.06417583725404331,-0.09883190819710441,0.015582737835875143,-0.19899123007427044,0.1982222990607587,0.04843537881855019,-0.018613317612625913,-0.03940624173577676,0.0141672988666084,0.06455849594241247,0.02391668880805647,-0.12909969184894093,-0.06802167803918532,-0.04503163303633689,0.03315728705238726,-0.0031293687500718345,-0.0024532028773056273,0.0042466129535301544,-0.014547503883437297,-0.06474162454125006,-0.0411909099621799,0.10772444335498431,0.039102815880387824,0.0022593728153358105,0.10749007812434005,-0.05014165246264485,-0.048403803056166095,0.13208360190787186,0.05728508774835138,-0.0040532986586088605,0.016534425654616897,0.11318762228117908,-0.03211694449831676,-0.011836380863150774,0.03787831113735321,0.02308896157585977,-0.012225069919111223,-0.027052596112563058,0.07043860732668099,2
106,0.07316078505939545,-2.6081940617790488e-05,-0.032972061287750314,-0.1130318592399284,-0.08622155088931972,-0.13176504462820682,-0.05043926440997932,0.0712260273715768,-0.013182205278667394,-0.046239917906338135,-0.045936712639534576,0.07300194423640453,0.06193123545156191,-0.03001242919245044,0.016028148349995826,-0.0983569426212231,-0.011939613806499117,0.12138971076173939,-0.11286475727231646,-0.03810059262295761,-0.027961842248134326,0.034331816691651515,-0.004658737875468893,0.1340931823350484,0.09095356495010347,0.08743982664458508,-0.16604144567593876,0.26930524100526354,0.005303764836707559,0.07775072989374103,0.05303131946108134,-0.1127389604756942,0.14631608315245062,-0.02707834377491569,-0.10559562813471553,0.03209426789869191,-0.05287630640712816,0.10100289802923859,0.14516424665038985,0.09790877976236559,-0.0056067945043924115,0.1448785144714839,-0.09942898392634252,-0.20436877191220806,-0.05341590953493464,0.051462184773960036,-0.06661364037049704,-0.03712958271835656,0.28884009069063465,-0.028077552684343237,-0.06177288714481417,0.09216967859636543,0.02448948832603278,-0.13868500954922885,-0.10041330794232041,0.025793887866011854,0.11058095350645684,-0.042829927742591166,3.930053863802064e-05,-0.0784485994439369,-0.23142278028816932,0.028864136564668574,0.0745521899627728,-0.0046821816476838645,0.06209629586551529,-0.05478753606556356,-0.17906175216008047,-0.14213711320505568,-0.030094105659613735,-0.026441282261196176,0.1292985494959689,-0.009244193228741655,-0.031168420446107948,-0.01058431153836453,0.040776255985427196,-0.10210903034903751,0.02684385297485217,-0.02438552928111914,-0.019467154799816266,-0.009016757750998108,-0.003963319404767776,-0.0016550051079171706,0.08312913801227526,-0.005441930025836224,0.07267690615427021,0.10163718027228391,0.13208463125339961,-0.013576068785237186,-0.09810431214646088,0.08053139284829632,-0.09972932273633905,0.028846778305339743,0.2116548555117711,0.008071899077975519,-0.016664001495844488,0.0063238072530751414,0.12598599978397618,-0.03231050701665159,-0.05927302073369138,-0.023678448947844148,2
