ID,PC1,PC2,PC3,PC4,PC5,PC6,PC7,PC8,PC9,PC10,PC11,PC12,PC13,PC14,PC15,PC16,PC17,PC18,PC19,PC20,PC21,PC22,PC23,PC24,PC25,PC26,PC27,PC28,PC29,PC30,PC31,PC32,PC33,PC34,PC35,PC36,PC37,PC38,PC39,PC40,PC41,PC42,PC43,PC44,PC45,PC46,PC47,PC48,PC49,PC50,Label
55,-0.051791138257624526,-0.00881874822717702,0.3539331420636842,0.10812590125286049,0.07251147950390158,0.08988124515969667,0.043516833018026696,0.1081901383483319,0.01067435870288199,0.1075065564386475,0.03195319471165532,-0.12755261824446132,0.047049664244743536,0.026015660843073895,0.10350593267536741,0.028904582246429215,-0.007290670299757081,0.016376748705184782,-0.09561098951988851,0.013694928773063315,0.10472501356407544,0.06421861238462552,0.02887311035384304,0.10443822656035219,-0.00481822535555176,0.0720370355463004,0.013058137880283354,0.05254403398186376,0.029307169659040025,0.020008038258681533,-0.03560365629630467,-0.018505821279746835,0.06969220372756058,-0.10676172454222427,0.02238957069358896,0.062006531675210697,-0.17360212048341184,-0.0853422005039189,0.03969327501436046,0.07307723559018486,-0.0819954822114546,-0.11981138743922877,0.019281694464338625,0.016203908571070496,-0.10410999384118201,0.08485679944812724,0.06479657500605188,-0.009553539839697082,-0.1401135466210793,-0.15329998336702716,1
176,0.06427204393657744,0.010200274266159211,-0.04237705244859237,-0.12941732411598128,-0.0835286681324385,-0.027145265215032358,-0.008021516153381557,0.020388434110942162,0.01849035872895176,-0.05131498629449915,0.006582413062664583,-0.09127104162121098,0.06344445704313331,0.011321699071218409,0.07092113120073495,-0.19040933367356994,-0.26214973609980585,0.050648040076513995,0.3400126318810113,-0.161140506388576,0.3407691802641676,0.11940216344853133,-0.10668181888598627,0.2086695445667211,-0.050499818600189254,-0.13924676714719358,-0.24266498901589478,-0.0015070593877665839,0.1549718272076074,-0.020693640054619756,0.002521951427123362,0.09553138879684155,-0.01952947898637018,0.035738736550361486,-0.12818042274897506,0.025061962148918232,-0.04020253934291154,-0.07477526625130775,-0.009191426997641491,-0.013260906287794057,0.06637602795696183,0.024806015424217714,0.017746568357960096,0.00399296338943394,-0.0081687701350569,0.032665913834439834,-0.024258835119932615,-0.02422839295679011,0.0037997095271802613,0.037137843964431,2
79,-0.12098130081370002,0.23751661364885474,-0.1020615359907787,0.15039605611533766,-0.01395488921908267,0.06429672361772998,0.04923675748045534,0.06977953801048464,0.04648883505887446,-0.05778144758063283,-0.0591092905389174,-0.001824687682165357,0.005287275499752065,0.00998963701587884,-0.034895732237785214,0.03474288749597283,-0.04433501275566336,0.0008349745616955423,-0.00431437355922355,0.0006036915273754962,0.031177993357308195,-0.20649409194926263,-0.17684558328133967,0.173819026895339,0.0992712558003345,-0.001907604467304019,0.011180163150482224,-0.0814605807236227,-0.0804859007637766,0.06839556364228665,0.0016969764214786675,-0.1910640709090085,0.15993191055643874,0.020456872634624985,-0.15518462711213826,0.11781458025087295,0.237395698230634,0.13007752320529192,-0.16974434597080074,0.12292631539907753,0.10594013206650174,-0.04442864044544918,-0.006807263526682362,0.028562974866450156,-0.013625785263312503,-0.0013788729411241495,0.05483170915515769,-0.05691839911711614,-0.09512548530392272,-0.03010088158162627,1
101,6.331437602487454e-05,-0.027038355035285393,-0.08957213417718389,-0.22073739730331085,0.07869006293112106,0.044313940053757994,0.270816423939657,0.05125872347360442,-0.4439253785057238,-0.030009935112350474,-0.046322979902367604,0.007967991857055148,-0.06537360911004225,-0.3496054734041117,0.2470219618390338,0.4428401111692053,-0.23956358257247062,0.18805239628893652,0.11748130394931251,0.016453260047771964,-0.06709924609331983,-0.04563402340539891,0.09848090683001147,-0.036650227846487124,-0.004269869969398308,0.03750166568006215,-0.012073892986039732,0.03948510992652856,-0.004249066643725217,-0.020174797172939733,0.04269742872067964,-0.0007901339785284404,-0.003026607874931646,0.021189991151105203,-0.020545878747062433,-0.0009087856610706048,0.03810028426613172,-0.024860850827794014,0.04171901953937161,-0.017686762221235296,0.0019049456288549949,0.004386631593617729,-0.010182296705576787,-0.044847184489731004,0.023088442967467485,0.01594461910018673,-0.034242627317427686,-0.02023199454033821,-0.00882109325955333,-0.016465995728758988,2
159,0.035579860154767676,0.004148706117156966,-0.04474922479276286,-0.10073529888749423,-0.023033794816491333,-0.009673087595605383,0.04776654294230171,0.039355854530917,-0.05160769904204118,0.031812821838902064,0.021416396670648354,0.0203977013826169,0.04234678117558434,-0.06070927209444108,-0.025753180876282727,-0.028836585485800825,-0.08517204714567317,0.08028529105906043,0.15598113620558224,-0.0042185031682001025,-0.07987273580512241,-0.023703457110954486,0.055923685983685294,-0.08163892704448322,0.008155820900877126,0.07452841168197279,-0.041090462382077746,-0.03356267065135311,-0.10786878345600842,-0.01934565142775644,-0.034904792873204776,-0.0720504977620787,-0.07395320873037982,0.01321342197530566,0.06975678817253061,0.01240007555798497,-0.06040975180630711,0.037387635021257894,-0.15358891256526352,-0.05869663737652542,-0.08770105246459926,0.03192273187160494,-0.13689155294978084,0.2364977637177646,-0.23200626246821363,-0.21136207385885547,0.1402603688002227,-0.05565976992441059,-0.17323014849103374,0.020231940890845103,2
186,0.20073008009456406,-0.0665738862988772,-0.11350054307733995,0.00304519195017929,-0.0029547875558328944,-0.010362756366197356,0.2024518582575481,0.11957463530297922,0.28299581085870107,-0.03680125920971957,0.023376481425109414,0.16184520755690351,0.018249340512950688,-0.029591135823510036,0.17766945537812676,-0.06368600007458848,0.001414319129358228,0.0826723974796505,-0.08359457079811394,0.046802971767016414,0.05244058285678734,0.03843670674379001,0.06823229157651933,-0.06139379881622827,-0.045704985913868464,0.0154021524990493,0.0177400921386473,-0.04950748015846788,0.010552031661224336,-0.023334090361485652,0.05799073477391479,0.1355922486252595,-0.062494634200879286,0.0709141180806497,-0.012556710792703334,-0.01978674369284749,0.07756096141994805,-0.016732015727328884,0.07204376569933046,0.1491443809556085,0.04574406054975701,-0.03222984133897041,0.03484000504406736,-0.013968278325053506,-0.10604544693078444,0.09218350584770561,-0.04147658172828667,0.06282771741576851,0.0680096698805625,0.026188143986957242,2
17,-0.05719003263880088,-0.029547914565803798,0.08345138990131352,-0.013573733775731596,0.021937358912430285,-0.028373816194521537,-0.035246565485629676,-0.015880121331557973,-0.0033353861873018135,0.0010302620782372172,0.0013148739443518789,-0.09571481400343698,0.007179265860855177,-0.039409802842332496,0.27868809864065275,-0.16803803999888417,-0.0002304295423344057,-0.2551204447562564,-0.03527500246158358,-0.1342109083051322,-0.17656924614034372,-0.15885059067860596,0.26774040663195664,-0.17059646146779647,0.2258708641699683,-0.20691142728244058,-0.22052394912934725,-0.19702520623360614,0.11488488100024043,-0.11923245342860171,-0.10209471300041613,-0.045791075045560195,0.08362642356025678,-0.08663617528316188,0.08437078062065902,-0.07120316822833936,-0.005627476321341603,0.0323327534067982,-0.0007079968319040409,0.025291527313171604,0.03476514044285932,-0.06559867699289727,0.003443218660448025,0.015706844671683946,-0.020817175839994446,-0.022440460761965257,0.0006648522099684726,-0.013047046087644855,-0.0001418923780750458,-0.0433737431872686,1
44,-0.22318203499638786,0.42849838686153985,-0.2574083643803234,0.21224486702962184,0.025068184566052337,0.04578622295585134,-0.024631507284387122,0.013530568486112839,-0.08073000858343554,-0.04794912259205041,-0.10612189885780175,0.006523506764040003,-0.04007449561498801,0.04857483685172794,0.04590230677361735,0.008958166390374606,0.10086114335075377,0.029050833944842865,0.008584621682032305,-0.017420966991925538,-0.01219953942303081,0.1880860744099489,0.10136290089725176,-0.02897759338630689,-0.028537994446876207,-0.051426579906912975,-0.07081064487247642,0.07678070792765443,-0.011078303546827319,-0.025305832856771987,0.039251185661919555,-0.025006037584206012,0.029184461668055703,0.002676493747039083,-0.03581716452842723,-0.018267271883976203,-0.0005471128365441303,0.029303508549393956,-0.007701198657344112,0.04941974301277413,0.0018859238606294777,0.06797071886106426,0.003142456361950751,0.015917485949552564,0.04701791028458559,0.021434630076143768,0.03694781971921141,0.02565098310444861,0.0030352707397706125,-0.11593389132142515,1
74,-0.46746960182511615,-0.4168108730419019,-0.11428502492515187,0.08715140119337939,-0.13882609810989774,0.036369314168277884,0.02669762111304769,0.016742734133601014,0.02129217309609121,-0.033686456059412694,-0.04325930834985134,0.016730425867581448,-0.011329550274639694,0.036574114902055324,-0.09146938486672698,-0.011215317343377773,0.020490811266271534,0.008957746082093605,0.003111094592476439,0.025167333131790596,0.013225242911434863,0.023957351160421393,-0.06124195211071111,0.014611633762311638,0.014520519500430911,0.03398099185610901,0.011652913393437594,0.011059993451620677,0.022905491686589806,0.006879000160226779,0.01323763823631955,-0.04238532933114034,-0.0428211884319595,-0.020579502618567204,0.004078427610819565,0.13312923398014173,0.048888629665562816,-0.0324493944261804,0.0710908112438917,0.008190604278655731,-0.0478589111711755,0.07821311539564128,-0.04220443011760976,0.063022334387245,-0.03276516693796239,0.015130212772106614,-0.035015560658172386,-0.007344156750092411,0.012422237375611132,-0.02716341720729978,1
58,-0.20610629927102275,-0.11415887061649893,-0.09375467888018627,-0.1151867841035475,0.6480707897721149,-0.16841044881695338,-0.235498892785375,0.12219140683179393,0.131250038159693,-0.09191528563377836,-0.03267195470691931,0.02848651473221105,-0.020413029921415925,-0.04833086290987519,-0.12603567070843957,0.0279015600739458,-0.04570679566377841,0.007134885618344266,0.026144640740942096,0.03273596085693809,0.0283876650581119,0.03482081383390677,0.028132350996211777,0.009977003353317804,0.01612624128618456,-0.00933770391176572,-0.012005799439328167,-0.016123798802261346,-0.09070634459477965,-0.020540460280877405,-0.04965255708012406,0.11059433409621344,0.01710779917851469,-0.14526070092017576,-0.050265667728777365,-0.02952106729537749,0.034309905750096834,-0.02763395387864359,-0.007900921598167921,0.002522023625291895,0.000983562286751558,0.00516960527852611,-0.0052172636371472,0.013696379477854717,-0.012309720671810175,0.01256844289968007,-0.0198077070562014,-0.013375581286655114,-0.009155437413209773,-0.01936781169699085,1
76,-0.027134195922124044,0.1617672466025242,-0.05029781163234777,0.06602507092996213,-0.05794943784109973,-0.030563961445946176,-0.01099515551231277,-0.06203373407193043,-0.036680475419999296,-0.1208757345013847,-0.05149537841680849,0.0324710283801837,-0.017021518905523097,0.011794559454687785,-0.001328182477800677,-0.03313619393725787,0.06287914993559995,0.018788177537135044,0.06647314142248714,0.08195235964789292,-0.09527097847056841,0.22204559701925236,0.03758959529153293,-0.09934618456850329,-0.06368019724337544,0.03336320644827262,0.012761306644619401,-0.022644868284234468,-0.06801355037222295,0.10091737964393514,-0.05612884275365099,0.003173336851356329,0.09822886389789702,-0.04980132012262185,-0.05981030561032397,0.0403193106240675,-0.012318481680305957,0.046708811113481664,0.03866509289504096,0.05986418139023805,0.08205978146971654,-0.160567466863502,0.04029091460196469,-0.16447886880708626,-0.16462329435537806,0.060955282475874305,-0.0176163100382426,0.08178328672142354,-0.029640964255925193,-0.009962417962472811,1
28,-0.06112848040384251,0.052481409703100675,0.2745859630941987,0.10294852843929915,0.060395662757340984,0.08768755733764796,0.026066663867237168,0.07841962176347575,0.010872504991620721,0.059839564268839227,-0.01525658985433563,-0.059459198000778216,0.02430507751997245,0.02040129744422544,0.14235806827748396,-0.055024501277778075,0.016718520436521146,-0.018723964418187827,-0.008591147399505514,-0.01549790001554421,-0.07034362590142011,-0.02849053225677055,-0.17987138063153454,0.1537681473299161,-0.034789544732240905,0.09121680346184122,0.028861781663393576,-0.009031502474191898,-0.05873406241669225,0.015009419805775193,0.047753313764935024,0.02392564852780165,0.014358604959310534,0.053670523780726495,0.02016278925629221,-0.10407047841178524,-0.04836140332753588,0.01195251862263877,0.03168194859691329,-0.022920395061253748,0.09864295989094572,-0.016505159474240805,0.0331947584236077,-0.06552576608751463,-0.0036411229370164754,0.018326111859232788,-0.02841075494284008,-0.1381419009556587,-0.037747844858410096,-0.019927301660571526,1
102,0.08460571558134439,-0.021127510621800034,-0.015957575280131506,-0.08404724686074086,-0.036135001905825435,-0.10647788002968021,-0.024478793373117855,-0.1902580569051957,0.03112823848241394,-0.2354657153136614,0.1710190342527241,-0.2546497934187034,-0.08359491313464487,-0.03506487337692273,0.013752645183199689,-0.004793298721392791,0.3489080571526461,0.36281899723001565,-0.053650524973970465,0.14218888071157107,-0.03270563857628055,-0.10213220603267889,0.08673203982869498,0.1858350533188376,0.1091916880629984,-0.03320200297146747,-0.15251818683923576,-0.05182479321269786,-0.03937695759419286,0.04076526695275039,0.05929597196794915,0.08124540211473699,-3.182526274205374e-05,0.016317031940834937,0.034559127439325696,0.05870663409878143,-0.03219235261245471,0.032434053177361664,0.0294784639147779,0.004982229881708357,0.060247289420933214,0.021897578532357593,0.0457264931152,0.0074538099696587114,-0.00514416644438803,-0.039732157361457035,-0.0015313979060621583,-0.06395521811558884,-0.004290964406837487,0.02698223174762098,2
132,0.20638767820586382,-0.06411502452795637,-0.06050690231937602,0.0449076549441148,-0.05050959609700422,-0.023306807974794386,0.1125708819248422,0.14009995784782636,0.20070054164782258,-0.10071628380671818,0.13059978415519566,-0.10858608406526257,-0.17081382602823272,-0.06173502087689938,0.010171034926635621,0.04261842897108838,-0.020374780624536463,-0.05184490645456135,-0.10209719988154035,-0.037953736954351835,0.017878527275197058,0.1231362429000761,-0.03230025596895119,-0.035073232686148675,0.04980572119065973,-0.1199516821705048,0.012640579454293813,0.030006543130411165,0.024648081254962487,-0.044634340112233974,0.012401208506571086,0.01687736884141113,-0.0025973087257533055,0.002975408458596626,-0.002524823613396611,0.0002326533435845266,0.16265195496024618,0.08793506114246329,0.027743358208130776,0.01946202642199212,-0.015437908038314149,0.08116886049921401,0.053162444372429854,-0.026401700162908267,-0.008869015402664607,-0.15086518951460529,0.0024951295262497166,-0.02247216870631001,0.013493191669741604,-0.008951863158390666,2
164,0.0676753206835881,0.00020489380123558747,-0.008733736742124335,-0.09759071080565228,-0.04457134023288703,-0.06870743835221639,-0.010368760785503896,-0.06509382402888789,0.005743533942518941,-0.09162037724583223,0.018958042608905087,-0.07943326094938744,0.00553466873473496,0.004963891401205216,-0.04269680166756018,-0.11172822188133862,0.04711039445959122,0.10786299355686628,0.07609329653088533,-0.009349284361545895,-0.03623904296555124,-0.04963455760182739,0.013327253722404692,-0.054861630005517276,0.025636995171469418,0.044312546497618906,0.0009852990477431374,0.06291318394245868,-0.04405157528637098,0.018941848729185074,0.09409678766055495,0.08750601293738089,-0.051833640937724794,-0.04049969702946933,-0.0015244820054293629,0.15504626553539255,-0.046190239225554694,-0.07550329999320994,-0.016575361208834,-0.005978543104326462,0.07497798120032373,-0.10975802834656291,-0.1920998137118005,0.0440587939503414,-0.1275872284004677,0.04204629841547103,-0.05616942179014893,0.12010582526587252,-0.08421954285354055,0.2851671929780279,2
8,-0.03939404450261111,-0.009239517240336507,0.3266762067397742,0.1139450017114825,0.06215522734884614,0.08953660482221626,0.03967154289809589,0.08698053508993553,-0.012376209583966803,0.02573480280939445,0.03186790460293403,-0.10903771451978114,-0.004908522167953869,0.020065900854229178,0.021577454592384568,0.049567853788803184,-0.029504954875060954,0.004059559374788782,-0.06939756032170079,0.02368345005160981,0.10639563691087169,0.03488447989961127,-0.012619007255191602,0.04299950297218194,0.019917859950442422,0.03161478937784619,0.025578902557376756,0.01374116925035984,-0.02290201650811417,0.002095102192942226,-0.03724470954418502,-0.01604246175836752,0.030471738094152278,-0.08631650364452768,0.043536206604114884,0.08911871384811682,-0.25062268532936866,-0.20632902906030187,0.041159022112310595,0.05997101710948434,-0.02626719805547089,-0.11957854556597877,0.030265290858693433,-0.03187052575146922,-0.036750457093953325,0.027337287121874342,0.06238705060513336,-0.05154463450742071,-0.20980520195445476,-0.07802637938405335,1
14,0.03381631627159736,-0.0018732987527212428,0.4202607482230971,0.1379511996696713,0.02139952926563343,0.09691210063070965,0.044450054372319484,0.07479063530609145,-0.004317641501616199,-0.03194746042889856,-0.0005551447623229863,-0.000985707436577102,0.021004202809806177,0.020846019512157827,-0.18356099703964693,0.09207621047066888,-0.0006064089905355393,0.11456523833949178,0.010152942439547657,0.061458011095188676,0.14669105367169277,-0.005174298985708442,0.14432574334871995,-0.13130593348918052,-0.02652952643691307,-0.0016129207170318392,-0.02580522907030913,0.01041969266295287,0.07677917151325585,-0.04128899689450008,-0.08599495116932944,0.04878547876676713,0.010828579148054534,0.016082894463271557,-0.03067953063358772,-0.07685139580818055,0.018251064901082505,0.1458443507209828,-0.014979085609741283,-0.018378843925434932,0.08505364962507223,0.05067824735605253,0.033554133399500065,0.03217314982996405,-0.01557618252673971,-0.05502811556184375,-0.022071142274410534,0.06975455663268629,0.021267050157245945,0.009908299530782136,1
95,-0.12648141528388415,0.058035488848127974,0.059382657746510394,0.03615265870667215,-7.070339081298757e-05,-0.011351124607844352,-0.05520093041048559,-0.053494918895433737,-0.023328018736095805,0.026542452611436826,0.001553441844382981,0.00131321935025598,0.002108026550294677,-0.05196022569619313,0.06800095400631617,-0.05313425288567599,0.021381777348030692,-0.0630965086491271,-0.0031316417403495144,-0.05792185409650191,-0.0060587948049622194,-0.023377970459363524,0.17401640480655745,0.07081384793736258,-0.08517746565411377,-0.1264322772241254,0.1709387433060844,-0.032864792883825066,-0.05155369378773777,-0.13106375994548014,0.03666842914088282,-0.03455252387466041,-0.1365900430055925,-0.01223178136430313,-0.03905804560296054,0.20357975648811652,0.06590465456616033,-0.09842167808326907,0.018198437563240973,-0.055596014376217646,0.12918104489430754,-0.1756782554396137,0.009904513930496012,-0.0447363824108269,0.24395899206661428,-0.07397721635029972,0.01734332019028634,0.017299903166934354,-0.09949264622880062,0.09619729769384934,1
9,-0.0064874338363691605,0.03127629008386599,0.3920910750838853,0.13123952777698095,-0.004660313413156168,0.07186604000543784,0.002552099615805179,0.06699406646543488,0.0349164213757389,-0.015255051834409327,0.026833366747609767,-0.02835071054542427,0.0337694957749574,-0.02290708728982955,-0.1750500671048638,0.10654114908017424,-0.049237284152185715,0.0284717753889306,-0.027517684460552368,0.032033642199570604,0.19831369602817175,-0.007074174672232709,0.22030204209349638,-0.11560012555921134,-0.007470420527660078,-0.031401314148166964,0.007796060126184122,-0.04506104014038152,0.021346030910883527,-0.03132153480601148,-0.0518276385940839,0.032795137824356876,-0.02611815371688284,0.055414502794745905,-0.034844454454849724,0.011561605932145686,0.053039470927696925,0.16868762817495062,-0.03359392992105007,-0.0786048444169843,0.030821516121183647,-0.02372863229679585,0.006163223700454769,0.016609107216759303,0.0007150730632614819,-0.02780540011175962,0.022185289334707335,-0.05337801233403608,-0.011911874717855478,0.059348282947654124,1
125,0.011463277551011486,0.016054470360336824,-0.04777689359419378,-0.11745637857211182,0.0784609349977985,-0.02054676035869936,0.041205235710188755,-0.09059128341063298,-0.0811845887663218,0.04852134316359476,0.03444830360185333,0.015467296307661287,-0.1024513412845462,0.4428677884600066,0.17462653538697617,0.11988192298212728,-0.016297160508527465,-0.0569756070348692,-0.04603908070101541,0.16290800963836674,0.10199038680108535,-0.0552116367709214,-0.019637111053066803,-0.13722319746357742,0.028478677496845337,-0.05720678797829252,-0.004099185307112869,0.018708186408141193,-0.12282729502703606,0.023497615216452605,-0.01430068011900452,-0.08293050079506306,-0.051498627122564034,0.13234146312863065,-0.051232001625193445,-0.009072063893939684,0.007977622220517766,-0.031051890692385793,-0.03563793675992837,0.012031204588476362,-0.06514926186206893,0.02547502574335384,-0.05789151502937758,-0.03269052054848119,-0.03655305705984955,0.015957418807090736,0.010237217403786157,-0.016312011488348918,-0.129873554579957,0.06189577430801633,2
91,0.037095234299997414,0.006663320861151211,0.13368196225945952,-0.0025282229407625847,-0.038536189225600266,-0.0442404211332522,-0.037491436079856895,-0.07892099130325343,0.019725635199890415,-0.06477291999566172,-0.03882683933656844,0.0742628106722588,-0.037362240345338665,-0.05958092689758469,-0.039030645146851034,-0.012510852032151108,0.0017643315361465706,0.026516686287418892,0.0023799331524830204,-0.07506063754845971,-0.017863827230193703,-0.0048930462343998804,-0.08703652624193678,-0.15112699945258845,-0.02041153808237757,-0.08811294882050995,0.03075040513913598,-0.03389873657504908,-0.1230943296358129,0.058148775695945495,0.14762804956964604,0.05343962153968463,-0.20440810703005544,0.05784168643003259,0.07801009686413843,0.03895499075515771,0.12961028183809545,-0.17444484783422057,-0.12872464008877493,0.06628176007611,-0.08118286100056915,-0.149323728071515,0.22916165932450652,0.026053290973076286,-0.04887372179851397,0.22054658922402945,0.06496448099317807,0.10153823528261122,-0.05119612689468137,-0.05066385884959428,1
65,-0.18314243718089832,-0.12745238163852352,-0.09206880001993054,-0.1302733849162327,0.6221042018734636,-0.1701177570387315,-0.23133336418796313,0.11968816140924629,0.1165130463003079,-0.09818684851259282,-0.05286976643436782,0.0341653857447866,-0.01786560867144188,-0.048661782026857274,-0.10161451158591261,0.03315372133367229,-0.031273592553672,0.02112835841316815,0.01586406075788045,0.024298756087793832,0.028010586205810355,0.03259174576886679,0.027323670596411297,-0.005346624544441928,0.009008086809109434,-0.016598875609230408,-0.018380566108669946,-0.012515449033779257,-0.11233298660596024,-0.01610680015151584,-0.0507515822725617,0.1405367112663369,0.042747345311655395,-0.21182363060751006,-0.07881724714499107,-0.025117580797447952,0.01772929761343836,-0.051105887209178934,-0.03901891116961742,0.02186796580941636,-0.00022154562430530043,0.0512151150442423,-0.04254661502794409,-0.020447005949591944,0.026584030379487405,-0.011089823738296716,0.00775716087139356,0.016784474891944807,-0.017968724915396743,-0.011685296969224747,1
194,0.0650977876810605,-0.0011564639912126867,-0.0026312440435791997,-0.07448090848556205,-0.05618047826728149,-0.05409286474307386,0.006789119057048792,-0.008097574653123479,0.013198246132438486,-0.1435395642394475,0.1109914214247117,-0.1849254031307306,-0.11937155806067723,0.05670710302775878,-0.07139818828411444,-0.05285114938778515,-0.0658137009734024,-0.20322773774984176,0.04329259609240581,-0.11854494836333027,-0.09296770715516521,0.00038213507719958936,0.08434015344905331,-0.030807703347343954,-0.08722640104165069,0.3068150772697505,0.03561697137257931,0.08806518566864102,-0.05118859570296062,-0.043188912536269324,0.1018969204546544,0.17570399415658822,0.12965798019527472,0.01611636896183902,-0.046683124982883344,0.11640636464349695,0.1503623566801005,0.05728019549719232,0.05624921003098041,0.04162970394327737,0.10568382823445882,-0.03462358830061489,0.1237052751120903,-0.02847740247101526,-0.07135546142552038,-0.055492399588548215,0.06795745182571061,-0.10286663904379446,0.11479602672459831,-0.11124502696671444,2
160,0.04460547482053258,0.006164173479473443,-0.05064757136612509,-0.13964966415608504,-0.012731515223960321,0.0687574697220162,-0.022153494484429267,-0.012485215955315626,-0.02471965446836939,0.005500468936403409,0.00835303605476056,-0.027189431010986895,0.021413454100868777,-0.035947417593900174,0.0015387041218688836,0.011652746502497337,-0.026829321487200953,0.06575884856054968,0.10155916953619112,-0.022520662330622117,0.02272141866917841,-0.016443249761141664,-0.0029593873613784002,-0.009322067202807385,-0.009944650497170415,-0.009543994464880887,0.05317800011698683,0.009120274244895293,0.00463109644287719,-0.012455568471357464,-0.015475809970847352,-0.011544428479761875,-0.07146595623447252,0.07843059596018113,0.014006666599695978,-0.07104014197780618,-0.033832500715957184,0.015151896219811735,-0.109155405030766,0.2031989028546777,-0.23132341887849758,-0.07934980332108738,-0.04643553149930056,0.27996151329562863,-0.08431799821930061,-0.23086684744418187,0.2514713364728812,0.0994094331968114,0.18833736204148793,0.1012663301706563,2
192,0.05584784075237719,0.002031086057537879,0.0009434424795537207,-0.10906524779584488,-0.09093812566303247,-0.12406749596693088,-0.046522515020820776,-0.07083783784652045,-0.004116581451809915,-0.09312211653091043,-0.005343529306329393,-0.09996337853535012,0.08968394712421981,0.043750305790138166,0.06473350143915907,-0.14654005678800844,-0.16640699383215238,0.09353411274606994,0.23561438639296428,-0.13249658736644865,0.27555007004935234,0.08850456442528336,0.0113928837385248,-0.008977277663937947,0.038746314572607896,-0.07345965329150905,0.09390723619317941,-0.09147487317785255,-0.1565524404948962,-0.014067007260285957,0.19140761549346472,-0.04573680390517693,0.12034707629287543,-0.06936841735501835,0.24216433522134012,-0.052940589002000354,0.05192246198204852,0.14176447074758336,0.030515671305726223,-0.11729031089620577,-0.09381886591101507,-0.03158452724260492,-0.10586509129980375,-0.06719213031786647,-0.008243192207161638,0.00104686594801573,-0.03356414181817695,0.004665087473314617,0.022256019136444375,-0.05520216715813564,2
16,-0.19349439533937626,0.3886698998434234,-0.160991460258401,0.2224370530331834,-0.022395333503774956,0.036627235864130914,-0.04740861686737769,0.04239140500781826,-0.019205929169434345,-0.08449230889490164,-0.10375971782481791,-0.01756204325586475,-0.04061611709472384,0.009688977917294998,0.05482854906855335,-0.010738620167011704,0.07537490352190325,0.007678155845234553,-0.009018177827735622,0.003791629254342062,0.028367592976658598,0.2016957320519759,0.21502141462659888,0.025801296339992168,-0.03362885724762528,0.012716522374657379,-0.045831897323783045,0.11954364617999283,-0.04871618917251627,-0.07406577128821656,0.14778348751691292,-0.1389675622537465,0.012522548405003052,-0.03834014901299806,0.028423288581766418,-0.05309951769570072,0.003636957053945715,-0.13437693583489413,-0.025276144920899277,0.0334025482198909,0.002857579030729293,0.0761039196563142,-0.03838843433270476,-0.013510725727922755,0.03646044844764697,-0.00010894724731581083,0.03279346118354505,0.018754638804078846,0.06591246822325306,-0.03443536201819234,1
80,-0.0542913486153578,0.001845718868199922,0.3364094507207275,0.04969125543114923,0.12231170448886765,0.04281015430949553,-0.02060733964020403,0.055000001943314045,-0.027857223746744663,0.0696458488772644,-0.009114266955654468,-0.17741141443369612,0.12080634206703472,-0.009891813748114238,0.4220984778117613,-0.14288982485245671,0.09622427103898513,0.022336613574650836,-0.06713682638364565,-0.02683994133535956,-0.09529252112126235,0.09598170280786779,-0.24406067269979856,-0.013029109116214332,-0.17314319355517588,0.14052240186087958,-0.03409034450326562,0.05617682176866208,0.04551251627300877,0.11947059403725102,0.05050102400555616,0.0026966423910015896,-5.9124663377794596e-05,0.012915784363159911,-0.09375734554163076,-0.0761579467809102,0.06619525992547805,0.09994297233363811,-0.014987699460061092,-0.08539431905347349,-0.017405132470433574,0.1327946030309585,-0.07837734168470559,-0.0284564043587454,0.00663729404576777,-0.0239148264376974,-0.027634684867581645,0.029199847580028946,0.025976175392199655,0.026100075506462726,1
1,-0.42273597454864914,-0.36922009539586625,-0.10416997107312882,0.0753509911273459,-0.1682203913669581,0.06209895669439502,0.05243127235260555,-0.00593356657224112,0.0071902058851423135,-0.00884413776335256,-0.008876005501761772,0.011142267944683617,-0.007760642643471336,0.05108619036363136,-0.04536279715031818,-0.0014344075122181017,0.021307814748967438,0.026473026487431165,0.007822313682605561,0.004989960715216997,0.007517096552389542,0.031038939913796415,-0.04371075978849128,-0.0027106053104719373,0.00567004522751953,0.010118649095825494,-0.016977282121958284,0.007485054303502891,-0.030627216443911844,0.029593679800491855,0.03647356964995639,0.030281256230400178,0.03686662288174305,0.009084992996510504,-0.029676597973546003,-0.11566281015279034,-0.045697627788728594,0.05322053153074313,-0.05268501406632618,0.022727582572495488,0.01517718357582773,0.011046755950970901,0.027788643912101348,-0.009151151364236668,0.0036420621298841275,0.006504464346089572,0.048304690036007535,-0.0114601074334569,0.006543843580439619,0.008243129896674877,1
156,0.06653075318080733,-0.0021926473356474454,0.010153959158307316,-0.051000833418190956,-0.04805657698872888,-0.0877700039097979,-0.021532933370554102,-0.1633457563645978,0.022352916362168136,-0.17336197081383306,0.12745901811288737,-0.19517614509541792,-0.05218480241897135,-0.022538954764646024,-0.026188172185346675,0.02288291465352482,0.125659129461973,0.19725710990271458,-0.005260613774423291,0.058076011836249386,0.017437346601496744,-0.056785657698987815,0.05623477118621843,-0.05393496265186157,-0.1523509393996529,0.01889692047162636,0.13226218071873178,-0.1405823486831559,0.08699008568495088,-0.058668611599221016,-0.06803976750787169,-0.037116083607975046,0.25441931308171145,0.06686293510426801,-0.043544894251579216,-0.03370690202309094,0.03957512061754452,-0.09718086660236915,-0.015802102990249894,0.06411649455604905,0.1487458853447055,0.14652620260991847,0.01961114366298295,0.07405901187335553,-0.044794941571516846,0.022108257329227315,-0.12815023736139702,-0.07120602597861433,-0.10121391328877376,0.06819466247926996,2
167,0.019590449896908873,-0.031783864261226424,-0.09759417282048878,-0.2303927752653125,0.07681649327988746,0.05121307179032539,0.27874122354554126,0.05790997646061055,-0.4404327155947813,-0.04350808891674448,-0.03469409793140361,0.0031489566517792886,-0.08697090616202717,-0.3409067018890234,0.23619378428972868,0.4517312974279227,-0.24347418321599085,0.16314906091829337,0.11705822539577873,0.013048440244001865,-0.08795907352174615,-0.02972578139959321,0.08001041160514044,-0.03485231555079137,0.008513917288488874,0.03607332044744379,0.0022711605148093427,0.022794836364456204,-0.012803103535605605,-0.010972119904332604,0.03465529962174643,-0.006909234883112444,-0.0007882963426192228,0.01897817748559261,-0.02436031501051552,-0.0022078858655302214,0.03278781732917785,-0.015211944801583206,0.039676073790021096,-0.022230829488685485,0.00023775688998023273,-0.005187870785310039,-0.02211647908249254,-0.04678409863276551,0.021875024016864756,0.017351169232617005,-0.0319731319768359,-0.012858798272945568,-0.01608378657030077,-0.011721946684518543,2
119,0.31889435020272844,-0.19159956046472354,-0.1347077974791981,0.3280917146372556,0.086335104046622,0.03790437984460439,-0.042917822624350954,-0.08724136619451028,-0.0676209976225918,0.08047553035005048,-0.026609606491643498,-0.055059810204421494,-0.02856281714426628,-0.02772926018833947,-0.018476692130119942,0.034448702587436195,-0.09142416295625734,-0.09748029778143796,-0.0672893087011632,-0.056124582967996196,0.038343267931388425,-0.08370503197842387,0.00794954508174072,-0.04694804416347618,-0.06164520183667637,-0.09645349431345898,-0.10606092929548491,0.20213309707052338,-0.028210289669258745,0.06273426838430407,0.08429279051290166,0.05260809767867407,0.1563161413842094,0.02896978788025712,0.0002387614603848646,0.09483244865151584,-0.16075371895778107,-0.016838298594601123,-0.045055900782296314,0.0025472407329309686,-0.16449922778458276,0.0935626790214369,0.06953804331651636,-0.03462105449275571,-0.00908233174933549,0.09217632858444076,-0.030085141794375242,0.05101989803966535,0.03237393816685871,0.011633355133181396,2
114,0.05893693719432442,0.0019262150658240335,0.014868772767338724,-0.04490453680312192,-0.033193217576725345,-0.03091726292163362,-0.002779811386054867,-0.02721093479849781,0.018402369438623053,-0.06427779797785195,0.008862197603701308,0.009908631295866563,0.02339820958680627,0.015852943887732857,-0.026834588837612087,-0.03602802556716507,-0.0408974014822094,0.044505667619862445,0.018818805348739347,-0.012126354114108678,0.056997166122001175,-0.14019608082619472,-0.005991159949882533,-0.04340217606787301,-0.14032131709765033,-0.01665662785509815,-0.05853647402909528,0.2178418883749131,-0.06835982484047183,0.104188780462683,-0.031078793379124985,-0.15783264194342148,-0.1937620346294221,-0.1871339745222306,0.1544046785483942,-0.10058332629326812,0.06416348312912637,0.0753906898076312,0.30316310121033807,0.2160791034770304,0.15273072573290747,-0.10312657504317517,0.038586293628176345,0.10948257154134128,0.07195625808987947,0.03146329572466461,-0.04083909443205253,0.06796892879723637,-0.03951897220370856,0.07173153549124928,2
170,0.05437997555069359,0.009858355508134527,-0.08745181125127242,-0.18075476342876146,0.09438184420326874,0.03280855131660986,0.12727892635879168,-0.04936184614677576,-0.16393459605204708,0.016929642455544177,0.04715213054183076,-0.0029934705777274347,-0.17511222555996225,0.5530755812862248,0.08711393686012751,0.07369322272659538,-0.009891412094780873,-0.07000247107848803,0.026542855597220704,0.11498194236288384,0.022551132096378754,0.0007811060943935838,0.009781875018657116,-0.08538032183687541,0.004153797541871865,0.006303650678126794,0.02331862200022676,-0.02135221973354289,-0.009806066517838122,0.01150014187294539,0.009532269959146836,0.02033541681900222,0.004853307955258947,-0.04861266928311694,-0.00775786396673259,0.047662687012796905,0.011738750346388672,-0.07910088061512299,0.002953315086398309,-0.09709593064870818,0.029731506165755633,-0.07102407763034713,0.034042516075010125,-0.0300083380758928,0.0713080206448109,-0.0321654922243328,-0.021266082611775622,-0.04740215036409936,0.014373234035714862,0.06746437371141123,2
27,-0.07092606086399117,0.0099411106859604,0.3973489566093992,0.0913071863202599,0.1280524280856578,0.08487676364490583,-0.0027432269385984226,0.08690238656471262,-0.020812700143264865,0.05601854428427997,-0.012782334370211017,-0.12662279394144527,0.08638150629000872,-0.015191384890823905,0.26779669198360656,-0.07305358433732967,0.06730411695940762,0.025414111425702775,-0.04424720879396426,0.0363566158439335,-0.0465414353455433,0.11271583319561192,-0.16466442838882117,0.03202079566621339,-0.07749901276940209,0.1223466026547067,-0.029372953368234523,0.07672881803204296,0.0018911737100426882,0.04176481169055901,0.030502500033817118,0.03951793770515663,-0.01056740518698688,-0.11709883160248445,-0.011822105698750434,-0.05206227350773158,0.022342949702023825,-0.013928665519666943,-0.04858738197797231,-0.014998723671476267,-0.07188149265515338,0.04664531403490176,-0.02314443880997451,0.021107437548420014,-0.05907807775384753,0.036687520737087545,-0.07795193812022864,0.047013569661651,0.006225593051978701,-0.007141651632796224,1
177,0.0686505346341733,0.022926513105334004,-0.006451940814685085,-0.09759681595545808,-0.057934598561516525,-0.039318948511277166,0.018829858813776235,0.0024731391501261043,0.009130847233494646,-0.07618105199839696,0.07820778718628085,-0.13276464906222069,-0.08115826419883743,0.08522959247141484,-0.0950696929801327,-0.06745225210330938,-0.113625163438768,-0.19292779219241396,0.02826798673999938,-0.07102487567979317,-0.06718931466771236,-0.057671739202831085,0.12355431728353584,-0.010419155141352835,-0.19994753609537053,0.27714374071399556,-0.018392703290773613,0.1056959797675516,0.03117077426880185,-0.037467557053354375,0.07641391043519163,0.16384929441399473,0.013451439448012798,0.029757896615928654,0.03260505954172565,0.0010017502192758425,0.10303263397397058,-0.0404315558547202,-0.01406023935852084,0.0304191026773667,0.060363305527000526,-0.001289555237492173,0.003997171352993753,0.01255554040023056,0.06711845614175786,-0.05746417126310597,0.18489316602719608,-0.22792097194823197,0.08545187886051972,-0.011258204929925264,2
100,-0.07105964892136965,-0.025366460692032747,0.12621016147368705,-0.026749035825601793,0.02287891107156116,0.032343349117906935,-0.041718324971314974,-0.08517968015906328,-0.006355525138247068,0.011135627174782208,0.008983979466114945,0.06624696899313283,-0.00899059078901578,-0.01466471861566324,0.1817296079978867,-0.0026282496233841286,0.051605130179353816,-0.050400839760053016,-0.07280860321968853,0.007306322267832877,-0.03967672107833024,-0.003383892169935514,0.009287571661675553,0.25253151001196933,-0.17151740581981506,-0.15796768631025182,0.15487918193753503,0.24917981916664686,-0.033799271625758416,-0.23286615429270488,-0.1574621300120322,0.09270362221770502,-0.03596211616756943,-0.004769721365973564,0.1912961700654914,0.15443530434041705,0.060698086740916944,0.04343034095673549,-0.19232499640838738,0.09273383912484784,-0.047107475595700526,-0.07299964740641943,0.015023009048921157,-0.024708352018031312,-0.0498386365667494,-0.05749758735509967,-0.08822546293855105,0.043273460661358565,0.011686496087507828,-0.03448739545949251,1
7,-0.020912494973044937,0.15483478647482574,-0.07762275117969802,0.03382022970535592,-0.03544591420701237,-0.030942243342494565,-0.022562589329707523,-0.09711677902914849,-0.023330160832357096,-0.01050822804669297,-0.09573394814194464,0.010967223295370497,0.009005131922377755,-0.017947985994707,-0.011332550285098303,-0.057656871410095206,-0.04912257695113202,-0.0018910258984958003,0.1037508982730004,0.1146910241576917,-0.13148777758834898,0.17385337500392192,0.029432903860286547,-0.009891776905215015,-0.06417053169050911,-0.030249909734756723,0.03152217556699016,-0.057944657378270495,0.012294723066087108,0.1376035814824025,-0.12668761144550977,0.07755852442615901,-0.04891418067110876,-0.017940269221558575,-0.2072837383990412,0.11234241378696835,0.03018304407528891,0.20746896796372913,0.17945863333777734,-0.007109109624759312,-0.16404685740031044,-0.25228150291371804,0.17806346005646778,-0.1081027442276761,-0.04731284152519634,-0.08040524044188668,0.046333706541738066,-0.01675559131325026,-0.09598031275657326,0.10547228254493979,1
127,0.4143007545784524,-0.23449548519691912,-0.22277971178700468,0.3548506601534409,0.14240306257025978,0.14142501873068183,0.08861240151721791,-0.034496285827765205,0.0077741694540774805,0.024249920377974247,-0.015872786754166483,0.07577579255444822,0.02356698035300499,0.00618689394411324,0.0597919122962344,-0.04334220022847195,-0.0035703385553519634,0.039793440561036716,-0.01488714016004869,0.04757558571007332,-0.03426202046838089,0.023487751356514285,0.0018340215619687867,0.028367509747938516,0.036723696935324394,0.0336765469354559,0.05784590788592349,-0.07944363379064129,-0.021408125987954087,-0.011828357233322932,-0.03050841106346429,-0.02792747884654286,0.007821490208929345,0.019010086873036246,-0.018091908788186555,0.04019357855817961,-0.003989095952907836,-0.018568903185854493,0.008166214938593944,-0.06140031373969949,0.05730288390928931,-0.012899119408413316,-0.031711249418730235,-0.02772435046002409,0.011035296880002628,0.010920233866613446,0.05945790909633488,-0.007845347289424483,0.04355916725591313,0.041409463849005575,2
12,-0.05121005994176538,0.05978440901871615,0.19926701196910893,0.07953744775199774,0.038689483650582716,0.09800188163611034,0.08763655137912034,0.11189005501611644,0.017362769224880167,0.08203424697850346,0.02403873786929964,-0.022860690104507,-0.003819327302996851,0.06937345278598117,-0.12533253499409927,0.030784627157661136,-0.04441676376776961,0.07200489903150399,0.03148894038709344,-0.0034919306580972875,-0.018799184311909484,-0.11368685463530591,-0.1660052741759676,0.11437149432727349,0.07136779755066905,0.0031976073703123583,-0.008678486942070636,-0.04793188506353905,-0.05936195405196779,-0.13214478690197928,-0.0197330527601716,-0.0733629066332565,0.07477828575188691,-0.00331979274454389,0.03448440597272887,-0.07129810140639535,-0.1707301867537697,-0.09096681108045868,0.06088225286593049,0.055676246241569985,-0.006439916435635632,-0.028342482010136213,0.083149220124391,-0.09489278966249244,-0.024689705947684024,-0.05670846894171475,0.01579998383011339,-0.03886585114247237,-0.06545048632333156,-0.026705543124282957,1
20,0.02291340372049421,0.013578064752559715,0.07443528747281897,-0.06770942371645702,0.002337312291711731,-0.012033229607199249,-0.03285572093865665,-0.17102287637439473,0.0021548087644152484,-0.016145250961589013,-0.009846585242059676,0.13412011610413183,-0.026708588846788305,0.023331731070357253,0.049836779709479105,0.09266641313774711,0.07587504254644435,-0.03951032913111933,-0.03608353615484074,-0.062267133955285464,-0.05112505427642401,0.019007519403525425,-0.004548469366621178,0.07665327117092688,0.04903375310876265,-0.02498557699847438,-0.016623799573449113,0.054107230294696725,-0.0919948884801072,-0.06457964815565935,0.10900249609058496,0.07074110345000954,-0.01982370822567441,0.08447801323738295,-0.010422282658319262,0.09449471156800764,-0.02857058232903448,0.06241658604800249,0.23576919421000606,0.011163944100907326,0.0789928535009011,0.17730269532302978,-0.046547929960551994,0.23941678407347755,-0.10315043941715417,0.2674231434561962,-0.04127947496912896,-0.022346304839420756,-0.007413168638942197,-0.1517082104196267,1
154,0.05213552539042027,0.0026049090677049843,-0.0322254496401416,-0.09691991220958995,-0.03118246787017403,-0.08555923339282569,-0.00011686441265486973,-0.01711106161190154,-0.005098294982396249,0.009065134646016496,-0.03824826894954779,-0.02358652172086787,0.1796518538152749,0.07206244119948407,0.044899180908317134,-0.06562530077319491,-0.0908018949901489,0.1324151689828252,-0.10345636185589152,-0.058635773183188564,-0.00421650813573047,0.07815703821116063,0.0015386913467234343,-0.0295891612581848,0.40822784858535144,0.11355224233819672,0.21897856238249647,0.27612197588874404,0.0771833466117979,-0.08962764672284144,-0.09579105326143982,0.0692440028706905,0.11043097212327697,0.04870441762406376,-0.07398661383520957,-0.036449475823964045,0.06391964883526195,-0.04402706383752471,0.09899377717073253,0.08527668234736127,-0.09000545699636103,0.032107942627077266,0.15992303032563215,0.011296733908606962,0.1304858109005769,-0.08045542639077082,-0.0022243728400182868,0.042821449183544094,0.015567819441749032,0.0041848911334839275,2
158,0.034768617017661145,-0.013299195948989382,-0.01671245515028378,-0.10933503559405419,-0.024139896007530297,-0.07513190463792078,0.01892964150332863,-0.05793581909752006,-0.0673025370419521,-0.028207424630977924,0.0009118372300888805,-0.03409062017195413,0.042331796179717045,-0.004110895130376882,-0.010989186893064832,-0.1345892173852241,0.06896895728123772,0.025204907803774632,-0.04966803629985781,0.004027654929234428,0.07188819026702409,0.05098970494826784,-0.039540657073184826,-0.04712798449598244,0.12811715925392236,0.08251922077875255,0.10228702034867536,0.06015242768644868,-0.06698009096425875,0.001983086666107356,0.05007827025206625,0.02321853191708292,-0.016334351932062115,0.09031108506687165,0.029638064035048595,-0.09822887144515659,0.09049872612687954,-0.06175118298376364,-0.11984641528951122,-0.051003199987810846,0.007014666772720949,-0.1126363374791715,-0.07319117936269522,-0.04781793463035196,0.0692425000168734,0.0983681150969344,0.23402261506066072,0.23886899446456275,-0.12212828094978945,-0.03358899256022143,2
121,0.16263628003343789,-0.04601169906271676,-0.12049146280358033,-0.0626870556255343,0.028896035520067972,0.05757773009237688,0.2527699108645173,0.09517012761595135,0.13839076719144083,-0.07537669294845835,-0.007550940182350843,0.17199488865978307,0.24616394972364491,0.05687772856310896,0.07971019884507315,-0.006331863832644222,0.030322126630638307,0.02523187846584894,0.022546790640895042,0.01478837516967395,-0.1454579002298318,0.08192806696097069,0.06255089827770649,0.046307478323802935,0.03856653167861204,0.09344974649849795,0.05574349736634135,-0.1599616458014025,-0.010994993772960236,-0.054107933828027525,-0.15223867180273287,-0.0181258175532612,-0.07747702250347896,-0.014414077625767045,-0.10280276332270537,0.06262909002472765,-0.16291082201644333,-0.009539238329233833,-0.11458527110308109,-0.10782339352775987,0.08328322539779487,0.05380189215101987,0.05830871574551883,0.19115259797732698,-0.010288647632086955,0.1469074756982699,0.07006200294949715,0.017915438651030978,0.05337620572809718,-0.05337105181845043,2
113,0.03207089909113169,0.02383122079241965,0.024759628316796217,-0.03572194782950872,-0.04622059176388903,-0.05443533499402017,-0.018313131930182847,-0.0942185975270889,0.0566795936192183,-0.04686683901134182,0.018912922247423816,0.020504976183424322,0.07778721821373913,-0.0014896219571084047,0.003856165660531985,-0.00995491702292289,-0.04708574855661673,-0.09700827042095983,-0.008283252312271928,0.18157335447871106,0.06575070129378065,0.010410893393035378,-0.004658861763161155,-0.05057301624597981,0.09080200184912414,0.06253480161193145,0.027381749754928544,0.07816190262044549,0.0006820175100587278,-0.09641765380460086,0.02796850842330713,0.0019797328967031394,-0.05377868558788389,0.04852935865878488,-0.006915301486681323,0.01826742440412618,-0.03759544861486481,0.24891753469083852,-0.02414413305594445,-0.0464737341031909,-0.07021666515258675,-0.047337935753801734,-0.12137932964642315,-0.038225434288502856,0.016980847192246185,0.19491297374734684,0.07184761445564367,0.04531799296523175,-0.2833011579567319,0.0557963147103726,2
40,0.04291018875031589,0.01934271638543976,0.0007154936130006604,-0.04243270055485777,-0.06612716951738157,-0.05959807327116174,-0.041239843102670044,-0.12194969363309821,0.03579862264367301,-0.0987638667427126,0.03671825460877076,-0.06214746219658258,0.06564207314071337,-0.040598651712676265,-0.07295945631869971,0.019726253526169493,0.05030372020289775,0.08898100338759957,0.015402013466075191,0.08598728281156674,0.04530557503541881,-0.08395313388782334,0.015511344190720712,-0.10672594091169633,-0.3071143585167651,-0.059427882532003644,0.11325353174557454,-0.0363420418579752,0.15666780755931858,-0.10335259414627201,-0.17765116976962977,-0.11292280722882257,0.22940587883821978,0.09498769102136727,-0.0405771649484624,-0.10431638071483976,0.05839019307614854,-0.12648689040172154,0.055494138561291,0.03111024645970296,-0.10519657777090755,0.021288617964792356,-0.06732121931655469,0.043714166220846944,-0.07046686824453366,0.12861682267434543,-0.09969598511613137,0.028839894968397367,-0.03621727220874645,-0.035253363009026865,1
10,-0.017636855345691996,0.07892391534339697,0.07167780324662792,0.0065693709512565715,-0.01704674962535834,-0.000504044522806823,0.014767579037911857,-0.08280060433722529,0.07856458160233902,0.044448315810565533,-0.052322706064641,0.09070307327597259,-0.030277506825640562,-0.08316915356025613,-0.013221613365427744,0.016471570696873262,-0.14458368114559444,-0.10814214965777061,-0.04107861147062198,0.2932741393102676,0.0004638818242598798,-0.031126275061969997,-0.1705423261289059,0.06253251536270685,0.10735544514260466,0.15989375939013695,-0.12456105069729469,-0.04525097748536129,0.07352144343124203,-0.161734880781392,0.20002132915558493,-0.11267260073468836,0.03252593495130256,-0.1637658865521313,0.035220481334690426,-0.2211167474754706,0.05197927148735844,-0.1221323225531824,-0.007181959796091977,0.06528825471484745,0.05260318487323156,-0.0708002888684409,0.005746301081470795,0.09588043287861571,-0.07418971543047068,0.014970979719303161,-0.044677218183066816,0.006375244499146616,0.12437465779071398,0.08539889310320954,1
200,0.0724461530793086,0.009190858895324956,-0.04608729246744708,-0.12917777854051715,-0.056515527823149905,0.007096894118043111,-0.003360452664291156,0.004986708081599777,-0.01063000850017429,-0.037945679163636205,0.007009780455191452,-0.061506514473025374,0.08928723295435628,0.02447423585768245,0.09116294749238733,-0.1677010156693916,-0.23291683062154556,0.047576569680407424,0.340723180417415,-0.13568976782535724,0.31632403231128353,0.14408096413339708,-0.06156408544445775,0.2699198338831324,0.0035094026160349297,-0.13625653887698302,-0.26145904130008696,0.0022561309597391895,0.1511301353100376,0.005225214376741495,-0.044839762023426745,0.0909659125887016,-0.0030723315848032733,0.07229969861675768,-0.14724164701139478,0.03536042380698173,-0.058635712312104016,-0.05778970807726503,-0.017200686757648145,0.0056932569168585525,0.1346039034818477,0.016771907362783743,0.043560761952474325,0.05040397200637833,0.008125526173415248,0.01014301662229455,0.00400352551415896,0.02533463114672687,-0.02908194594834567,-0.0005422747584277503,2
150,0.09782311082460202,-0.007310780597345986,-0.04735510076790252,-0.12460612824858386,-0.0933107815309914,-0.1424508062371833,-0.01336443074447568,0.07818520577175954,-0.052463787970986095,0.00950325703734933,-0.05544565819612196,-0.034842899646575894,0.19772730914580403,0.05139273490134668,-0.002369271093235435,-0.13668101253650114,-0.10563521805784172,0.1653499920489545,-0.10959475348421394,-0.07481283637989344,-0.029794475303164644,0.10539470673754946,0.00744222192231279,-0.056044830255489064,0.4079378340575757,0.09617994914221566,0.20445732942930123,0.252019490133417,0.05328511027213227,-0.04717726181828707,-0.1499418159144967,0.013723430852208346,0.08974607654474617,0.049774364966345436,-0.06981571154628488,-0.043861344689285285,0.06472030599862726,-0.10206044807319017,0.04000392026392287,0.013519392985146038,-0.06773137781888733,0.004262933781302951,0.07659535978491716,0.00416417695527854,0.044157255128839765,-0.02697484637040095,-0.1018323597626029,-0.06891540462429781,0.03676414234260169,0.003168150185885806,2
96,-0.21503457693083153,0.42255872569606645,-0.2205033546823204,0.24210014750771797,-0.00992938109082399,0.0667430251388436,-0.04023246970627561,0.013962619757149164,-0.0365681298991702,-0.08895529046578544,-0.12562083721569783,0.0041156866029530325,-0.024897872035803986,0.00825158172339715,0.038221258481179674,-0.011071646582355207,0.07908403000257097,0.011123651988683666,0.007012644576152547,0.03206370393035115,-0.05763023251179116,0.20044864298730203,0.07998392120247717,-0.016307888051920162,-0.03148914948909805,0.01372576566655313,-0.04576676129875052,0.04884933451977624,-0.049296846308739546,-0.0061970443216455545,0.03124467433254984,0.005984014940957256,-0.0016624786069538145,-0.025349967754919593,0.004468727825986696,-0.08732700809167405,-0.046291368881558104,-0.0007353541080469167,0.028314611828630543,0.022538832913188433,-0.06253062073528191,-0.011766348412994928,-0.022642243826439507,-0.008336285105322186,-0.13227944518298324,0.011706980936430529,-0.06099878608108332,-0.020245617036861254,0.00604326884461027,0.0318956776011195,1
161,0.01046783568209906,0.022690276052646282,-0.016899218382484916,-0.08868332422038222,-0.03450598236405908,-0.04686853907231258,-0.01294866867284529,0.008107124276299416,0.006404622006614817,0.049275891769627836,-0.054061791578470776,-0.0805052509672057,0.03407976537832092,0.014841183921007904,-0.06962716053743788,-0.06601841507036765,-0.09934503415651319,0.019160764293028782,0.010584052613871107,-0.0009111486747282451,-0.048088162082850223,0.000910746669698795,0.06518983960671483,-0.014299163599969777,0.06780227336385379,0.09207989948844678,0.06795484356786663,-0.06526773329987916,0.017859612131163514,0.0700794133900071,-0.03911625528233646,-0.12340860895499947,-0.2511690163873939,0.05342112345708593,0.007071029760877323,0.03611093079798016,-0.06115246671232887,-0.06881659237424186,-0.05816996776812501,0.11102973824406999,-0.014080898401810966,0.0943071913394738,-0.04017555094931062,-0.188408041091646,-0.14817289649806695,0.09205507584759483,-0.04703747410282001,-0.10308596177761081,0.0506428055348586,0.03411564673164712,2
63,-0.4661422317878163,-0.41815381071083635,-0.09447855409345911,0.08911137359212976,-0.18657513298364262,0.05483519861485907,0.04221586541159344,0.005331554749403575,0.014212449566830727,-0.025972670244710044,-0.03316609311506872,-0.026178790263273837,-0.013448850294633255,0.037223409772282195,-0.05118347756567121,-0.0043827601216499795,0.005789118483783514,-0.008877855723403851,-0.0066994004197042925,0.014067737699616082,0.014561109437893899,0.00038437467841154167,-0.024571738578359772,-0.003432642619748304,0.010161251880142113,0.03174053346973521,-0.008172221521562523,-0.011304698090600187,0.026143395717278906,0.007538043729917195,0.005099667139291481,0.04745459309334474,0.0183464076408123,0.0004639154009114234,0.015827522951206215,-0.0009714888502614823,-0.007940759838204997,-0.009772662875282988,0.017176272726168347,-0.00922414310623644,0.012224041168296456,0.02615996776139267,-0.029572297495372483,0.01392757687515729,0.026415266920748328,0.0031641934207458176,-0.047096930093644004,0.018841449853628945,-0.0014622970894139853,0.0011133568496278004,1
147,0.06091152991189271,-0.005772205902411685,-0.03131389993325761,-0.060806662061076364,0.006541155125047319,-0.006218991720451218,0.03533624264920754,-0.026727305240769477,-0.003466389955651217,0.007470448610858555,-0.021929308336673753,-0.017189605596268896,0.020641449380466182,0.034281126098643394,-0.012001126534643823,-0.014415084152088293,-0.04594865499056353,0.002293036852214032,-0.010234288412980715,-0.096506951160696,-0.04678146042090058,-0.10214317339280325,-0.06389478869087664,-0.019991829616409464,-0.017570040609762805,-0.13395671410066953,-0.08487141221271345,0.1120212696513701,0.011688195930439443,0.00404741092506501,-0.07483335508219419,-0.05302840808897793,0.13170572470304587,-0.09243275371533824,0.07767732921766919,0.06852368520271322,0.09692927404791919,-0.0036625870187398757,0.03559903969643753,0.20796520474565744,-0.1663124804061891,0.27140283742266924,0.21367593423100303,-0.054569726254700246,-0.015027516723794791,0.08048088430850066,0.3206735076181247,-0.12343012433713563,-0.19931503105790785,0.11563616669657889,2
46,-0.1239388229898116,0.1385864317004016,-0.07804455380507813,0.040742234041869885,0.023538326455442904,-0.026786419460793447,0.01861343527143951,-0.03765841592767554,-0.05434468035856082,0.28811561132950286,0.3753994768154244,0.06384620501934148,0.03409906908375044,-0.06434022984095239,-0.051180333120738594,-0.00719504639923353,0.03058229293397524,0.03907770872993953,0.05497816913059509,-0.03974592657151541,0.005577519579469632,0.06841271216176632,-0.034599174029571605,-0.07577433477752718,0.02806625562844066,0.05549154315355971,-0.13371142906699013,0.018949398474173106,-0.11474486645954632,-0.08063576296201219,-0.04308400279683815,-0.07011748132659462,0.023289103514073397,0.042998135830012565,0.02154454019370893,0.08879680006086509,0.035621919396840326,-0.0989388224539869,0.025512750816990157,0.03634340271964529,0.08550284259191879,0.07556185899215227,0.035298598144736765,-0.0377597652647568,0.03448092236627071,0.021187293091107586,-0.016756073826714506,0.012181961266557576,-0.02784668408569591,-0.04041446042389574,1
190,0.05840201008174954,0.006766804274984939,0.003420347351073053,-0.10223646891344515,-0.09760548210202585,-0.14712537328261935,-0.07059851364397048,-0.043495965485054036,-0.004584065716271852,-0.05729690111714716,-0.018488451509122338,-0.060155955901797106,0.06401095531182784,0.038825236462189404,0.059285346489084984,-0.12171892665245518,-0.10245524007405615,0.09934578325766127,0.12861379498629635,-0.08033394097921528,0.17159918042908712,0.03742257949736637,0.032514534502305036,-0.08982977523096529,0.027517731802775405,-0.018268776508287708,0.21987987015066926,-0.12944010098325742,-0.24452231942668778,0.031010018275903887,0.20155496484921767,-0.086400549672121,0.13086394103559781,-0.11757385249222967,0.34717274174311347,-0.010481112745583193,0.01434567520995284,0.16542816442841407,0.006599185044526121,-0.16392236005063654,-0.13080273367168063,-0.022753880649598986,-0.08204453171450929,-0.036597568341832684,0.0012132071241472756,0.04042925615376601,-0.06108916263369873,-0.023420176939027208,0.03678524749792296,-0.1129757384007055,2
59,-0.12118688319977698,0.2320225681802249,-0.09749093400778296,0.11638304240081397,-0.008138124298545832,0.017034122985453592,-0.0019976650694171266,0.015410673222196442,-0.013408120960932256,0.022232305245206793,-0.012633451844720764,-0.020982131195034722,-0.011884044626019318,-0.01963908600967693,0.027649285597958016,0.023778673195564787,0.01272058292588817,-0.07644692528824254,-0.05055448174859548,-0.027688268098351027,-0.002519650093557082,0.002139900186827986,0.005389901839652614,0.06589292841223408,0.001801518285470226,0.012775607682763276,-0.06905670057986958,-0.04179915778522088,-0.028050059417424004,-0.004694269108339547,0.08279535297696092,-0.0992597949451084,0.03490878507912832,-0.030099976021601006,-0.1037279740359719,-0.0008069640360619094,0.06278902043060051,0.1333600538478972,-0.1143123249541677,0.1025361776959019,-0.18746056345994533,-0.07149782587616939,-0.02777448358895226,0.1998131973569797,0.12842245589515713,0.10026747561038456,-0.2045126603370442,0.011993826030148489,0.12492580539200457,0.08713323153270172,1
45,-0.14496888551998646,0.29716368192623066,-0.13327047154379806,0.16856609467294753,-0.011831551297991577,0.05166220640722775,0.011235469633779681,0.04870954271591881,-0.009619270235105523,-0.06788522852962929,-0.08468552273197026,-0.02873787975848139,-0.008460029935773277,0.01978719047858152,-0.007057916649657903,0.03801080993669779,-0.0485802438510164,0.033849757351418444,-0.024905413917397718,-0.033547906732133155,0.027626271857297557,-0.17254582825782136,-0.18425417782758452,-0.053145003592161136,0.04812949379216777,0.05763857574234816,0.010410060597202874,-0.07565951293062262,0.0420196056848086,-0.02953221783760602,-0.1349132804647345,0.1561684556028666,0.004425202197252515,0.019372961066614916,0.13975857202348874,0.04125896875744586,-0.10917553993826563,0.025991608703244646,0.04254051389338227,-0.05661583120103727,0.036491527829765294,0.041537273750013794,0.03212215417425092,-0.015541417856222579,0.06420076973120085,0.033831307725825294,0.011783304600551077,0.07962553430615148,0.056714332669071825,0.09452532517115078,1
111,0.11450521546184907,0.007526267673056373,-0.1413396716295651,-0.36907797084838545,-0.087013955221492,0.6956013673028473,-0.4360045548995348,0.05376456093301197,0.05517371932897038,0.06594690989708211,0.0016852995043132,-0.013182221267637283,-0.008902757172623729,-0.0392079171122471,-0.0025401703435302464,0.020160904712811126,0.009072409597193878,0.03438369012804706,-0.0820002322867702,0.022921397542419814,0.012542028075330378,0.008097307474382934,-0.009758908042908701,-0.054417757396949366,0.019739046001728263,0.01110916019918516,0.007100000876161589,-0.027260772726599294,-0.004647170639571781,0.01461604604209371,0.028922383406442362,0.003264131676657184,0.01662824396408384,-0.015106751591377473,-0.01625595540435279,0.006569023620433272,-0.011109311391384519,-0.007181282294851182,0.01706959596572307,-0.03601208806535886,0.012871816786810908,-0.015410489609057214,0.011154066640170308,-0.01770234071049323,0.019849292504786842,0.020794780235837244,-0.0069023371015339285,-0.013945412867677821,-0.0002463309064183935,-0.013690110780191172,2
82,0.04720761999535341,-0.006766459967855635,0.09538713604764872,-0.06689759741470644,-0.019578843865867775,-0.07876796197278868,-0.07053316046231292,-0.3196989952188917,-0.03560493679532913,-0.10950691706067585,-0.03528480447359249,0.36696946070479586,-0.14963270002907317,0.0259513864129901,-0.014632471724116091,0.06845767264421083,0.047967028299855885,0.12725934378778678,-0.19853655103296103,-0.4244124932955697,0.08545324587231333,0.07428106858136937,-0.00966645032998458,0.04826006131352561,0.0019946350197129494,0.22535902306853609,-0.0923524982277085,-0.05928280877043259,0.11903591832870582,0.022794609416612804,-0.049784106572184794,-0.08611076918901404,0.052350142576419574,-0.07252589117259613,-0.05197688628471159,-0.019343934234369118,-0.09424525946762938,0.11393256879484465,-0.03489767734189674,0.01526431614468652,-0.013471069243997233,-0.05059917906516783,-0.02096280876690395,-0.0066142857510868795,0.00815157803676872,-0.09924000135791526,0.004843352830967514,0.04938251800115564,-0.055093939124377045,-0.023889876116084306,1
97,0.005297131653433038,0.022774914377953537,0.0919202712810049,-0.06562037933217965,-0.0262436292287463,-0.02945560142414657,-0.059362697476313446,-0.16666915297626478,0.0236479924351757,0.0424119792700762,-0.03521669912602035,0.1315304095567216,-0.019880174284035077,-0.052493387386812834,0.10511797634865604,0.01874384763075952,0.021516134699749414,-0.1029875446008508,0.00048495980607128397,0.12093330262681473,-0.08707711239734603,0.044963861260625404,0.018695826413736495,0.24328760179099915,-0.1471129212646309,-0.10415806300753988,0.102357670417491,0.2420328627816437,-0.00983070614916825,-0.17090911493702593,-0.1728918008985526,0.1284066963157738,-0.08709673724289001,-0.0242754399317783,0.21072598107834706,0.05842416972743222,0.08117020546332858,0.09492281042146322,-0.23196557937624282,0.04232978434654268,-0.030808579325176652,0.04927561313176796,-0.05340643084722673,0.02811557773681299,-0.08038147035408963,0.03853785041455391,-0.008386791243912506,-0.09358303695293824,0.024998489937348555,0.05630406041745564,1
49,0.037989225061257854,0.025921980329477862,0.1954647476314744,0.041955858001503095,-0.03163144304897057,0.006642635761194754,-0.015124057511198358,-0.04570083510272929,0.05863334522473309,-0.04893277686581297,-0.05021419928344099,0.13330159006477682,-0.02925030785809204,-0.046974380948007294,-0.11825299263553284,0.05270484302482784,-0.083743672508838,-0.025887011634378874,-0.017902079113751978,-0.048942102571750856,0.03921471446460234,-0.02194858249788026,-0.01268300400017725,-0.07366378749747507,0.017648281143510927,-0.016485153677184648,-0.11231828778079973,0.004725220486944139,0.01314518363899449,0.13586769795967987,0.032732485020064254,0.0011038810683477703,-0.15908267511966848,0.09703463900839003,0.037881166057606594,-0.02034982828135154,0.02881681289876375,-0.15984770569654655,0.04840251159223883,-0.023008705727719368,-0.05371251425792498,-0.007764061438998767,0.10987669066629265,0.027549811596990423,-0.0033715868720970914,0.007857060594209849,0.11998933206070359,-0.07209530932974897,0.11759286546334656,0.0560904229110256,1
145,0.10050389743632086,-0.030591914360926512,-0.04272039724998535,-0.007928328413182384,-0.00869344577300678,-0.0724903818097025,-0.05210020472765002,-0.0920022963475521,-0.02847101144050312,-0.015372982058201277,-0.031014187515926404,-0.04945460906079999,0.039182119889867424,0.013899482978014268,0.037718896925555565,-0.06735132483372733,0.014515508963158882,0.09646254467239404,0.08464766380631696,0.05126969700820895,-0.022871068821014702,-0.0431878710316348,-0.047953514316933565,-0.08804742492747616,-0.07123639053141047,0.08865919358182933,0.07321446004807793,-0.1601903417552117,0.037067124042579024,-0.07713632496383828,-0.04280865241224861,-0.02249771015841415,-0.16752063413319523,-0.02551851439168465,-0.03229955070759723,-0.018368879996814864,-0.019662670791155953,0.0474562253558747,-0.009226678318056935,0.36007952514806135,0.04876231286805986,0.08076990451417233,-0.032208580186695736,-0.030449644301784606,-0.0009373888558905293,-0.0034622575273625836,0.03263209950188128,0.0005179522534497809,-0.0021907662420392556,-0.13729564096874466,2
180,0.0530893963711288,0.018840669510916272,-0.049573124336369574,-0.12418928734917173,-0.034983378803416725,-0.15146180322573258,0.0626480347030429,-0.05906035556151895,0.13725102999771768,0.4403944886651023,-0.3162629559001737,-0.2507936638864787,0.014871968780582808,0.0770734670461582,-0.14755125063493943,0.03405005674180927,-0.2218672898461468,0.21717544423354376,-0.31423707850949945,-0.06318282831312844,-0.18488858911347342,0.1303059973334457,0.05261923954730912,0.04558116475331269,-0.08110632644794247,-0.09868393682231039,-0.065370932104498,-0.05889999202504691,0.02822857662200291,0.002243348210230589,0.08501124762740091,0.04042805496469459,0.028706244775569486,0.014196988939401732,0.05991987735993068,0.02448654207154169,0.0396430955088382,0.014237058347853474,-0.003944074562396796,-0.06430336171789199,0.09550448260023614,0.03704326509781242,-0.06115791505976836,0.043606823364073004,-0.00451635349152863,-0.0018928977551572088,0.049399993946255355,0.05945391351622316,-0.01910532914044124,0.04311306090319476,2
29,-0.13767793060046707,0.15210135077269166,-0.08828378211135618,0.048590758252399446,0.04285972118137174,-0.02557034308547546,0.028341125680305737,-0.026804389908069118,-0.03662241644142521,0.3870535563912554,0.5290430719983106,0.0890305093842953,0.06025056463920356,-0.07791944839209143,-0.08484406612180485,-0.045891765056989595,0.015461093297679696,0.05228757021559621,0.035968172972577386,-0.027798732901150213,-0.002584632817368468,0.06854195375011522,-0.05633374293523607,-0.12187331591316708,-0.008396258188687456,0.05910583695802247,-0.1489960118587499,0.01807469813633066,-0.08955512339296744,-0.02095936901603672,-0.09701876076096358,-0.011120036749873824,0.03325625914401616,0.023337444103001728,0.07745324155388685,0.05680990851166572,0.0465121884054928,-0.0026008899036932234,0.01177404444253405,-0.019989350258239787,-0.014364205712417295,0.021093150841740613,-0.031294771839208625,0.007971722477826996,0.028049219978707764,-0.000946062532448611,-0.06696062502772258,0.0471601064038798,0.06206579472675893,0.0059979428236719345,1
51,-0.008142177735710026,0.02077707692497501,0.400238783660982,0.1644106922405799,0.00677199497742787,0.08463406109033826,0.017397528452823666,0.12064837735544791,0.022226332532542716,0.03711844343386636,0.025014559312420286,-0.06419955857931972,0.004639807183297963,-0.04748123712429161,-0.08785433691072186,0.060770760315624756,-0.028262312211889292,-0.01463595561098653,-0.04677726921754505,0.013836791715581302,0.16438630802916462,-0.023788727279413384,0.20591730729883365,-0.04112522031382268,0.0011451914001255428,0.007121542172560245,0.01507725526075899,0.027472147791130497,0.003680386661134616,0.032542433324297,-0.04809571634213527,-0.01250562922807835,0.010812424557074315,0.013808658831891819,-0.014192719825878783,0.06461986626392949,-0.06709428687908828,0.02030644308606934,-0.015005759314899366,-0.013504095700040956,-0.03471280946804251,-0.07175070421941958,0.041337883460548765,-0.03255438666368152,0.008118191850131882,0.021799997598654794,0.022738706122560702,-0.023483848531324656,0.06090622728926388,0.011784317646058352,1
41,-0.11693249810992717,0.12798885575423935,-0.11679810010224556,0.009736869917827807,0.0950923131859262,-0.011665609606291129,0.020174181614099458,-0.03947175004911969,-0.04200346973250244,0.18519531391708677,0.3163538984163356,0.0688979457632571,0.03476797062014573,0.0023333121402331547,-0.009186178133881345,0.027216806334021345,0.03390235605281056,0.022048651601258584,-0.005991646176360384,-0.04900692099736866,-0.0014381288224036214,-0.057996621567920875,0.04683227498315388,0.042311415804593897,0.04607445628683287,-0.13074065884107464,0.2642050282722005,-0.0001039859322515403,0.40687674764027376,0.22762308689346078,0.23522401795293807,0.11416706975834737,-0.07362481897949547,-0.10386915940333752,0.021595733013036786,-0.0626885514409227,-0.05227694269916873,-0.0008458864186588106,-0.11254111187281557,0.03578761040166099,0.050468879361768255,0.008540790325138128,-0.004230960878763524,0.005325835202307405,-0.10623161902044403,-0.003144757714945817,0.041984105158416066,-0.03207005639485571,0.0066281240801501174,-0.10168304584762715,1
33,-0.3832808049408366,-0.3575123737463991,-0.08391661484900936,0.056037950144130454,-0.19780082698845253,0.048532819321384944,0.04570223727945234,-0.0006672167109193384,-0.006902540738529017,0.005891763811631285,-0.02544787648771006,0.023804794271858356,-0.010768314646785748,-0.012977857923325587,0.0029255708501226834,0.032027558621127446,-0.0031371393054536083,0.042531165655743476,0.0435570009681707,0.01090606735720857,-0.04040464296776435,0.049218313184754975,-0.02122531198177732,-0.03885772117943552,-0.028101164732656097,-0.04257028371588551,-0.04315376099594468,0.04133461240843492,-0.11798509500120948,0.04715196404965956,0.004729956722835678,0.06869563294189532,0.1060098451873387,0.033911955993394687,-0.0400802194160401,-0.249431613993761,-0.06636470765662836,0.07101000524371237,-0.17806870241067266,0.08531415019499872,0.07670796557465286,-0.08496763422249318,0.05558434039188907,-0.018214677722831595,0.012718509798502224,0.027355117701036772,0.05352335476410676,-0.050595593414280104,-0.003227343111915395,0.04027661070286838,1
178,0.12604478985940926,-0.021037643326695925,-0.05850545834587052,0.06833376973187176,-0.017518330739930737,-0.0006243009041445766,0.166327596839292,0.13114871173245457,0.21905445946162838,-0.050832166534212526,0.03339162372654748,0.1405927362721668,-0.029275260445444904,-0.05944116592892059,0.0274707934509575,-0.04270007182454659,-0.05036557172977423,0.058774021149452,-0.13364646077653247,0.04349002963903374,0.028483006074741704,-0.10143815660937594,-0.0739080469308058,-0.07114911110250494,-0.014459550862322363,-0.05869162203498401,-0.005841498883607672,0.06711655177832587,-0.05363206239093817,-0.001832616702455249,-0.009977636957280671,-0.09917724650014888,0.15721091353440458,-0.014674860644891936,-0.07965344736726468,0.021913679805773998,0.02117868223986628,-0.09789403336546294,-0.04357249172315678,-0.13644900780547978,-0.019889456420813873,-0.08396557331793761,-0.07871155208881861,-0.07119656536884819,-0.04235995523540177,-0.11022475518976292,-0.009680612257191221,-0.0406082504898373,0.07734207215051564,-0.07118667744937773,2
25,0.025262060939237146,0.05564291851118481,0.07504402363554676,-0.08935013268497931,-0.08130163806507715,-0.13304621963923996,-0.06893086939739056,-0.2424856004470225,0.05920351503880516,0.02649937227085582,-0.08590443216059951,0.1348268394222126,-0.03849739479056445,-0.13540626317687116,-0.029455974591462254,-0.046044730231792286,-0.09714977290954553,-0.13412543992416096,0.05797711213025244,0.36042067049761245,-0.03575146743068967,0.027084939793116724,-0.08668640082031162,-0.0014560510090957841,0.05370557537416501,0.027246256247823834,-0.017502966154882386,0.02252109271247746,0.14017716260546054,-0.1209913227423799,0.051626381389561334,-0.005392801499504458,0.02415519155826125,-0.018669039815395676,-0.017104442717171594,0.01607855073532495,-0.08893637779612407,0.0547044869413395,-0.015402756838964842,-0.014439474892392458,0.037207905069379266,0.07127092092908949,-0.03495682099724911,-0.018083545316435128,0.10681466260072937,-0.04876754472129205,-0.03924310350425935,0.035009230705097955,-0.00910589216826939,-0.1288557949697023,1
163,0.07013494206788505,0.031028855641762554,-0.004961811790551317,-0.05090118083725811,-0.03635540081611792,0.052739180521183475,0.03706610618729705,0.08390608664418975,-0.008334195553777747,-0.043895449878295356,-0.014661154940880971,0.028455546830970572,-0.006353307598534118,0.029989370194110448,-0.14263614280337494,-0.05470530963857671,-0.07474433926523134,-0.014775744705858733,0.06839708413943656,-0.021554760199031648,-0.09891228974880298,-0.154327876842305,-0.009588018794156961,0.13860591295523142,0.05520614382423039,-0.0628511133058449,0.008871575122897072,0.021387582186786935,-0.061585065123810026,0.03911343704002507,-0.027795741195121987,-0.18846511769347368,-0.08130285571982782,-0.04572477234775146,-0.040146352791502325,-0.004305341651522172,0.05789697322568051,0.0978270821407132,-0.0567538040250187,-0.18405739040434915,0.08896295130833054,0.17974737336599672,0.08483211120657244,-0.1503003735140325,-0.1985253813186568,0.14474209039765015,-0.04497804306098981,-0.02741552434360539,0.14531099418655868,0.10575783085161866,2
73,0.03945119752285919,0.02745106342891488,0.15683314832356454,-0.027554382823523547,-0.08729292159077506,-0.08176544562597732,-0.10402256572221033,-0.275085130621991,0.03234303123679895,-0.052264465832932046,-0.07138691798317821,0.2504585430694672,-0.09614549592791209,-0.12701072002455596,-0.051514677713092746,-0.013324432330310061,-0.06142690796320682,-0.09880184596709898,-0.001194645987085997,0.20433585095543041,-0.014194407000350429,0.04149419411743273,-0.07434185019498421,-0.07079369421139128,0.0667198315799036,-0.013828897931641855,-0.056415226252482194,-0.042636501974296734,0.02167946873017552,-0.01677055843143347,0.07963491560837486,-0.0036595480632359684,0.07928999360160185,0.006084771536518497,1.750997828070352e-05,-0.06262204262129921,0.01680202933308214,-0.10799967423621827,-0.0037736577240958563,-0.053908178271446804,0.0549733690698898,0.03817750476981969,0.08491752521817546,0.020223807519677638,0.032676693131154295,-0.01284779890340932,0.015498576099167377,0.0341332760832865,0.009519436100706859,0.026144995189271932,1
89,-0.2212852875144965,-0.13372963069695887,-0.08641480208111814,-0.07144689314963744,0.4268847011406262,-0.09202234761819802,-0.13620737543534922,0.09416059302023728,0.07939234165424257,-0.054171015274037775,-0.03632034602616261,0.002674076715634242,-0.01011493950442908,-0.023750615665048,-0.028657072884842465,0.010280564764580323,0.010017720191757992,-0.02835009353004663,0.029446856204345923,-0.023103700996646912,-0.023585722626337336,0.0008597558457705109,-0.007586814305233872,-0.004302301733831024,-0.0031402449074718914,0.031121800847483647,0.008431896465940399,0.029785025398645817,0.12727304496537398,0.00770144807320965,0.06572234912734914,-0.22227896391734558,-0.01397287747552677,0.42212582178892105,0.16688455936545782,0.017472557240945652,-0.04248599542252186,0.06641587970684569,0.018289764575219844,-0.0322182496407108,0.05625961665390646,-0.1269420875620083,0.12273810031063144,0.04483736654580433,-0.02613628045810753,0.03762326902005022,-0.033448319068275466,-0.01271224488050144,0.02595785207751507,0.0036270273274287713,1
37,-0.1384733415333928,0.15999959341493547,-0.1066373262526863,0.061931444092235846,0.06021952565723483,0.0024874303334186604,0.013305445632970035,-0.008881073760823036,0.0007665503333417644,0.1231494043230399,0.21917307831631067,0.04402101773019716,0.022035235851521152,-0.007990766392425745,-0.0352284217384878,0.023732266607855816,-0.005298194967486127,-0.0025919800270322118,-0.014892576619995207,-0.011035536505415925,0.016968963350928595,-0.13745857066191752,0.059261982427083686,0.12420806526787176,0.062739838957869,-0.09512881571157623,0.29454883749742655,-0.05688871756000503,0.36047222280359303,0.2067281049816291,0.24428482283342823,0.11730815508773201,-0.04187007381057184,-0.09673103567237618,0.005820064874745752,-0.05035895005566038,-0.02818490450959356,-0.010485922812923272,-0.13000120158608452,0.009822116960205705,0.07909084479313382,0.00805774036114527,-0.018159702584122438,-0.008616488227752397,-0.012527790250019261,0.0013109309262475449,-0.05641384468992842,-0.013788419495575325,-0.04507808681272767,-0.019381156977074383,1
126,0.40254147568562193,-0.2631280692662309,-0.17680347721616427,0.4166778847505245,0.10555774699391453,0.047471857105844194,-0.1582552624059153,-0.08938477481349325,-0.2342797208054592,0.05476751604954029,-0.03350934613116952,0.01737151667085995,0.054713270813980905,0.053113248627165675,0.004682586432609476,-0.0028707608560511713,0.021865058826614915,0.02030900626561247,0.05897539501290439,-0.014574868154647412,-0.01660453916404205,0.03724600972037349,-0.025134518739806655,0.07265119255295455,0.06600121978637559,0.0804689066960328,0.059106177931548855,-0.07721443691868017,0.034946378919424974,-0.047037071044597055,-0.08399449178371071,-0.030711485103238234,-0.06449528965005612,-0.0481654779399262,-0.005710265478473482,-0.04419374784206025,0.06040781907023501,0.008085166933320665,0.04326645266362307,-0.01601658387567246,0.10573337391870948,-0.08420291004945904,-0.07187435733790713,0.05338525737797252,-0.009460742595801454,-0.019530975818215897,0.0324085576406966,-0.0806321837310943,0.01815155663740383,-0.0012827318574972495,2
166,0.06706610735739765,0.009280223721394424,-0.008298823997718212,-0.06361407023852972,-0.05934677582760882,-0.05405117084514768,0.016198710750329446,-0.10729795123198757,0.10461646779167347,-0.143095245654136,0.037405548151796114,-0.043000437982740086,0.604674494204342,0.07411938778540063,-0.04566950851212265,0.3850682720390834,0.12222166938514194,-0.1906038174423957,-0.0009296718110004589,-0.06120987828449441,-0.06086018002100027,0.10192406997803265,-0.045118004663982865,0.041312260795025986,0.006025072143045907,-0.04028450552804007,-0.06226976993488932,-0.04040992527500485,-0.02481649875392511,0.02676681906968862,0.03644403621639686,-0.015664031257528743,0.013899794694379993,-0.043656885003565224,-0.011048388798109002,0.056529412957011464,-0.06640842848472066,-0.0026870435471567093,-0.009159969871959743,-0.019927343458549896,0.04654794479467609,-0.013876415333930659,-0.0039706922765315325,-0.010330081267341943,-0.023162597104889764,0.007825425262530505,0.022441714350209925,-0.01103565473448311,0.04678593788562867,0.002053858657638249,2
77,-0.20068703320210377,0.40070431135362355,-0.19277419351439937,0.2434087684318254,-0.023864926922379962,0.053444491605760897,-0.04707206601440813,0.044301331294276214,-0.011990344347232153,-0.13407398031329654,-0.17372743817457223,-0.030888796337048656,-0.040133093594943534,0.011558136080734615,-0.006638550530526284,0.022133575133646874,0.014092305192237144,-0.012841942984569974,-0.0058887261021280625,-0.02832358218917544,-0.015917463026732127,0.024207680476977425,0.003836948112238801,-0.0553123421849662,0.006332582590734719,0.00733894335021993,-0.03641287032162784,0.02907774710524616,0.02697599621117501,0.025773637808157647,-0.034941243515595015,0.1271842340773135,-0.03423128356171997,0.0018965074488795468,0.09921106947890457,-0.013507097143120816,-0.04556130275161524,-0.03654179897406714,0.028762077073274786,-0.03500734904603637,-0.007294413778838219,0.013493360780751898,-0.07351593270959124,0.021493181028130418,0.04489824572493791,-0.0019067330121900733,-0.03291117972547951,0.06024945622083268,-0.046806680480506443,-0.057766759699528,1
47,-0.4146141509384103,-0.33715693833250604,-0.046107660674887294,0.06143999605657978,-0.17222521783735809,0.03884190758032046,0.04781291604025936,-0.011239097499770223,-0.05458856572103479,-0.006821925288006626,-0.023921402666534235,0.0062449680072748075,-0.03348713079926109,-0.06433061475585451,0.044768580815316567,0.04604833032256052,-0.03045760942071143,0.004965936525952359,0.004101143804547488,-0.017175966465812514,-0.02660766859230214,0.015449364129405875,0.04749343409964858,-0.021267878643048695,-0.030660448509911575,-0.024749321501239433,0.007285358257275346,0.01400480425967018,-0.026687504641819435,-0.04817319238522711,-0.0034000512858019982,0.07366241544252077,-0.011855579581098948,0.0033555594098593896,0.011756516451549827,-0.03660623846158706,-0.010656846656483948,-0.012912297350775852,-0.04993302559375447,-0.037352946573488914,0.040061210760566526,-0.08255202841834483,0.03910039429793594,-0.07567976453270564,0.03587966840008603,-0.022847589321722515,-0.03611967253426192,-0.008107443266686304,-0.023368181253447737,0.012584158076671608,1
193,0.05841385006070998,0.016608198161130263,-0.023711271783110884,-0.09654509058146975,-0.01339286122066239,-0.011861898695541167,0.07142138385271354,-0.01914504957903558,-0.0033460815343372137,-0.0452085639683376,0.10175802840921967,-0.088645834680911,-0.06825882092309676,0.11312186416563823,-0.09277452180500433,-0.024332402383304735,-0.01966075435871106,-0.03995695560220353,0.06476597354495453,0.038147403953363086,-0.04380049301666943,-0.04839268176251679,0.02563336973401361,0.017110984850889716,-0.24495562395093826,0.0617688821071457,-0.0034906260646105107,0.039769823416750914,0.21783319187011438,-0.05258018130907726,-0.07774973263275595,-0.07525617320513071,0.13176007306530296,-0.046366890885659436,-0.007475204170455952,-0.1697455582629881,0.08999384695676306,-0.1850277027744099,0.0827467733568416,-0.16850505313585892,-0.10685410250833133,-0.12103877139407968,-0.08123665441995691,0.17449613825540883,0.09784673986631862,0.17871231916497504,0.0825265158067147,-0.10145212506378898,-0.024708368383177387,0.0371511791332279,2
81,0.048770613249360745,-0.011005326966098253,0.13986174746334348,-0.028408605462864514,-0.019696372042622333,-0.06429815598826018,-0.08023653160147333,-0.3245301121295759,-0.02721167369811134,-0.12692311972559853,-0.039769922857827815,0.39542611252239523,-0.1829448216908962,0.007871347108504243,-0.037323940726768604,0.08193309718103481,0.05410960026593541,0.1084310904472159,-0.20580042556864928,-0.4318922982953591,0.08404363855294043,0.09130389835626762,-0.009876119165138442,0.06367098587838521,-0.02420968083325137,0.16724414484156314,-0.07817496714776134,-0.08959656366651444,0.0764347529435288,0.020913564483751344,-0.0374639748168369,-0.05852742395386688,0.03972949296037138,-0.02580826442332541,-0.030056990046044542,-0.02104378609270545,-0.07590953516519178,0.04896274066084228,-0.02644017325456514,-0.014599866270887427,-0.012910711116917484,-0.015368420567567426,-0.029158634565330802,-0.013885469334970302,0.016050253889746305,-0.055427762178143804,-0.0020504621782963953,0.006059902936362914,-0.02627275371350519,0.007787103579455236,1
110,0.15616394258954513,-0.04733858918206158,0.013322710372404548,0.03708698131972647,-0.30126233439365024,-0.37409071319060533,-0.4009582355358097,0.5128398033581567,-0.1916973759572838,0.06563376813305277,0.03644512331293132,0.15066303054303146,-0.049814787792345716,0.0414654759443403,0.059081448537656955,0.1026334838901841,0.0704229153158482,-0.002204254799570263,-0.04371863165918967,0.05990395759430766,-0.01757695298496517,-0.02222029919615512,-0.014454981559356869,0.061032214142741126,-0.05165236267156235,-0.015214610139370881,-0.04808106805624161,-0.06753396709635262,0.03196437466009651,-0.017176509874150696,0.00667403092985474,0.031036282978896376,0.013677134777031707,0.009343463861753897,-0.010129984037502567,0.013039645670454531,-0.00988737689559525,0.012522638439994634,0.009273195607913641,-0.013317474610594422,-0.01337800388025231,0.010402900321918459,0.010420187161138706,0.018708902629127666,0.0018729396027248354,0.020309733714252827,0.0476585987776048,0.017298583097362263,-0.0013282319993848273,0.010081610545628545,2
175,0.09739204452722212,-0.013008617297529789,-0.004938186175555491,-0.005144950468707508,-0.05818732096182477,-0.07710679632191249,-0.02015389709331411,-0.08231650375004944,0.03906288274526766,-0.11265253775896299,0.03611029024936028,-0.10568493486779464,0.008477851592809987,-0.05359140516914681,-0.020136167242352846,-0.04528220294538211,0.12462454847356733,0.15154853205267022,-0.02176142495269891,0.06258559313868375,0.009311646682226058,-0.10164462980986361,0.003294455051707945,-0.08012906843163232,-0.14522390493545573,-0.050468868818610145,-0.022474908094375648,0.016324013804823193,0.031170672234414776,0.06687168155493232,0.06581201804052693,-0.049457757268514105,-0.027875560678012057,-0.01624718378016183,-0.03786628170856833,0.007842745959908552,-0.009585698055402393,0.014297628790688162,-0.1383859741280119,0.013949297263767563,-0.000587835407122445,0.16387586543491248,0.2723559644593852,-0.06369864623855294,0.033452945306382355,-0.07814200877751784,-0.22140481685110505,-0.038094515855083125,-0.19326315593629492,0.006577480702695639,2
56,-0.017727541682077266,-0.008011984614387227,0.044493711679915476,-0.06296774767870693,-0.0530496767306126,-0.008433388698164918,-0.03315373853186133,-0.10834807419132207,0.027400604210535497,0.02433773264343477,-0.03847259868342155,0.05732577075799481,-0.034378655326859554,-0.029080356966383992,0.06589403482367541,-0.014664622547552224,-0.028657333589949752,-0.13993747617924823,0.06700194532159434,0.09906504112541459,-0.013364238999887097,0.04022683087076081,0.11483689652035953,0.2538526901547503,0.016461719543645427,-0.09003057290450257,0.023685865492857484,0.04535525050653438,-0.05958552421037122,0.045911904011954115,-0.24582520458237198,0.019565199835556924,0.06735487144137854,0.1353859266742081,0.14511147174663774,0.06475680037430108,-0.01049756752627146,0.04842206590982866,0.014368330749284394,0.06516580324510751,0.17556154854845502,0.04932701211371692,0.04106123457983435,0.08147491952448507,0.02303301305138674,-0.14774513293047933,-0.005030212480914236,0.14884907181794874,0.16961457506850433,0.008395110039491652,1
34,-0.07274043273418099,0.04814444450482725,-0.029428180249768315,-0.02749998017993087,0.02354808324314875,-0.015196780098293708,0.01656631563785654,-0.06172023755625643,-0.039821791690173705,0.10375164369625678,0.11761547168301455,0.02702263025458383,0.020775321319866806,-0.01889572198569848,0.028689744690729137,-0.05317086388931345,0.009415022568922904,0.001796034628206123,-0.02096234102395112,-0.0809900088016784,-0.022958708221218326,-0.1434088133262288,-0.027693060274514278,0.04984190763192379,-0.07119339204182429,-0.14478718890704123,0.1828149857899771,0.028050846606848766,-0.1325071210073571,-0.07419044734670882,0.07203615794195158,0.09737928305589154,-0.04294045037610467,0.10341726418478808,-0.17089570700274961,-0.20127650415975326,-0.1560303398188483,0.034216919996751895,0.15670776940184114,0.04456914063290555,0.008608162653641428,0.02403733421620621,-0.03609123922347254,-0.030274426082746674,0.06715916745773728,0.013027630977344782,0.2446171155218649,-0.03052499729138779,0.1061922628047405,-0.1137218775431449,1
116,0.021604069310611665,0.04849530638147147,-0.010802641565619952,-0.08244639158265034,-0.03563140427611287,-0.08168697051075238,0.004721831218531128,-0.06158485153344652,0.06294215010124836,0.10316204564944789,-0.06768578895890001,-0.08888316780013943,-0.022392994515699868,0.015998257417509033,-0.05615953651784927,-0.048922609196876445,-0.10443214841638018,0.0009361689647530198,0.026487950433612746,0.016609347313438404,-0.07452957712911587,-0.06424367817739862,-0.052004902966717316,-0.029315459249072248,-0.09153976206878771,0.035226076392621895,-0.04018154410262179,-0.15575678005046817,-0.05879401102711716,-0.035011464099320815,-0.048892725333343295,-0.040624924952965526,-0.14428921623097016,-0.007030739044461301,-0.07092384108151881,0.04566374491029212,-0.09095437616925467,0.09890336166646528,0.0007871935870134099,0.101846368955592,-0.031448307795018116,-0.12146573601500188,-0.025331319313358597,-0.11495288363352173,0.07562263317163254,-0.007259502298735287,-0.11331625081717739,-0.2722047348271452,0.18407877173152806,-0.3228133998906509,2
195,0.09438849165757572,0.002051644129156974,-0.0030583126024921452,-0.07643412825412249,-0.06025842769366518,-0.01714903257996365,0.03001797111254655,-0.01571574164124944,0.0071678676332886625,-0.025789633492844265,-0.03444729151663231,-0.028204522703267856,0.09298129029141095,-0.011848661116881314,-0.09022768708977469,-0.09024207467416924,-0.04660383335588422,-0.03243257807354513,0.07554173662768235,-0.02422311900270834,-0.09447646467722479,-0.017022241740821776,0.1148895113925259,0.04001703624317505,-0.13688127076993908,0.08555441951244562,-0.037002846802096694,-0.0597188625870144,-0.006121282603720544,0.025752741930658452,-0.11104165667468782,-0.027431432903614283,-0.13407166874489604,0.03174737146299236,0.014380573841078676,-0.1644276375431588,0.16526859951425224,-0.14873535686555667,-0.06567487536687831,0.007835912875216402,0.030188245226378592,0.00487382467630538,-0.1034690843528302,-0.0666483966034445,0.15547227726931595,-0.13306830397037608,-0.030410111597436028,0.03881668649237034,-0.269994631775438,-0.13320601143024022,2
184,0.05723712874477391,0.026791762923380362,-0.031918140031455315,-0.1276953086200768,-0.056590997454933574,-0.13481159406847223,0.04432140545076423,-0.05763807981885386,0.18824606140064223,0.4297577720009613,-0.33884807776059306,-0.1398309955366529,-0.14622353928669354,-0.10688119740640091,0.02168183431850745,0.15641126425738416,0.3611247846719568,-0.08847406484785363,0.24981811061421816,-0.10146378550718986,0.15042925643515467,-0.026900524915004567,-0.0021490840319781865,-0.10184361313108549,0.06271920843440704,0.06659524391431476,0.08726729101517089,0.022058289611883528,0.006638225137913989,0.011685425026561558,-0.09825800267728176,0.013083353522766156,-0.005608193268849098,-0.04495806876420647,-0.05262483306128754,0.001982607877301533,-0.0037398391880378227,-0.02964559751012559,-0.008855351969840773,-0.05246139992649978,0.0774831796480817,0.010026908980547011,0.012604007159465486,0.0156281855153468,-0.03233513603186801,0.0752563428892784,0.013280147284194983,-0.023339477822497443,0.006019270333831553,0.014111363335269073,2
50,-0.0683543689890766,0.061147504814496115,0.31248695173977536,0.1323145024744522,0.05482767235835156,0.12342624763574356,0.05571698331619285,0.09353933476385477,-0.004667234869819464,0.03484064237534382,0.0315381606119227,-0.07880565515218643,-0.02380526162852622,0.019013170462578746,-0.029267661340809017,0.05813261758425409,-0.07963513767214121,0.016658850994355708,-0.056083252634908,0.10081529128644057,0.12302977791435936,-0.03595134632354312,0.04790911901129873,0.10222669274487053,0.09688039616522393,0.16467869577616218,-0.012743070113625136,-0.08652253264791579,-0.0054553964365890726,-0.03285197258411581,0.02238426919939375,-0.10509086188085574,0.022553316970639368,-0.09643498381518098,0.0660833261629619,-0.04616075654310985,0.026738158229540208,-0.07937384623857623,-0.031434017273791415,0.0689180995077399,0.02868553374642251,-0.08246423754649146,0.06255283727201993,0.06975399890779985,-0.042344877270929025,0.0029336187068700957,-0.024256264408854138,0.04982035642210982,0.15215722164760606,0.09069014181275022,1
57,-0.014937573948768355,0.005352483681484875,0.05801664276202049,-0.09397878473298664,0.09204543512146235,0.00689895453240955,0.05965808340603504,-0.1001981970730187,-0.09266753629177385,0.06395251874417203,0.01444136174285026,0.06827232809061803,-0.12036423018507524,0.4437854853346645,0.1136096487696669,0.16775856867553507,0.01310861461855888,0.000770419883548466,-0.0444697347155498,0.08799610757054355,0.1114814941773692,-0.000133610882492003,0.003674986663547971,-0.06653614749169447,0.046933027673957496,-0.09885512580156694,-0.05388595030751243,-0.003492258004497464,-0.04293916878607728,0.05772168094599707,0.013801604223647524,0.029305780884574462,-0.06823300651892887,0.024084352131372853,-0.07609610386410968,0.025306329574442264,0.016826529259666927,0.0001083876808757697,-0.032420057636334786,0.029342806662202806,0.010748091288830912,0.048531298048473316,0.02479464424751444,0.026508535251946817,0.01384652514351294,-0.15166098339649012,-0.14280362205264013,0.10677490441883856,0.07060877022710135,-0.11889559330725309,1
183,0.04686365570959084,0.036810196230044945,-0.043489511488982516,-0.100380953029465,-0.03954732649636933,-0.1201683190242693,0.04647287405352445,-0.06329777585511916,0.18138283286230109,0.42299894986847325,-0.28713518547674627,-0.11872782283987164,-0.14515745821987983,-0.11602279759829819,0.035497751657955774,0.15086835237568863,0.37103303530081283,-0.11024824290297497,0.27997419053478845,-0.09654521892374494,0.16902749810927448,-0.04380164305827267,-0.015395199348173736,-0.08228425062985506,0.07929001355234272,0.09208209815022261,0.09608725334048397,0.03468729406201097,-0.014811679447758843,0.006031214483999113,-0.12822447357259611,0.005471710531652366,-0.009339436487775932,-0.03842301677673107,-0.06677043939578572,0.004314319848975683,-0.0015264687582333145,-0.02972258016081637,-0.002559891618788152,-0.050577363082416095,0.048773745214218386,0.001517509971772742,0.030588232996107554,0.022466517346192438,-0.025474934119140757,0.11275458382669211,-0.010663723308346055,-0.03833384692681753,-0.0033658411268358735,0.006620250737821803,2
94,-0.18371266628306723,-0.1274846998786992,0.024278288347652447,-0.04006324369619773,0.291015486803887,-0.05733073218392164,-0.11148807230139937,0.06081295081790151,0.05483157264857974,-0.033711134308968826,-0.027037309362430356,-0.056361374770168095,0.06075702496253712,-0.042044776210390315,0.18494007312099447,-0.08066217782250415,0.03640796827880929,-0.02447971489396356,-0.01846288190752253,-0.022712423649605993,-0.0768661107693231,0.006780916544168428,-0.1600057035428354,-0.03216699529995451,-0.07491317253829617,0.07149506831100491,-0.04749548305247112,-0.010708634597847818,0.050115570548045864,0.052072655544336106,0.012419922139111046,-0.12689635426447815,-0.02470031058485379,0.1905772225250104,-0.03393383580614574,-0.0064196205428408495,0.04037626852769846,0.09498983670138672,0.06008726173522407,-0.09827580537583235,0.010957110038333617,0.024405314936071485,-0.024842714453377452,-0.04673197304189068,0.06112748289923673,-0.09120711060383714,0.03169143779454112,-0.010805850489522753,-0.02400942648926121,0.0637991972728486,1
122,0.08566351678887474,-0.003069748753044992,-0.026748346512299334,-0.0741335981036806,-0.027910439953089245,-0.05872403703690061,0.036736356357061885,-0.05220934470165789,0.05797803056433352,-0.12758394235416218,0.10587618719464711,-0.1724818513997716,-0.07999413301541392,-0.03326228931588586,-0.027235960628963312,0.0021479282747918125,0.20615899319319267,0.1830893045987171,-0.06095814888693974,0.09689944953949604,-0.03919389492742606,-0.12873286849024423,0.03326045391141246,0.2063422057647812,0.1374278107783979,-0.03309085905359795,-0.22393655428990333,0.08300135639732648,-0.0008142360445192556,0.03924426838738341,-0.0416319086830686,0.007697013850953418,-0.17647098617214166,-0.0033930337864073743,-0.014833591686079721,-0.10610719859821896,0.04057496166583175,-0.055023280492223,-0.023760942649434194,-0.13869478252438086,-0.2374358943594498,-0.08781567536997645,-0.018761050335910214,0.01608968426673062,0.08137954971604097,-0.01995830481205045,-0.08650794855859605,0.056107182785108047,0.04012779708393139,-0.04800194045351683,2
68,-0.16298323755773997,0.3526120302863504,-0.1263450002517021,0.20543130805869786,-0.061679583950280475,0.05504883673943394,0.0064400682729231,0.05101913151446625,0.01883754164385002,-0.13127136295344913,-0.12837570571572454,-0.03985270489791876,0.0042043096663172096,0.004844077620007799,-0.023946023159549492,0.034743522370521654,-0.08086597486736377,0.034290498510953664,-0.033398966143509345,-0.03735065255139108,0.029410898883243698,-0.2361305615062977,-0.24196148871723022,-0.1043446498362487,0.03216570330659216,0.053955034116156805,-0.001801166084478833,-0.08368996126692446,0.022214403278053227,-0.04670777728645839,-0.19675622149436814,0.24057863286479425,-0.04302284196060867,0.0361116957192402,0.16978967793975602,0.009606197292776928,-0.09352481730302274,0.0064959170685518555,0.0373457013887435,-0.11616652041503651,0.02634835338327645,0.007457226855504491,0.0008170378953591502,0.010501221815823953,0.013707090607169554,-0.044639550740972575,-9.456580661549659e-05,0.02482304962516565,-0.008204306399631557,0.04645771284674594,1
169,0.05646190659092593,-0.007072728325414649,-0.007294585115496352,-0.09887624639970374,-0.023486010273308287,-0.09547865303816094,-0.011975230978331308,-0.18750817385553306,0.022651976264961838,-0.18879753827776463,0.1332270204213125,-0.19730508624874935,-0.073117139885085,-0.049017554343909794,0.0322608701528134,-0.015542107510383528,0.2915918764079998,0.26885094753564415,-0.033877883037019794,0.1986125004375336,-0.03383653823095982,-0.10811075219936939,0.06893289335904425,0.15784755172638143,0.17313857315846154,0.017233560040068176,-0.19257488438829307,-0.02508450844005251,-0.05497983519991172,0.011969702001960557,0.08360726886985669,0.09615243751815064,0.00555632399603866,0.03889876741702657,0.005282739577698772,0.07301870327245936,-0.059469087605303755,0.049285280973818846,0.06808621182510949,-0.023056311979570886,0.002335138372306137,-0.08374700954716059,-0.08933004773976903,-0.09545449460841218,0.0009011543688402751,0.05300646092003258,0.24231843000131797,-0.022173406806206813,0.125452626333978,-0.026002448291203312,2
78,-0.1917397264886852,-0.12940369453718092,-0.09153661370039774,-0.12000216986968867,0.6020715556341815,-0.15881570222745575,-0.21115105518505467,0.11959315270477865,0.11655249381756942,-0.07679722290189789,-0.01639109329158334,0.03872815954645952,-0.02275374474796851,-0.041815656874786264,-0.11552996724510313,0.046602505017533866,-0.0481230026852347,0.03386365257748076,0.017374558573564385,0.025657829614201818,0.046004565291461734,0.010473102055109783,0.025633224415661984,0.010196953061018024,0.005896427320486673,-0.01996000160390714,-0.004565097846500673,-0.025777206809207184,-0.10202182926127311,-0.0186020587106505,-0.05367743777244806,0.1532933907120856,0.02685222014291927,-0.26101664396128466,-0.09681062481859355,-0.032221253913970266,0.046518133549466024,-0.03635290854855813,-0.021851130289691503,0.009855691853082755,-0.022261443944709674,0.05130439075314128,-0.03628308131807204,-0.012509873958852025,0.01645850898706469,-0.006317030380417317,0.009010466798998274,0.03407025480679832,-0.007173140605408228,-0.005882133811129125,1
171,0.1045108245184721,-0.009082798535059264,-0.07201532942693707,-0.24226593989779516,0.017167354262626888,0.05719427842038655,0.21459615886267025,0.12240134909434042,-0.2964489611766079,-0.062140602622689715,-0.07378919408893321,0.04447912799159436,0.09281275488336352,-0.020016471907176717,-0.17494357573145053,-0.26055094948116203,0.11976784517460208,-0.10218332590609232,-0.05291153486645864,0.00919339303393416,-0.043341802244421225,0.04342234727271796,0.014086314785120669,-0.013261982097335447,-0.006887428639702855,0.06520098561887948,0.04717430117872141,-0.00020957014940931702,-0.003394578262722906,-0.01957642455196559,-0.06891428710969681,-0.009237020942286168,-0.01578214938746957,-0.012330754390667244,-0.03345564547775022,-0.02308680014184599,-0.013722742832233415,0.011763916315567622,-0.08088296384876821,-0.08998334279330884,0.09280277961037751,-0.023674124426446633,-0.024701585923786934,-0.03855184244637583,0.0015530207182503184,0.017068254968276568,-0.007091125321528327,0.09718372071363295,-0.010766737508761302,-0.08322664689376169,2
70,0.05213814824323049,0.004355533942486842,0.2806058873833611,0.01652361180123845,-0.050059866814178275,-0.017660430040631826,-0.07047606811672504,-0.10824642386425595,-0.044755862357426825,-0.06781903903467731,-0.08505047772634713,0.14980789233001066,-0.01757191577192891,-0.058161915422947144,-0.08563669214668747,-0.020817304765697046,0.06731045791293638,0.0841285660134329,0.07391975803770742,-0.09400499825633296,-0.06677008443784778,0.06559559216949855,-0.0466005818240982,-0.13674911412323051,0.0034164801905668327,-0.09508274169023166,0.036588757811023484,-0.02689855320590099,-0.07657696019477712,-0.02416372303296943,0.17017565045424526,0.11353215124289302,-0.09382822619943601,0.017479652676197506,0.07395983984927487,0.07298113518618256,0.12725173922773422,-0.12826622719323977,-0.03660656031834182,0.011835802108370205,0.015939185964847766,-0.009347682417255384,0.2015801264204708,0.09525829752209512,0.011493928190772178,-0.02342857474247963,-0.08695423290113977,0.03906899369173902,-0.018996988515111696,-0.08060021624304912,1
157,0.04702726009004386,-0.007285908860263994,-0.04100279945980442,-0.10124365687444939,0.009609175601934854,-0.027356353796807665,0.0318113106523816,-0.04653057289276132,0.006071296101006488,-0.021966347166798197,-0.00028531054134954943,0.024670178080003612,0.018096801801153348,0.05220719546727041,0.07701065927448975,-0.042801027679475814,0.02640113583263099,0.07070358557789526,0.058207172694893713,-0.003228879607387924,-0.03154942078215017,-0.040455366096036616,0.012647554107759688,0.01657917353876775,-0.08490373085921364,0.05032418795038413,0.12409231143058838,-0.11647496203140678,-0.12930615039036747,0.11548713321569681,-0.015941507291026974,-0.04307356036331374,0.0755592987197616,-0.15115959193342196,0.12395440813410828,0.04473165518856446,-0.1262552258824104,0.04464174551306552,-0.0686761122821681,-0.008211025070882939,-0.12061677570172172,0.11814798558571674,0.2046775673807864,0.2347283452269864,0.24485261420068807,-0.02319509845777086,-0.051166307032911904,-0.21222732635465494,0.04842185250190473,0.08634380913285175,2
155,0.029914714874783116,0.016242924850332706,0.01670740562801762,-0.06989194461476621,-0.049938119753436816,-0.09352813944117892,-0.03593246462310537,-0.07310485630475921,0.0011540815534928578,-0.07706533835318426,0.006566435088110427,-0.07400006790168297,0.1543785371952815,0.022036661703303786,-0.016620925450661593,0.003023341549161209,0.02059861056108579,0.04808559864765997,0.0505708237166316,0.03664302380053965,0.047017883786367155,-0.0561282874534493,0.023502658936764915,-0.15151553067189502,-0.17490616745025622,-0.0852157680731334,0.1190295982769674,-0.06989595094643555,0.07259486378089582,-0.06754243615921322,-0.055101122589026795,-0.09070159048989913,0.08337197781768105,0.029041436235417606,-0.12187412820506098,-0.05645607088234121,0.006976871743028595,-0.03912390725549623,0.12963150783241986,0.0772213255313665,-0.1240942899693741,0.08943554045856493,0.020620542993957967,0.04077160183168483,-0.1210084615747783,-0.08104847544567823,0.012759104519260388,0.33080413930196706,0.19635886349212517,-0.0996385415232667,2
109,0.15144786250865638,-0.0587949723620711,-0.09772864081525229,0.014818968198032745,0.014721617705562058,-0.0006975215842565055,0.223591893885683,0.18326332706487422,0.2418638457549117,-0.030522014504126005,0.0030908163811877347,0.21139430107376894,-0.037376085683007446,-0.03927948243438239,0.08359625212658378,-0.0639654004483421,0.039636947874161096,0.0537190701374365,-0.08839268141972262,0.042567769849643874,0.018565815528056022,-0.004075833847363716,0.04875844737370309,-0.13759439806688764,-0.08615952307441688,-0.05077802191687894,-0.08339578516499219,0.1627372989482456,0.01404498837357387,0.09171885030039421,0.06516693467349399,0.005519594295665732,0.09226158401522104,-0.006095661088412417,-0.018603502126605782,0.12673113258399174,-0.07659295385673423,-0.005601820660035674,0.005706428707873152,0.019633712816628148,0.07088365141701614,-0.04100480703457025,-0.056910946607853764,-0.004855953410117489,0.05619125127189385,-0.14441273561732368,0.010832851915698787,-0.10004432072262043,-0.0248364994837704,-0.028085638889181624,2
6,-0.03766986220647119,-0.004243870475251576,0.4533264865335846,0.06706034123857756,0.09448507775529406,0.060134837142311555,-0.022070989188419543,-0.0009984208112004704,-0.08269057709344602,0.010281478203854583,-0.03413427814414033,-0.0843323533228199,0.05593240724813839,-0.0415593411083101,0.27856158720101726,-0.11954418693891883,0.09709087291387582,0.03350531709388371,-0.03257750897890642,-0.04147565896389916,-0.08021915678026627,0.0993742795646656,-0.13389587518450952,-0.10672647490794412,-0.06807325197195516,0.02703054335138082,0.003791738781462768,0.015172007005764265,0.009814693588749705,0.06478091934995939,0.08365351214543205,0.04672609279983043,-0.025388646889998256,0.03396448275465742,-0.10808915435623927,-0.01375494041694186,0.09982832708241937,0.03250822812755895,0.020428655460319026,-0.08271288140855529,0.013615234765002425,0.09062597779166282,-0.05540280239447833,0.03499317725069175,0.09495771573296836,-0.03216809913217027,0.026445231688778034,0.007398373691311936,0.06247327670006149,0.04440519556897048,1
42,-0.11432229789753555,0.10191619739148379,-0.05973951244706939,0.014118621638974165,0.02941947800281122,-0.034258114667717804,0.03356066175891896,-0.059083060013936324,-0.03510461219559567,0.3753155624446003,0.5140610887457294,0.09011584421643495,0.0485393288217561,-0.07399202482735869,-0.08040940463194832,-0.048193319908201554,0.009962154866513142,0.03618266104005953,0.04122479999730809,-0.01811974074942883,-0.009726850048333123,0.05632011060755801,-0.05391902078085384,-0.1119031992040428,0.029565560633784325,0.06760760575885705,-0.16419240184682551,-0.02059375777500175,-0.12109536628941814,-0.0333778047156022,-0.11436431774751962,0.02042273766862282,0.04689257944099466,0.03573956345152659,0.10713523266470315,0.07579639713618436,0.037848149022810355,-0.01734153372936164,0.030622056212645566,-0.0070871016174688575,0.0674635915803355,0.038225585046216815,0.010922730556936445,-0.011597492479427473,0.1407540284940042,0.043718440314418607,-0.052545040091736786,0.07944719284462126,-0.02260799999817924,-0.005667056346820935,1
99,-0.15436681419519638,0.12666339307225893,-0.07463724253819838,0.04042876519361045,0.011388492854123038,-0.00996845956275831,0.003634211360450287,-0.0535289087136317,-0.028313553647357815,0.22994000989836857,0.35061655456658236,0.06629221547301993,0.05870389121109604,-0.047899175468915735,-0.017478285803814782,-0.038771439046984636,0.018311131761529147,0.030629275260462916,0.03012283849097744,0.013025707500515297,-0.02885628448959147,0.11900259288195171,-0.006788374396275266,-0.0651199830477979,-0.018532099337880126,0.03467119667884087,-0.03510900411350926,0.01948242376923443,0.006642203361173738,0.052475669224944683,-0.06817251728277982,-0.011827390240725672,-0.039308972795925226,-0.04429943171231156,0.008328644132899026,-0.0064069266458278646,0.08579600148937773,0.06405372133808308,-0.05807088280266637,-0.05130781354700849,-0.10323422120898886,-0.057717057187459835,-0.057038114603003245,-0.04081236688193438,-0.1686737440419855,-0.036915202722161505,0.05255312003653845,-0.07863147018717567,0.043330940693170256,0.08256422059094712,1
146,0.1211081297488647,-0.022834750692796755,-0.013543485874383891,0.012053275854519417,-0.03789104751356873,0.005185028789455952,0.10335050699231105,0.0523566612605669,0.11839666677070047,-0.0832110402283797,0.012475797842481526,0.045396159895257866,0.10778046728177608,-0.03791241711256334,-0.07806891086525837,-0.011388069613808468,-0.0004297997706211958,-0.04312790664877428,-0.04281156285080776,0.005509299659969247,0.019486711214010966,0.012682138455046614,-0.011911674094787557,-0.04229525333907208,-0.08355256297746796,-0.12018083128541385,-0.0005965553204431619,0.007400409837320057,-0.01928440935107317,-0.023236863282579272,-0.07398592961571236,-0.04064667076829231,0.03359946792380273,0.06311006294928319,-0.14990597008795067,-0.020986766414791313,-0.056942925236949146,-0.05802801966178524,-0.07902291741952476,-0.07592003517342623,-0.07685265117075452,-0.039180326314608396,-0.1685782060430024,0.0753507661664436,0.10129067645647329,0.07534339019619256,0.020320149015515397,0.012530429317012795,-0.0020289796776408087,-0.05602802169126327,2
86,-0.1916391496633641,0.29512668079928833,-0.16498805851814438,0.14508474223991924,0.009000683169684517,0.012623844062335169,-0.02194320466276148,-0.03968866271447468,-0.032955179299629704,0.006764109285620388,0.0016325787085763007,0.015421784541622035,0.024473438526107772,-0.019827413855492408,-0.020940021522296008,-0.05060753477782913,-0.00838825120297903,-0.010697860453695786,0.03160933116472694,0.03928349083115189,-0.04852839039977602,0.14288158642020496,0.019432097149359638,-0.018941759743292267,-0.026553566959998276,-0.055198065270850284,0.011087244358018946,-0.025244513903421372,0.12144301579134231,0.1065164425728431,-0.023012042009322112,0.041457152509533864,-0.11174363999045366,0.021082432336850115,-0.13167168763089465,0.03675148071161113,0.03519185723867744,0.13416857711835198,0.06759025303994562,-0.0438562023893283,-0.15984421344407826,-0.09871345281984131,0.09204198972492766,0.07399894167212148,-0.01306213443543383,0.00236848933963142,0.00847455724192483,-0.07133707993910368,-0.07909261010436813,-0.00783613208384099,1
39,0.004142127815467159,0.034734334332953094,0.05819143691541331,-0.07407909996814446,-0.04874816830447258,-0.09124719497354034,-0.0507375265617932,-0.2200556458185804,0.042021196952474436,0.014781773473399337,-0.011950767983362334,0.12538511291414325,0.0048328260471725655,-0.10524410593952822,-0.022337056769641622,-0.006870995877949114,-0.0813382963025839,-0.14088819041207637,0.015882323821460483,0.32585925685062017,0.005970503929527326,0.04137454521563884,-0.045986550411516114,0.014965489973269772,0.10520802178234172,0.04780368649930663,0.0029900914105178505,0.06271580794922053,0.17083526137323382,-0.15565979897882082,0.0845368974549377,-0.04949971747083861,0.07013350314909711,-0.02123061383173525,0.005130151536597094,0.023595197509637213,-0.10855936364486403,0.1341388911691692,0.061918854300924434,-0.06958947786256689,-0.02765291660908783,0.0897080571752559,-0.04651059736972839,-0.03326438113824335,0.1784465357081513,-0.002822691852745856,0.07720208213605667,-0.04201722744679143,-0.12170964152417171,-0.06102429768951511,1
115,0.08361402628274718,-0.0004223054713145246,-0.03466725441152716,-0.09553396355680692,-0.016489172247303428,-0.013568862974082578,0.03459566430357835,0.04921250318729692,-0.01879036130310597,-0.04027803475540577,-0.01314427712138002,0.047638872515681004,-0.004821017605507125,0.023428578641954943,-0.022133464633797006,-0.06308848623475181,-0.02813668602968294,0.017038947369719178,0.0037182986599102862,0.0033380973750351483,-0.04769002672104584,-0.13556595941449062,-0.01586717619790813,-0.06027496417792684,-0.12120729862598721,-0.045452823995732486,-0.07335405586131648,0.30040864201037604,-0.013618153996620495,0.15262964645531935,-0.04327987890187689,-0.22518489703725067,-0.16257667389583366,-0.27656777838908747,0.080593383915782,-0.0729165455550675,-0.18613661783968177,0.1430750141578121,0.16731481574316173,0.03180329919407334,0.25778123124607266,-0.0632144725330731,-0.03338158861786844,0.09260897836768685,0.019314201363265896,-0.014192294452323766,-0.009197408550457472,0.1127002128611054,-0.03247414842898153,-0.01328272784194165,2
32,-0.008801584470460087,0.04241565853602094,0.12740071291515934,-0.03847034438732805,-0.06778763002633832,-0.07435857049988284,-0.06894967449377323,-0.1944418233904514,0.024476892114459584,0.014600263681938529,-0.08561172741609319,0.1373791689361755,-0.022206071634638565,-0.12655380322704957,-0.018971761458903797,-0.05405641252240751,-0.08731766233475616,-0.10536631434657677,0.04413135807458324,0.2047393950907965,-0.005499560238178737,0.017684268865932322,-0.13706137834523371,-0.09273522126758467,0.0523886408901063,0.004847307855668037,-0.053178520987932146,-0.06004745436241451,-0.03178328585321955,0.023866201999232024,0.13137824776125687,0.032205107861680744,-0.03372535908803227,-0.06896175510652137,-0.05135424845218642,0.050636699275646235,0.049609122133701035,-0.17068028987572684,-0.06149370986534255,-0.06900075650414682,0.0283254491015752,-0.00350909732832177,0.042338735458247484,0.043273669082519006,-0.15812336967006987,-0.1215101502494586,-0.02415859424477326,-0.06119247574250784,0.019255146937010543,0.08201007363022263,1
143,0.10921375682183498,-0.02049724321854502,-0.0442416641744296,-0.08151345597800387,-0.026402763594584676,0.024737502964973367,0.03512668177480895,0.029120685947461217,0.050280878352556735,0.04747452253515221,-0.03407923932340534,-0.03583793623409092,-0.044465840466697756,-0.011049033780073299,-0.08137464735363387,-0.028650490707301062,0.03099001581139798,-0.02931043359814807,0.06261983054135206,-0.011760038949068746,-0.07183883088445532,-0.02308562969965029,0.08950929892148235,0.1348717494870686,0.04129042911460646,0.0821082140401023,-0.05647182451642302,0.04176571617007634,-0.02363586958308703,0.09232100619103638,-0.06975404246925314,-0.04468407907106123,-0.23288797058809427,0.08000006037333135,-0.06021368285964533,-0.15279657058653187,-0.005706817270670253,-0.09289991536563824,-0.1936984077721968,-0.1328139515077327,-0.1422019596753152,0.010103612366914361,0.08009182368364465,0.015979474357554393,0.13057513717923058,-0.016820876006482865,-0.12450859343792699,0.04157001081195097,-0.023031193505496227,-0.06199499612488252,2
60,-0.26463176351407836,-0.181803174743418,-0.0050200057809676926,0.03223163759968591,0.028694974844341102,0.017102551091590673,0.0036348401437956103,0.01209787962701108,0.0056871157588452795,-0.005007744871204724,-0.009886060013633536,-0.01447999373948518,0.017627312136407787,-0.0008905059736229883,0.024731615684190775,-0.028938233891623418,0.020257049288517338,-0.046025840268341354,-0.048187990819137404,-0.026886390732867672,0.05309120123109015,-0.07755145214144901,0.0675760717105856,0.039598672777208736,-0.007462875968282822,-0.012643408361298248,0.05380721100996451,-0.059934127713347565,0.16230890937238518,-0.07620477529188348,0.030810361427712277,-0.1560314068393258,-0.16730113791841705,-0.05916147218444159,-0.008855477255210567,0.28697114770266596,0.0492446256357668,-0.09669743616885203,0.23218893895723342,-0.12696763516833154,-0.16404546509786352,0.0753526185738402,-0.06383255793043471,-0.028483866187033784,-0.003128093047244552,-0.08329109302074052,0.033260090637657905,0.020474199991454018,0.005301220986075904,-0.05654676680030325,1
187,0.16428012646686066,-0.026911321535149267,-0.062045487047502144,0.03758797325136914,-0.04594510836799647,-0.013822360084416575,0.12857819092424805,0.1422880918287756,0.24592486136784228,0.1066038703274824,-0.06450796628443577,0.05159923155730627,-0.10321921399931863,-0.07271956742563088,0.032542402201511715,0.09456584693439056,0.10251818918054656,-0.08364877472733989,0.03634248601568106,-0.016239083808535896,0.12016848840879739,-0.0652389305298265,-0.004996087056764183,0.04980514009446651,0.035534052556025125,-0.0077648944114664465,-0.054283518973579775,0.08796999179474178,0.005026105343181246,0.024899939595465166,0.08147865663835036,-0.017876140970312926,0.04384128938494466,0.006836915735690948,0.03115213033240417,-0.04563675402058934,0.11560472856638733,0.04898542177311761,0.019194370788144274,-0.014576350238656817,-0.02344987291788003,0.054369724493395784,-0.04788969157076214,-0.05958514123730857,-0.01002664853046134,-0.20075185028667927,0.03893011828038798,-0.007269771673861289,-0.03383510966627726,-0.07193318090511351,2
13,0.004290020408853386,0.021874723722977364,0.31658161728072437,0.07319723240714042,0.008166398677556128,0.0676052598923079,0.028531332878855967,0.060172064384260864,0.019163894143315624,-0.001098443057486534,0.04172244827117073,-0.02173970777998536,0.03131840801756542,-0.02784641441908214,-0.17312870930493915,0.08724185211840284,-0.03360629638757501,0.053022352246818116,-0.0278565918108328,0.11210772220870402,0.20301392245478822,0.0068277534833163225,0.2366919853878168,-0.1365677272850482,-0.016500944915944976,0.00579392315329653,0.0006793614675697254,0.012919651788347872,0.09221943741430141,-0.06977932343332277,-0.08586167647351677,0.04917992654082347,-0.043360628799619785,0.02479646554526272,-0.0535817725724737,-0.054721595954917844,0.01226664363018511,0.296159775017394,-0.04834299151939087,-0.09637998138874956,0.02522891706778369,0.05883242543519341,-0.02297387605262481,-0.015664970077887523,-0.03822223369599275,-0.02515614893964964,-0.003281443385707263,-0.07246676546680565,0.02394305003691867,0.0748251643141595,1
103,0.045972996187110766,0.011415859379626322,-0.11040368428016452,-0.2785373907774748,0.1035079189330088,0.021683523791805433,0.2896103051196884,0.09362516372195885,-0.4735588904219471,-0.001985443973342785,-0.11428123565331304,-0.013795217539524292,0.05930522927320113,-0.1506611008623787,-0.1739350891070929,-0.19982492774692323,0.23010836699122636,-0.2203485631050653,-0.2627227160883894,0.04730241740377306,0.24144133154040803,0.052608552292156906,-0.0674050322221026,0.04265698319319442,-0.046827524392097634,-0.045979085894502066,-0.03481001381371312,-0.08759434183338706,-0.021398296966441615,0.015248759719115754,0.03583728830022191,0.047358294590405185,0.01795488536255699,0.02334149887114685,0.043419692693244846,0.011024453448574249,-0.015869014708170478,0.005948702147335491,0.014015307092335439,0.05765292576997515,-0.008985237672821892,0.020694036247969037,0.004805082572871264,0.024372084029063254,-0.006248678847712135,-0.03604737338358795,-0.029932066949861814,-0.03193882877107016,0.004143155329553483,0.023589201763504174,2
189,0.1915726092574934,-0.04289631150642786,-0.1227988884046136,0.019229273639189366,0.00838370518079813,0.06135493973603671,0.25626694083249923,0.15808965503323275,0.3033443596436864,-0.06542033919436908,0.04653860165995319,0.21973343010391433,0.011378366777690744,-0.02014213984039008,0.15653677804348975,-0.04402510356176269,-0.016828966789012443,0.0800431385026615,-0.06737586590876404,0.061413444665102825,0.041775469608772514,0.020360521095303074,0.029652510914473188,-0.03204244285413021,-0.10130957578008291,0.028232052061291167,0.01978953202593016,-0.12052099205002097,0.046749491175650165,-0.05415254275192381,-0.028398816215471488,0.13653562190613608,-0.08505310892461178,0.03771316998312584,0.04491680413551949,-0.04073215317383092,0.1009507128175895,-0.04121675864029928,0.07847574474848192,0.10238327207516561,0.012879501733614462,-0.049770302428757296,-0.02566528093209944,-0.08202152342496957,-0.06498473188993516,0.12460352628148719,-0.03377847096171276,0.034540459010808905,-0.002598338481198759,0.02074979458815511,2
11,0.09321521560459226,-0.00182622034126173,0.3206190572747656,0.026825525700805708,0.10001631380557677,0.2049477132858946,0.17371300375775936,0.13748649176266012,-0.12027654593841533,-0.006643042292928949,-0.06952767076126684,0.11878223865249822,-0.028534260077139165,0.15167420814606447,-0.23362334284849462,-0.03154168350921209,0.09441463530138429,0.10914505877523711,0.2711914121920774,-0.04224696259655565,-0.30136833848357053,0.05788009542050438,-0.04744832709098454,0.04875297428178965,0.07092806660186539,-0.11567482275780708,0.0037981438749566114,-0.020526546435128138,0.0350127723549256,-0.04401296914652177,0.030357543432292057,0.02008147351610986,0.09259233196096488,0.01153934333546347,0.025347272875731283,0.008201159191237884,-0.0071345889615687455,0.039999469889069675,0.025424498138657166,0.036926793563671026,-0.02113052861457561,0.056948674683584354,-0.031488435116920586,-0.05752520168027025,0.0026066250580211794,-0.010781078386313708,-0.08265860792659181,0.06753361883454825,-0.02283280751583091,-0.06732892206035228,1
48,-0.0037390131886695724,0.021011369324480667,0.0984212801925765,-0.038346586707776076,-0.0546935294566461,-0.037745708134935524,-0.06828456944781175,-0.11906785726515856,-0.005514018615469599,-0.002644541550926087,-0.015597851910133102,0.08619067677746083,-0.08004240209365442,-0.09296389207678946,0.03476104991987988,-0.07100230991453484,-0.09377352040915175,-0.1417418548551988,0.035845214107550864,0.12744280778759165,-0.0846504488273249,0.034936933321343726,0.13429923735370866,0.10651815624388063,0.05513432583110181,0.007282794826703957,0.0835559688867085,-0.07909951750376307,-0.08973047571343006,0.46558043086608736,-0.14254424392730014,-0.0017882022945700875,0.15156349140977263,0.07559082414175747,0.024195711264752534,-0.015337538181212472,-0.007817239592258132,-0.06417085819463247,0.11944487298492522,-0.05043938967294222,0.04013818520025026,0.07011154062865077,0.007551756926790273,-0.04537491708077955,-0.05821622155441494,-0.03674394798814926,0.06439930908290485,0.06109192920556169,-0.020624615662355725,0.014420911426756972,1
67,-0.19454417782002248,0.39504800302911136,-0.13661712446634725,0.2606102317641527,-0.039121675063435626,0.07258652605006531,-0.004188632507480552,0.09532529637810941,0.01014189674815005,-0.08620139160546104,-0.06986346181705189,0.010664514422373221,-0.028092254685160616,0.02605912608064092,-0.01954090132371945,-0.0025080417218875293,0.0037208859242348837,0.03796625869494238,-0.016951641533961365,-0.0005747012690368344,0.030500245670959276,-0.02799114033573572,0.0695611495990784,0.08718345886391131,0.04208076521766978,0.00750449342354446,0.002533161269454045,0.0005495151411672314,-0.08177512529569467,-0.07061881248963636,0.0328282260655472,-0.1260979614849702,0.05109959300882057,0.03433211198032488,0.04501863437546271,-0.04729387507414925,-0.00759332141895418,-0.14568940695473234,-0.015252529050907434,-0.036250728161628706,0.08824247346545301,0.13766592709802897,-0.002592268667989221,-0.06373720616279699,-0.038774633025162,-0.05396463749785885,0.0559351901128001,-0.034211472645082085,-0.022119484525099462,0.004759660588540578,1
142,0.15129079891364905,-0.04563366450010043,0.023936359158079002,0.035664476858167656,-0.3061458027342552,-0.37090568089117354,-0.40379112655501886,0.5145982011909918,-0.19253483364013627,0.06075870332831492,0.03699165847707344,0.14553825490105873,-0.047768209245879385,0.042906475019521134,0.045247609360767625,0.09372473926430855,0.0619989321752249,-0.002304804222212117,-0.04043983601163325,0.057260425351011696,-0.020315162872423742,-0.02364201869280128,-0.011782269664193254,0.06324332681085909,-0.04239890588816569,-0.007774667999025873,-0.04188690624981704,-0.06537750856383484,0.026874151444130953,-0.014887077272218153,0.0053613431170204525,0.02884220269130935,0.01600016449611014,0.01201666533131626,-0.015972908483932628,0.013807461752989617,-0.011966788394790607,0.008303167387557465,0.0016646259367488138,-0.01713105234918778,-0.017249992612463478,0.011374809803321468,0.01062136594005572,0.014086158640231026,0.006694595078266313,0.024875516790960898,0.036749475257758776,0.018345502914148,-0.005060628048029606,0.013067217525511947,2
31,-0.02231091020595249,0.01540427461066519,0.08767401808799306,-0.028613238543532368,-0.008472688823894951,-0.014451909062254823,-0.031620771334031995,-0.08944038631907834,0.013408570058308302,0.01523649441781419,-0.006246814116322072,0.05349231973540089,-0.048861909417482946,-0.0494944724325319,0.06857398747679089,-0.05432852319751583,-0.06847363518504683,-0.14107721201435314,0.006698120900928681,0.055622309231633055,-0.06304800715673954,-0.02649198580638257,0.11168524273488227,0.127972206785517,0.031277261928466304,-0.027371974167131885,0.065476342836776,-0.06839189967954647,-0.09368958654369526,0.4356052386958961,-0.1716561561563003,0.014698079630397622,0.12686799696708917,0.04036018965905625,0.04409469235446752,-0.0785777399137663,0.05035100093517656,-0.09034891293331786,0.12174479688108615,0.0075041532823127465,-0.04471895247413112,0.10912516787604348,-0.1007636677978831,-0.019860021178338655,-0.025271857121903336,-0.02202937931970959,-0.04354806993073114,0.016184259887361562,0.002606959294439051,-0.038868423953067395,1
26,-0.11731935378442662,0.028678355756792423,0.3101277252643008,0.11118957720116376,0.01350815270364646,0.07791409142580778,0.024438291909110815,0.08390964283747253,-0.011995584695400139,0.017804334134799402,-0.018810752489359112,-0.10055364680376856,0.013223399023148721,-0.032222792281337495,0.03167223752665825,-0.02454735441203665,-0.05528557421479974,-0.02512319667211259,-0.05835475584686105,0.02138167455151723,0.12429146874090675,-0.054707115340788745,0.17223844655859682,0.07563544739799168,0.04034474875403724,0.08330709800723314,0.04591247008591005,-0.05610890004857487,-0.012973104926371482,0.08159760916469734,-0.050090888963406334,-0.051196260632772404,0.01909128590228531,-0.004125474155754336,0.07612111226885224,0.108305065447149,0.002964980649035082,-0.12829261202614317,-0.04888616849123275,0.06164608496183953,0.01086045282644361,-0.06354730046086116,0.010230241319070375,-0.012441003683558112,0.06103916897416568,0.049517831872535,0.07901042796256691,0.09710176997435352,0.05061277624495205,-0.006422593901080731,1
84,-0.44445939361855347,-0.38363012882095554,-0.1170148414744624,0.056340037682384075,-0.11734426232001209,0.042757682472054644,0.03703833602135281,0.0019499871658398104,0.023000013536243823,-0.025605554615369293,-0.022299566240044644,-0.005841583816983193,-0.007531781344297602,0.056413645109297736,-0.039002296602125945,-0.03333614102555726,0.021799376267870894,-0.019150896018360557,-0.008450085873318965,0.0005144869008707638,0.017801070226954194,0.002603390792369678,0.020061362266053758,0.03314048032615275,0.03986733222284565,0.023665451517558393,0.001334003575526551,-0.026863429564035937,0.10893572693567344,-0.014120854321481115,0.0018151957555211653,-0.08061376508828874,-0.08103620334004756,-0.056215419683185316,0.013594101916580018,0.19986493252341073,0.08574122368294088,-0.018492358486140916,0.14165102589063636,-0.03339751322797641,-0.08346499131467176,0.1255993787457271,-0.06286914295210565,0.05025176937933232,-0.0477983698826856,0.021036514049772616,-0.03784788744384854,0.0012266946956939295,0.04211483353575809,-0.052242973570428085,1
54,-0.43038773805462005,-0.3543754132659745,-0.04972916607600087,0.08866240321438638,-0.1852631218145054,0.05758575298118774,0.045025689074980876,0.0021304408509436267,0.003605121738165416,0.0036655174175874703,-0.0010909986701185702,-0.023732544010152533,-0.013041457685232783,0.017289332579277717,-0.009348459202859934,-0.01271339703277673,-0.01258511829445002,-0.026314107442239856,-0.03236160618301784,0.01801309496923412,0.01188037422016366,-0.01728753936926299,0.03777967981838915,0.02097400079319741,-0.012904441896710117,-0.008274074167084056,0.024111682028348968,-0.020853634633121874,0.0015831635596341184,-0.02968333199517642,-0.020096678843279214,0.03416982352865112,-0.0035658023446251837,-0.04237472542948762,0.02314547658415961,0.019033326481015717,0.004717171183453284,-0.02878556915096591,-0.020347582020031597,-0.04331237080203889,0.03209703219935807,-0.05905533442107812,-0.0022702319917937927,-0.05742805829623982,0.05176700754836848,-0.04409370953053643,-0.042885362891520666,0.0777153866914312,-0.04747599333643801,0.005444608114120447,1
149,0.058788457600593064,0.007766997429280401,-0.009016712875036432,-0.08572429419169586,-0.0535255498341946,-0.07773280352824001,0.0057682621100959754,-0.084476739742344,0.09842546996837745,-0.13172805846631422,0.05076420067082931,-0.06654434532688355,0.578266372784675,0.08421225658440701,-0.03183979656596327,0.40649064903965915,0.12311591035099768,-0.19580673127596815,-0.022132535333086612,-0.06291249997934203,-0.045145403958665994,0.09638436267622778,-0.04938444558224974,0.04749996574305843,0.03508697520050481,-0.03010546667577831,-0.06342736791265541,-0.019281572001604404,-0.01309096874262269,0.03814599985849038,0.0605084140097295,-0.0036268167044112357,0.037829384613209345,-0.06562519872213195,0.027586853785708437,0.029496139758068536,-0.04855072528331543,-0.0004083228163511584,-0.010760231483379666,-0.011445195844770802,0.04318140731352653,-0.020781490666078078,0.023050848937583596,-0.06377532410790988,-0.015619513866211897,-0.06106332265377084,-0.00039937053935978515,-0.002788156903981752,0.017601946119506044,0.037429166152002265,2
90,-0.08788465171425795,0.2088844320670853,-0.07185276667303589,0.09197211206203147,-0.014988497188924912,0.02410183320346637,0.012556037191790673,0.026657327139888356,-0.0008455966276466548,-0.08207477372124729,-0.05004320525986198,-0.03605596687782626,0.020111834896602752,-0.025454841046262836,0.01731881497795218,0.07055987321046225,-0.07424851606656022,0.01741439676632701,-0.04760954066526055,-0.05153222570230363,0.037094460362046076,-0.2656085892277377,-0.21994050263553053,0.02539751087602723,0.07061173626759691,-0.006339893686405349,0.004124070868337532,-0.04690844427457843,-0.010676787321631916,0.10515712492520352,-0.05236339259474317,-0.08992654935380233,0.14720584352385424,0.0027894953135338078,-0.09042245126483027,0.22979318989711292,0.28274937310446685,0.08236536661411126,-0.18722394501438275,0.07620985405598305,0.07823009629275451,-0.14585952879892589,-0.11803690828613314,0.12546059232986778,0.023517449147386293,0.04821871826986935,0.034246737662290416,0.05329591920224804,-0.05503615211738879,-0.1996536788206536,1
151,0.11403112523377065,0.007368365042907452,-0.1407964577528724,-0.37136962823997177,-0.09235128698221164,0.6965381372412759,-0.44380683624225015,0.05761685040697655,0.05629585017976483,0.06339993229632236,0.004063499726042641,-0.014081598355272914,-0.005948620156569487,-0.04502629708387737,-0.0010212330239085692,0.022379727074647113,0.00960224490516463,0.03957035896758411,-0.08142706227659807,0.02459679996959131,0.011089668033585246,0.014333272354157319,-0.009376661391184444,-0.05675965344623182,0.017069784547772335,0.011586207254006614,0.009490472958109016,-0.029336819121033288,-0.005146054362211399,0.012977947281105344,0.026982779924876715,0.0018485473178376504,0.015482713450699044,-0.014659243664700457,-0.017521586344670215,0.008772461676060954,-0.0054927516371662405,-0.004766787172211223,0.01813138886739961,-0.029426744777967716,0.013328652779143196,-0.012281573316302674,0.014205404220628534,-0.021838663618464756,0.018160186371911406,0.01850177502171976,-0.006265022483115391,-0.014907781586666266,-0.004038598090911109,-0.014771155744872417,2
179,0.1853635640870378,-0.038729664204440795,-0.1049409954129771,-0.0031443269335699594,-0.00808359651682079,0.04338206289992013,0.23485731516268177,0.2039081023639066,0.24772715791251587,-0.02065108671794562,0.013265475674528855,0.15015591262541744,0.01259552295788745,-0.00494877267016448,0.09198161968630751,-0.06576959773342751,-0.046633366908120207,0.03814871809392689,-0.03336641073675988,0.049874982093255034,0.03300709830634867,0.0640847660722855,0.024069483817984325,0.03891677692658118,0.05889202730350746,0.004295151241016815,-0.0025665386249812206,-0.0826557231831704,-0.007210834301724024,-0.04761237985416395,0.08420331031659004,0.05878910650801023,-0.01362617054686293,0.021061173772775988,0.016619419493263822,0.017472612539497126,0.039962339970107605,0.06285271116966205,0.056900564905781166,0.07186609069396217,0.028687590619107677,0.073974324857668,0.048366260989488236,-0.09692448103858783,0.007949228767011209,0.06120674395154059,-0.001518117833327755,0.05096626375444288,-0.07202776373824483,0.027874382281444933,2
199,0.0875996814053536,-0.012253820440204899,-0.022494089462818195,-0.09294991582943565,-0.05802812199470115,0.04502125909326455,-0.05313636243966875,0.07341038968120096,0.01637787338259095,-0.05162408204929708,0.0572398280118135,-0.07067716100584666,-0.037352433501526026,0.0333039821263296,-0.01477468532867338,-0.06151007904993468,-0.057713156860929184,-0.2017487104328217,0.006593669504161305,-0.11736989378534468,-0.10855258930797526,-0.14854031931935213,0.18051793911869485,-0.01503634833244557,0.04694150381670025,0.25958110131080303,-0.047968884173601366,0.05174159981971971,-0.09551972259822451,-0.0693836336612804,0.13886679182552109,0.11291948596221923,0.010109771068278539,0.06747762796228436,-0.11428948239771082,0.047073438074046306,-0.06465521222603658,0.01344754805952414,-0.0674513718681794,0.006631808954750137,-0.00930566227847287,0.15031221282164023,-0.0675685335137537,0.10234765696434737,-0.18645654409886195,-0.024544726938348898,-0.12375816857812331,0.11621878810208296,-0.09684161656401663,0.0635556918073181,2
129,0.42605201633879214,-0.26247927414506234,-0.2075347503470135,0.43819199568192285,0.11287732595011439,0.09549294197105267,-0.08887741371987491,-0.14893099134931137,-0.1377214975891067,0.07438119002415865,-0.035647291565384875,-0.08341886073502776,0.033513863244529686,-0.02638128509098774,-0.006006871356913615,-0.033014874985239986,-0.056867440758420165,-0.04319697418237682,0.021687421331940248,0.030789343295333192,0.013084474887404789,-0.014604486034715402,0.03441543270518316,0.005390881703530748,-0.043875772149102855,0.03176533808111053,-0.017320633103940018,-0.018461575846409777,-0.00042709132202948933,0.0058828057187531825,0.002910577083150935,-0.003762951949184617,-0.007899706141845961,-0.01204506582081494,0.0062090460054714264,0.010142440510947403,-0.04222663117927776,-0.003611855427543702,-0.04887321204966857,-0.040914329201296395,-0.013077331165842514,-0.018235082346441934,0.04278020073047724,-0.013414607267673595,0.010780856708381468,-0.00884086012717795,-0.023095858428432193,0.06257451372151702,0.0002919907751320832,-0.014542195935307433,2
5,0.02673180293778206,-0.0016477499949814015,0.35941342607800103,0.09068826162779695,0.037899383534669644,0.06949036456894536,-0.0016664620535990903,-0.03812833047449373,-0.05767792012810458,-0.03330501142926982,-0.04563243920984762,0.08282063144066208,-0.03594483229312458,0.014937164969501008,-0.09319265613740721,0.0076846103791263776,0.018421649564111103,0.012942334955434174,0.046296269934005777,-0.04825194443477887,-0.019207868271265856,0.05898424280869878,-0.027393404355244354,-0.08258025575300844,0.029864768604045674,-0.13687613487071487,-0.014511332343650658,0.01048793174527084,-0.049102487070799186,0.009184953536763331,0.08975280602447695,0.07355711963769881,-0.09124213057887619,0.07258293938545538,-0.04524741693748519,0.04166303842572854,0.0655986179709096,-0.028057363816150666,0.07358634184446985,0.01690183470405169,0.026548312511441012,0.08270929305342227,-0.09120020915145305,0.11155173700176325,0.1271614342117824,0.07058534862385177,0.10764891593895878,-0.13968414885677616,0.01950041892422711,-0.030502358991526184,1
104,0.1333807099638377,-0.03790365446400343,0.01711927715987013,-0.006256095281879855,-0.2773328659061046,-0.36467012468636073,-0.3541908098468331,0.3870506461815568,-0.16907949086694726,0.054234899927765326,0.00723660394397375,0.10951183920246953,-0.02695150652033891,0.025531756617957434,0.0508965172895357,0.04742943862120061,0.05051566407855877,0.02858523798742063,-0.01689013455313449,0.05022069320137568,-0.022903363816660024,-0.004148969409028051,-0.02677872655387368,0.021442718687771336,-0.058702191237416705,-0.0044471814663912005,-0.0049721672557008455,-0.09343587295429266,0.021523785507908396,0.007237593108547511,0.00664226438036885,0.009397638135354505,0.006411333166353461,-0.00020723088013923415,0.005770096226069951,0.022595508140194457,-0.0435893214311535,-0.015649751806867236,-0.0037027761059296605,-0.0003124939597231217,-0.015466481838513959,-0.0012185521148470268,0.0335248860947724,-0.022680496750803997,0.033277625587908394,0.004393048982807201,0.021590580185297352,0.027408666463987107,-0.007332140136773809,0.002841267303199795,2
23,-0.04273039940013736,-0.011607370382775414,0.09187336465339985,-0.044555833721753486,0.046359184174973846,-0.011640268230745154,-0.02514348706671955,-0.039380128522192366,-0.03781642795953707,0.011851756658238724,-0.022466530566378724,-0.040171378730805514,0.015664465072674168,-0.031220883940851228,0.30590578532168267,-0.18936619433866056,0.04656111805352015,-0.20541720731161062,-0.025362091436832972,-0.19611100526801517,-0.21897921674065726,-0.1708171914206477,0.21520233550945464,-0.22099509308460075,0.21217775438446845,-0.25760045800630377,-0.2044408747300032,-0.1849759399298155,0.11943422978676864,-0.15632389400094115,-0.03851807245936584,-0.006192073417073823,0.05331179263588438,-0.09604280094566349,0.023988183003446982,-0.06475112468461382,-0.0031091390892621384,-0.009382945568349309,-0.02698430204557945,0.024334723992611607,0.01440590635566681,-0.05844072562166653,0.016439532431300374,0.015608092475555573,-0.04501109188197465,0.01637807796438474,-0.0006127259797068056,-0.038996747464489515,-0.02615301777641851,0.00760374951647658,1
117,0.05334017250209842,0.03885328365134241,-0.05296656645199066,-0.12548647493284998,-0.02890297825336738,-0.14914419469136028,0.06441927381143002,-0.05318423148344898,0.11067760228461695,0.4248418221935002,-0.28876888425111363,-0.22908964476440694,0.014170244797264019,0.08488682635456886,-0.15624140934873565,0.02669813078748592,-0.22922122510907814,0.21643787223747477,-0.3414620896393505,-0.034524625631724225,-0.1867651580335344,0.1353168884206737,0.04217759641469114,0.08301694585234315,-0.11062231881388826,-0.11032121550781517,-0.09164788456385213,-0.0924405670531035,0.02608219145772068,-0.008052364072748688,0.10471639714276847,0.04399474819029903,0.029591442466914575,0.014553970277293635,0.07038336544979876,0.003848414837114657,0.0456724504995093,0.026966841802536334,0.007459987837571177,-0.059561414921482564,0.0986540664926064,0.02198177867199728,-0.06506348024216319,0.0582824068323007,0.00456697960900525,-0.020303568633644145,0.0434495020508715,0.06227859348717477,-0.015972549426793176,0.042990421022448676,2
35,-0.2020432737007125,0.36195510647339924,-0.16937388328212083,0.21116732441593292,-0.010895141898260172,0.03904530554525839,-0.03982077156539939,0.03543655239168366,-0.04489415293838081,-0.05810848548005276,-0.07542109174334509,-0.0037387987091432743,-0.01978910730419424,0.023584845451751667,0.015483525671197563,-0.009421364124059334,0.0699616160684934,0.024268743311848796,0.02812531975497251,0.01695506234870079,0.02822096996874413,0.16072210541079504,0.1776607426559891,0.0142274351334004,-0.03116940599517301,0.007044736037545614,-0.01462430014094285,0.057248798335240124,0.004022200606168196,-0.08382839235441081,0.06318526885159727,-0.09710704463834095,-0.034148382773596594,0.002879554169422117,-0.018013514778469443,-0.06097798299489291,-0.02471247951149382,-0.05940133334596179,0.011570086009894303,0.005693168335611767,0.0332672784043738,0.11158130472434225,0.007877826693439378,-0.012647229340856873,0.04743234019555453,0.005065675312915606,0.05305874359526413,-0.08216569589285906,0.03233637773408007,0.004254990416410536,1
19,-0.39499334043620965,-0.36342252993369056,-0.06424388506765194,0.059509460796928905,-0.17473756794383058,0.029062692446635875,0.0297595563437199,-0.017064936356110862,0.011396026078121287,-0.0023868571513333096,-0.020504022642752178,0.004961977616902725,-0.004693825076053895,0.02686673962241643,-0.01587496116807958,-0.015554743805827593,0.0348707734735104,0.016364969493370494,0.01894435970342671,0.0016424032199597184,-0.029299509365517774,0.05090283462263666,-0.002902150868266973,-0.0602841917287523,-0.004439211528288596,-0.04246073980652023,-0.052416923527212694,0.0015743493636892153,-0.08415637215090055,0.028739926088309286,0.0026603181468377586,0.05768516043151577,0.11766331005530932,0.0400738126807898,-0.02505486859714378,-0.226626008210844,-0.09124472666550314,0.07201340705233485,-0.13771214241560573,0.10030650666227182,0.06135234337703476,-0.08111216123563514,0.057225687886828525,-0.029497037810660955,0.0018960046429487502,0.0390949240513025,0.0016513140081691675,-0.04143290784127303,-0.006373026634638425,-0.005634083198675022,1
165,0.06832515220045204,0.004509837274757521,-0.024155002554379027,-0.14593713574740272,0.070294591897795,0.05810421932558401,0.170927290682426,0.06459907188434595,-0.1064839119067265,-0.015555880731610823,-0.009198740904011229,0.025792320816183927,-0.11403611562417171,0.22216214787432095,-0.09938601502593801,-0.036240677839880844,0.08378482962479399,-0.018098471787814048,0.2760568693162449,-0.04106463722843611,-0.28017266221540693,0.03337013359763671,-0.048953253925467004,0.07471759456858115,-0.06207133870468412,0.09690196702689673,-0.013774177959076706,0.004432788216345866,0.19406651230867464,-0.0776602313962909,0.0791835153352938,0.03016875687433878,0.19881090250259564,-0.1126229370074709,0.11365725559854788,0.08982640370427465,-0.057972308810911456,-0.0023855679436372078,0.03784361929994607,-0.003568042240444078,-0.09188095014813179,-0.13145918465473855,0.020385989038472153,-0.06390824391915303,-0.0012863652109827636,0.003823378062608953,-6.021966502768224e-05,0.0691769549659688,0.01954612691431779,0.14292223935086115,2
124,0.16733831528102486,-0.017371768776144558,-0.0048141529694227326,-0.005786492999897353,-0.0772125904267724,-0.047622050573066906,0.06952138723984037,0.08673631014854036,0.11656094645307734,-0.23922471539407697,0.2677919035006187,-0.3223187092728255,-0.3866356043615492,-0.07186608535349341,-0.06350422720485589,0.11219502111674585,-0.07567603483716907,-0.2131158295761537,-0.08737484593934029,-0.10742623667544135,-0.07646706803319951,0.28935505256241006,-0.17969127596848736,-0.03013446371663369,0.036136065362044834,-0.07328755065142567,0.11427486957382817,-0.03285306904143077,0.00942509435378249,-0.028410115832451358,-0.06703962886021941,-0.05050952434612853,-0.06616464540467304,-0.04660560034122445,0.0006260768214572112,0.016572304138716035,-0.07171642199938574,0.012961076972286538,-0.021929741513422685,-0.02207600617698048,0.07116920547712649,0.008604445209027001,0.030452789624228586,0.05060113103470465,-0.00749758715964056,-0.007099344516580051,0.010039234973486098,0.030062514483594944,0.018591665841287713,-0.005333593263884573,2
138,0.1674952011537979,-0.02460471709992268,-0.07616750544772073,-0.05468477368543518,-0.0027437142967378725,0.10958637447455033,0.14302862765934682,0.17084605675618894,0.2634145718611169,0.11867387314329474,-0.09204912976258162,0.05050048141997311,-0.15528505449331423,-0.05859365330387464,0.013222894860250068,0.09821776528607776,0.20983928381507796,-0.06585746852346762,0.14757777612598003,-0.03956688947984871,0.06211955031674787,0.010915360160543473,-0.08487307738400313,-0.005705094695771891,0.007687029966065886,0.005726710331084594,-0.043533841217459,0.0262990130763415,0.11827715902560892,0.027591468062735637,0.11805465678087994,-0.024664357864730292,0.08947559400195972,0.0008381347290493347,0.11511490184063515,-0.028788432223870772,0.005078423364787247,0.03287010611090986,0.06336622370036987,0.09685337992754144,-0.14682799855188203,-0.08440074851257068,-0.052018688172398395,-0.08693147359647234,0.07045668195493127,-0.15406654266357395,-0.005679852278672832,0.0742292164770938,0.016787734491275408,0.03611173355052373,2
36,-0.0743371427064695,0.16137219700561173,-0.07455522682601995,0.07129014736048306,-0.028849854727602462,0.021513848975654993,0.0017299400838574424,-0.00987496327442606,0.0007849604549134961,-0.11252096516504748,-0.07633848101752941,-0.027151697571984344,0.054563816226520824,0.02051896050021302,-0.025102445445202515,0.024535470318768002,-0.06019680494078974,0.03825889469346323,-0.014221404029684559,-0.010376481458639366,0.01141368039089516,-0.1837109905056308,-0.22441206343989087,-0.17120851123387906,-0.01230856158689227,0.031600708332772315,-0.04100851264668658,0.0008379258304503311,0.0815672728009791,0.007970176961654364,-0.1590150571866792,0.3140417867037558,-0.10673890991974459,0.07740646602997761,0.20830030160707735,-0.04424964233651367,-0.07115280305202007,-0.02172191455249677,0.06440532374148557,-0.1441637089007695,-0.03841542464629014,0.04650998010540936,-0.028641957406338955,0.005962793272312511,-0.1184764383740907,-0.11282126907328967,-0.03777493466758295,-0.05722480195214583,-0.01371914895689323,-0.10687253479497773,1
153,0.12680489202250347,-0.013883606505002529,-0.12233470380569812,-0.33655851221804567,-0.08286753795771379,0.5944004122598691,-0.38584392723267075,0.04204275081533842,0.053517361946031544,0.022773899705392484,0.015438329781671872,0.008280038914907176,-0.005148449455027216,-0.027874264273540426,0.02112510944982558,0.022872491500705888,0.03360533105818769,0.04986461175709627,-0.03791085433087393,0.024190055440221528,0.018789788626681632,0.05541779722545992,-0.005166309601366232,0.004926064804781572,-0.02696636466911106,-0.03988311971555029,0.00936530257589201,-0.011912630287339588,0.011539616078684678,-0.04087857594959676,-0.033628019457390385,0.0016331117890342054,0.035146907000456806,-0.007673119543576405,0.02572779286762091,0.02515018763170632,0.037003049480126525,0.024960837105652084,0.016487316345640674,0.016481061441806402,0.026142298857892255,-0.0019408942463730273,0.01022521611515969,-0.0014057648175474437,4.099799679765247e-05,0.0053418142166161,0.008551998349601474,-0.0008286084689003179,-0.012233422397519468,-0.03258170473535044,2
4,-0.08464653341145438,0.11059926899571815,0.013495279035233563,0.032193576641868574,-0.04625488001219937,-0.017137744374529088,-0.03677840575419675,-0.07234327613428759,-0.002138396185235653,0.010137793817605488,0.025805955315977055,0.03703749424552764,0.06341848586880454,-0.08294588517523073,0.02595502618616961,-0.055007863967043075,0.048325497369889815,0.00583346183248945,-0.006589832351237883,-0.08306193377756052,0.027833458953068876,-0.10087340963529591,-0.054733524405893935,0.035761955352160084,-0.09615213511678282,-0.1128214471421517,0.17005147028612436,-0.01445538157875284,-0.15181211512983575,-0.20133422183088648,0.0907345632502799,-0.07943620282356774,0.00938653246017065,0.0067156649097463265,-0.21605869129129707,0.061846511258190684,-0.010024011441138892,-0.09471744760461402,0.11161542293893612,-0.19230613033903463,0.09142465168177857,-0.08534339330069032,0.09472163735534175,-0.030506961059133378,-0.07333823122506214,-0.2147132521290156,-0.045465450426500645,-0.02786930313893202,-0.02511149175869609,0.2074898517199306,1
174,0.09781596064367419,-0.0023545041458156207,-0.02018731277556068,-0.034753635100005696,-0.07075151483644547,-0.00010603205762518451,-0.025210262644725506,-0.007189062228713081,0.09886558612497037,-0.09754148785981676,0.05208393307380835,-0.05720633272680871,0.29970906406678227,0.031963449354731825,-0.08560330880214465,0.22985815474144225,0.032279787370113895,-0.17691808916272106,-0.00972355376421966,-0.07699294517921622,-0.031682017909233626,-0.0012159695719384765,-0.013602322600207963,3.149328598609845e-05,-0.06524475939294941,-0.021691180736825855,-0.07016199666782238,0.0011809693044997243,-0.013532172881087493,0.07170970192409964,0.029623866330578903,0.004195143286477705,-0.06762493394387513,0.0049226724641768995,0.13033401422096874,-0.1355171234439453,0.15605877843675128,-0.11058361883528132,0.03440958876012072,0.03170793000889596,-0.013170075295943147,-0.01455894893740072,-0.029530325872746573,-0.12771123851690835,0.11450932612365551,-0.07401878562013578,-0.008002350422317743,-0.03475282908172834,-0.015080317091774435,0.04174332461682249,2
118,0.07210594563691758,-0.006133559609207246,0.09815639001309082,0.04797289424680931,-0.02829484735816019,0.040470769374936454,-0.009481095941353072,0.028467531768162278,0.036498197503756054,-0.04683893473348791,-0.005182108315670709,0.0506457826416254,-0.05763250593666666,-0.025935363384354322,-0.15916445838914262,0.0026886171782730876,-0.02846154306853446,-0.06705090868681807,0.05213898264639409,-0.04031641920822777,-0.08390078820642563,-0.05937455109342712,-0.07589647303145247,-0.10581536382627026,0.05467189645635132,-0.22972157915649744,-0.025360784233370404,0.1484465110335316,-0.10362908351806407,0.11638744795372384,0.04561197028082553,-0.025247699517527495,0.006762969332218031,0.07764517379130911,-0.12037566646887872,0.040354495004109404,-0.03435664632018553,-0.03631717992993767,-0.024127825293808774,0.03950898856688661,-0.083841002051072,-0.0006142887159624127,-0.23983968162336602,0.011459876649116782,0.022459465803719842,0.06287140517325353,0.015396707828713437,-0.11042624874854814,0.035308886501005735,0.0956976501795339,2
71,-0.05977958759987438,0.031806542847863384,-0.018407537300996542,0.0060161661139584805,0.0397698738459864,0.015010310381105276,0.02548027053340534,-0.00016307879107785306,0.022937893909490373,0.04336715944259354,0.028440238686265034,0.0056681431324341475,-0.030840693874681663,0.005884055093864255,-0.01811701984065694,0.028216464377705433,-0.055769344579197584,-0.05948314251090996,-0.06947524759256472,-0.11808078218765254,-0.007642344930579076,-0.18783077969644438,-0.029383722609333893,0.1029430920246163,0.041330495280054017,0.10766734961765266,-0.004775407501811106,-0.009558278296124354,0.04063760897445937,-0.008775277781870565,0.00697257989746579,-0.10348463978223585,-0.1116514788331505,-0.03522655306075363,-0.043172573026889045,-0.11039477954897543,-0.002671769119766008,0.13538591620044096,0.01650335502919752,0.04628800713724022,-0.08170896704269322,0.13695766093971556,0.06259144583176005,-0.02914480947962035,-0.017313846382640392,0.018403994638098938,0.02718145009729968,0.08285690222491054,-0.12615977553052554,0.13797437480215854,1
188,0.025232387257014998,0.0030806463570559424,0.019285763988103444,-0.1001562994490039,-0.02307560817423913,-0.09531787065418133,-0.0786686661245699,-0.03861019541057112,0.024830012298325356,0.014256480506469625,-0.060920672291231756,-0.0950070438810545,0.034289487021652264,-0.002276169396267661,0.006849681895359838,-0.08594777394516727,-0.07016108753208602,0.0763875141677663,0.05429149724048064,0.04606739345835438,-0.008629360904417037,0.043591550230089045,-0.059319106188049794,-0.1436419640673758,0.012968639922425342,0.06493224007232162,0.06555478128368591,-0.07814092326035757,-0.017443488534335742,-0.027401249653976095,-0.01083147596546778,-0.15576066092511723,-0.11558753181480491,0.030774903755181722,-0.03315840301333028,0.140976674342435,-0.24283588541182602,-0.07527426154940868,-0.149182676105759,0.2862841984104775,-0.04470163180944611,0.11125616182578803,-0.16937941075844484,-0.22637744716766225,0.07035338066554465,-0.12181496885901838,-0.006028207285154683,-0.035465406589627546,0.06976380880820295,0.10970366006549608,2
98,-0.4360024145047815,-0.38640785224093777,-0.07306304395082777,0.07956800991731734,-0.16210285878640604,0.06353901932795283,0.06589301461893807,-0.001470604569595674,-0.024430623927336925,-0.026279052664963796,-0.038917664601000226,0.004498343518478902,-0.0014954975221009438,0.005885204010753452,-0.001823244363135865,0.030318210712684715,0.013580910686042504,0.04360036860390084,0.017709499413195,-2.9200698117792858e-05,-0.00882160700874698,0.03681062337258553,-0.04068867551301452,-0.02626439284530869,0.01531641867632546,0.036022896727626375,-0.004519436921091464,0.015607170308811657,0.009118211458978093,0.022966639127387837,-0.004197151456333639,-0.006165645129004454,-0.03520968246699122,-0.059544905159030805,-0.03139387274359804,0.06790919820367483,0.06963229094522277,-0.022768439028284175,0.06653691802916377,-0.012045215384973653,-0.029156719877192552,0.07784286412921897,-0.028856022476287827,0.0688321859251915,-0.025939187547346653,0.039748761138380044,0.04041352651690582,0.0011017503030375563,0.03518782280314272,0.020531140480997613,1
120,0.13075798436592848,-0.018146130278807942,-0.0036639650306465607,-0.00786158646894717,-0.05619445538363021,-0.05679600543087093,0.03438329238140666,0.02283331294523509,0.07917420414012326,-0.21596029431596345,0.23312201260178647,-0.3016997755498785,-0.37183279935458885,-0.11471093102287509,-0.021153283932630967,0.15700155334711577,-0.07787158961035427,-0.1663472064768927,-0.10735601135509358,-0.08320181391520912,-0.0487541201688492,0.2999757481801764,-0.2186922709668144,-0.03392447377080056,0.10622812051205287,-0.1605067441571419,0.14562786058209112,-0.07571409375159496,-0.0017641301883145172,-0.025568415212917025,-0.1195759439082148,-0.10197604342182401,-0.08642206115783199,-0.038392971346086026,0.006314913129586003,-0.03968567948148747,-0.1142173692081742,-0.0007751164560714003,-0.029427327233300195,-0.03050542757731152,0.033962938431339185,0.02377040261442374,-0.041267119360244416,0.04957086248699796,0.008694180086165819,0.03880337973091702,-0.008445428307128173,0.07375111062994615,-0.02866066210101063,0.003440753432449741,2
140,0.027811844054518076,0.02288190772707082,-0.058949794936277264,-0.13084298887950738,0.07634694817669804,-0.013508388251230944,0.046569561600310165,-0.08696572495467439,-0.09382807110554961,0.04663694126964116,0.03807155668970846,0.04179846170815591,-0.13107200194844784,0.5374917481348925,0.16394513716788267,0.11734871189405131,-0.05200593052190311,-0.045061936004313755,-0.04041027395992105,0.1268571404228408,0.17513477892831425,-0.032243007912930624,0.003138929364273764,-0.06683704656792899,0.01052926991641587,-0.05352845060867904,-0.019416114796228776,0.010178511677147218,-0.04135604079446466,0.009009553957873912,-0.015486002953562032,0.012610374118603532,-0.04123592310056417,0.050097826653927376,-0.051854010081840644,-0.039963846960754154,0.0430437416653024,-0.00849309347148689,-0.05119795696992514,-0.02909693040394453,0.06806155253336045,-0.0014301216515323594,0.01567107960133313,0.012139923967790258,-0.03387788289890482,0.0009199698433495935,0.030937146913493384,-0.008149307768622719,-0.005939365852109061,0.0008997113067862504,2
139,0.12128609415849062,-0.0306921103496095,-0.030378826155530343,-0.03682892075285818,-0.04456027972300249,-0.08053529980760847,-0.008694085643953001,0.09095060953553892,-0.06966760460945268,-0.03220091126593199,-0.010592212015521334,-0.02109767127371746,0.046253705804372006,0.009089702560076365,-0.04106902721801394,-0.07439392666354341,-0.00797807741076962,-0.01691383623627058,-0.08115222503127978,-0.022711207910328563,0.09563664189347391,0.056820422422346153,-0.0281621580632744,0.017150850022882958,0.16552511816406762,-0.09674586899693845,-0.007991373454572718,0.11164731992950161,0.014111339191026438,-0.031409895624416,-0.055854824558260026,-0.0899374141270945,-0.07166068858182106,-0.02297886515713298,0.038811527410904614,-0.17117604027679567,0.16736678812464661,0.04907504547080193,0.11947655780671425,0.018029852773397272,-0.02469642255591992,-0.04156994192326759,0.019660932899516346,-0.007179395619510706,-0.117044337024608,0.06918214919187067,-0.17192787612052046,-0.19681995154393797,-0.023716758988245084,0.021269249927695247,2
136,0.12133674030841766,-0.01926532168899703,0.32257764720566856,0.10413382157073506,0.06593739269648523,0.14315163957221336,0.06346133923728109,0.14222758625718107,-0.10666877007725648,-0.013148656211428944,-0.058465937145926954,0.12732152924871265,-0.04927949106674466,0.1268836456345633,-0.2812146690950645,0.007247543524507261,0.08545410586004545,0.10691668147835856,0.2246002321087802,-0.04181433474227515,-0.25238726119905974,0.03158918063225388,-0.05807290510263262,0.062401852667226254,0.09315466962256996,-0.1423764169539388,0.02729588961137394,-0.007732135914731292,0.006248178645068823,-0.04564636503982993,0.009411322690912279,0.0014010322465516482,0.040443906872774306,0.05162158906096724,0.013247622842754752,-0.010887508239354823,0.05685577184001373,0.03870459307977774,0.022402691958111454,0.05043624691021446,-0.004616287495139316,0.04863513577714342,-0.12307666551075046,-0.04405400449952481,0.0346004906378631,-0.01613127794457728,-0.06272744764113608,0.021243645695396954,-0.0011370313344139208,-0.034946163514910665,2
131,0.39591484975508007,-0.24894872682653707,-0.18035766094969763,0.4423451942758271,0.10993606248793963,0.07212536245945275,-0.10533617794176955,-0.1438109982777612,-0.1409186427315958,0.09899480845276118,-0.03523935200641175,-0.11209227566909195,0.01278652074070141,-0.03663057574942527,-0.0167355032912827,0.003941473812323078,-0.08164180522481353,-0.09002203593575417,-0.007232416266348588,-0.0096374384770727,0.05667063913939564,-0.06296801808461018,0.023329189437909,-0.02261437665432387,-0.058434927304549016,-0.03312853061208519,-0.08123696707063728,0.08865840022892002,-0.0006261590052418256,0.03181477372884662,0.06981082821665904,0.032400645871857175,0.044393700346922804,0.004497336593498207,0.01475804031272067,0.029007385009802916,-0.09272674223383258,0.0012955788710429501,-0.06369349115001878,-0.007510572460011576,-0.11756848399444834,0.042014149022200284,0.06671606134473837,-0.021203885935836567,0.006895226185089494,0.032057488093298774,-0.04373110601641684,0.08033861973659975,0.007967041911837534,-0.023952744033539003,2
191,0.41326626648773274,-0.25352350785381167,-0.16212959482168676,0.43314672515277397,0.1035641214447869,0.05741740567549053,-0.03648258789969708,-0.15118785936394422,-0.05314905065920099,0.02397566438386076,-0.009091622534813906,-0.05245338711509693,-0.006065200485734239,-0.05058286453609634,-0.0025827548330548205,-0.014603550434232879,0.03838308683232924,0.030263282987920238,-0.006462740956806628,0.04168446451858371,0.017805835582292096,-0.013999102250042708,0.0019071074125397297,-0.021354567172049976,-0.00853618242875832,-0.02909509041369084,0.009452167801053644,0.002177769937946481,-0.014000565692306392,-0.003832731187643163,0.044331790077603274,0.019923926691908407,0.0331206650160854,0.028110277382878836,0.011429943990006521,0.015441342157671125,0.03249605065753792,-0.015048899089796295,0.007536367423795992,0.0012659991462804522,0.03114346331986025,-0.002101537856092417,-0.01121686584264317,-0.029203271246601447,0.008495771923864713,-0.03938897762195706,-0.00727982278257129,-0.006138826758479008,-0.010506347892512547,-0.0003791042294544044,2
62,-0.004654765516491166,0.06147549124245144,0.007986918604913879,-0.05302681995632843,-0.002257508236887396,-0.05237342824908588,0.03894560854807747,-0.09325784228041117,0.06294402290200707,0.18543483248564796,-0.03509847228824314,-0.011374894541004888,-0.007184778841649115,0.008621332473938134,-0.06772622275434223,0.019200605600448256,-0.12455372500431737,0.003975856046993821,-0.10551080126654902,0.06758944584421828,-0.05993136977260892,-0.04099960045043555,-0.052005911964953286,0.14026184289237414,-0.04936573790018482,-0.010930170776943185,-0.05088997580360269,-0.12615663032473245,-0.06887860456921903,-0.04278145546673127,-0.06749294239734409,0.013121405338447628,0.06633364213168222,0.007515752000014589,-0.08359119093464631,0.018898466221448383,-0.025724741075971856,0.05202198808946747,0.12860352604009812,0.0416247358616125,-0.1884899072887041,-0.19963475138989936,0.1472152797903024,-0.0015337993528283197,-0.0851099466952096,0.04045927658437958,-0.09142929129778289,-0.04261721406312379,0.011131796334451239,-0.040007106917964705,1
43,-0.038988293523850075,0.1326102955080704,-0.01299073522608932,0.04068682885553891,-0.020472838956900125,-0.0147056889166133,-0.011394570920949856,-0.01917166860696691,0.00047835468543306985,-0.0422962571707521,-0.005503666402526918,-0.04046631060206381,0.007565419011561945,-0.029730575271240102,-0.006572610066815465,-0.034828733173049645,-0.07684812725572886,-0.04510360585769763,0.007685334720012115,-0.032533329482189045,-0.01243802924960841,-0.1391758865077705,-0.011434020747258222,-0.06817645896964102,0.02258958512914535,0.002271806375116608,0.09149388391801293,-0.06424752603391715,0.022968025793363798,0.06772256872001114,0.011863544451412853,0.12533525422702188,0.005604990050514958,-0.010421541831651261,-0.0743070583580569,0.041570961672386476,-0.0077902014015134875,0.09337354288312755,0.009007780956297083,0.10016399243662999,0.036957984856103174,-0.003164223820801674,-0.051335345444612476,-0.05752575668369212,0.3304646778721159,0.16582816179607687,-0.07874289047335861,0.08975955931413054,0.16678319008208534,0.28226484087172315,1
66,0.02609075974408727,-0.004320137697354529,0.054830487787101874,-0.06643799469090576,0.002823901383530192,-0.021586351915861467,-0.03668360898392239,-0.17568132162312508,0.00263365239127848,-0.05748852173084207,-0.008925117406570992,0.21095713027825067,-0.09741800371046655,0.02177550010126778,0.055965634087671745,0.051785393196765186,0.009296060786531864,-0.014769121776740796,-0.12742120648052846,-0.15957022948918773,0.061366336215978604,-0.018885186449115823,0.03380526217909149,0.1266062557786396,-0.08122199590255293,0.015304600578360437,0.005974282113019393,-0.021319399163403554,0.02016467948633731,-0.06930721370519993,-0.10877845292094665,0.024719476945724076,-0.004550893862031336,0.01727824189870162,0.05272271696584974,-0.04584473993807754,0.05918997837714213,-0.08773363677238534,-0.035257851367956776,-0.027930296506022627,-0.10459276972543502,0.03536313760079873,-0.18869326566713607,-0.29965700293664255,-0.03372463997338262,0.17671595170959972,-0.013878542317880833,-0.07578379928415954,0.11446531070872966,0.10729273785115338,1
185,0.18754581985812158,-0.04207209036449378,-0.09791006185008957,0.01590819318904652,-0.007270056361804329,0.07365328241434545,0.25597343402445,0.18686135816686056,0.23969887274604912,-0.05462301390673393,0.026967631503123406,0.1897333594128473,0.04466456298507475,0.004755281482401952,0.11364749425512771,-0.06835975253003217,-0.002506061282134517,0.053376586706676374,0.011581329285922565,0.04678468055448807,-0.029467186540114577,0.0686397937071243,0.09017810014587285,0.04723429452764059,-0.01766455225128299,0.06730858777423256,0.08773388617806732,-0.1687119006749657,-0.11885533828096344,0.02014621453849329,-0.009462150937840651,-0.028393626912531375,-0.03770555029060592,-0.03210443534419349,0.06332244826153156,0.023725201250477862,-0.11244573136094484,0.013099825585923784,-0.03717331429853535,-0.13254435380836674,-0.053607062875437796,0.0744340172343809,0.08415991174626015,0.17169865790872063,0.1085706960837793,0.02811529249643132,0.025862435789101385,-0.06279385674774954,-0.0408824913001281,0.026845078056026022,2
130,0.3251178289178291,-0.21851794115033926,-0.1138736347991321,0.3492531174426047,0.05681203027648452,-0.009693056737657916,-0.15587799122940707,-0.06920491124023213,-0.19487359093957765,0.03842910136823534,-0.014310098710841402,-0.016692012199112125,0.040038152870570595,0.03656774341946248,0.0006675472846188689,-0.0013305373001101107,0.07310850173990414,0.038780386349745344,0.0455719247795758,-0.003524191519628665,-0.003808892656781854,0.0657161799953409,-0.047992833853300484,0.02234434489361496,0.09127430439035504,0.09526833114085015,0.09115176933396746,-0.05509005069871031,0.02490363922652733,-0.04862471150957893,-0.0680911498870982,-0.030971757822162802,-0.09550707231377631,-0.05541081417218577,0.03218018643179451,-0.08304516417498978,0.14743758713157218,0.016170998049284836,0.06910844185021509,0.016092964670478854,0.13612620265452008,-0.07396859079381284,-0.07074546584848312,0.06730116324902145,-0.0398839456233185,-0.05254082729519209,0.04773672860147158,-0.09618038600444369,0.0061286006442938116,0.009634937714829024,2
69,-0.15232908562592334,-0.08261514400858573,-0.07631380622196285,-0.0951568781990603,0.4062472126851892,-0.10699758406717984,-0.13722052576074384,0.06000330381465852,0.059443091433026805,-0.04518064442495032,-0.023873186312255417,0.008518567248921315,0.005042056048162132,-0.017014996689379135,-0.021976009122331764,0.009444433555519102,0.023178478289111737,-0.02173018144806302,0.030451295058132412,-0.027085654533190402,-0.02973521029954364,-0.0024253889605844975,0.0007448613832495031,-0.025871350960600295,-0.013374509756125615,0.022596572367505088,0.005345733703235904,0.04346151000864397,0.1205068610492799,-0.002928716070150803,0.08245423767371424,-0.19897406587531402,0.024757501725072215,0.4384668378458541,0.19312370816697857,0.006218213634264309,-0.0983499858342548,0.043037742337396795,-0.015843712039342477,-0.027763895784376044,0.08193016209655114,-0.10593154452210009,0.10745173915249252,0.013995711971210415,-0.032499495011903315,0.05143678739128508,-0.0028129918058778626,-0.009312349467519862,0.015558059966532414,0.017057928341817137,1
18,-0.07365986696113062,0.062330915579237346,-0.026224137300801503,0.009140528593688094,0.01593479521872411,-0.0004420837146160991,0.012559606709306512,-0.05320608723494526,0.0045081568021702,0.13339852398610882,0.12407902665467184,0.059839939813534096,-0.012940797174351608,-0.034917460583273864,0.010431159633333678,-0.024993379101901716,0.003921440303095897,-0.04553652726502345,-0.024856828557703367,-0.12239457647613422,-0.02504650978766345,-0.2086736583163778,-0.01477407378371637,0.1768521359790226,-0.041909862316484865,-0.11932800387770945,0.20021038070489874,0.02510556288486853,-0.2368648695094773,-0.15753434569753427,0.09806969810669948,0.04586136799627517,-0.017291720127871977,0.03980698429088507,-0.16614197775846473,-0.2073327101184637,-0.1376416176375966,0.010742546193822278,0.1383303133150898,-0.06672196421768858,-0.014811649941026213,-0.026741806631248224,0.00901246730942292,0.018491881187923633,-0.060646958896373934,-0.0666945803773137,-0.009172799648641173,0.04409865717324557,-0.029059806494983884,-0.008719260445409013,1
168,0.03799888754242725,0.010817713229445693,-0.11038021638832692,-0.26142155778299797,0.11595975495124453,0.04185594693649717,0.29607231350903723,0.09732520816374994,-0.4685112537044103,0.003796094800060162,-0.09789719079772541,-0.006170453189520049,0.044951469429081674,-0.13322204631716472,-0.17641066253368884,-0.17232691945707707,0.220624908689535,-0.212205374232927,-0.2636858279904186,0.05041891865948308,0.23359475393017776,0.05001484521419463,-0.09516383695616043,0.026808294888918543,-0.03970604359175293,-0.055896476836411454,-0.03078299713151361,-0.11346260940467381,-0.029447082976630377,0.02525529777723039,0.028150765947771585,0.05898905647140084,0.028831075595581002,0.0230649404424776,0.04279416808663766,0.02891887193210764,-0.015564552763880211,0.02187354140198853,0.025194738467663666,0.08571963959649061,-0.016227677115681755,0.03725913857054388,0.011535590275593425,0.012921727285215701,-0.02506493417610421,-0.03200831998471384,-0.007584691899564911,-0.047479414160980137,0.013983446238663743,0.038405772036130936,2
182,0.0836242285808487,0.025632346257606204,0.01747455160013073,-0.026121737982877306,-0.09677133334901951,-0.061443550407215004,-0.03857155726320464,0.05772064168940306,0.07820000347808596,-0.03172977920201313,0.04926815544758596,-0.09887415267295398,-0.023609360277519552,0.01202559470556629,-0.08541722736093574,0.021094170832309182,-0.0862320162664484,-0.2060302024344284,0.015679735583587064,-0.06873500686100373,-0.03162275947923006,-0.09601787645123679,0.1494116940983886,0.07497696022450705,0.0052471266130033984,0.21151911576454974,-0.04235469706395625,0.05610399948637387,-0.10748747461195195,-0.0053641469084994165,0.16753523639885337,0.11139223302580617,-0.009885856542017053,0.11662897050341896,-0.09460697085707398,0.03214260301357489,-0.04978208302960712,0.043576753243087116,0.08710268929913051,0.07937582130415641,-0.0666472968807471,-0.02053890839915128,-0.059551938726857524,0.01020463256495036,0.009916111906334105,0.014197582931199007,-0.185676089178631,0.0876776901013051,-0.08271562180808324,-0.09994727288365797,2
152,0.037428050889670314,0.029179475762180548,-0.022539694124331832,-0.10968020551668675,-0.027417925344651223,-0.039204212021907325,0.06758385600446334,0.014371579040009332,-0.047311158378061234,-0.05533123529709151,-0.020848630995675316,-0.016556630464470277,-0.011925846135007794,0.006203732762277596,-0.0391943243450004,-0.08663717440869147,-0.026978114883524376,0.02046717201704699,0.007948301813628298,-0.016552173069053447,-0.04450252727682789,-0.1059914087192827,-0.035613453801887546,-0.08964765421109198,-0.09884929414425923,0.03276246762199876,-0.043190070467820474,0.14373524752639688,0.039973004254727836,-0.026462579771922682,-0.019535280873289356,-0.13289638857732253,-0.03441786904725966,-0.18983317382345116,-0.06628080103748127,0.036861085869695664,0.03960930389968787,0.07848120773079326,-0.1569178761386249,-0.24593217649667973,0.03543691282001062,0.058646506753535284,0.23417711015550235,-0.19455271393032533,-0.017088354694452995,0.09346993230937606,0.2036983681085303,0.181608654764004,0.18866872048694588,-0.16997215787642173,2
106,0.07317195134752041,0.00042300981220057813,-0.03323931879831602,-0.11400704539871062,-0.08595578420056861,-0.13321397038978788,-0.04797960947556265,0.06940824862261927,-0.011181011625765713,-0.045104235306414074,-0.04393367837271291,0.06312674334662596,0.06539826670600789,-0.04408325699650554,0.012869539572162312,-0.10152593594218892,-0.007870400793104259,0.11493410982779935,-0.10695433623974429,-0.04237972134611743,-0.034662827219584545,-0.04946491740737498,0.005307951198782008,-0.15536992082556608,0.02026419101110155,-0.04061135527317426,-0.0026944564378127106,0.3231497614877369,0.058100605945354225,0.1267691817075973,-0.031997296159605844,-0.014422192033704394,0.09130767980087122,-0.03272900535377038,-0.04644644769556581,0.12084895039396454,-0.16376119474731887,-0.10197514641236624,-0.0829941583419789,-0.03217655626844823,0.11091379007937606,-0.14478840560828896,-0.10790481304526253,0.06550151523814733,-0.04500395718628797,0.021519613910444452,-0.12847712587554655,-0.1723133109159147,0.09669036190110278,-0.023888133371071898,2
