ID,SVD1,SVD2,SVD3,SVD4,SVD5,SVD6,SVD7,SVD8,SVD9,SVD10,SVD11,SVD12,SVD13,SVD14,SVD15,SVD16,SVD17,SVD18,SVD19,SVD20,SVD21,SVD22,SVD23,SVD24,SVD25,SVD26,SVD27,SVD28,SVD29,SVD30,SVD31,SVD32,SVD33,SVD34,SVD35,SVD36,SVD37,SVD38,SVD39,SVD40,SVD41,SVD42,SVD43,SVD44,SVD45,SVD46,SVD47,SVD48,SVD49,SVD50,SVD51,SVD52,SVD53,SVD54,SVD55,SVD56,SVD57,SVD58,SVD59,SVD60,SVD61,SVD62,SVD63,SVD64,SVD65,SVD66,SVD67,SVD68,SVD69,SVD70,SVD71,SVD72,SVD73,SVD74,SVD75,SVD76,SVD77,SVD78,SVD79,SVD80,SVD81,SVD82,SVD83,SVD84,SVD85,SVD86,SVD87,SVD88,SVD89,SVD90,SVD91,SVD92,SVD93,SVD94,SVD95,SVD96,SVD97,SVD98,SVD99,SVD100,SVD101,SVD102,SVD103,SVD104,SVD105,SVD106,SVD107,SVD108,SVD109,SVD110,SVD111,SVD112,SVD113,SVD114,SVD115,SVD116,SVD117,SVD118,SVD119,SVD120,SVD121,SVD122,SVD123,SVD124,SVD125,SVD126,SVD127,SVD128,SVD129,SVD130,SVD131,SVD132,SVD133,SVD134,SVD135,SVD136,SVD137,SVD138,SVD139,SVD140,SVD141,SVD142,SVD143,SVD144,SVD145,SVD146,SVD147,SVD148,SVD149,SVD150,SVD151,SVD152,SVD153,SVD154,SVD155,SVD156,SVD157,SVD158,SVD159,SVD160,Label
55,0.31720719819426835,-0.04163097263608755,-0.005105526032855837,0.2909094288290459,0.20705748282185266,0.09026758793162991,-0.04260017734500338,0.04604358621576415,0.05603824914833683,0.12484721310870096,0.0861510915311105,0.030202021149671028,-0.13099670163912025,0.05786559775205165,0.036099035311694457,-0.038214358267019015,0.05868299046398205,0.006673522180458295,0.052421784294825295,-0.11311171580559819,-0.006889840157614548,0.0895786082614424,0.07901333546253268,0.0370759964892799,-0.06789321971532068,-0.016691585040356748,-0.11043106155396569,-0.009003820126122351,0.011972272306278273,0.013659378855502306,0.01171624246044683,0.05869214214803996,-0.013958147159140727,0.013745197280366904,-0.04197972180579552,-0.016527771813544468,0.04231502557071557,-0.052933534879514216,-0.08250894048783958,-0.0949663931382062,-0.0034892057355980916,-0.20323463920570375,-0.029643520370199676,-0.13282167992294264,0.023946468913833705,-0.02219541591406086,0.03992958568266714,-0.09741646317585811,0.10995786994543742,-0.04387652630682139,0.2263108166139899,-0.0048825688961317195,-0.10303643753421601,0.08355928356993908,-0.02967205929169016,-0.0843467549338249,0.06810786241089663,0.0012866777395737488,0.057677734990769225,0.05498325418368058,-0.010149323912852193,0.003953689646124015,-0.013182349540251713,0.07708659583144598,-0.054214434864990786,-0.07192697243873793,0.03691045637458068,-0.051706199690334805,0.07314259730158114,-0.07186531191969135,-0.006061485150896702,-0.04828125879497071,0.03225651561948732,-0.22542997080829164,0.14573774447549329,-0.05446995946391671,0.008474093030991057,-0.002733925592688027,-0.030232445044988735,-0.060855146911139406,-0.06917883830782412,0.08232698101783306,0.00031161554533132817,0.1306063621765258,-0.08453329790516767,-0.03073804342006526,0.05038023771375805,-0.01700200740026145,-0.0020847953093107606,0.0025979945176836518,-0.024389307621641855,-0.04215618312749978,-0.006594743949381395,0.023547439396871244,-0.01825538176729481,0.08122381250399412,-0.07981515844181761,0.015931232631512054,0.008910989667219702,-0.10322913965008071,0.018331879967098303,-0.10935134212782578,-0.0066040083678530915,-0.05141653666654073,0.15041081868350348,0.1071797287352282,0.013752232037447111,0.09374224977538453,0.020408742558281626,0.16407995243552867,-0.09904506004674944,-0.17441092415593704,-0.005169770608428997,0.0704207761904081,-0.06882015218270914,-0.021310464521202693,-0.07215670176931631,-0.12287175600002208,0.12271605195483555,-0.05470530887889462,0.005111412054101184,-0.07384810556365898,-0.15528543618743956,-0.14570441208147417,0.09065515254176695,-0.013317221002675057,0.010152317472615028,0.04828723443180835,-0.01879742018722865,0.004049770096062499,0.11371794410779394,-0.09372515433797955,-0.07098324339012402,0.08333305998198026,-0.05058200545559022,-0.015581417629709254,-0.010187718756087143,-0.012532119472629959,-0.011959010149353142,0.027923431586505888,0.025834859416698743,0.006452342790708466,-0.008034704319911327,-0.010222647520227782,0.011576994644872295,0.006690396406862418,0.025347313273910398,-0.0031576251709994558,0.0024001855316961116,-0.016807310159979796,-0.00369224477152171,0.011163187717550958,0.009801698593469823,-0.0051869054819032034,0.013108639855671012,-0.007102888200239262,-0.006712921898847014,0.00010580924390138856,-0.0005537166226938336,-0.0001368934419495988,1
176,0.24790544704620965,0.06569035634611899,0.009847396828807257,-0.00015329704895948246,-0.18236760913697292,-0.03891077400835504,0.014825551043269432,0.011148506258298427,-0.004977625504795648,-0.011286449022268564,-0.043887308288297185,0.011828089996134956,-0.09083181118901607,0.060276164846028414,-0.022292340641377837,-0.18561059300201674,-0.03337735917780832,-0.2706015379706346,0.08510669643644579,0.34954477277953183,-0.17245005892269927,0.31929648494909085,0.1842814758430903,-0.07330868659938995,-0.18731106600009928,-0.08441630736065701,0.20625822057669904,-0.20826059504588304,0.09143706725607054,0.008420024522397769,-0.05260960772867093,0.04474698461863048,0.02161911163539247,0.10331161327166793,0.11586736861318282,-0.12338494987858738,-0.027011744991702676,-0.039890580455772574,-0.045666333264565186,-0.017561533246689753,0.045201060018794204,0.018461109997163685,0.050532993729137735,0.03271297496812994,-0.027200272189815185,-0.008005287946561043,-0.03694985607931703,0.009541228085787357,-0.048611434267580356,1.3360813741691239e-05,-0.016693756171619376,-0.003231865751460607,-0.006257597661164552,0.03512084898414756,-0.00454991082981588,-0.009878508115349321,0.027623367416406065,-0.01800779183798353,0.05201912930425832,0.028564624435540534,-0.05120700010811344,-0.013069244193035557,-0.03316909157175441,0.009588357889298918,0.024175835038331442,-0.009357901517140154,-0.042141882523580004,0.04652322234947469,0.06066555412072241,-0.027007627116457582,0.006305773312784633,0.018584019053802688,-0.018818278060945194,-0.002694927741608878,0.006445489151605134,-0.02251640328081806,-0.020332992719613235,-0.004280830675731988,-0.014186395068979809,-0.019505716908376977,0.0156965676096609,0.0023578625026855777,0.06329903180577062,-0.003040546367535188,0.024275423794153938,0.011186181069931118,-0.01803646163381108,0.034326797726854597,0.028469986308374478,-0.010859336634377256,0.0345772474994122,0.02071712326382639,0.01614432721738584,-0.0014373843990413398,-0.02771498343166548,-0.026750728474719737,-0.012531797537168807,0.0009203854228915431,0.019778734092716885,-0.02214854455090666,0.0005783140454069947,-0.01806231928866245,0.014376485897842869,0.052353001467519325,0.021383279682051493,0.0096758889214442,-0.03044748782233554,-0.008678377773994723,-0.0007106977946865281,0.03787733437397309,-0.0020880708337100975,0.0010582772455773018,-0.0006948104913214036,-0.032969829501166996,-0.01038812593194887,0.009793006492512163,-0.019086696644281365,0.016245022074151863,-0.0027238927313111344,0.010754051739546688,0.05126510747839292,-0.0016672776082430818,0.03186041543497843,-0.006356737041635109,0.004081688576072408,-0.05842996024552389,-0.0508820862159518,0.02758119243108663,0.024324218920469494,0.05851519632705569,0.07346044860369966,0.1778798991745109,0.08801935270038011,-0.027444465970573505,-0.21945561942000658,-0.3391478783634685,-0.08210465887165462,0.013285975984129195,-0.03547934857294084,-0.016241385796638086,-0.034963803408761325,-0.017856228814985747,0.020010160753195116,0.019627352044397955,-0.0034072638229613404,-0.038649092269063316,-0.003393917399984644,-0.0025525612642827104,-0.020109926790408284,-0.0022711161109682165,-0.0012203013613992755,-0.007661597561269475,-0.008562412610665282,-0.0047906991090152316,0.010890033475955277,-0.01891523648413264,-0.020503712486386043,0.004069223215730963,9.628387605523179e-05,0.00019651618561162707,2
79,0.28545431080186345,-0.11520962611207469,0.23893308734962487,-0.15295199222087966,0.06941895519611853,0.042421823740512794,-0.05240939599806734,0.057416275951037474,0.0052525207818010546,0.0756395297185923,-0.06968289595291782,-0.06370127811984438,-0.000753309995324187,0.006958763800023177,0.00044974857073972033,0.056119110349138704,-0.036232085093003505,-0.057071309276589155,-0.037258597234101624,0.009661792939296476,0.03308232155978625,0.03974728854469229,-0.1529022227700067,-0.1410062461092311,-0.20906803014987627,0.14487962734005275,0.07578072703347769,0.00044100768228834793,-0.059149173342386965,-0.06942475516053456,0.07221694095522595,0.010066298725322213,-0.17174017227373062,0.021473930322025415,-0.14013914313048292,0.04324716494564121,-0.10221867581542653,0.29194966234329023,-0.03363296147704004,0.25187948055099896,0.1272635391062123,-0.11964549538422842,0.043826983143004844,0.17638360846572368,-0.0438831475421222,0.022452965602754994,0.10804382748981683,0.02382417356066147,-0.002797578793758676,-0.01332435308387654,0.02015314613501309,-0.033349491860517215,-0.12789199703962933,-0.02517128506779216,-0.0004131764534523718,-0.03385205504904551,-0.05119599660989834,-0.0056532567959420915,-0.02067935502015352,-0.06777902666754035,-0.03365436187623704,-0.01462358457085175,-0.009790405004985804,0.0578220451606889,-0.035078825211601265,0.08375426107447784,-0.02754567947947318,0.009611218547042269,0.0418757300887939,-0.045225479861847176,-0.055723227796500435,0.05571620443452814,-0.06903897732675365,0.04904000561990392,-0.0322707787095511,0.006095212473527068,0.04844121218896889,-0.019927834666962744,0.036213223194429135,-0.012346805231551327,-0.005153820822208808,-0.04615614118925784,-0.06503744935785444,0.09837976119018539,-0.07595889688923768,0.05169214213512762,0.025093199591979802,-0.015681503302555858,0.059012343762817956,-0.008291423877908018,-0.06775171634927805,-0.044162527717349305,0.025942821165914794,0.010745840691375255,-0.01616304318929033,0.019663836742063127,0.1347241529943375,-0.06333405628658872,-0.0021957174600275475,-0.057246989678706624,-0.04605449078140722,-0.0331386508870127,0.06177667956880971,0.07647502585793566,0.056198293042985965,-0.044545479698366065,0.05296933859298399,-0.08410226149257473,0.07170038190861866,-0.01076349624511055,-0.10193638789117013,-0.13404849122059728,-0.05109781584594002,0.012329383054114674,-0.029550284826642965,0.0006975507146102008,0.25661420274466806,0.009567990605562427,0.04019461305515302,-0.03451348279524251,-0.07223320071175963,-0.12299249431386146,0.01115786430974163,0.07141657417878518,-0.0059330099217316,-0.005170614678493342,-0.05808719533998421,-0.04954740573284871,0.012160637300419306,0.04259364191113041,0.06447370077107463,0.016492803224118845,0.06298553057383646,0.05967541652281039,0.10087974547511233,0.006250427525080799,-0.20031247811432715,0.011409245417993843,-0.06375321526935002,-0.01135284133091978,0.06777673892963085,-0.00011198574820858948,-0.006313783388557692,-0.022473318972356594,0.02648794462244106,0.0237662438521024,-0.0037108758866449976,-0.0007836738852057188,-0.025011670083030957,0.011713575389721958,-0.002888452606494332,0.016177793668222515,-0.007573262410831634,-0.01711751981115464,-0.010798085095413872,-0.01106015414148396,0.0023582745614098614,-0.004106061454698679,0.0007426516273084023,-0.0004280355497820762,1
101,0.0906955218671111,-0.008049619984997577,-0.030404361731928845,0.0015009351756482836,-0.15114452680024637,0.0647169891050454,-0.018947812723181523,0.24882069801909276,0.38048070519477056,-0.2955861541985477,0.018605632192877572,-0.03481075291934289,0.015629359554199772,-0.0921999192008587,0.443499708968829,0.24965558688503564,0.2789536545711016,-0.21786000072929648,0.30144899141565645,0.08052561885780761,-0.01290334348588749,-0.06674631722797741,-0.11901924239875326,0.09775529782909753,0.017460413119398752,0.006807186214485606,-0.014525808433286226,0.006449056461815041,0.04767204498647841,0.006921274069478972,-0.003487650617855963,-0.04911695483504508,-0.020747401628409066,0.021092954004711017,0.023585374856968058,-0.011713543359748202,0.021004043342742452,-0.019791123567851718,0.020913493855155448,0.03740254150320858,-0.028884714869531633,0.005482402535890657,0.007060128995569769,-0.03570170182538632,-0.007499655992997726,0.018214652420193458,-0.02809837085820207,-0.06803310250008307,-0.002889979746548228,0.01597424094310399,-0.014215352286120237,-0.0021437290599832294,-0.03152912186449717,-0.01150473432700129,-0.018947140837991747,-0.013677553643770926,-0.036704886615315874,0.03704008144518869,0.019853600154160277,-0.006604865236992271,0.005343905492715917,-0.0023638534450336106,-0.007595809253593146,-0.019486307919557345,-0.01587946512323416,0.019568727781468565,-0.007071894757464611,0.0012577860519657723,-0.011452232560922643,0.005086850338406133,0.022435268070848776,0.018587139978944445,0.018695258950285138,-0.004242379672689874,0.004977436927024914,-0.010425273670937272,0.028650827871194648,0.0023681696372468515,-0.008902189954085492,-0.0012837505202368254,-0.026092667138285335,-0.0009931348103271226,0.005225718697773971,0.006434529818473156,-0.0010396174084792182,0.016682103930133054,0.013332409406031429,-0.007096583326986948,0.0025129873737587474,0.003087770840926601,-0.013008490590661535,0.0014762469429487274,-0.004629032717646738,0.014749453968968599,0.0019483281396856136,0.0068532193221962886,-0.006701616711557205,0.007779342608450328,-0.006742437149423798,-0.001197465734777809,0.008442564445713688,0.0011070767904831295,0.0020643957682611445,-0.004695149514827022,-0.012083601653178287,-0.0010485280492168124,0.008031897152619611,0.0006747924424439456,-0.006574860687471501,-0.011211232432819539,-0.016041257043294014,-0.008964112055311621,-0.005239491832957227,0.0027698683784086455,0.0008650487175451124,-0.0014990795523330833,0.00635446195068151,0.01219810939705169,-0.00545388117834762,-0.007884586937720294,-0.016887764776152527,-0.010912741429100408,-0.0028266070593784506,-0.0026089537355291977,-0.02074254568551927,0.011411659114155941,0.0002602702798224785,-0.020260072533860092,0.018115149872935325,-0.008672786134524298,-2.420382889722851e-05,0.0006727362144895337,0.02011303735957263,-0.0034681781489651646,-0.0045448580744798335,0.02929030016571129,-0.010719321181710794,-0.005959813144051403,-0.0020155777758713157,0.01161627177919496,-0.0007696005801085022,0.013602240347155814,0.013119220679450046,0.002040271764516077,0.003960065886479618,0.018745928837161138,-0.003046431532724404,-0.004320239889767645,0.006973618526658769,0.003155004949502869,0.023351295027567446,0.0285714845125984,0.06070667056891146,0.13803717021083667,-0.07950703068857333,-0.0321236019132211,-0.28954010623002,-0.00903647568488202,-0.0007123466795749361,0.00018956109013373471,2
159,0.24289130426709754,0.03685509383189185,0.002808179496173433,-0.010248427191657826,-0.13228675226897021,-8.402972116629617e-06,0.024795489000021865,0.06445112002834986,0.0630117212976137,-0.042344505056233606,0.04981074810310005,0.027076986389883182,0.020897673331723918,0.028464079215507036,0.03529628843042616,-0.008928536291981107,-0.03544624761391396,-0.0797024345456635,0.08315933531813836,0.12665472550327092,0.0012658573668574767,-0.08676461885845474,-0.07832049419868295,0.004349916581170279,0.08496445459340171,0.04397605000944258,-0.10451578886107492,-0.022805763381159957,0.025182899926067037,-0.0684268445727604,0.0010158443855171667,0.010924337146866431,-0.00907955876435749,-0.16080588430634654,-0.04732901065356596,0.12710100426050655,-0.045127035986778266,-0.03861669194384018,-0.1094003107009776,-0.015981839964857657,0.04654714308557121,0.042765880631438276,-0.08467239254000831,-0.013601169174181391,-0.21748039494632798,-0.1452425263678561,0.17668520772096266,0.17122063232397305,0.2208366418187884,0.008872788834509699,-0.020892823363720586,0.06347073790058189,0.15167469252691884,0.12374106691096712,0.09784918912541213,-0.03520604620643169,0.225906437549489,-0.07805346863561502,-0.1561041193443676,0.05459305994241216,0.009303971951990894,0.0990925075773866,-0.014151703616155593,0.1481420815044409,-0.007852734229357896,-0.22788363503579948,0.07047362727625016,-0.1341766049699551,0.0722652192252516,-0.1412767715241686,0.007416635739584265,-0.2888392198847185,-0.1300032858515026,0.08098307091125193,-0.15188667338010975,0.08266006632772947,-0.1252961127071231,-0.1133921038889598,0.09413036163048732,0.03165201464122197,0.10287350103173327,-0.08588029874586,-0.00873282231668544,0.09252985457952383,0.029602273557353675,-0.07563619367183046,0.08970853199244633,0.16230233858743645,0.0997301470476789,-0.08790591128158053,0.12132776668614834,0.10379422734573016,0.06894492387386758,-0.00327597323615806,-0.02161676596478173,0.02099632424827331,-0.02284554382976704,-0.01032140731545857,-0.03796811129321889,0.04273704965655916,-0.0228513609792046,-0.01773168258245541,0.01833342788772059,-0.015389000818699532,-0.009584435197488257,-0.0009376217358464693,0.03906584002919101,-0.01939396921009602,0.006175116531388577,0.03289123138046278,-0.019190865677741253,0.0466037820702685,0.03158969352808412,-0.019639532722214886,-0.030887292829733,-0.0050949536514675094,0.04740190922786855,0.025177427716205847,0.0496970427210183,-0.004408790840112628,0.02752100646815381,-0.002822251239236455,0.01883931772196155,-0.008864112658767798,0.022800029406232034,-0.0013190154509764007,0.013390161256249467,-0.021229715702545303,-0.024786167429263123,0.013659962622094977,0.019277234303818194,0.02470729529322001,0.014323170491166885,0.00034293206935942684,-0.014048788167614281,0.014888222467939973,0.005927066337554559,0.005592825040908831,-0.002689631528072085,0.0018756848350500053,0.007566448403184763,0.008776251749434727,-0.00877382446428293,-0.0035944444221654693,0.011060776626974765,-0.002847762717534524,0.00041760847413386637,-0.01354265367371272,-0.005607826435696499,-0.0012401914381209014,0.0015184500795906635,0.006143067271480909,0.00662755811981282,0.005052155915711691,0.0029638055494972575,-0.006672357499366783,0.0005546534798937199,-0.00019466819622305224,-0.001503133650483099,0.00014258347718677225,2
186,0.2076550707293625,0.20181550916431357,-0.06675121325942851,-0.10939353266909474,-0.04960491848054013,-0.0007764709282929542,0.015920284366522246,0.25131537384274516,-0.15708278226851424,0.2163778674409095,-0.06266624270275789,0.020625920757160143,0.15807838874166255,0.022564555382466343,0.1004831719530647,-0.13043961296611262,0.018187794352835986,0.0028792795148437998,0.11001389049280387,-0.10513211199654925,0.022555801836366393,0.05218775393270671,0.029093534609389224,0.06754186317827851,0.052661682121649005,-0.029131647419633318,-0.03936481129496727,-0.02277646793922848,-0.08971078380706814,0.028340785909108834,-0.03859016604029548,-0.06308306737215431,0.14828560196573873,0.04101441886515981,0.13016261282083866,-0.0368946446836551,0.03977297032704522,-0.08091405427583294,0.06148726020029717,0.13540432390605753,-0.0005820754931563321,0.019921332459562187,0.07634409891177196,-0.011074675120016949,0.0849041951341907,-0.013477975684082422,0.003217090674856224,0.0202830664425047,-0.025614868463603675,-0.08651782885785182,0.006304393718950925,-0.05289023318159802,-0.10877703643464852,0.15796459575640182,0.012262141690039257,0.07348180434612495,0.017180003835973366,-0.09916569918266428,0.04095845393470239,0.05124921093508288,0.021345755025647214,0.004919344895364508,0.025379887604519043,0.03429197950603118,0.02429300799592918,0.16308076158057958,0.1435380680712726,-0.1914682341408517,-0.12788915695389658,-0.057624086095785704,-0.01359552076224697,0.10898650435012847,-0.06222525200468116,0.056296219274203224,0.00341296082674604,-0.08336407184436655,-0.14048157579483625,0.2408451060794212,0.0630578513923719,-0.07594293139975461,0.14620669098234523,0.05498929503846783,-0.003168561998726045,0.07751274385326636,-0.057652276703802505,-0.04793699181677055,0.04759185296805157,-0.035698306966506714,0.1511284603599116,-0.014493803470364422,0.06358725979758413,0.1357961667465989,0.015887806872868074,0.019478315306306747,0.05515869581315509,0.03719094631070532,-0.01667000347647099,-0.0693934394038363,0.030391159020876964,0.03599706326064471,-0.031066597209029167,0.025220403778837035,0.04411097068452368,0.0005621714746206468,-0.02026952236108039,-0.020608926714351085,-0.010336115327685372,-0.007333725298280339,-0.015907595946068945,0.054800929064180944,0.00974944520917727,0.0054373910632745355,-0.013866607410130294,0.044244899406373245,0.11890501968400495,0.08101542661877494,0.06910751842322353,0.05102951962450382,-0.059634673409514886,-0.19753605086247977,-0.16870392199132472,-0.03797500366494157,0.12414277673778362,-0.17080420454930734,-0.016906203514552874,0.10527158434609711,-0.033547559145718574,0.009940840000781902,0.02084609155376791,0.029096858132188142,-0.025161483162380587,-0.027332382033882142,-0.06772727630421502,-0.035882696938021805,-0.0290478622980265,-0.015620889359829832,-0.006721077851166743,-0.014745536202584491,0.019989639206324482,0.015992900658337982,0.008487336234568882,0.044227012114904436,0.0017101929819095672,-0.00933705451320605,0.02346333318670521,-0.0023664027534289044,-0.00940886959013158,-0.0044570813199296755,0.002223971992907232,-0.004198575522836533,0.0016926703174621437,0.0018377557006328516,0.014525926436751806,-0.015451363634153925,-0.0045796740544539844,-0.0012259492705663283,0.0035123201991604258,0.002182445479517676,-0.0032729458745990535,-0.00012047902041395584,2
17,0.23888513289114627,-0.05429466970819842,-0.028901225873303044,0.08246348621615283,0.01777648378596946,-0.012625712574542302,0.030731106231839354,-0.03489292798170417,-0.005814088445511116,-0.004117295555322231,0.0018464642631001332,-0.0014110763849318057,-0.09316023355515744,0.013285467851399306,0.15761080756348875,-0.2792216255413492,0.10676891901904074,0.0012725859031349214,-0.2502027936686805,0.01202283887131264,-0.1175208021902412,-0.16329923483316708,-0.17195563024553573,0.2708081211090099,0.2182741582559934,0.1711514451784665,0.3033972869824952,-0.2444608240528255,-0.0960061092836742,-0.025720202817294462,-0.139403420477095,0.09369921444306822,0.0034601419661588247,0.015012284499573186,-0.09525634787269746,0.042785913950982815,0.005629188146568164,0.03771320237310405,0.0727063436653053,-0.05597136113412664,-0.014451828376635856,-0.11002216335255283,-0.04342486217574251,-0.0023973239649725097,0.01970980381880885,-0.009022405757971062,0.053604907009551235,-0.015971982374945747,-0.01940076486319047,0.003055760774521349,0.0043910576715439275,-0.01291145572808662,-0.004105662301611297,0.0010904997289744613,-0.01897565607744127,0.03361401071709625,0.04088167630271433,0.014723628645783186,-0.02015078379334412,-0.04199496371545969,-0.020825621221583535,0.009320880692517665,0.01890409821324522,0.030833335986846754,-0.021071551570542458,-0.00995568522228604,-0.013310624809361052,-0.020390751963353312,-0.050512207714446075,-0.05678873383501277,0.009489982250521597,0.02170998733880784,-0.007193123382165303,0.006101804062152993,-0.0006876224421758515,-0.010191550544980254,0.027017956292523848,-0.020175016673326513,0.024473712277586705,0.04458328753856064,0.029828839175103025,0.035910184681801204,-0.0012666778687106042,0.04188633417843249,-0.020137820079420558,0.008376477637991117,0.013479448635284094,0.021965441214664698,0.027643624963101424,0.006849105282870283,-0.050013835933774696,0.0025289725094045984,-0.010685361802135017,0.06353625807514145,-0.012894091746687047,-0.023146288775511902,0.014574472338345343,-0.018349130080420988,-0.04772052613076092,0.035827151406239176,-0.0008222008068978741,0.02499690007956212,0.0060616681237706535,0.03559813222086245,-0.027229321869153354,-0.09191293384510338,0.004453510216775527,0.05674843650699245,-0.01672389664679841,0.04388350471747252,-0.01150577931916758,0.06206007083280562,-0.009125873820780627,-0.020567282500553,0.05138132001798264,-0.02435719512743423,-0.004428469291078929,-0.0068400135246481485,-0.06441533246805081,0.03965374401105906,-0.033539030579174664,-0.024565796570278194,-0.09404005522521071,0.04944728329644139,-0.0023723878987351107,0.04709389540508676,-0.020162528408653877,0.2761425677220459,0.2595842665152242,-0.1696065200198956,0.15009073293455094,0.03232323218352225,-0.003344261556419806,-0.0442436035996488,0.07229729753999671,-0.030966443566929756,0.013366793132497825,0.013582689822181417,0.0486864148273294,-0.031080528829294986,0.026364073203256958,-0.004688740860951289,-0.008096991504600746,-0.03773628175585085,0.012784665938237497,-0.023476022816389303,0.015064322994121904,0.025760845951268426,-0.0021257900900772176,-0.021015481108769364,0.011602869557790515,-0.0031327485901004263,0.0033404999665217817,0.00578682392799249,-0.005745687410840349,0.0071611677617582775,-0.0017853615505046007,-0.002151891382403847,0.0004319532533602825,0.00021316667036809023,1
44,0.24053879435438877,-0.22007742220683055,0.4288478306737145,-0.3171809764277207,0.10281032341881051,0.041698711742040026,-0.025581497614979503,-0.035440236320796535,0.0735820420944856,-0.025118480923835233,-0.04988888419372952,-0.10866944915698958,0.0019502138495743958,-0.03375423825562925,-0.030145259774919768,-0.03117583296814154,0.044846516025306704,0.10794090532951817,0.07278811006749675,-0.007267409830873873,-0.030101800207643185,-0.041383763599008055,0.17294162622696996,0.0699413919731541,0.08122985046783361,-0.06495225432987302,-0.004192331702376266,-0.018724094063755824,0.06054746716830965,-0.07670400456641323,-0.023960462391316495,-0.02351804709484032,-0.037835388858072395,0.016303382883240305,0.00442928666450451,-0.007075715729843373,-0.04288801422696051,0.022148613832081592,0.029650456725197734,0.020997541600394687,0.006176135101552184,0.018227291432277026,0.009291771328607349,-0.006281280461251473,0.025414656362562297,-0.003043122333461671,0.02856366053970274,-0.03167233736392913,-0.01648846379730131,0.024319384813657866,0.04152620109838352,-0.026734859289973534,-0.12490863720861393,0.02591892373248731,0.00047205536403390445,0.0288416171380989,0.06428496606324556,0.05219082428519752,-0.07021448799187734,0.0870712031199534,0.010911208523578407,-0.02343206713951173,0.0418654831253459,0.03643467484453491,0.09557151031762577,0.02265707505340002,-0.04823610466367952,0.0016971207117726372,0.04797367096623304,0.014549929264425839,-0.022073355839492877,-0.04652369971615254,0.04802047078628854,0.03973671136421524,0.0382077959451025,0.016033472808403223,-0.015600167187271446,0.023140925251573664,-0.0021559386214785757,0.018194056423881215,-0.007457067877814801,0.0028846932219875427,-0.009698233125674966,-0.004124304396112216,-0.058780389389323104,0.015040242513087762,-0.018338114873568456,0.013055593532084589,0.012922828522096492,0.01564234709963021,0.010334398845234257,-0.02311167947258526,0.010910516349019923,-0.002875994609868614,0.003550471923252252,0.04543361103150753,0.030090256808561488,0.044612204681181385,0.04694977068979763,-0.02344674827605439,0.016453024684726827,0.04092496904179163,0.016149943613131677,-0.029186893820038484,-0.015668658721000973,-0.05145714414286176,-0.0444189429086613,-0.021104374933350184,-0.01868238800851778,0.017667080228202126,0.017508452322545193,0.05752741711234268,0.04128969520980268,-0.04717217851458133,0.14923197383362505,-0.05928940194965627,-0.016518670890932,-0.02987628999999533,0.41614561444898684,0.05383850159233846,-0.20666948371168528,-0.07227405575579107,0.05123207052776628,0.06489324990089952,-0.04778419507299051,-0.07828516990897817,-0.017963197604379675,-0.14286002845993456,0.14298712957077345,-0.06732713224319756,-0.03037880191051354,0.08988551859335961,-0.025345924203102884,0.079345841681225,-0.04676077303950051,-0.037708391016926766,0.1976076946646695,-0.0732756877125105,0.03252689901575115,-0.049716213492055725,0.020781331804056204,-0.03261615770087426,-0.002428546765315973,-0.03976122855016695,-0.04500311827709936,0.047508707433809326,-0.0008167384255531849,0.021834040021733263,0.005111560871294427,-0.013768055437699222,-0.004426843129621641,-0.009293981375958138,0.005330903989420734,0.006324342992659986,-0.001998743143831191,0.0021188500137089734,0.005273076399839382,-0.0029368821037407504,-0.0008249425169536172,0.0003447244106098291,1
74,0.3363703575111251,-0.4598344653181622,-0.41585192413545197,-0.14418689996910505,-0.029041326982002326,-0.038638961171166504,-0.11142812680901554,0.013970388770170483,-0.0054278423706515064,0.027261390825884985,-0.035314247310728804,-0.04292562017563757,0.014175228514032525,-0.011818096828935483,-0.07068495256212848,0.046152117795976666,-0.04595240598760811,0.017151862758928254,-0.00598478951102251,-0.003027365473916828,0.025528371684969423,0.013150743503378675,0.027776258938510417,-0.05205538146772381,-0.008782889978680168,0.018810194141990214,-0.009501950377304245,-0.021734238995357168,-0.017154535312304743,0.03411542745186478,-0.010704147572013371,0.0010104540328611667,-0.0647943297101286,-0.05304191794755536,0.013720064698699644,-0.03072350373578232,0.10147945808138698,0.006564550287197851,-0.09058430548905473,0.06459680985458062,-0.02307188367367999,0.066378287793866,0.03245461339526021,-0.020227880793667836,-0.04853089824694628,-0.05435182168797832,0.053332176643098764,0.00039255119072155464,0.015966916641300125,0.04693333225758037,-0.015737127149372553,-0.015058470463784874,-0.04767365663265024,0.003508112614294988,-0.07517153642354822,0.049717427737043664,-0.0009575806728768605,0.03325712346946778,-0.0195275114719481,-0.008269276634850801,0.07189550927083148,-0.07466301706958059,-0.031214717144840254,0.0009851184393565343,0.0012133618862807296,0.001788066656515432,0.004787766260041082,0.022146617312442007,0.008495004927798342,-0.0028726286917835566,-0.021895819172893547,-0.03681348642034528,-0.02619907685690415,0.02427886935568443,-0.03963136251683848,0.0001920560253348665,0.02454466179074701,0.020215538269009157,0.07405227128400958,-0.07604283028660583,-0.0071656171202097545,0.024680225413181336,0.0797165564021423,-0.005477091899284351,0.018756962533907608,-0.09139680598465771,0.012615983980523446,0.012292886857939965,-0.0717818769326391,-0.032769750247043934,-0.06885144130674363,0.04934494943318142,-0.07465815779760406,0.04963250715950232,0.08191938380693313,-0.043141090506250555,-0.059614619922119416,0.08400798165809883,0.015884176657779102,0.05948548056556308,-0.04472433205432151,-0.11791395121802456,-0.0478470745639532,-0.0020907941509125238,0.01786556950416344,0.0031274743909328485,-0.00404785140188778,0.010693031698692517,0.01972026808848301,0.023897184220686995,0.030208179208901675,-0.004329348031176802,0.029486789092448274,0.032105190726359915,-0.014829300944780415,0.025095198485629664,0.04073316787875839,-0.05560926357993339,-0.037740115533305134,0.009392293821956908,-0.04216763787833437,0.013640539840342965,-0.005559078281612123,-0.041948777799397347,-0.07034595157509538,-0.0831231735873295,0.0037424582659123387,-0.0072185326244965185,-0.02643154456745695,-0.11684496880116492,-0.009906787282268174,-0.01567539201946759,0.0110425259151677,-0.011915274989802448,-0.0009556068512156309,-0.004148764435115424,-0.04643786858814318,-0.015474626537962395,0.05385772279424257,-0.012883077521219434,0.046524161931604094,-0.04227599710762463,0.4009260571318797,-0.04170385588506654,-0.026908068229519112,-0.000152122172197963,0.010409832986205961,0.24455589088884278,0.007744999544580198,-0.037108337184266954,0.007800246642097705,-0.003089607086824093,0.03403333938293042,-0.0024858363554072513,-0.02257799058427569,0.004122336727608493,0.003013153842313129,0.007509023701805544,0.0009287615385479639,-0.0004140527307167573,1
58,0.181299377701268,-0.21045882722876713,-0.11683096292846938,-0.03519606884454379,0.035205192615562694,0.26614535027507186,0.7112051233362611,-0.045856573624538224,-0.04237902388475029,0.011729753755258802,-0.06492472040856805,-0.022823772081810075,0.035665772487093815,-0.038425823570725375,-0.037782161541321226,0.08340557643817816,-0.008845698602559387,-0.04330711146931564,0.014268928007820113,0.020379742784865006,0.023889190196465338,0.021062396159855105,0.003311653959036406,0.016299867672867355,-0.006014502968541551,0.01682330242729828,0.012126763525634278,0.0031530265207345685,-0.006748734190752722,-0.0720526076868066,-0.005408791293563489,0.025349931629441137,0.12966178539312193,0.023381017044554413,-0.15326330984038947,-0.07890454125809179,-0.026709920289816922,-0.04136056779316748,0.00796070810417457,0.02365455740570778,-0.006629624353973922,0.003774153537056816,0.014587980253397954,-0.0011653210349957866,-0.004890094982236821,-0.01448789774783833,0.0033868924996846403,-0.01647103269993615,-0.009711994647971404,0.014022337332823629,0.0013304863359381407,0.0023789651004291557,-0.004828786357447788,-0.010466577295605895,0.009637987742474761,-0.01179793883645791,0.014409443345755385,-0.01096013315706973,0.0006842779633745792,-0.015228688171179295,0.01688405848928299,-0.011304153409248023,0.0032425509162569304,-0.023077982065543054,-0.0038462237799580146,0.006679187192073477,0.004444150386798398,-0.025592983841115104,-0.0014699311288232978,-0.0030972180161273812,-0.025482026015946867,0.010532837939138881,-0.00022662960560279914,-0.01728441757225014,-0.023435476550035597,0.007349308871699715,0.011113426555825862,-0.0019192830416461708,0.024892968852479547,-0.025657226676872306,0.005714330719453155,0.00534465977591604,0.021188555425473578,0.006805094013185322,0.015300050099999225,-0.010107882052628994,0.0031151968761224547,0.012019909967613584,-0.000710106596994021,0.01685580949102381,-0.0176777284157078,-0.0022023818478607883,-0.02259995304652104,-0.002369344206056278,0.010385613570041929,-0.008048909728081245,0.005766864714340168,0.008706450404589092,-0.0060530209361718615,0.005362542663058257,-0.009764672185749343,-0.040065511469254134,-0.008885568264119752,-0.023244999669479578,0.005437213322114597,-0.004784322694858853,0.03664667114561496,-0.012375817587763505,0.006757140972106879,0.012035783885386835,-0.004108797316532154,-0.014120622686550694,0.034805591217976356,-0.021729248566729302,-0.008258745756796172,-0.0373648673245862,0.011435909871623337,-0.007806571441375733,-0.033405978893169395,-0.024808622887736713,0.014294142389804603,0.01624833202401163,0.045608555021201,-0.03485042181697851,-0.06262636824440104,-0.11706871954707422,0.0007804089073551151,0.0176673650621403,0.023909624650534166,-0.03922498700823155,-0.003691771966365182,-0.028930237103120326,-0.0055582417433515646,-0.008367594065546866,-0.008093792862972158,0.02201456574366092,-0.021984505618669693,-0.06978310172058864,-0.02310836261989266,-0.012496264890828968,-0.09926504293574606,-0.08571532292795556,0.0012424745156238467,-0.11359351118292868,0.027656058190251236,0.004588540813864212,-0.009932117582311432,-0.11735400431938055,-0.006656134578759923,-0.06542500637307475,-0.38311118982767056,-0.024454548429187505,0.014332316264589872,0.014720577987533314,-0.051937452307182,0.013035740911003204,-0.0057179497933905025,0.0026293838510852915,0.0013191714032417482,2.6076828899322755e-06,1
76,0.33037315629838293,-0.020294835456065145,0.16373617323630746,-0.077859082866987,-0.014968398728925594,-0.04997218113604184,-0.005005952053363063,-0.015664650762471317,-0.008673709057047733,-0.11062955440589396,-0.09901577629032232,-0.05051962166638876,0.027123112127097147,-0.023117134260611495,-0.03992602865972263,-0.05493537422341153,0.009783673748359721,0.06455162846957013,0.07817896719352889,0.04620609645669922,0.039862594462604525,-0.11214329813380354,0.1586785795281404,0.025239744985467338,0.11432909523700228,-0.07254038140273228,-0.04804976401726161,0.05945133153263978,-0.010000373555838743,-0.04804033396301688,0.07314077633058653,0.08342656266170621,0.013929047755682303,-0.017347140438630684,-0.03339928516059135,-0.11101463662969335,-0.029204299833715867,0.1264833179785899,-0.09255248497444876,-0.030366235773114373,-0.06475392751151639,-0.1101662133884188,-0.06146782331473611,-0.04848645315460787,-0.04354418209530145,-0.045358605404895606,0.018420303789275755,0.0686444248149287,0.04414332333591896,-0.16371600404446,-0.05458405073298824,-0.0015459229929576325,0.052369846113623456,0.09913818132103648,-0.0872844345011433,0.08397879565550889,-0.2731327164323487,0.04478333026959576,0.044150452370975896,-0.14427924105913975,-0.14850774606756859,0.06545664570466435,-0.19675157861095777,0.0420093087032689,-0.1686777989415668,0.04124398493451159,0.2155683876856372,0.02221237767516294,0.18173045044989747,-0.12251228697927366,-0.08889864384792616,0.12128273471173717,-0.04400311447620986,0.1070073071068895,0.21527781948736885,-0.1364150812351622,-0.059342307000140135,-0.08817078451570223,0.1251493240732442,0.13654374924924545,-0.10946248608562621,-0.07272021077000976,0.0506957650126149,-0.01904943792021308,-0.028062787067644146,-0.04395743105962013,-0.030646380324490193,0.03593039924738812,0.043413551814936724,-0.07012262172438212,-0.06415045297662397,0.06234763503135121,-0.08701774433141145,-0.014686435968719793,-0.004495965984374066,0.06884423223965379,0.053346640497577896,-0.004043731822626858,0.07939290578238044,0.015902259079187596,0.05479641283418442,-0.027191890402197747,-0.0002660528567740315,-0.02212425434169526,-0.05266831963581081,0.02378664952217167,0.013771229383369079,-0.08167105598279409,-0.01822276991906428,-0.0024121782397228007,0.004395085518299587,-0.008246591271506492,0.03926996616731644,-0.04787041307169449,-0.03380750861263247,0.047873210139155055,-0.03970695575075438,-0.00641835406747484,0.030242703966691948,0.06270648898615558,-0.015640243442483735,-0.0025621687424078133,-0.0037185789006297593,-0.04029983959520893,0.08383643136745318,-0.04941344157561712,0.002399215486765699,0.060203711443384475,0.04121126237533485,-0.03406262634309631,-0.13445532558561654,-0.00012947287398516858,0.025129977596250165,-0.15408631216598426,-0.022457291960999055,0.01869128887682325,-0.012658002202984868,0.05851769581311392,-0.007329655354987371,0.05900918879570567,-0.05074637976185978,-0.006880785297067031,-0.002935798751815305,0.02186081714567017,0.030750522864904272,0.010135794115993964,0.02181224939724462,-0.006534936263554407,-0.0033453864890756,-0.006775323218945507,0.006560479390000895,-0.0012944330060912532,0.013794372121250223,0.006537500497093519,-0.006675650410251713,-0.00870801777945274,0.005387943099577462,0.009281990303241556,-1.5047977817506564e-05,-0.00036846750646372635,1
28,0.33272759444541816,-0.05133221353112394,0.05497797313029952,0.21734236207471827,0.16504883840121173,0.09163957773487214,-0.03331770956227255,0.03007848568770087,0.03676029968935971,0.08601808867197436,0.048904321040071835,-0.023911231093179556,-0.05676172670717414,0.040191877629343946,0.05599919288426713,-0.1374716206195167,0.04845106393818187,0.030213799753970417,-0.0009345652805002175,-0.013395118304469298,-0.01771167599946277,-0.05965127727502937,-0.06110349052144406,-0.14921661363514135,-0.1856797296424844,0.010608387502581272,-0.061394743698531845,0.0372126216062914,0.001780636542943641,-0.01872398958741924,0.01151640337822154,-0.028076989437185965,-0.03743281620033687,0.03846865236571156,-0.030466454245659816,0.05313971380662127,-0.03604476242854624,-0.06644781033911061,0.058280471114171166,-0.010859450349849198,0.017845362286582005,0.050555464125384905,0.021770372146896633,-0.04126553861661365,0.009005048463377636,0.00498307955145761,-0.07256328567009589,-0.033442415757685987,0.0034150750177343752,0.03779524556700942,0.01421603374186845,0.03705749786352618,0.0114876619543537,-0.01358918818113207,0.0483486677847634,-0.04000276474743779,-0.06842782913792703,-0.07539622529821931,0.016833721174725303,-0.1731460608447161,-0.06796096953520248,0.03561252290200866,0.008334035167072217,-0.04132307227113502,-0.0426806990423098,-0.04888188282846604,0.14556944013314654,-0.04153500722825071,-0.0553401017049595,-0.03233377538199761,-0.1563634789017836,-0.013074832816286215,0.08726902884184744,-0.050433474466445,-0.028441379080735706,0.05779674505593117,0.030836005184826203,-0.1804280236062236,0.07144557099948712,-0.1169809146927211,-0.050938409071599425,0.22974456696625956,0.21423899159633145,0.14620787100037655,-0.18265064104992518,0.3043652318363693,0.09764210048488242,-0.12093499450374938,-0.03179064138598681,-0.02590631413307953,0.06385354183351459,0.27220384681615467,0.033689324277417346,-0.047823685275846295,-0.07415752080884742,-0.1479476460568218,-0.07995138892472624,-0.004431581896688975,-0.02370247060874711,-0.03443954012508474,-0.05419796231187619,-0.053962156500786174,0.05500120352707117,0.04587643400289747,-0.0889331775502834,-0.035743544479468634,-0.0948836179148296,-0.024767704435669696,0.016887835502680023,-0.06324701716012161,0.11719825825647308,0.10464146967555435,0.05252844400701621,-0.03906091089555585,-0.00287949142606123,-0.035719468943636264,-0.024261484116907484,0.031028587349292126,0.02780571320171542,0.02449248732986126,-0.019672576865639148,0.026986545504684475,0.06117760161158209,0.02513769390806466,-0.05623656424221268,-0.0336106134533661,0.029819261541115447,0.01421759176227795,-0.0036776923473350103,-0.035886717935480976,-0.031170303397945392,0.016988167773527636,-0.011697656437580198,0.049887952953651345,0.012685726809341106,-0.002159934296301736,0.0017795950529342192,0.03934316049803532,-0.02173106817971079,0.029093326637337196,0.015312107529141299,0.003244636935703581,-0.004249563114727611,0.01047649905235732,0.017257567122765882,0.03796251493536173,-0.0011831343746213766,0.008644525805219148,0.011301623274028508,0.006409223289224596,0.003524330433927788,-0.003668830029787481,-0.0037949792247560406,-0.0015065979156004535,-0.0012143101715724213,0.00395552168947327,-0.001874130923670265,0.0023813465099257873,0.00021207465258540951,-0.00015358198614594666,1
102,0.19888628637652447,0.08428832326434438,-0.021799091170595135,0.01421026772166811,-0.08164120746076822,-0.10420804372300238,0.036002886142450646,-0.04198367763272681,-0.1404839595673052,-0.15657532447660824,-0.21770656597029545,0.17116552667815937,-0.252549719291469,-0.08274605010483853,0.04803427457296055,0.02566545209733522,-0.17247861201691628,0.34767575194213834,0.3159794343717128,-0.08661340454359522,0.12526301903798714,-0.014659088561642233,-0.07771310142810502,0.13191180569745659,-0.18332115438256424,0.11018076003914792,0.11892367389104119,-0.12668200637598542,0.026927242959293184,-0.07716917565064264,0.07117204609124014,-0.05774191754166382,0.03359847734097607,0.06780306225678899,0.038354225770596204,-0.018494393765336795,0.06114165119959146,0.03365155483508275,-0.00919827184889166,-0.020139634132967335,0.051007614341217505,0.013705713672350846,0.05713094605463152,-0.04308625311640103,0.07541683270494288,-0.023684333897828667,-0.010193371388597182,0.012023270364722963,0.02134750202765411,-0.004642056641181928,-0.05706537956367194,0.025013407596278615,0.06681953840190907,-0.03652067873742631,-0.014504443333980146,-0.009994459017167598,0.0831746439779766,0.018538712051078505,-0.012730952737781177,0.0006054364361249547,-0.002075688291659805,0.0001873775335809436,-0.004536073341327157,-0.030913977819976464,-0.05606888181803558,0.009167284292999033,-0.01881446009915129,0.004129754896297353,-0.018137934316911783,-0.009837218507042784,-0.011190651179673184,-0.055168248125180994,0.023693133818316555,-0.038230064856466656,-0.006380318733723518,0.017604655421246167,-0.02604989522215269,-0.01658691844898807,0.023562931895359202,-0.00847563374431381,0.036608694247046616,0.018216554560549048,-0.015200141795258106,0.018259387457023296,0.005669909301309319,-0.032412251644069995,-0.05283755881209052,-0.09191011842074397,0.025754301478986562,0.002738621212686711,0.018853302274965487,-0.024612887882190414,0.025836626941870926,-0.04063675573069066,-0.025054437822978684,-0.04922309955140164,-0.028113852762154952,0.01786604550471601,-0.013222524239706695,-0.028562774927271085,0.0373130021114888,-0.025590027388816185,-0.021551110066400925,-0.015037256050211716,-0.03174483554444127,0.0016419381585679772,-0.003562470685100501,0.027219109010774574,-0.016454844819956127,0.033143046409151916,0.002771890334558116,-0.07448712769617798,0.010485742764186309,0.017930260689782568,-0.041651656961254765,0.007800122113229186,-0.006330087385163413,-0.02179292455050188,-0.01775214777901142,0.008476408965856497,0.07790404512342365,-0.11201263798146034,-0.012031098405198764,0.04001806649453387,-0.047575057387014605,-0.03548503206883987,-0.06244593634227912,-0.08519750723491189,0.06310860672129266,0.0034328440429378386,0.003994498286418968,0.2754428520591389,-0.290987777325944,-0.1188461071733429,-0.04203973055471732,0.13557875921299967,-0.0703264565440003,0.05861788878199838,0.04104681796662179,0.03396248324070289,-0.028950916040175634,0.046718195995940084,0.013775234455554532,-0.008644659410560751,0.016363808849086402,0.028478452786301855,-0.025144379939255335,-0.001328678135569701,-0.009154424709293972,-0.030898409828383804,0.008770103247209515,-0.02793975926570204,-0.020827696843027283,-0.023396659712143174,0.004021115790740166,-0.023122159943456785,-0.008141102307164846,0.008777343452933642,0.0010786057852165394,0.00029753552293643117,2
132,0.27547987165342064,0.21150875467202487,-0.06284138034929034,-0.07976988290503957,-0.03486361054425446,-0.030957061517740393,0.008412761593216342,0.15689144146491438,-0.07996645764054326,0.18732873215289988,-0.12833736404742993,0.12768219853722504,-0.10075973270400888,-0.17764702976959212,0.05165464551836162,0.034748194879786656,0.04866484275350625,-0.019608600916735577,-0.04252373643413131,-0.09170592260047877,-0.05660218301691821,-0.007150795006143601,0.13407464363759886,-0.0481233376392568,0.061769992930344284,0.00741306864269132,0.08615491083900875,0.02841176877598879,0.011301948933410098,-0.012158676677257355,-0.021506769483508128,-0.019331651936368478,0.0014851557788198278,0.01465487730851475,0.02189432879739967,-0.00614276497569942,-0.024948786968429105,0.025998187883336514,0.09726853028203523,0.10783358342739256,-0.036312529024952876,0.08080026054202163,-0.08227913513880705,0.02425013160009575,0.13316179610927412,-0.0586453475221764,0.036131957817591785,0.05200096136016105,0.07137299798129527,0.10011032875959809,0.07654397513169935,0.04197740965024257,0.07809103210676084,-0.05977217019731027,-0.07207741105556294,-0.04699188653480003,-0.05237738574335955,0.035157642952279175,0.011129592864854878,0.007136495031457514,0.020595624292229227,-0.020152935843980743,0.006327711322491947,0.11765037062780882,0.09767530057658819,-0.029699669837474782,-0.12333905602421244,-0.09524997273492641,0.04310350332958919,-0.04941715128093587,0.14985451055161667,0.10109313105141189,-0.05598098864190997,-0.02001448380014715,0.16570247245824937,0.01989013551943578,-0.15865024993294785,-0.06740269085752827,-0.08417050306265483,-0.03548066557225308,-0.20096928738298026,-0.22567800871914614,0.10837959824138751,0.07052031794988213,0.14662545207043437,0.11445462679433324,-0.0011980662289387618,-0.014549381473828473,-0.06330583264810019,0.15286440486920572,-0.02432822771793081,0.15056956720750492,0.10032789974469283,-0.01806038858041569,-0.04193065247286139,-0.008731125476066361,-0.1215425166726825,0.0692255031086732,0.06100739295234909,0.12928528943072862,-0.015057446768022063,-0.008379615303420624,0.13254782290353606,-0.1522492545775773,-0.07332358358273419,-0.031036552800693548,0.11221541470968453,0.2318964325936004,0.046890953793978625,0.008471557478122282,0.032639580005513896,-0.0635546756041215,-0.03423909204496325,-0.0376785103381921,-0.06716272868862108,-0.013205544487105675,0.07799797754623554,0.053400310861443354,-0.013111860399631034,0.03552569802415223,-0.010245439540655217,-0.07402939019910668,0.006800325849318001,0.04848280644606283,-0.03545417552441803,-0.001744603072580525,0.0073627735175427885,-0.0018837749918215179,0.008689934669794163,0.0318678315395372,-0.032657992791322574,0.0004140370065354921,0.0593583705126775,0.03893588176036898,0.02769126169855097,0.005416464176642454,0.030668476682113772,0.012226847731784568,0.011994813939197196,0.03101541343894991,-0.005552691261757418,0.027664556662497695,0.01571515410272589,-0.023498473954434003,0.024458256289260506,-0.015061387292405316,-0.0024116510841652615,0.002036134121050954,0.007828448367735477,-0.016174700632885796,-0.008490401355759557,-0.0006098723069622846,-0.00924698850148528,-0.02811485295670202,0.007107000647485196,-0.03945964702552181,-0.0023308078152753167,0.004198872379593094,-0.0005532413810114527,-1.3069521958090132e-05,2
164,0.23403309524016774,0.06893356378405399,-0.0002283978317682506,0.022364080214677867,-0.11726486343824252,-0.0641971175943762,0.03813063861629345,-0.005181094985695633,-0.04553173530096349,-0.0779784841467127,-0.07938347472908362,0.019309172185014285,-0.0694643251833207,0.0006588995645395875,-0.029020614683865808,-0.069373636108991,-0.11455202555834224,0.04338459487949446,0.07429060930601042,0.08033869201198883,0.016800017538267452,-0.02678533584951162,-0.08232368563613171,-0.006746511940379811,0.02567803586567584,0.04035273019975685,-0.06530049221362905,0.03983023417866316,0.04570746808823693,-0.03797535990921498,0.05041888147203914,-0.13389349340406353,0.026383930444006578,0.02563616859499569,0.035275883565221836,-0.0651004946857292,0.08937907135147065,-0.010784935064581953,-0.11688744009698399,-0.01871971551489337,0.07411034357498406,-0.06625002156197196,-0.15862315993237835,0.018164783594848067,-0.21845433782327503,-0.08612050774046658,0.07297435346307314,0.010731569799867363,0.033384585206388234,0.021806242897425332,-0.13618623422686144,-0.02099833500986563,-0.011059368208411316,0.1262003560060631,0.09165134301472959,-0.07169032824697914,-0.13233395455271027,-0.06137197893835066,0.0827042911597862,0.16806347368852984,0.33873253005537574,0.1781585798810092,0.19516252409464627,0.26429230861628655,0.2118080166351301,-0.09933891923400197,-0.03810517206988967,0.15911405448778285,-0.03822095681511551,-0.06333689065426214,-0.052819143999885625,0.2873844520511604,0.2116614353990555,-0.1067833880638754,-0.006024610219956605,-0.03672962785575578,0.0011761851126685949,-0.08734314095744382,0.048695581791011515,0.007577615538908367,0.06193327739375619,0.10123106368884459,0.06967375238630388,-0.038629316045160726,0.019448955145294433,0.07470967165043567,0.044688708801751124,-0.09453670307888654,0.06370644453649354,-0.012594989633871562,-0.14043724146276704,-0.06112183199348124,-0.122158410592968,0.04212029440939096,0.03632342325319592,0.04320410456938592,0.050778616071727414,0.017438287084897457,-0.021446065501273648,0.04681358102835648,0.005145970298391426,0.05456265563550542,0.032036401247391155,-0.01606277667981506,-0.028182381772098176,-0.002511864789993085,0.01425876097421553,0.017306348376454728,0.03699454606665695,-0.013091835310201236,0.013962402820616095,-0.0023388813868250626,-0.028377014278693935,-0.02537797296698955,-0.006227948239066219,-0.0012405992767021354,0.010142129951773474,0.019966180098774784,-0.0011719562667863153,0.008186555642333369,-0.011302421522920686,0.010549116925336601,-0.019021946943141778,0.0008590859922635942,-0.018706614838603353,0.014431271455234401,-0.003379498856387166,0.008826598399293194,0.0034687005690070107,0.00738854815395157,-0.015526166188804404,-0.02144046070179397,0.0014903478858625742,0.005470040730728815,-0.0006969904907647914,-0.007050754958458022,0.003172157454556253,-0.005479427830549318,0.0031700707616696597,-0.002502969227625924,-0.002116314499972212,0.005030328567743677,-0.006640937644327936,-0.0004743340917968378,0.001884101397876669,-0.004886295301723103,0.010059647785600999,-0.0033120241155598926,0.010452575355956733,0.011325611991998549,-0.00028495918071789594,0.003632855969355795,0.007793085423339996,-0.001788183916629456,-0.00218313435640671,-0.004122535769471979,0.001448144326108139,0.0020229054088395657,-0.0008207400800193308,-0.00025129683944452455,2
8,0.31180540941396795,-0.029580953930503195,-0.005743097466990293,0.263296779953621,0.2011113978608431,0.08524230902298136,-0.04940406563294186,0.03714748685077773,0.06293654686046898,0.08168344119787843,0.010235684210601394,0.02935608200534629,-0.11200425348192411,-0.0008863208849691209,0.011334025219201876,0.0112544156230898,0.03340387866800968,-0.023333124008331207,0.02592689524436751,-0.07989909576570238,0.023106868345982773,0.10019492012015752,0.03712562683599277,-0.015602908894917708,-0.04344609049081438,0.007325324027430728,-0.07470642485050062,0.007190113831727102,-0.03585250901260509,-0.005182679655556096,0.01771627084966788,0.04871703976682825,0.02412929118885267,-0.01604543551485584,-0.006491333446548437,-0.035212102144906415,0.07329416905758947,-0.1171461831200752,-0.11290849995868449,-0.19470548073956648,0.013148564707081383,-0.24128595796818095,0.010465762331609809,-0.10404462100677767,-0.023988429298714586,-0.01931470301256865,0.036134451204792514,-0.09613546191026479,0.14917038032388047,-0.04655383946348932,0.21994093816929877,-0.016262621029061473,-0.1042770163966935,0.019804865195978953,-0.027816746916882983,-0.13964706445902406,0.07649202367652803,0.03694112389752463,0.03656287563488212,0.03659946926534851,0.02364554464471856,0.02016064902371751,-0.16931973243741877,0.09487163494339916,0.1007672445050175,0.07566464677164009,0.023838338335301863,-0.05190179254113283,-0.03388674903093082,0.012861753796367961,0.01601642042413813,-0.11188708096036626,-0.04293497872786203,-0.03280289031039243,0.09738726834831168,-0.06566359734577575,-0.03940356351300756,0.029781117910004953,0.028341405053492214,0.1491464899849044,0.05948292031299962,-0.01747077734666554,-0.0771319984220779,-0.0252723661050852,-0.02668460124840817,0.011842874519082999,-0.08540918335080855,-0.031623465456092965,-0.17057718268815392,0.044600543469010975,0.06075572212868015,-0.10382365611544993,-0.09162634299845449,0.013621842762951586,0.04521370421595314,-0.13992622883704556,-0.02031743914610007,0.07100512721129573,0.018998306809981238,0.06885950130642393,-0.02609155191773297,0.1264849779630406,0.07090535231173178,0.08159923877976899,0.05636736666248778,-0.12547553814749168,0.16957057131810388,-0.09081556346328827,0.08922814869340208,-0.17717333068659005,0.08525509514664466,0.12204870911952463,-0.10473946712266796,0.020913301564871603,0.08226278852694704,-0.026555156919727502,0.1302495339670548,0.0941114340831984,-0.053036958330705375,0.03747245314109304,-0.02643231771899815,0.04626467689593996,0.050543346168564866,0.034257544545773046,-0.10459261446525224,0.009129468092513917,0.0332814258197657,-0.013115655257246306,-0.007311286469424024,-0.0017244158913331386,-0.0673305534042358,0.09171370405919346,0.03100836597101019,-0.06213012176738428,0.026169237807880216,-0.007966238567448576,-0.038645305526202954,0.0033707075886066726,0.010847512135833105,-0.016346484843696014,-0.03857445485535607,0.009778840919429547,-0.003055420818954358,0.02063524604795134,0.009362951875965829,-0.005733403348954816,-0.014263340326650872,0.010577797657034019,0.0003553631082948581,0.009515553538631986,-0.0022746684649350437,-0.01196855518190302,-0.00904925225763744,0.0060569055605885665,-0.0075956259415597875,0.004499925688836084,0.0029601333413764182,-0.004080382699358338,0.001435924604050972,0.00016090521191870159,1
14,0.36769235345289875,0.04740729933930028,0.0033485271873090923,0.3382055678971141,0.21865997210805074,0.068459569611168,-0.07950848900189025,0.03814731873113614,0.049641496907586236,0.06389421935167813,-0.0420696627073422,-0.0015572841958222134,-0.005773447583453227,0.014890174605656096,-0.08996603495586368,0.1968301955737426,-0.09416508470472988,-0.011040916578299188,0.08868058021339699,-0.0011516857804807746,0.05362687411741936,0.14652864106300817,0.028104959891420374,0.1252743619576417,0.16184415518019502,-0.061105864589508514,-0.0035039660102505945,-0.035192139270035325,0.013795170814461664,0.03780148693467759,-0.04861544008040449,0.05069314011756167,0.06182600872418375,-9.804159519218726e-05,0.04038025813400897,-0.026947728848646334,-0.06067902007097329,0.15320649601029296,0.06830801546863571,0.0028043342756233613,-0.013424711066362904,0.07118237019665688,-0.003282004019327261,0.035712299986865585,-0.014792726858082934,-0.07291655978289441,-0.012330359587897808,0.06309980582947358,0.00044615950374817144,0.0662468353242431,-0.04890495208423439,-0.06658461311081104,-0.033501732537363084,0.08354074660593852,0.0313923658160361,0.04723941321990843,-0.0747232804254918,0.003966728098025047,-0.05912699977247393,0.03128354656693087,-0.0247174361879354,0.04809585081230091,-0.05507496347045918,-0.062049816739145176,0.013347925028195762,-0.045444351253925486,-0.019073757407431835,0.014924544084885909,-0.016900493404672742,-0.030401425072128015,0.050277346363155166,0.03720504310056322,0.009106186418298978,0.040323393965985624,0.059193011554725034,0.0449439999256894,0.004571892500123833,-0.018454603344402954,0.024459831378351275,0.0040092861768401536,0.014800811583428818,0.03270746223823718,-0.0010834230041148916,-8.994965940417599e-05,-0.036443963978293366,0.048238883312756234,-0.021115035912522503,-0.015058869736065274,-0.044191228780409826,0.028166497731109092,-0.05499609814495072,-0.025272996124377868,0.0287305512844846,-0.0077206633076382005,0.008676814438835154,0.08466872481357646,-0.10245188886519449,0.03286117849572601,-0.006928454580224018,-0.05847717732906506,0.040964168037710344,0.054952074791256564,-0.0049957534499651506,0.08271030176161676,0.12161369479638609,-0.09461246839419782,-0.12666804457744177,-0.11539871043290555,-0.09108890806999523,0.22127000733366578,0.08839151675027615,0.07516893650127943,0.07992360400572518,0.13025681717703022,-0.03134085826080883,0.03429249920989076,0.069270107057508,0.20191746250800313,-0.011877662401580297,0.07580185590328434,0.2669983587953454,-0.07491644372594189,0.012593208918083538,-0.1294362941441341,-0.06246572922445352,0.0751615200622779,-0.026922896029493174,-0.0922196999003442,0.12672446239411755,-0.020676781114567125,-0.053090397441283056,0.028817738127250483,0.09021203122824907,0.12994393026270382,0.07479867296369583,0.032752809106590446,-0.011227631939404684,-0.02557207455240665,0.021166105020086763,-0.028907592430573597,0.002954494418694143,0.02275582133695856,0.002005770005582439,-0.05981295475848998,-0.005635954873054245,-0.05361421527941371,0.01308306252830434,0.001955918692298577,0.02852594430866227,-0.033308623813767244,0.0008566472889335223,0.017545953771156163,0.01842983614138466,-0.00827594228855214,0.015155897169630382,-0.0022538962495368053,0.002707396758590574,0.012756193475610352,0.0004410934281624625,4.330098345347363e-05,1
95,0.28552425647682905,-0.12102352342066705,0.0584773860777395,0.039468598231358905,0.03028358863426664,-0.00695427543680292,0.009432099949503395,-0.06299497727372379,-0.01389937162216143,-0.05117620143432555,0.031818704760859774,0.0037376837737251355,0.0013150899541909593,0.003484872565524162,0.05775783042587479,-0.09869795623047499,0.021868043188759782,0.005650136802540199,-0.06206258627995677,-0.008023055548420114,-0.042597624596236186,0.029601637019104156,-0.022782949917682007,0.18256655599941543,-0.08655716881832469,-0.009710176173625143,0.046848022630135926,0.23542152329237218,-0.04016502073349348,-0.036528324427236906,-0.11888271245041074,-0.050814457388073865,-0.04463388929781283,-0.007615859897516817,0.06850960772937094,-0.10841066839637638,0.18205601296992313,-0.11584069493253626,-0.08942350058506728,-0.004022561202909808,0.10477294570631887,0.038419699780496544,-0.012340203718768206,0.15287133305042105,0.05090889384228621,0.21351970256355754,-0.07048517053226022,0.09036890008452951,-0.005702063990874317,0.11501032679367026,0.09795460741711948,0.1115208425217606,0.15607681526166303,-0.09979433898563936,0.19088419483145952,-0.2077483602462451,-0.02878167297683655,-0.07318931642426593,0.027435369367078608,-0.027202672552608994,0.023543397755895635,0.06633275429794461,0.030405477929972967,-0.17530335080217666,0.057903603903827275,0.06100977349054321,0.13823432835060329,-0.09319544964312648,0.021463209794130085,-0.026032230781567585,-0.17452849305972398,0.09033041556112231,0.0454495354416128,0.16377873195815515,-0.09167107575476799,0.004464826233851586,0.029569107297065494,-0.052821960343723766,0.015108364881534563,0.15083609836823783,0.06669419110612902,-0.2347961727102427,0.07315102971878379,0.05423845204630213,-0.04590149925331368,-0.09818478262706797,0.061689364344409206,-0.029537261505472222,-0.09965854335407508,-0.010000625858313359,0.010572726835136827,-0.02634949856401598,-0.015187588142519621,0.10658425779041056,0.0045081823414652306,-0.030945677315470946,-0.004069246908908425,0.16471396109632136,0.15072641273720444,-0.056339327298454485,0.04626782730774648,0.059032106270654375,0.11471100155456149,-0.01289830796025897,0.044742763229605347,0.09897233719463565,-0.07507521837189586,-0.007907540578083,-0.060716588661367574,0.11598739058150277,-0.01848294054340193,-0.04789676333710206,-0.021513517164146918,-0.003350012265940854,0.012150753475201323,-0.000905953207996101,0.05195447800502369,-0.03772299559771292,-0.009365163788812081,0.0033318534236598378,-0.026894216043051818,-0.047276885112196625,-0.06761039850920182,-0.03938756490507135,-0.013992644692832755,0.046459960312998115,0.01434186855037804,-0.006521609340873851,-0.06089741521252221,-0.03812310714283433,0.03492472703853597,0.058341276755686004,0.04076162447940102,0.0067119634231287105,0.005619250491844339,0.01593903649117403,0.030359925152799748,-0.017282034048390908,0.022372043372266833,-0.017315477822865473,0.0008464368401898486,-0.0130002909487577,-0.014984897321947448,-0.0031053135792405433,0.0027797576179095815,-0.013933345606908941,0.0162098281346866,0.013005238395085833,0.013029691124156976,-0.005467415451322498,-0.007052931683137777,0.0007544342466687063,6.823739349614937e-05,-0.0048109692130658245,-0.0008937716773959503,0.0007593582208013279,-0.004360327958250683,0.000725162640579204,-0.0002016966312466705,0.00013207670553277377,1
9,0.42275018719859314,0.00906670528944696,0.03650289871320486,0.31072938769017266,0.1745589818397957,0.04994824119693443,-0.05230161126161427,0.009668806144468113,0.012529622852842719,0.06613444758071382,-0.020470981557017338,0.02945720744158846,-0.02873844158759749,0.02497546882504174,-0.050641696808616424,0.18979550388959662,-0.049769161035770115,-0.059138790259795376,0.002607369879083354,-0.02854127901422302,0.016284373136122316,0.20046231075347254,0.011900776449514979,0.2001149135979692,0.1469195771871427,-0.04477612811372615,0.012196655211581055,-0.002948173597725468,-0.024643304189190952,0.002469110956639584,-0.017175693678817328,0.040196653910059055,0.06741551292130263,-0.015278030168230154,0.06239232471241835,0.011579244306709195,-0.05607141418354962,0.20049521677406917,0.007655453813806677,0.023591105038997473,0.006296086940934011,0.06591043424976087,-0.07389781816547691,0.0900201257084763,-0.028829992494514192,-0.019516290127404103,0.049211265082602144,0.003916352669422212,-0.08285289441126632,0.008366569018907507,-0.11699221512287526,-0.008665297456143209,0.04401567330072882,-0.04856787782678991,0.08976775294888557,-0.029749185810722042,-0.029618086032694325,-0.03071707899430171,-0.06840700666152644,-0.04299376150604593,-0.0020869359681906893,-0.0023745431937303475,-0.027165937624465064,-0.0022130537149833967,-0.0021460608312512982,0.025081520324365114,-0.021123669299227037,0.03790198125703049,-0.00759431520198982,0.11941391353513914,-0.07088267158471079,-0.08113680412891804,-0.015334263382060913,0.043198655615915287,-0.024560382170558417,-0.03499415137873673,-0.017432702885061796,-0.06933824466323023,-0.01918371282694817,0.0007679471114229275,0.052240195222798186,0.03291161692769827,0.043520927624438654,0.0464912263840085,-0.002944986808951278,0.0015465447620941369,0.027224492131228812,0.026567154436701712,0.012654799087387798,0.010163219941804096,0.05386120866391628,-0.026577111296658497,0.040554184355387504,0.046899228852116094,0.024343424047668885,-0.013994535900125012,0.06656131851222596,-0.0071398722393830796,0.0008963844902427414,0.006524794070718842,-0.04987679765676419,-0.0278223497012631,-0.008109348548400352,-0.05953994209044479,-0.030775942629698915,0.06312092982675373,0.006876268510869483,0.0866753271281039,0.007690255084279754,-0.13600891205575708,-0.04323411963272642,-0.11198958248424676,-0.02376193807381026,0.025996747908669914,-0.010639782507164738,-0.011558105129815689,0.06719234918370326,-0.1550519164950148,0.006013276680634788,0.00897678917613036,-0.04765501567412538,0.098750682267214,-0.07917763359732574,-0.019374673189378105,-0.16185499356587363,0.09615851427625734,0.2766975573869479,0.03220256687768097,0.15865461148217688,0.10260620842404458,-0.1883302584945031,-0.07908527351298845,-0.17118734644170566,-0.0076073566898087475,-0.06293778428700153,-0.13154033128128143,-0.02474765238333254,-0.0067964060341142146,-0.02359544533356565,-0.02082775875770025,-0.013825446838057651,-0.04273109279688641,-0.009214694047120777,0.017407256238142006,0.028781775701696214,0.03884509812597906,-0.014898234539706135,0.026086634263424387,0.0028285110940147323,0.009953614682351432,0.008942259398903743,0.006943081949490001,-0.017864871920164407,0.01199126409151778,5.48928967587293e-05,-0.0004077688349729675,-0.004180877938536438,-0.009845150248620394,0.0006237966583186412,-0.0003842921936235106,1
125,0.06862888230597004,0.004019090354443539,0.013582030457673963,0.007124754981757872,-0.0294743313652802,0.0027582670403302877,0.015847308154693648,0.004748059632535329,0.01435793077737453,-0.06546822035649476,0.036556902552182025,0.0179271376963645,0.001268872351894996,-0.048559922804922696,-0.32277571056958243,-0.11353217692621964,0.347839711926872,0.02626204963362823,0.112966138958591,-0.08420824495106412,0.08231284161479094,0.11105297512693792,-0.13729617423117613,-0.017321005433888766,0.08326292570970478,0.05906551396023598,0.09514894034151604,0.058682410078198514,0.03210918416191691,-0.037674997684035066,0.037584742408746104,-0.0020629866285236794,-0.01716234496023545,-0.09282936646149037,0.05684337316235055,0.03461151354490535,-0.05274269416760762,-0.0696521306428706,-0.016216288608996265,0.04765425233493774,0.015134324386684501,0.012058004062651126,0.013226701031051207,-0.017360906560648422,-0.06678240387201005,0.10494387085798638,-0.03707354618258298,0.014726052170481034,0.03127595212483867,-0.027125987550591757,-0.08858017795688496,0.03873769770179829,-0.049822699993520916,0.05667205079723556,-0.0830269136088253,-0.10975711124129611,0.07691836418415235,-0.012210246313791836,0.11877283271182872,-0.14806960472930808,0.14281937911611897,-0.06331164484208682,-0.05278520652948883,-0.01587183695475253,-0.04457928124157324,-0.037897934182255115,-0.008718475284074151,0.032358475794912384,-0.10246260679065014,0.06872436288297587,0.08311172516934397,-0.016536372978889595,-0.09733863798200601,0.04156243444019589,0.31337600559451284,0.2517084424841911,0.103373131580598,-0.07966269124697381,-0.19329817416226022,-0.1297321532161996,0.26675511604510765,-0.10780191049101773,0.24664435210226007,0.004250683826247609,-0.14256584652497767,0.006046113861300273,-0.1262105980519705,0.08722442747695223,0.17564162442224746,-0.06467317086683698,-0.021963743513952683,-0.04088185155814514,-0.05240000741701086,-0.030701527840665186,0.010021404325977784,0.01769845351278596,0.037314898224211565,0.017713384725492335,0.06591919091844645,0.05266734963447852,0.036289137200464124,0.013688471046260364,0.015467932145981746,-0.014315438811134354,0.028302573997396985,0.006354675799802698,0.02709146446483637,-0.005080202681457201,0.013658281218759564,0.008094676909789258,-0.016394933753246438,0.007493194530083411,-0.0018421618507438666,0.02887576854630064,0.0002554057735343839,-0.006368909265923236,-0.009580633800818873,0.0021971664298979458,0.002247201583980304,0.009230059807781937,0.004586842080610049,0.005413986386605353,0.015982542396808373,0.001831059551949278,0.011439164191704954,-0.00543899833837135,0.00032340962394873315,-0.008871034567651596,0.001436513147044343,-0.01649698203571311,9.393199051187001e-05,-0.003215540003907872,0.0016835671347622658,-0.01175881322803509,0.0077717099738664665,0.004082607440515144,-0.005147415064350328,0.001732780100079009,0.0036485509094552845,0.007143194140086807,-0.0014607236464250614,0.003772729029520602,-0.005764122996789648,-0.0004898453224614003,0.0023207417036410745,0.004540044819437688,-0.0013708129612959332,0.0006196024576081098,-0.001884578749163291,-0.0009226441004896496,0.001140408469554117,0.004422166497129034,0.0029771354796831774,-0.0032841440428446585,0.0023233512695183542,0.00413825999282838,0.0007909556307217395,0.0010605915850062872,0.00022236166581595282,9.350196477193979e-05,2
91,0.26362920018163866,0.04209370206430757,0.007899351083404242,0.12216229776858814,0.012751938506493456,-0.056286927047919544,-0.003261599785180372,-0.049325921687502,-0.062453193226965874,-0.05391679881319809,-0.055629821429697766,-0.03616374159745687,0.07809447809780724,-0.03982374311907188,0.02432465096782888,0.03206781632483457,-0.0593564874561453,-0.008955585213753255,-0.008756872547176171,0.008717024526092656,-0.06517045987852335,-0.02970879502096945,-0.017348426424842314,-0.09362675678638194,0.12597212552389875,0.003884347076293782,0.06500619563841444,0.09193229034732328,-0.00700384557790696,-0.047206470516586906,0.08536434349949135,-0.12695990810991603,0.07528166517664277,-0.07601962366559724,0.060031079974503854,0.020135755548194436,0.10596844526597385,-0.16463556356518766,-0.03484480730177837,0.1270401756521361,-0.03370718434024582,-0.1734613516738617,0.048377621113160026,0.11065117246378509,0.07178645624153424,-0.19193188737703676,-0.11030922413279666,0.0705144543996507,-0.16648766160692194,-0.2339178090857011,-0.08122794731512228,0.040580267201660004,-0.20039499259307414,-0.06684532155566361,0.10392874151644414,-0.05944716348127306,-0.03972018115947706,-0.03873749897495062,0.07313379939358139,-0.0518896015394953,0.037416464626368974,-0.273095247131829,-0.16083137664912114,0.08045983423499331,-0.17830614477775114,-0.1683725841197194,0.01805762488050924,-0.0015734025778470762,0.12146811821523322,0.06492507784056102,-0.08027766452906283,-0.0977051289546469,0.1839734802900839,-0.07702705046597308,-0.18786224846695454,0.054885584930346405,-0.1324676096987,0.040433062624665034,-0.09342082268506904,0.050800440720843755,0.016848807590133456,-0.01745590039435132,0.10621347939694772,0.05156445191913902,0.1190221689271103,0.059056386406125094,0.06214882316391782,0.10362062488453186,-0.03821688731008597,0.058447673125820665,-0.09070590370064181,-0.04127433302395449,0.031971759791154776,-0.07816081631813343,0.05320402039536196,0.05057580077790916,-0.015830729764145346,-0.039967494939855325,0.07710578879195887,-0.08767825442157859,0.1628509426182013,0.020002916696470713,0.04397810892310481,-0.03497674217100257,0.04170982343308027,-0.15226884404265245,-0.005280659817197743,0.02078514292372991,-0.04747267931868319,0.006879274086904735,-0.04802162094204431,0.046918022755052725,-0.0481375220529417,0.0009382904545124883,0.03639736795772624,-0.0053361418879665085,0.0030506248765827075,0.039508107540786756,-0.031039556378231026,0.026203024379506976,-0.03151918963825893,0.0017653769249086613,-0.00945678375609914,0.013567134598401934,-0.013480435398383565,0.0012785589731801965,0.02358134752578919,-0.008884222800579955,-0.007827476429436707,-0.02059798964264759,0.036840130825856854,0.007919266759803768,-0.019731265329439997,0.012069847312469822,-0.017720793839164802,0.010598353798185862,-0.0062569947296941715,-0.007297708737513999,0.0007792602398187702,0.014691024185254925,0.029987379648367427,0.00015709524087125155,-0.005694272121223993,-0.01526014136161974,0.018317790001270966,-0.012277203521984753,-0.007678597375243989,0.010781695902915148,0.00446475014502434,0.004620637716719975,0.003975004037480357,0.004890348608979823,-0.004568355919243226,-0.009191670328441204,0.0004546081614273706,-0.004720275176020661,-0.002110185410918593,0.004936149405992973,0.0001466871474737185,-0.00028779468274930074,1
65,0.1461131604053552,-0.18887075620629898,-0.1304369848884008,-0.027253817284343566,0.02599663924532939,0.24746175642819127,0.6847505557135602,-0.05192183917006397,-0.031451601780929976,0.012652220416223799,-0.07399887093492728,-0.04473866073244007,0.04085752552762138,-0.034477356687485874,-0.020509564364338696,0.07704816111404794,-0.008674793733737423,-0.028592568434296667,0.026320403303893358,0.010053644074193643,0.01558744697120131,0.019701005301299073,-0.00022899841869960624,0.006538286823989773,0.01119632436965161,0.007344850305125486,0.013125663711917849,0.0074409549558629865,-0.0005364187233338731,-0.08861785778068607,0.0018006151167773736,0.027686286849513252,0.1634168866664569,0.02842277659436713,-0.22932315083172877,-0.11434479348472132,-0.048974096382318755,-0.06776986474745593,-0.0028841320701684272,0.022421480957526708,0.014897015099319583,0.01668332895606317,0.0005564184729693465,0.010815955237079079,0.004254312713979049,0.022656623262381714,0.01952667382415311,0.0037888935284827183,0.012369934774051064,0.013478648764868081,0.024844276736993732,-0.00024250595570153978,-0.04082335258666747,-0.012909731994814131,-0.01363809694532704,-0.007524506355496966,0.003957798428521831,0.013522434809880773,-0.006739245545213504,-0.013198943795709532,-0.0012800066559623623,-0.003582479993516446,-0.0016339886302868733,0.00407610258676212,0.024572331807068793,0.0002632043833559123,-0.008302074067064735,0.0016167702496288814,-0.012163878895850841,0.00551882017722431,-0.006420198919075106,-0.019682930478283813,0.011823230677648065,0.022983044550282664,0.012346209240826926,-0.008958755899091394,0.008303555492947168,-0.02168553410178675,0.008670154675512324,-0.025284498467601283,-0.011959302619996353,0.012565819849292259,0.03213340571502181,0.0047448021137996175,0.01134064671689663,-0.011141083484175519,0.004848665438579075,-0.02605554446835527,-0.012059996385338634,-0.004288446430169646,0.01392059441688766,-0.0005253875856466677,-0.003988309540396291,-0.0285102693700653,0.002274747952230435,-0.012914621879226608,0.0008488917354284647,-0.030985469681605756,-0.009279271157355813,0.03063977496030754,-0.015840620662763632,0.007084377419144285,0.00894609195810176,0.02487009601260877,-0.009456498630325796,-0.021346424350953075,-0.023354060889590546,0.010480830147273114,-0.009331050872088,-0.018019606005585723,-0.013928335721476835,0.013097342540693235,-0.023066963434857538,0.008024864662934113,0.03278170755543737,0.033357015053548954,-0.020407995220788386,0.01650795892580329,0.013409946660619189,0.024126401923355235,-0.017152564262900693,-0.06897906943672369,-0.055218740372621256,0.012834487492138346,0.060376419492648076,0.1487209645332078,0.014529357395669447,-0.031082586557960444,-0.07008791831824063,-0.0033848553041236247,0.011335664025605414,0.00630130021929263,-0.01576375927719609,0.013605680953945166,-0.004574559397337247,-0.015301160794520647,0.005611034593451805,0.05864102011440018,-0.026566794444418597,0.008484066133920882,-0.11306050223543007,-0.16201643282848155,0.09641479245678229,-0.1733550251824042,0.0029036701543115003,0.003083988795572007,0.009214424566627345,-0.1148603156244917,-0.0016143747410300214,0.07509130367449765,0.3107771396046927,0.002794288263657393,-0.0022123881671335995,-0.0134699056919225,0.03303988796917563,-0.006390340203837564,0.004400050215518488,-0.002917701983973628,-0.0008290001363923404,4.901136926812547e-05,1
194,0.2389058533860967,0.06709323184237694,-0.0010645942979341364,0.019369451904482207,-0.103123282325753,-0.05921321751379647,0.020624745192078207,0.015336496520321811,-0.01574930921297701,-0.03280369265602683,-0.13821056925761183,0.11437978306374369,-0.18218645868548816,-0.11893104701891391,-0.10991127081629617,-0.024975285455956106,0.060645156690829836,-0.06613874555626215,-0.1969674250326734,0.07348201685757184,-0.08420721097260593,-0.09957293423801868,-0.03519853939962233,0.08574309705946644,-0.030171716823987667,-0.05460188686340235,-0.31119806749034445,-0.022837504786025448,0.023855226119231774,0.013026578649089168,-0.001492425739735162,-0.12772311363986205,0.0919176892835073,0.19639606322594141,0.011296349032755332,-0.08506412859118677,0.11658575421192827,0.10884027190385995,0.0008258501394154808,0.12842875394615227,0.013352372166468921,0.03441476647323766,0.04065493861709079,0.06324028966259986,-0.016423119406706307,-0.03143997250818691,-0.12089798172037447,0.00011004779415834439,0.09853206235739458,-0.004472815749303064,0.005969647810722642,0.08400786919578579,-0.008598252482847582,-0.11305510976929077,0.017269231881222605,0.07365905268912522,0.15046069497680467,0.005237346879994681,0.08013235985165897,0.02431625382570711,-0.12266170915016793,-0.044291453376296815,-0.06613185797345025,-0.007420235005725539,0.004650460071208283,0.04807818631045403,0.03385646961262491,-0.06619582810200471,-0.033757392664560786,-0.07134948383992168,0.19167378577348648,0.045768963634148174,0.06094761571336498,0.032293601576642135,0.06204477847754552,0.026023513621288734,0.033912436478715995,-0.13128159868264544,-0.04120190333023044,0.0734230467605336,-0.056157762191283433,0.12115665175361064,0.05601285674125972,0.0003604562911040084,-0.06686234902414227,0.01574276959816816,0.10536022757522072,0.19118385547172778,0.06232768090371449,0.04693792638160468,-0.08547099660908715,-0.0424378845144473,0.03572652393528016,0.28548341198322186,0.08830278503670048,-0.09415956649892042,0.04000510202878626,-0.020643437819562672,-0.02928555877710099,-0.0556278327297457,-0.13027961993355416,0.11636073473008068,-0.1974803627953359,-0.1662016457528546,0.10324369500378557,-0.04943954853356394,-0.040909037914779595,-0.07378934437156043,-0.0034824240599368927,-0.056675763289002985,-0.07208351070430777,0.07283207850618191,-0.023673528190566777,-0.02053152787215743,-0.023941034652537177,-0.006026088458556879,0.004285146367271748,0.03498860352108066,0.0053519335399394696,-0.028444514831013082,-0.0065135283188331805,-0.003959786111832394,0.01487388915787136,-0.008770121046273541,0.02399561144184965,-0.0042105381068680905,0.002561596212431124,-0.012804209298593118,-0.024772888966664432,0.0023472112314384787,-0.007396196162166515,0.013634847224926186,-0.02819781041760568,0.00941880431237895,-0.018716505702514336,0.02637793015816382,-0.005073614788261778,-0.0013859267650882022,0.004720637950679652,-0.002367708376601965,-0.003328374125494091,0.0010483501504748862,0.007067830653706191,0.001350191589749329,-0.012124538758601932,0.006467320707861591,0.008310984725117966,0.002246217882179468,-0.017203820133245527,-0.000342806589578035,0.0009062557991188526,-0.017990067277941595,-0.010231347974641553,-0.052898551585978934,0.015831744465779365,-0.05557761873280555,-0.01586328067383449,0.004118413705176168,0.00199518499156852,-0.00013388229016577042,2
160,0.17065140282013327,0.042272635302522885,0.0037691779078395417,0.0011780045525698582,-0.14623504505852672,0.06954523432300558,-0.01612593996856233,-0.015509901065211728,0.009705297324978976,-0.036941233581833786,0.019328875215378967,0.012791668762264072,-0.02648991667460709,0.023833420421996078,0.05370032143441197,0.010500321674094332,-0.02519798950683394,-0.009418917703986533,0.06718854460420524,0.08828127465470009,-0.001032301296902102,0.02471272100332816,-0.052061109795268914,-0.02015197380172997,0.037860242096161394,-0.03498526107420387,-0.028198631943836795,-0.02017949744629082,0.01508341255710853,0.018474486856327285,-0.035205017178684274,0.07870607984042444,-0.0008306012229211971,-0.13792206771662227,-0.02066142814311625,0.1654621662026842,-0.1228243499574897,-0.10957022895578164,-0.08951363257103861,0.057425226171414906,-0.08999199729053561,-0.003395654035323899,-0.0926251094651363,-0.04473359559680717,-0.05288677068234886,-0.09435537020021234,0.2845309320515465,0.4059943168859362,0.03659642896964929,0.043379931391294445,0.14916935730178166,0.2823103767618303,0.06530458740060076,0.011689561951604336,0.13745316482912773,0.15978250585093307,0.2776133918984698,-0.08546820164598469,0.03405583809729471,0.005086894679766623,-0.13683262714565736,-0.14926274409084508,-0.04999329043858069,0.03001587307619823,-0.06401460719222427,0.17339612583750086,-0.0451711362374016,0.048513232152592164,-0.09521283591785772,0.09437811776149016,-0.17380015345637276,0.2041116229310989,0.14553371220060574,0.007494944565445914,0.1284660102832309,0.01578301259419512,0.04131923672262825,0.10160585763420638,-0.0522889141283727,-0.07183925537350973,-0.11639131784151437,0.018131406085949715,0.007312891820643659,-0.08886807632891335,-0.030705165713278148,0.061166820255014936,-0.09532226399631856,-0.09791047636021848,-0.07321701159338329,0.013896786251351332,-0.043092913704184437,-0.014240704184669736,-0.022867501447329738,0.029428122725920228,0.010938960891173865,0.00509748870568705,-0.012630090187436549,-0.024518514391040518,0.0565906232971831,-0.038769933788960646,-0.00872520792891818,0.04263683818973955,-0.016491826096879072,0.028381796624020458,0.014466637654102566,0.003931841275233243,-0.021450843432780663,-0.024392204918479352,-0.0217621120834854,-0.03459308943225617,-0.01879140665066651,-0.0465722302070126,-0.026539183758138876,-0.007358659370721771,0.027430288732496918,0.015005734808001764,-0.024882593809627058,-0.031806759313893436,-0.012028206884994237,0.018390302244696507,0.017998095425232192,0.019010225961279006,0.0225891078666117,0.0022461520577755825,-0.016698611071384435,0.004341671408039467,0.0007117849748841695,0.0007114626338023395,0.012129681064495284,-0.008988420641768352,-0.0011896967847409763,-0.0003154386024321028,-0.0139707510747329,0.026150955613269154,0.015091375637230297,0.002700861194709033,-0.00010301683328726606,0.0031919574065938814,0.0023487369223945285,-0.0011149605099562228,-0.011006501997213305,0.0010413350111891646,0.009050766772222068,0.012386777292308056,0.00024360058714531518,-0.011922830837644779,-0.0017414770610657028,-0.005253886909815278,-0.016378027044048858,-0.0013090898725276522,-0.0033480991274175056,-0.0016042175857068543,-0.0021057796055154107,0.00114761852611969,9.636744528900183e-05,-0.0016754049669840862,0.0003682369446565456,0.0038152679511711677,-0.00010710611611726428,4.422262392591182e-05,2
192,0.23187555123642142,0.0570035445368572,0.0016237675010220744,0.03517359020721209,-0.13557015309623474,-0.13317365316735386,0.0417993294635352,-0.04858615063219199,-0.04181747698782232,-0.07818378910192011,-0.08057294593982128,-0.0030045883748907936,-0.09679922556623533,0.08943402301441294,-0.03625910023689087,-0.16216883864704165,-0.04264061667521464,-0.16055282088958486,0.1407728588045297,0.22823164413316022,-0.13183432566536876,0.2632040158650105,0.1185305342048619,-0.02317156022200593,0.03870008977665067,0.032179460688240874,0.05321716664401226,0.09871501411106395,-0.1269484686233464,-0.09434925584130906,0.05246462344711973,-0.22107020403745678,-0.03128766364051982,-0.01236167641009253,-0.17665100567421413,0.19599745431861101,0.10995494059300612,0.09587703501600156,0.10367734428468509,-0.016595587818983216,-0.14504251360655143,0.010838147100177197,-0.09408177663089023,-0.09974203833834304,0.022894465857294953,0.07394607379805493,-0.06993970605705195,-0.00832153703645016,0.05852911247937593,-0.0055107628636327935,0.06311502541876315,-0.10817214117111612,0.03734500986011324,-0.1256879857711473,-0.03416964836847823,0.1042622435934735,-0.053359741560923046,-0.047049345234307455,-0.08157132355708635,0.026564414901501146,0.059868616760973374,0.002761804346277446,-0.05508000732501349,-0.02982999429546688,-0.015506326268878098,0.006821915119895238,-0.01919910797439406,-0.04459395609096322,0.004922347001965939,0.05564965613661875,-0.027690105882744877,0.040688556066105296,0.013678182636229433,-0.03142976178123077,0.009961606683053462,-0.039740105348112724,0.02309146180941031,0.022206668692075972,-0.00044358104784086513,-0.05218653023034633,0.005308196890030623,0.01796123181235574,-0.026775736256756198,-0.008778566520550842,-0.01914394922837771,0.002449387608157948,-0.06519807810187557,-0.028364201288602783,0.029512950320464578,-0.0071715612361431934,0.015057201827575318,-0.0014819073751155577,-0.031846679741450945,-0.037387427887579365,0.02259799625682467,0.011400532549305557,-0.08088056758334014,0.06496606441280844,0.033755026154608014,-0.027279470389815055,-0.02437230148197453,0.0527893665836812,0.008773592061071554,0.03938045738478013,-0.06945861784686082,-0.03316311294104274,0.05723074596350035,0.017293249120687554,-0.008504298820566653,0.07648144764028779,-0.17657813308788944,0.3140839475008947,-0.01625759190331673,0.028142253598744837,-0.09623003176009896,-0.05032089546359639,0.1572854580275193,-0.23830624813543416,0.020651915231551778,-0.08738127068277413,0.061927116799534096,-0.047445263394523346,0.059155303954583495,-0.0035019142850037446,0.07912470180443112,0.00951353521743803,0.0826160078425701,-0.008488227838073802,-0.0096486494716568,-0.023077242871603475,-0.015642457854594383,-0.032432343292764836,-0.01394986743061799,-0.002460222134836489,0.010029907190885461,0.09888877437074467,0.021950443232514678,0.01109613718901127,0.0005915145906498624,-0.01668311193512569,0.015796585090310514,-0.00505224657423615,-0.009836439778545552,-0.0008192882594768864,-0.003938458812338021,0.010628691511007695,9.727058448445194e-05,-0.0014435992140128676,0.005351943271889065,0.001096104316751523,0.005923395355699809,-0.0030740888316866215,0.0016254762053471636,0.0035685768278037495,-0.002602310752056495,0.011629905009897822,0.0049499282305710286,0.0020517039408949785,0.00046537463005190817,-0.0003529359619126103,2
16,0.3247890378867795,-0.18567430173291458,0.3901937501335307,-0.2358266888570009,0.09688073436460982,0.020068740737159925,-0.029902893021184047,-0.04644301914736051,0.041172988628679213,0.019441813043619534,-0.08747712683107439,-0.10431749797277508,-0.020143329408567022,-0.035237572199945284,0.0042902504106086935,-0.039696417922938716,0.05424156956212588,0.08362506378396874,0.0484054177148278,-0.02738521409648204,-0.031007159892768477,0.00806769788976251,0.19991802774672618,0.18739988254303636,0.05397501426378765,-0.046588313452621835,-0.08561857322425602,-0.002203709517540427,0.08160246103511885,-0.09850196422651304,-0.0788548238708306,-0.11255363103198825,-0.14709908976566097,0.03643849452394373,-0.06280621230182262,0.03890275603140011,0.0026036919017571915,-0.20136979759332477,0.07005713851653973,-0.004123459622377611,0.06374435509542874,0.036840382878740585,0.0050779982113852516,0.05967090265812265,-0.00492827943257171,0.017724793406850462,0.034365630288877284,-0.0011277281617216375,-0.04847088520791589,0.023735771709870773,-0.03261874087199672,-0.017062414282777244,-0.045607951365471834,0.022433999214412442,0.04969484861488656,0.03997924420058862,0.09019899530707452,0.03974888795379517,-0.008299548116181752,0.0493705722228203,0.034933241576015094,-0.04610813222835302,0.0462245095643929,-0.016032726351557672,0.020121346547797517,-0.00411003638307548,0.0033605342639952966,0.043079187534611776,0.015107762456138568,0.008974430120756407,-0.005560358793156177,-0.05538969107164416,-0.02772081907204889,-0.043913403344005064,0.040719949855304714,-0.010131439802969223,-0.02033575094928149,0.00797039512844688,0.01947418082073857,-0.002919523581074413,0.002892963126582598,0.03594735853661054,-0.029738633908885148,0.03226595405579352,0.04999944445003375,-0.008184692435025794,0.02909041803795223,0.0051083300346808115,0.0050053216884854024,0.004871546346268996,-0.004416070043185389,-0.042747120812464984,0.010291959896598802,-0.02578651984275363,-0.05541521980126234,-0.015738063409043393,0.02008979653410279,-0.023870957563267056,0.10049543944508972,0.05359320837382395,-0.06569631116085589,0.035572798238469004,-0.10465014803789989,0.038518156040494834,-0.023707222779185848,0.03999938214984452,-0.02932897731748289,0.15891618576293262,-0.07566561260416832,0.0745830722252333,0.09455279996991615,0.0379800678569458,-0.09245701277513087,0.044908485624018994,-0.03103333936691392,0.06170896522295967,-0.06066652072743487,0.03831036883606882,0.015243243517353691,0.020632241611475637,0.05692457730383693,0.052218977622802795,0.07227073169837538,0.024968545508887236,0.007928432474474365,-0.002784461817566427,0.049840407437443834,0.15031799356596603,-0.11453567096990398,-0.10727311495394348,-0.12071303492152796,-0.014006342281552548,0.017246306406411692,-0.032087251620987835,0.03591931750895499,0.020861553076204752,-0.29174115266565426,-0.05783584852848764,-0.18446469775896196,0.012312669497017885,0.015195002791641276,0.07569861120048686,-0.07757478628595627,-0.10395972100114168,-0.07999124486670355,0.040164794099524274,-0.04281265443865082,0.05042991949272085,0.009802292653824008,-0.020756401036763975,0.01945697090807468,0.0035109393263207645,-0.012558544060802573,-0.012515260646534989,-0.011365319642024384,-0.0019521852748946664,-0.006777392934764026,0.0025027552148352895,0.0006069020109050883,-0.0007345426823917095,1
80,0.26869732610976954,-0.04742941915905613,0.004253809041051342,0.29793690394757133,0.17975826764652691,0.08220440010731826,0.02960527024248083,-0.017473564850181558,0.056506244519019075,0.05542423354548334,0.05802452705005301,-0.013878305591264323,-0.17478650135979854,0.13827782591514326,0.19912261280276716,-0.36777362226489557,0.126631410304587,0.11982255314558328,0.08596302173811857,-0.08472687822670169,-0.0719160390575402,-0.12801828339812604,0.005623987659202601,-0.2604169519609356,-0.05849316613731115,-0.15007126901681755,-0.11193268848992124,-0.05847547131535154,0.0712146737377415,0.073257243616629,0.09273005791154522,-0.05631498221010036,-0.04311955660183761,0.0026000719967661135,-0.02665592577140049,-0.025454976769582832,-0.1098959761942259,0.04247847858090423,0.03589436220935745,0.04106883685856391,-0.031417829302459,0.19275137817954702,-0.004072536736819299,0.0052352251925359364,-0.01072902279317695,0.039275036266481475,-0.0008407484472958793,0.03800168977657497,-0.012949410802785045,0.022027662192262182,-0.0726572859184752,-0.05570165961774525,-0.006175557110384512,-0.03978644569398202,0.05516946627264128,0.020161167728058413,-0.017634595018546376,0.019744198048319433,-0.020541162258822063,-1.500223472593982e-05,-0.027290125419612406,-0.019230957896088963,0.008728064762368506,0.014790255475559616,-0.02311099687737944,-0.01816011119395987,-0.02140046846605615,0.005950150504484398,-0.015765150340416655,0.03784347416639396,-0.03602319567643521,-0.03497449109021127,-0.04403885228050879,0.03649182326238351,0.009525359150925516,-0.008956567312717233,-0.022755595837733004,0.023756675439245197,0.02483831865137163,-0.03260062728298657,0.03516658085214344,-0.003834929175459427,0.03894660821345611,-0.00788073741397535,0.11151050592406066,-0.03143024237182958,0.0050393016962008525,0.012433654611394103,-0.03124935712069311,-0.011659516175534606,-0.04911906230935494,-0.045327435460862674,-0.03941648942877388,0.004108727386858004,0.01269014774053663,0.021258166392622548,0.011997789419997084,-0.049657165953232905,-0.006149406716460781,0.017521588959353854,0.04617121204394996,0.04473716250316993,0.04305855213867936,-0.03435309654620615,-0.012842718439590606,-0.005306960542370591,0.00609210737615406,0.03822382683813311,-0.024297511234693724,-0.01571314801972931,-0.06213935610740668,-0.007712360794603633,-0.023817365571362284,-0.014015932548285205,0.040074569462238675,0.016156701105968122,0.002837567673299656,0.02921317008844281,0.03789856930396384,0.014425343311186554,-0.009314696872371473,-0.06446219519859743,-0.10710705893665494,-0.041875000705019004,0.028849598292150433,-0.009285848570367404,-0.0078151069576687,0.02727500325338829,-0.015460063398057325,0.048922647457394226,-0.05755739057762047,-0.025660307687992857,0.03988820958724005,-0.056868040212061204,-0.026921444408011544,0.06634113880914738,-0.12590133801207637,-0.07814988481302228,0.2014378232170388,-0.32675095234497187,-0.11363555691926391,0.025368305063245097,0.019757768234275892,0.03806840956052621,-0.054038216040251046,-0.036354716866428056,-0.037177540181048394,-0.03471091353902522,-0.013602418182369782,0.010670509805037257,-0.0021966111989451032,-0.0031555397978251117,-0.013265815793474989,0.007261676902640018,0.00721403098798247,-0.005579832796956175,-0.006227648325218526,-0.0057070666116707984,0.0002673351364823394,0.0006214635533775045,1
1,0.2870137001696724,-0.4170956802027656,-0.3688209351605502,-0.12860920052648578,-0.02709345307846151,-0.04339133405026972,-0.1716174061440195,0.018736987313029682,-0.007529575540550495,0.02490482862033321,-0.01891401345701804,-0.01126605026938771,0.006540742849688678,-0.0010446719173289902,-0.060532500234467976,0.01873826180259711,-0.027422936271608783,0.021494569528439113,0.016086439712101924,0.001604503267345641,0.008511200088691802,0.00045002830370400535,0.02885110212042624,-0.060537340496545564,0.0038109200261043624,-0.0073701441615599975,-0.03437966547067444,-0.010601865010092304,0.010671559072102836,-0.03439219029452356,0.03806968073064296,-0.030068113682054993,0.026222831949027726,0.0275061755526215,-0.016470618454034237,0.015891078449817284,-0.11546536413483686,0.013583014985200328,0.07838771194499211,-0.03119392090233184,0.012243183121170651,-0.01774596299434453,0.00013873943984691163,0.0009046545559335782,0.01401093166392912,-0.010490639108491108,-0.011694669513539608,-0.010215134114759328,0.004326461969702266,-0.03154244694971386,0.002176408636986391,-0.005642120516343315,0.008844258334727486,0.012032461177253996,0.010315377180545163,-0.010727397236576775,0.022587858333757923,-0.019916061051958027,-0.0030789757838828626,0.021489934443830905,-0.01772015172618083,0.015959541492043566,0.01829792254760275,0.018775248176140617,0.007001406532588383,-0.012497667721746332,-0.036739353408418954,0.023333933665096823,-0.03972187063718448,-0.008684851330799354,0.04897158866793591,-0.007543993027440146,0.0490530184189761,-0.030727658466213524,0.006795545875873843,0.02935457187591551,0.025158643419807558,0.032954485548235705,-0.006727855923695506,0.0046883040428881365,-0.027467120230193598,-0.031733290225803054,-0.055987093686797426,-0.04981047654130997,-0.03820697499965957,0.0020403790137855844,-0.00029275938449078824,0.008322748321735018,0.04148131095704796,-0.020504229755111104,0.05329076374856193,0.04516299901809019,0.03472997675587907,-0.030941833270277115,-0.042211342749801595,0.01793511186761223,-0.007065615426346737,-0.003149951225771602,0.02784475295522472,-0.034528987423238726,0.07561522373761377,0.1309066218653761,0.028703833929034594,-0.024829681347915772,0.05341898583913138,0.006364770650852143,-0.10365826072499035,-0.018534622318744413,0.11351567519623898,-0.09331258341182727,0.04431023783662975,0.06290587437342178,0.11962040578864186,0.12459344674790943,-0.23593988910579697,0.39504439172273553,0.030459942701032184,-0.08153737493682414,-0.06164714521790845,0.11627436600801135,-0.23000185877501705,-0.020258038970997684,-0.14171097457086704,-0.024575197293103493,-0.09946471061553938,0.033483329092109985,0.05967347350526009,0.029843890104870926,-0.004063657213954946,-0.08113137900340903,0.06473705063841338,0.0830743069065541,0.08794296537959129,0.0212638224730704,-0.11069682464166283,0.0777498946593752,0.00938381587891738,-0.03638111792649583,-0.026221775090377382,0.012861777699507323,-0.019175549543382703,0.016883684031821573,-0.07260853754694802,-0.00024290925472426385,-0.01755833407673292,-0.007229708505712835,-0.010825348552930944,-0.06863324705989957,0.001058567674017802,0.013937154008011338,-0.023905550077720848,-0.003737066948278742,-0.004108420304530435,0.0051515820460479225,-0.0063295858080478625,-0.0032576377584483188,-0.003542602711359651,-0.0033308117973111554,-0.00023256040960652582,-0.0003988111138726121,1
156,0.22741850241170938,0.06811409147600098,-0.0026914119038581956,0.024952436065938256,-0.06069495550126887,-0.09434844464559522,0.01650933259033017,-0.03849386138698381,-0.11591560070259894,-0.13707663315869217,-0.1540799426705802,0.12496173134590899,-0.1935353068341058,-0.042627062583131564,0.0266603476284146,0.03439884793895478,-0.0725743386074868,0.14145539201271093,0.17204089232046205,-0.028271236727540953,0.05876777130503089,0.029098331329853892,-0.13301688811183437,0.029792808220398218,0.05540882959794237,-0.13009655629877648,-0.018671647724497368,0.06257601488488435,-0.17870824146668807,0.06547711939879716,-0.11052524690293489,0.10319284739494239,-0.10413470931643218,0.20214303372730075,-0.07866341985367052,0.04835563835790083,-0.05350687006301996,-0.019338771712983302,-0.007339933481333566,0.0013933078461517067,0.056443057625824876,0.0537006270179027,0.2615869867549369,-0.0051405687556589355,-0.035675992007327115,-0.043243624534997374,-0.09103812429158546,0.041045734397745906,0.049713325868728,-0.011906429870484252,-0.02858182814681232,0.014632916222939118,0.09136145177091681,0.10271604886552795,-0.09505050558877289,-0.027235183896812842,0.06060720006705195,0.0690073574984204,-0.05748986619959939,-0.03383534130770328,-0.04460759336805841,0.07718080665660952,-0.08101468989342281,0.14632610694673137,0.029482951044637898,-0.02229253412231174,-0.025983272777065136,-0.11007981572961649,0.022430982553172097,0.17652875286926753,-0.0435681930973699,0.008945930343063175,0.03661612981798902,0.0526071189259467,0.006101652664273935,-0.02718194604232491,0.07880703747392709,0.06564375294907741,-0.03847158783350371,0.028060309157236552,0.049358300233261626,0.10806511092902393,-0.011322697688116345,-0.14000547817469877,-0.037476193000935985,-0.05946881050826104,0.17823385647649248,0.01151072645931351,0.08302548173877813,0.21011223367786977,0.0933032368453549,-0.07863213328945157,-0.1268315434540705,0.03765329601108768,-0.184926051824846,-0.11327277235727055,0.024217252709118585,-0.031047196961384436,0.12559756686067902,-0.062375415921791084,0.1610225113880869,-0.2032813405476338,0.053160784186015324,-0.052562053089962736,-0.061756257144371454,-0.07006450199026575,0.019880908980488495,0.0190163479510846,-0.00281683312439642,0.04009391222842123,0.03384487662043857,0.03016482910350977,-0.029225406948101797,-0.06606731181717042,-0.04928698681064696,0.015973717328528383,0.013758821437095524,-0.014070430791403944,-0.007682652371474215,0.01604703672113853,-0.01840002380272205,-0.017622581857968927,0.01635860593976479,0.029591820458863667,-0.003197166956926335,0.02373351389270366,0.011534939119742913,0.0034889855117975874,-0.023767297855181706,0.007369404062949974,0.020524216759203212,-0.11554302769025926,0.11614813757799343,0.03181695887098563,0.030774090367487742,-0.06552998509360107,0.026364997143290065,-0.0323622886768007,-0.0037437780173897924,-0.00677189727600353,0.012153971345995048,-0.0019094829404684372,0.007201582764642849,-0.0051594743537961675,-0.00458843804967001,-0.0031052622510925536,0.0070046175258137965,0.0007170008200826326,0.002210250922154526,-0.007096678081843551,0.004983857189170635,0.0038750509406262,-0.0007081974855373274,0.01544051625627019,0.0008563323168137248,0.009079304755806615,0.00931109102216865,0.005701243227150789,-0.0008742983221806458,-0.0004915698040587513,2
167,0.09497417572179213,0.011464628360614558,-0.03520352590525385,-0.003012848084835757,-0.16550968028075266,0.07173633949565508,-0.019638429152165935,0.25976702573349114,0.3813402994106986,-0.2941623054037638,0.005538664552496221,-0.023156126828753322,0.01036825799897116,-0.11412774528407776,0.42740218663681534,0.2582623319032093,0.29591018346502995,-0.22000785839495424,0.282553025872133,0.07937442296063742,-0.016974433551540852,-0.08975944357129605,-0.10492899800779845,0.08075704815737492,0.013817186212140516,0.021436387968034303,-0.013830555699130435,0.015737273021225948,0.034311421676256317,0.0054899649065360805,0.0053233257727682455,-0.04181788100038127,-0.019438624485279322,0.01189527844229991,0.02265227966183765,-0.00522457282204154,0.012662568904016614,-0.0005812303356939122,0.0150733338263448,0.03150329052431017,-0.025647487972135702,0.0046939028916775085,0.00028076433268130186,-0.03132967023848223,-0.006150389612825828,0.028531810079896285,-0.008121292636230562,-0.06191764518702219,-0.003345117387014968,0.01052461065319348,-0.019269109084712407,-0.010511768234781223,-0.029228318928390312,-0.006063021386518326,-0.0063168455462117665,-0.0005592642211045323,-0.041894028750865404,0.013697413025629308,0.01322454510710818,-0.019509787747037755,0.010077553801911884,0.0028715250166330185,-0.006269401084457351,-0.0216574928409177,-0.005621017040475733,0.01827640775616903,-0.006519044343263575,0.011493520662001423,-0.007829891886448784,0.0007317287439790768,0.006957262871035055,0.0075324577924364864,0.0029016197915344693,-0.009584143180601287,-0.0005513980957405785,-0.018614285565974092,0.010481237944278328,0.0018184042574212872,-0.0078028560779577595,-0.006287950055602428,-0.017249551080875402,0.0096091736616537,0.0002076830054375139,0.012118781699383737,-0.007959678340986723,0.012972999435272942,0.005063497560157047,-0.013477033188236441,0.001968024658086001,0.0002696137515622735,-0.009027235996575287,-0.017194633380148865,-0.00542218707777787,0.0033500642657552982,0.010867214668221648,-0.0061080961502228675,-0.001912735510943561,0.0026249583222174443,-0.007868984996536434,-0.0032630661624041195,-0.00035307180695972647,-0.016882964821683662,0.0029264945790510193,-0.0046549910432085815,0.0062875319783713335,-0.013900890318637346,-0.018857891788037418,0.011629263098876156,0.0005272538760787835,-0.0023118465553474505,0.005964072999074346,-0.0017981432789577504,-0.008837342772434705,-0.0030877285032563893,0.009599294523684052,-0.019329236967033824,-0.010190744355915824,-0.013309520744999224,-0.01385592971812978,0.0032032078191937216,-0.019406994556405613,-0.0023006868362514888,-0.04038256537866821,-0.018781982688721877,-0.008922872779278246,0.015881323539494938,0.013810317669567728,0.008317369452159369,-0.0019021851443369352,-0.011062759371346638,-0.004604805221137352,0.03681047281819762,0.031133253351753383,-0.0010013269536221267,-0.041993052799475815,0.008003217138911521,-0.014346788244153662,-0.015789635573202652,-0.011520477875501865,-0.00266123685795212,-0.0031460807519274442,-0.006401602930503037,0.01050842116988496,0.004715127420570462,-0.009887775907012694,-0.008680854655312877,0.001822303956266798,0.009377995491047687,-0.0018512948416007414,-0.004161659327857021,-0.026547514962964543,-0.02984385323000063,-0.06289027745596854,-0.131147273313757,0.07627395406315512,0.04311119041318022,0.2910241124218413,0.006831117278720081,0.000997787547624543,-0.0007879406999518803,2
119,0.2618605902301859,0.3259649407769723,-0.1889533108625027,-0.24170990759850738,0.2654243010647546,0.04562335298860106,-0.02085881367526602,-0.07366829858732683,0.005150510027846203,-0.06722902227038621,0.08599344841492995,-0.025656436272155848,-0.0554000689970391,-0.02940451469069539,0.020573086293857443,0.039602633899911414,0.00902388427055436,-0.08642283320622363,-0.1103994256339352,-0.06245578767101901,-0.03222268024646152,0.05116684159199093,-0.03230575797545156,0.002531188614359872,0.04363866700295095,-0.058763281526490796,0.0368746440230107,0.02223884747424863,0.2617239429084348,-0.04948371606925589,0.07132248483810687,-0.07286246388682742,0.00014912553965880815,0.12304917809199767,-0.03066302683656645,0.06846464706143714,-0.008920058459224197,0.0009237726664695029,-0.237940754410989,-0.14514710977086107,3.636931019729457e-05,0.02625134574700604,0.035441766885282416,-0.050211889055684425,0.12593423554153377,-0.003468703110659407,0.06449797492915692,-0.008997737294371944,0.06631892832221427,-0.08072209922138922,-0.05466923765238402,-0.0761080259725898,-0.04856918336325291,0.06610289165960015,0.09143373806581512,0.04940365120241114,-0.06937798677224702,-0.026302767101433335,-0.07538477687003997,-0.010637736862464282,0.0026398255814052813,-0.036638062470992966,0.07362382542298991,0.02005494632921254,-0.05039828396185206,0.12553447555173164,-0.011576956136479298,-0.08109872788200843,-0.04501081203704631,-0.05088388919556899,0.03151248152252521,-0.0376292677951737,-0.05057140602056284,0.056936639615487124,-0.07737986338506747,0.02794983257901522,0.006170563742828672,-0.00673149128110225,-0.05076944561555439,-0.0830185814069892,0.018918738471200947,0.028655149350654593,0.016284701795607648,-0.09887448428047996,-0.026428523437068915,-0.016429347074650533,0.026720583817003093,-0.017751248120762585,0.059512885882256686,0.003363848914155163,-0.07567401776679655,-0.01580133397507488,-0.03798281624713228,-0.02724398215103203,-0.0018358544477404125,-0.07720823580641444,-0.011089840582986687,0.04093047248034241,0.0738179191276499,-0.049780134734204076,0.019870990276898967,0.00509017223715026,0.003478280798404651,-0.015967064075551245,-0.03333140279699343,-0.014426116948630484,0.008232268161793545,0.019693696535578616,-0.03096587572198492,0.020636788278120988,-0.05760629303809979,0.0121154785500536,-0.00787403878189619,-0.103553282581346,0.05715952745541962,0.06881924375738112,-0.013100770440001274,-0.07361244272997874,-0.011130868048868921,0.056421550503342126,0.004324336153483918,0.048631394535169445,-0.06113076718886154,-0.07653048452794353,0.008836191162238109,-0.10218477645704893,-0.028173172193553694,0.158346263230763,-0.00584378349299268,0.21153191269614,-0.08000627274881464,0.18614501394624,0.04087418214681666,0.1433098279120109,0.13290332625209766,0.04996096490182387,0.04725027530205608,0.03214711856454216,-0.050414118454334786,0.016057859159222657,-0.012169828267694686,0.02460297378756348,0.039406754301420585,-0.04643432924142732,0.02994370827400915,-0.011519920091307126,-0.0013368126649082694,2.522262865788886e-05,0.005741000074492854,0.016386588548746354,-0.0057524541870865534,0.05984402817666709,0.033171878812532495,-0.017636870575580214,0.010791806116248052,-0.007978369682886285,-0.0025890834780846373,-0.12234933555663388,-0.0061411739461972705,-0.00021254345864778895,2
114,0.22578673242855496,0.06078384314368137,0.0020709623873995586,0.027248140343162572,-0.05296561635937366,-0.037809044688288156,0.004702164328518703,-0.002477019411590391,-0.030223098395093996,-0.01964111889804552,-0.06198927238788101,0.008856004780184413,0.00746081621119354,0.022952697039812384,-0.018494876275500984,0.017090022686579963,-0.062160662947047224,-0.03674273672985182,-0.002039624925538966,0.035178903346190796,-0.001544784270590524,0.04449781930820267,-0.09880026863420442,-0.015782745424515982,0.05457667520369221,-0.1341859369571465,0.008703309216843133,-0.00294098103554116,0.18823773583861664,-0.010758460966857276,0.11689840080732734,0.05314955128570709,-0.06444022918080498,-0.22391555319885847,-0.060272646232897846,-0.14071994656202086,0.23862469593836952,0.10337344503812651,0.3933339099822043,-0.004731317037760977,0.05828733098756495,-0.05756752525970456,0.2623344912024541,-0.1296898815082478,0.07290011969902405,0.06630801814766527,0.1799455485905734,0.05844803855239484,-0.005600965791853314,-0.08333426526260573,0.03947049046914887,0.04921754215048612,-0.04502829212977389,0.04007692185797787,0.16278575171474302,0.011016539283046557,0.0297772118611366,0.022326621707519863,0.029023894835928533,-0.03229249490993723,0.04261860944674411,0.14380205412384992,0.009205530414194144,0.012533947777178008,0.01750106766114699,-0.00810696496081156,0.059809522700546194,0.07183335935549683,0.08629857700870044,-0.06548910998886671,0.08893425952957926,0.07595415041385231,-0.05821835843073979,0.07154525983013568,0.008972408546779317,-0.0008212202889626727,-0.03702930591247891,0.10443515933358405,-0.04992806855735735,-0.04166094521736054,0.0406997104168367,0.05976530153239368,0.06099646278165661,-0.06899426631379667,0.01313088137134742,0.08688907869125788,0.06110404260426321,0.013684372646478475,-0.19009088406727825,-0.20674449975265335,-0.02130061562222172,-0.09080626643130758,0.16036315524222292,-0.014697874742925207,-0.21614353125754937,-0.105805020034805,0.05076145390903317,0.09746175735247387,-0.014689680471294951,0.15855597241854935,0.09190216641578247,-0.07407150318009999,-0.06306113591426245,-0.040890226338394994,0.0836856051156723,-0.03309378942009782,-0.01702319043856961,0.005588714537255353,-0.017876148241931674,-0.03355305998606948,-0.06151518413535098,0.027420565016393648,0.03400803353186477,-0.034490408312104544,-0.006965073521370371,-0.009452299752399269,-0.0024864169194073987,-0.02580198339227756,-0.0020146905139428947,-0.049041238019035364,-0.027585797973391564,0.022743964446628948,-0.012890546306666143,-0.0008689359905442746,0.00983203933908882,-0.005141727318864176,0.013822672757737749,0.002899540005135525,-0.0053785728351585385,0.012051211581386303,0.008486387269946851,-0.009362662552829124,-0.008233701380607092,0.00663477980835669,0.01409232658381759,0.006280624613672275,0.004247593913479003,-0.0063915482805115605,0.011004182557210362,0.004220442470631241,0.007362750175609222,0.0005656078180442043,-0.009595760722826023,-0.016060055605416793,-0.001946733476340065,0.009886970787491439,0.006310409426584221,-0.0010711327598936613,-0.02259407013531671,-0.004534922295128905,0.001896650179709827,0.004571676001888426,0.001805566097155032,0.002539956587366109,-0.0028421799307267537,-0.0024452435799743252,0.0009448098690266386,0.0026292382486547885,0.0015598949484896027,8.781725380651293e-05,2
170,0.07328819092477497,0.04575984248719381,0.006689374932247023,-0.008990297276507665,-0.09755369680536843,0.059810741963903215,-0.00043366500179241145,0.10005646266857883,0.10101115211934296,-0.11326190699566868,0.0147123529085031,0.03659435959407418,-0.008908339147184684,-0.11545028694911791,-0.46650024878540797,-0.15188513469216142,0.3722598561773116,0.02893076042917371,0.10421317166927405,-0.024793837494093012,0.05435012985539982,0.010723413900050206,-0.13303924302419542,-0.011347151246052735,0.02290206057154181,0.01135844282742569,0.039173221323888376,0.037890850122788616,0.005760506041932919,0.005619001487743129,0.025929799309143936,-0.003378150042424428,0.002532955443568082,0.031409657336940476,0.006365704518312039,-0.05747790981769332,0.04462355656626046,0.03194637218810555,-0.03865378099412659,-0.03292589715559765,-0.015650622819682804,-0.017470868748647617,-0.051916607022607045,0.05333872945689123,0.031579152835796716,-0.03303017595914641,0.04000735974586034,-0.017738330734302078,-0.02042187473506903,-0.023475489261329974,-0.048118167700188834,-0.0033039545713902394,0.035184557497765084,-0.06478385993107386,0.005188630639940634,0.011221520925147886,-0.015874548914456683,0.0441467303203214,-0.024882719742186116,0.04017962241685739,0.0148697349120629,0.025488177194617295,0.043473314749630544,0.0785788846439164,-0.09142703447662727,-0.008727297441617704,-0.07377098785580626,-0.019470388123755476,0.017741200136208196,0.06190076988377206,-0.04065707535081294,0.0024324016437361354,0.013141022095606058,-0.035866279538292516,-0.005233645967674723,-0.1508544198385,-0.14233826794972607,-0.004923344241584569,0.03600608294466663,-0.04250197037840813,0.02410797290644235,-0.014966295261161961,-0.09139361869014836,-0.01257179273907654,0.08785552552088198,-0.008226334908889969,-0.0017410370456798089,-0.10741233247349222,-0.10206705625268046,0.029842169887217992,0.07861290431569705,-0.022999175094748376,0.24679890972614393,0.133023683038282,0.1319609547399248,-0.10838317806135196,-0.1820588272200797,-0.11762829907132848,0.09534863280477841,0.017062641041114286,0.02223315420170114,-0.05939755653025964,-0.07344061260760074,0.25545939754925634,0.007353307042967197,0.02138944672886305,-0.09100509997855985,-0.11160774147228236,0.0238449187979994,0.06732389947270001,0.04669003128027855,-0.02526631404979984,-0.016310190862806134,-0.23255505999490841,-0.11354163051257266,-0.0075923067413747655,0.026424553717926014,0.054616441733732736,0.01543256573456067,-0.04707970808414628,-0.06620139812564141,-0.0028130891486709054,-0.06791135942315234,-0.0017533007084178098,0.01837856449940186,-0.003808026263602615,0.033377243187280387,0.02606987572056873,0.009137797945736069,0.00837233441479048,-0.011714883469902114,-0.02850778490776433,-0.008822112427699277,0.009356022014564917,-0.00019755512757014767,0.02063156347281888,0.021769222375240357,-0.027484943584689107,-0.01473351583321808,-0.011073828079358583,0.012615887417457743,-0.01709830833523727,-0.004811032798172544,-0.001396135583195669,-0.021380766325686276,0.0050842849553776725,-0.018837668689395435,-0.00526399031600969,0.012663001791518224,0.004875835737458655,-0.0047458548245602195,-0.003984618223013436,0.007051132215397354,-0.0027933035651218235,-0.006443664335350016,-0.017658889119541606,-0.0055395171689920685,-0.0018050220319066777,-5.640606678810894e-05,0.00012158076131715443,2
27,0.3551243029836318,-0.05961148736146103,0.013959897262350043,0.33655273059833934,0.20966579658771844,0.12213081547667469,0.018597879367302936,0.010246622558357118,0.06897348818104466,0.06609905763545733,0.0475544272085483,-0.01405448128327305,-0.12285198821068283,0.09635832552967939,0.13460506671810282,-0.2238745166893227,0.10154324920150654,0.08454698620421927,0.08504131897882387,-0.06862202344854712,0.00022864710717563123,-0.07045054535153361,0.0469958356579209,-0.16940960737356242,-0.07774244429882092,-0.06217631970941363,-0.10754113267590774,-0.06082317424219143,0.07011894299913955,0.03434220596881993,0.0195750055562551,-0.028378266650654814,0.03627815752142106,-0.025943097771005105,-0.12105770726466969,-0.049267858550779045,-0.027988160090838477,-0.0466328877336875,0.006849714272977798,0.008042879595284897,-0.06060058689727155,-0.012892500888678724,0.0088862948293827,-0.0238549931860216,-0.016728573417700853,-0.0437289013799934,-0.02724861820934572,0.03109707272215096,0.032031505685363136,0.025900461318486022,-0.05446061184179145,-0.06235486283973866,0.0016554182862543849,0.05428889215611445,-0.06285670974867424,0.03689559813329894,0.0030459618111448664,-0.017022924813403072,-0.02420082123999853,0.02936316722456299,0.05917839468399272,-0.07651814790550691,0.024945411552853416,-0.11985723936898253,0.02781201500782679,0.004056233572628031,-0.057191483022779675,-0.0624051881775156,0.05414864218202203,-0.03456300674904839,0.013328663064012368,0.004936530756855345,0.04651782559000055,0.0671584650767739,0.005204217027692733,0.03822323859506363,0.0181340760058462,-0.05306470116811679,0.014466642826298202,-0.08174936543444238,-0.006116433067244527,-0.01694630343288532,-0.03406404735535043,0.040397997093228166,0.08995955365354467,-0.11237820380604725,0.03488836587700978,0.01531862035647736,-0.03877070777884735,-0.04292007099090386,-0.12161502559311917,-0.10706892690250149,0.038107962088800504,0.0758774678503365,-0.040618726510330945,0.046674316352803766,0.03333527771232536,-0.0650049952935482,0.041164559980958484,-0.04687332507514083,0.036885238408660675,0.027820225933152993,0.011375548633309376,0.00900929475669852,0.0083312958119934,0.02358829915972111,-0.03598102242205265,0.033508446060570594,-0.008880974761621684,0.08645228837735874,-0.024347007373974584,-0.09640562985039734,0.04373325143423865,0.020574391909785227,-0.11985174105712292,0.01574550776064871,0.030587018566751174,-0.08685597238365834,-0.0523457421788622,-0.12591908920493616,-0.01093464957448725,0.2264927586390849,0.17140287317724107,0.171433247741816,-0.09345614306152025,0.1442337937457569,-0.06409839142097375,-0.05564900489606664,0.09472167888914663,0.030817463322256655,-0.0027182285043454305,0.08215271738540748,0.10257761664840657,-0.13168701704393487,0.0788374740728751,-0.023445173880512652,0.14662046564679831,0.018357366814970015,-0.08507774550559115,0.13286351710400987,0.03841885359368325,-0.028191484545725266,0.004854804814313464,-0.010910218976857112,-0.015328571909097647,0.03367154057797729,-0.0062283348564954166,0.0201459833895815,0.008866157039653499,0.01009780262650685,0.002179509438711315,-0.0022686993250098154,-0.001967665804920855,-0.01035829560555315,-0.008921646784999538,-0.003373189452976647,0.010066836319992915,0.0018425239766197959,0.0004078798910655553,-0.0005046723568503237,1
177,0.25302445071636387,0.0708931438470272,0.022878333522927452,0.02344942415901409,-0.12876832576226382,-0.04442974205110229,0.0193373983973729,0.03329707494206216,-0.008359050871258707,-0.0294942107004885,-0.06805081509328399,0.08108967892925181,-0.13843534307921923,-0.08569130007460996,-0.1505890664433113,-0.02944650101270676,0.03352039417918888,-0.1165122375105824,-0.19003688583576295,0.048986465709533786,-0.05800450752143758,-0.07214834134520925,-0.10760031270549097,0.10337713333339886,-0.03549988701582084,-0.16956569592108953,-0.27325805870621944,-0.06578285054938382,0.08791833968737349,0.050935455424172674,-0.01642058638829028,-0.09561669887102772,0.11665686771813796,0.08857029420961045,0.046157535935943295,-0.01000223105820092,0.10205596562573971,0.0472261197834253,0.06338487709295267,0.10960014089266365,-0.054859473008237694,-0.04558589412359211,0.019103650157839408,0.12840372347972093,-0.017631093030656617,-0.007385196102449213,0.07672147932297457,-0.06575224989348624,0.05388146415170196,0.05954364706283604,-0.11129735412962398,0.06344056709809417,-0.10265759162986952,-0.19109128114393498,-0.004303654806838033,0.12564396368804998,0.1269788765038681,-0.006316930688978201,0.05440584747573737,0.005847040206405278,-0.032830758359793315,0.032933287010821495,-0.06365055167593642,0.02549321948315335,0.01814240585103667,0.059234488076053464,0.039712058498058866,-0.06668144416142704,-0.09217872531327974,-0.13992324686932278,0.0961851107694084,-0.0559790506440405,0.042908207954926225,-0.00460586620298402,-0.07044441190221447,-0.0956753755585023,0.11038181867147824,-0.07760981423516634,-0.05365368196545381,-0.06177073452966747,-0.030124570496053757,-0.05249533628469537,-0.04226513201034482,0.04219239763209797,-0.0789872204146633,0.010181970398860301,-0.06847986463702409,0.029121744390169717,-0.09708726715852663,-0.07979579773729044,0.07898742185487063,-0.06024086931076405,-0.1709765060303882,-0.2395667236826929,-0.0038472883549109742,0.15112510007016444,0.019541246232120543,0.008852224187622052,0.026696817869547418,0.024039990804517408,0.18667332260396471,-0.09421702486441648,0.16175514343754158,0.23934289743527948,-0.17932666800093722,0.05238404151191044,0.03679713328404238,0.0526107766045737,0.04241491912515705,0.0620339805924528,0.08804528272527133,-0.0567402083065357,0.002561412999980824,0.043284628855780494,0.026113773269289743,-0.0016234205957453614,-0.016248222315009823,-0.032786699915989106,0.00020845205338118058,0.03159529474633781,-0.0017561993123868817,0.00499984632831442,-0.0014372039101588664,-0.012431354937811789,-0.02076426145459387,-0.006479299180384701,0.015036278718412106,-0.011920735323759622,0.00922548604426825,0.001703792352418171,0.003825611574208555,-0.01871256244939865,0.0007908854826389854,-0.02438903017526969,-0.0011315127381215546,0.002399162090174143,0.01328848646330299,-0.004950367140243022,0.009987009995270172,-0.0017595075609233679,0.012945120020019045,0.009033804731155937,-0.000732654901988643,-0.0075815213692222196,0.013411667414334395,-0.003938262259713124,0.0015897371991169537,-0.00013511572858161333,0.013850174554342603,0.007355796429667669,-0.0034649778589124444,-0.0034677468809599134,0.00044408803305470614,-0.002463932284788126,0.002386392046824693,-0.011712638265499783,-7.175148409455548e-05,-0.0004981309705512043,-0.0018097513299873036,0.00020204443168902065,2
100,0.210789075696361,-0.06917267856581401,-0.024541439862051293,0.12869867621035053,0.03214870006304693,0.028102788773277595,-0.022307602348639377,-0.06359853280998375,-0.04474976120607412,-0.0398120587568057,0.011076704232122944,0.004738825304936592,0.06438718877200682,-0.00043536074809920236,0.08745831350841071,-0.10390748118105934,0.08382806902007792,0.05684023268832639,-0.01513843616586196,-0.05852632723433539,-0.0011465901770705165,-0.0444710193531576,0.06573153262625761,0.07426063510444493,-0.2643557881639822,-0.12277632715790648,0.0875343686349679,0.2669922427702105,0.2062628837677619,0.029853719880474847,-0.2098383209594764,0.13703063997718049,0.1618674989854317,-0.0379593096341008,-0.0683409228808771,0.23411903679456053,0.17556000466577665,0.020551208199060998,-0.05946712145207834,0.11419665212605684,0.11464792286184741,-0.1011330565929316,-0.09940379574198063,-0.03819006654859666,-0.021242354215225485,-0.11353133133507225,-0.08632774389714383,0.0658460368074449,0.016604339445892673,0.010045758438590024,-0.08302961183952359,-0.008878031092446283,-0.0012644438378076916,0.00042717561398691964,0.028487627875102978,-0.01464771425964922,0.035122207025423645,0.014556665490352701,-0.034259076084334074,0.09843455518631701,0.0014835352741486396,-0.009394134164429057,-0.02346252662770351,-0.14936885387595755,0.019752637557032618,0.06470674534227591,-0.10778620733100264,-0.017294173941001044,0.14726875202764744,-0.005689403433721044,0.06761584291776111,0.07296975647154948,-0.11067345646154192,-0.004282796328199582,0.008621467758335694,0.05581732688592693,-0.0006780931087269845,-0.004778547224461319,-0.015264770614474862,0.03511171061425888,0.08958443489971787,0.05697964294042034,-0.08253164631492228,-0.016710642579566292,0.034289089781241636,0.06714858389423801,-0.010664124294552725,-0.06220352986999276,0.06992119484410844,-0.03275889917053034,-0.07666918731210197,-0.06488961533051536,0.10788852583828351,0.047201999457292795,0.06115266970912294,0.16321979089179314,-0.012135666143525393,0.08613643875771924,0.07259945913060198,-0.025229128662645265,-0.07976993939600942,-0.29033936202341776,-0.04788681393561407,-0.006098541442180234,-0.10940793628500262,-0.09545401189815216,0.02550228559476461,0.007993341841932471,0.14423539560169873,-0.1296589959631871,0.08876015389293751,0.10183389680581768,0.0834920664572523,0.03646811991095904,0.0453624044105593,0.032442134644035406,-0.0367287973842131,0.019772559336583048,-0.02348351806648631,0.02512965798546066,-0.007748085985241756,-0.04289068793145154,-0.02565445023836253,-0.041967289809040104,0.04401319641263065,0.03309779735159365,0.008125933247184563,-0.002841012030395414,0.01699359537815979,-0.01315271668573954,-0.010122014904075851,-0.010645908206732434,0.012620675206723893,0.0030161667178379235,-0.02305831865782112,-0.005435152485903572,-0.01602269579786571,0.023142968011694007,0.008571651365594532,-0.013126399417202993,0.004689136710531532,0.002977620963109906,-0.0218222589306155,0.006261627801578852,0.0023583468841047186,-0.011165953181926844,-0.0034971564291671163,-0.019696251224597547,-0.06011990023687814,-0.011966293339142866,0.0057227397193997265,0.0014286610876350526,-0.004291531071807267,0.0018392860736883617,-7.13562197390365e-05,-0.0010793998558359173,-0.003724133960607526,-0.0020612776129088415,-0.0009733686051668175,0.0004364338896347079,1
7,0.2531079521500235,-0.01781323409823069,0.15545477833187826,-0.08834867981109547,-0.022699856325357336,-0.040424867600838174,-0.0003381054090791524,-0.034528667338823184,-0.041888113265715954,-0.10142360193340626,0.010934138338912904,-0.09194028272800099,0.019696382370634122,0.0022022638757575952,-0.011104506752621496,-0.050175736581080765,0.0006936591216320943,-0.03017158454097621,0.04145306300260588,0.08462849716822465,0.1135165598043516,-0.15262237241414103,0.1495104167782486,0.009823194688826836,0.06559454840284355,-0.11632978530737464,0.01319180866760724,0.020827508549461207,-0.0925165559901259,0.011715567238414493,0.12514115219918487,0.11190900706393753,0.030025357644858666,-0.0833690445590935,0.06039150026570593,-0.20018931173881155,-0.0670244013069423,0.24064951972629595,-0.14661659411945413,0.13535254520670695,-0.16280903100441527,-0.1609835275419431,-0.04915189026106929,-0.18530055249449365,0.13984729919709019,-0.06329378267634873,-0.11980801910168457,-0.07185818917616749,0.18034381062495478,0.002664932760023289,0.07259858709080194,0.10641945623885575,0.0828918367659881,-0.13527948311072652,0.01478080997064535,-0.08398776641561635,-0.007035842192317275,0.007004076592809696,0.0793353481983732,-0.10399795843346682,-0.00666421334841267,-0.006098891435072966,0.03501391432442416,0.01569720480594732,0.02629522227029336,-0.015237563015241023,-0.13436052380105554,0.053288648811578326,-0.08078950639636676,-0.06113169903334395,-0.1319350371454961,0.048709967368680385,-0.04258072895548134,0.09211519985061507,-0.12774911187305046,0.1264112010029023,-0.049216365417145504,-0.00161210236722697,-0.019747754044765073,-0.09301843121689353,0.15116012549868404,0.11995349003718167,-0.13759855627688883,0.04031895194919582,0.04264083840458236,0.04299111242209783,0.00822334538333212,0.03686128214582853,0.00979728429799748,0.014270185305379183,-0.0028112992757679655,0.025110548003087183,-0.005467262507745341,-0.01779184861542009,-0.07716769480692652,-0.05067628053671733,0.05075676584619577,-0.021823827733274848,0.13731822588134113,0.0375969091046055,-0.07439596614750993,0.002095328400365453,-0.12574620730466227,0.06986355468555996,-0.032056122911863764,0.09797882124845211,0.015568725211573908,0.1679183410797098,-0.05313207553470231,0.05935044611319179,0.07713667013099752,0.07971453428227218,-0.175686190081832,0.1222464895336957,0.01902864227650751,0.07146246885455894,-0.023056215655392058,0.05830028231813191,-0.015187391962475472,-0.004378668793616617,0.010305973084830757,0.028889009170272813,-0.051817127922042065,-0.02744332550952664,-0.03329208691162938,-0.029635204015437993,0.0011398576499011771,-0.05706352011059804,0.009945991460559238,0.04018514533788344,0.08569458629055562,-0.0019489013701844313,0.013874328915004586,0.01343988142972106,0.02930896323333336,0.0008810647829037125,0.030584813830590325,-0.009535194089820367,-0.004234859234213595,-0.016476746464642037,-0.012194453901598165,-0.03150310190419306,0.011297231912323518,0.03933840476251638,0.024144111405219392,-0.0028972366520631527,0.01420021653899073,-0.01147438923574928,-0.005280313169804788,0.004654126847966454,-0.0064392763375495056,0.0003015371366124689,-0.004301922391421945,0.002472230122484069,-0.0005164331320817069,0.0038296634737186824,-0.0034275206357287226,0.0077863787381720695,0.00013025637575215718,-0.0001524786349248572,1
127,0.2721767077194963,0.42125977099216677,-0.23209613724099787,-0.3338110073364251,0.26382985608083576,0.16200070634572944,-0.03942444254877427,0.07940458485458286,-0.028608008794020787,-0.026646046908413167,0.027272333456433394,-0.016638694665583837,0.07704302975720871,0.025440533743619813,0.005292083448137501,-0.07428630466144256,0.009246818259054946,-0.0027441869558159438,0.05430655748078567,-0.014406820004695549,0.03974751265627541,-0.04520556714252058,0.012800787550463821,0.013973691424488554,-0.032975434379935886,0.042691318734672086,-0.006057096909282828,0.015402618724167757,-0.0865537380518738,0.003360902850136732,-0.008243420092425515,0.017810930577305897,-0.00553612770309943,0.0038959773164445434,-0.002394265685466291,-0.006029947212038004,0.020012298292991306,0.037176732781482834,0.006532652838139502,0.002554600696820388,0.02605395546536094,0.028278608164265244,0.029743839704057317,0.019304558563766096,-0.09143022344636798,0.0240148462586603,-0.06021711882604992,-0.016337776690653175,0.0005261521701083985,-0.055884358325642605,0.008038708531784,0.025912241578423128,0.03400486424091277,-0.10033010909048243,0.014378737933463207,0.052850217610059376,-0.012024287264111288,-0.0034021181602757918,-0.005874215772603646,-0.02317193429956304,-0.025620484546418895,0.04522738798937191,-0.04321878281543314,-0.005485990685453478,0.09830818181837195,0.026525420036644255,0.007801883699988219,0.06559598387878264,0.029424190167337362,0.05907857702039189,-0.014143118160811664,-0.009576350420227283,0.06602167094727235,-0.06420809912797014,0.015532266029178784,0.009580111293397765,0.0832395236875449,0.02506404844540615,0.005670836818724532,0.021735778490685278,0.031397657081052695,0.0006010357170706583,0.011375343947760661,-0.010154981177905555,0.05738915548615014,0.028569193414059987,-0.012279122030489472,0.04400395332408705,-0.03742280112353088,0.0031397203022449738,0.017746625904575385,0.01021768120393061,0.01454175750472662,0.026410913334432528,0.0015155002974169298,0.06251148067367875,-0.0009915464798987113,-0.07117886936165779,0.01651963078837478,0.015239064430374627,-0.017191974032861438,-0.027446644008608957,0.047005616555364955,-0.00018846056605186662,0.027987138256696097,0.05927744371359046,0.04672082582785299,0.03977396846098,-0.034072179578961026,-0.04102380808665392,-0.008513699929353712,-0.005590235473257416,0.06787001013090113,-0.051893001766731374,-0.011333379513094845,-0.004481133158365535,0.10053567576796636,0.03517966997921273,0.10411954892297885,0.1293345671559868,-0.00980811819315801,0.29134395237912153,0.05824807813014275,-0.14709900615071184,0.1720540129357549,0.041859932205668,0.10425196990086133,-0.01721248020206397,0.03157565683788647,0.047073373126545144,0.1469352204708416,0.09754405983384087,0.0007810736768206995,0.04539207523812565,0.02966034341472177,0.023061331296505384,-0.07082798168400861,-0.008759937859222203,0.13644418741874856,0.07886136747668986,-0.003718135703151243,0.09413125584285903,0.013140638176854659,-0.133377439968161,0.00788782524231509,0.006502730959754596,-0.007225592834827185,0.005234223175808451,0.0011112380362700962,-0.03597498547104716,0.009762397438958043,-0.1412544777281933,-0.09364992483181285,0.07687466950450418,-0.0013902020515871333,-0.00886516164471208,0.003478705630289899,0.07523761184619049,0.002835694125131786,-0.00016181420153644035,2
12,0.2882799642961613,-0.04398422560513359,0.062064571715449726,0.15626920136563693,0.12663868446271315,0.08734914291857779,-0.0605521571503817,0.09168177350703802,0.056231785583137094,0.11614743620191911,0.0635982552306506,0.024371060228031125,-0.020803739315972104,-0.0024750393246304675,-0.08963261275322862,0.10366363650404695,-0.08197226165470659,-0.05738493086862933,0.020463534364612623,0.04744962292479102,0.029321165826819262,0.008517347637019123,-0.09719118015995375,-0.12598111365454379,-0.1503990448312268,0.12425289692219546,0.026433453566587543,0.002801656891160183,-0.09568377629908785,-0.08147943419555374,-0.09955358211649228,0.012443689082831428,-0.07859863410483958,0.061592200248416364,-0.03602076148063616,0.01934592453286197,0.037411723597041126,-0.03053415382556154,0.04235071526939373,-0.09917502982692039,0.0001855052011916981,-0.09765426958566942,-0.04749814872411665,-0.12439813286748991,-0.020506330292935228,-0.09482252455166948,-0.022745116292094997,-0.08049956000560188,0.06312448300759452,0.016510123781651048,0.006262207074012389,0.050247462709971276,-0.1529081253757539,-0.00996168263896862,0.07674218406165072,0.01701443353559407,0.0041127186707677985,0.05370079220562254,0.0446830860637552,-0.06173219718299199,0.045657136759329545,-0.07076688745465279,-0.2576102171425208,0.0006124541324760697,0.07789554598628523,0.0195878534977194,-0.12461039124885698,0.05860903610865544,-0.24190865240948983,-0.041220294411424156,0.06489175005117435,0.04249870583972628,-0.032104267796475204,0.2324225954079557,-0.13346404281154925,-0.06365971445543749,-0.10733264011203188,0.06048515731287802,0.23088560449345155,0.11820652182415037,0.026105370012685432,-0.17819140427994976,0.1496091091183223,-0.10908673678665957,-0.013395613424416511,0.1620313830887975,-0.09395806028111914,0.0053263701379960525,0.09439831525637254,0.07820842122759986,0.06079872073217686,-0.11295312414039142,0.024674066139835634,0.07207086119044624,-0.04526501147145569,0.08751266855531974,0.017562720925008712,-0.011673961689018738,-0.07314781140323709,0.032979850450803656,-0.014309304261842785,-0.014403207685841114,-0.04955453718899869,-0.05579941711539859,-0.15872360205490332,0.02080167752452293,-0.11012086635592644,0.06420052295016854,-0.1084342590752521,0.0661207663651432,0.0009098168214818589,-0.0364494007034209,0.06553101681037918,-0.04019266749743287,-0.08086352432305932,0.0133896322364482,-0.11821040324926138,-0.055190439329439074,0.02325006100986341,-0.049765705935777726,-0.023946410147112736,0.03386996217269901,-0.011324175957836823,-0.011080626587733322,0.0602690227592697,-0.01864263270730672,-0.03442127353104341,0.006605856403518603,-0.023265027014595423,0.011682944351223433,0.0021567734299694657,-0.022898131712691797,-0.03379418383322485,0.03448878250992661,0.007705955896878197,0.008503764503136819,-0.0009299861264669925,-0.023911049956304335,-0.010636700309456872,-0.02334314823150594,-0.0067578640466622415,0.010984050949832444,0.002505126746391479,0.0032533297838090894,-0.03422331731102194,0.012447554287843735,-0.01469549712714315,-0.006518597701428919,0.009118944524692876,-0.003956201759083834,0.0048760275381547116,0.0008376625901613203,-0.00032235294585029016,0.0024568837196130393,-0.006316918417114318,0.006828735323021943,0.0016562531653311204,0.0004966322280805235,-1.2983701296654098e-05,-3.368608820728783e-05,1
20,0.1614615506295088,0.02183151094343652,0.013543728752672209,0.09692452214378848,-0.010631438058557475,-0.020366744588503898,-0.016048013004327517,-0.06431847110285971,-0.10501238887452577,-0.11018378539935716,-0.008467725718987936,-0.01364203822839077,0.13321949671854616,-0.023156312137479318,0.008889147295383062,0.01894650025671398,0.061702585960045374,0.07124846828032895,-0.029951301362710257,-0.02438888040859547,-0.08068979073303438,-0.03765246527138508,0.028153845081405424,0.00672669037811559,-0.09254675310381355,0.003393512200816081,0.006625018474165288,0.04042949087717451,0.10470902435742402,-0.07413026385991132,0.015324466327313366,-0.10372591893559406,0.13720895819221185,0.02591732908728543,0.06190056746713952,0.05137461685239815,0.03460494629332233,0.06912922718900903,-0.03327348143508767,0.04148184339855479,0.008478080312801999,0.11003651765127177,0.11070879788550476,-0.03805535139787588,-0.10921497143200169,-0.012213079744784791,0.27086396594717393,-0.31796692660316994,-0.21246254083157207,-0.09172245564293009,0.32213179299002986,-0.03656407728794975,0.21018345336521263,0.16798059294538142,-0.19082784809903672,0.02362214060361518,0.08327975383600657,-0.012172903022252568,-0.18359982061442104,-0.1518715778913715,-0.10277372934440904,-0.1569267084551949,0.06603815805237766,0.02199574415490505,-0.007122684755774082,-0.13488798938498445,-0.10375448360107493,0.01745787798178705,-0.158944404533624,-0.08214044872374521,-0.0016265981760933555,0.15276592402592012,0.06286370451611685,0.01784375465201928,0.04272171025016653,-0.0755897751329695,-0.007642063033835075,-0.04253502008417888,-0.030177840185754205,0.1348584305591761,0.1508936195645995,-0.04319020424188519,0.006044533033401918,0.0231508774634732,0.13820312946484412,0.07849944311748354,0.0458390110832905,0.12441006473439173,-0.0343142661307459,-0.06841863279243676,-0.05489082710733395,-0.04325326768795206,-0.039539714568698335,-0.04203679131523808,-0.03102812632437057,-0.022981797552250355,-0.014196033993129157,0.013274352651625746,0.0423041915101753,-0.12277024822609062,-0.026274479779122378,0.006651595328067006,0.03999751164567358,0.0339699911673512,-0.05775669851913339,0.016040479341577006,-0.0743399191209259,0.0018111959707677802,-0.013940868569828554,-0.005224612362927989,0.023080451392319998,0.013663891524276533,0.01719462123894565,-0.007158781753717857,0.015872549679169495,-0.005534932213369372,0.04841490287934239,0.003783775207161485,-0.013989366597401463,-0.00985893983522833,0.014783289633518734,-0.0025214702650314526,-0.0056864459223787064,-0.01955053103966468,0.009788251627346102,0.013402162388793992,0.021475979687932245,-0.02156556622727609,-0.021092076406984454,-0.0034583954626050176,-0.01674573727194704,-0.02248887879433606,-0.00998798137634869,0.008566046518805178,-0.013878425773777072,0.0022199337154223432,-0.0039692308616095665,-0.002617215075472196,0.004057405301712522,0.014512388858561435,-0.002586175849577662,0.005387912503201595,0.007196716748715667,-0.0030250917023417877,0.0006331942716883866,0.004002781375439759,-0.007614175879030232,0.007800126256240718,-0.03614984380584915,0.019357622880448448,-0.004912252383988346,0.005043041283332491,-0.0017089146885908468,2.3142623958009693e-05,-0.005304011602430302,0.00286422490687946,-7.051604688995081e-05,-0.000315775843161275,-0.0010654779661930548,0.0004631597200161681,1
154,0.18253892266906294,0.051075621845034495,0.0014190839620814807,0.003763808895255536,-0.0998128900558722,-0.07769062520760726,0.04184097310469797,0.0029829158340894646,-0.0076393624631088935,-0.02408419161074865,0.012493222328250439,-0.03615722398620687,-0.03412352335104493,0.1912992379362756,-0.04071182309613227,-0.05724913450353418,-0.06397219527306679,-0.09373973439014725,0.11547704912613076,-0.11588431982620306,-0.08538888077227837,-0.015027672374898576,0.10155874412047919,0.01227343737614601,0.07801672702836372,0.4434804492247484,-0.17797421260841265,0.152953839894596,0.17765760724894283,0.15505934982947348,-0.0966709490567294,0.1627276877310202,0.019823444918799466,0.16019659456235302,0.02905823325801335,0.02339425202914401,-0.06793010565926491,-0.017866144349854594,0.009227823661168377,0.08542968339473535,-0.061666304265301126,-0.0023501532529960015,0.14561661550298055,-0.04524126624084217,0.2545538916295923,-0.05310642214126983,0.11854827513164501,0.003644172074304889,-0.1112917719729806,0.027250947532429622,0.07675098880640231,0.011464098457220503,-0.00708197218606031,-0.07188587781089326,0.031898205599860785,0.06342413477551578,0.06214878498493985,-0.01675774432145982,0.06554098744304356,-0.0955982350297032,0.1317038769288599,0.172674606899996,-0.029409064658636012,-0.04960402213084534,-0.005405270759749347,-0.03645756200628531,-0.0117865302023463,0.05276060793249845,0.061236477093692204,-0.013281259499793158,-0.039990906964937976,-0.0866188323177716,0.02338650488588736,-0.0028698925190941797,0.01610740720883005,0.0015349279357952548,0.0265020698887944,-0.012023566772780913,0.02100307165714408,0.039022058818435575,0.023183917294222117,0.03178265755573378,-0.0206365810776207,0.016292054139886394,0.017298710421979804,0.00020065955306766052,0.019469928213411196,-0.020461740207148776,0.10888275588023898,-0.002448280633076773,-0.059913419146512575,0.002875443680807508,-0.04662602119705306,0.022802988403489835,0.05197476422382786,0.02473581911786893,-0.03629123086141964,0.049381942549169486,-0.03302341846985936,0.05310671043930726,-0.002161914534044959,0.059593057499145154,0.015478730407145046,0.008438043731698087,-0.04942569553470094,-0.08709243682812602,0.0016295385083087569,-0.04874499079411591,-0.02801533934379102,0.021466555555319938,0.08075437398703314,-0.09379120472447945,-0.02239120195715074,-0.036973490523477606,0.054393821596733546,0.13750158471101404,0.011215603256445432,-0.005376194644924009,-0.012404137826396546,-0.15142754146421547,0.06728897714559,0.011463497133867557,-0.04653316223391931,0.1485919053974186,0.13850890676471986,-0.0847179681892124,0.21325997007715541,-0.059730553502144464,0.023486780706955663,-0.009812887442292598,0.009364595409005295,0.04050231825453829,0.07069371458298154,0.015622032589485394,-0.0035773779411781676,-0.01491867374239595,0.0031752749855597424,0.0010325109748063705,0.03653710252730715,0.0026961907853020254,-0.019288019222770583,0.0016552901146480077,0.007784370586749732,0.00967784517723864,-0.006534510352918943,-0.010662197517615095,0.010153538535745913,-0.005441219321503465,0.00884279815602899,-0.01811031712340634,-0.00333131051485002,0.01684804334009024,0.01601661522197807,-0.00787965723439258,0.004000966841471672,-0.0015521749226223439,-0.0027331684385315134,0.005388656565974723,0.0003905253954840917,5.2686879730023777e-05,2
158,0.20181790854232956,0.03435355508320781,-0.01402758400363021,0.021862557601116245,-0.10847224066862698,-0.06592742925948886,0.03903551880002217,0.01763201401866884,0.0201890667857451,-0.11524155235956121,-0.004471119048197634,0.008580379998112082,-0.035800595344283544,0.0350789981889535,-0.021731817563631642,-0.08246056067215599,-0.08738420425531632,0.05227134401991241,-0.007508412449025837,-0.042915219217588126,-0.019105390536359883,0.06308010988176355,0.061204982923756764,-0.003030729013960256,0.08070930340880483,0.14428330774589526,-0.05821685126749834,0.0688948272770629,-0.01873385715722874,0.029095205234596765,0.019985565867629205,-0.041934591410348214,0.015774314440269405,-0.026697440329433234,0.022974115161860542,0.031800526907465036,0.009368451189476362,-0.0028902020814868213,0.04812808697655386,0.059342663844096186,-0.10756093506910222,0.004307316862033996,-0.09391514426215096,0.0343903633771063,-0.2058635294553043,0.06352226060332816,-0.1483866860674626,0.06678881684060549,0.026005172068603612,-0.21605061050015972,-0.02153880147543218,0.2709189488335231,-0.2601001937043177,0.35145407034549897,-0.012145569643678102,-0.10812215474678132,-0.028003979493316483,0.1457417976061936,-0.1322033238276735,-0.20038977626896734,-0.11865019671300842,0.22826000704297336,0.15688735449846541,-0.20116974743186516,0.06313640835215763,0.20490740655193138,-0.16348693061925024,0.003402231272894333,-0.06451000373267243,0.014954257257433943,0.0427330696878459,-0.06428692376029273,-0.02480785536910748,-0.0946792176665975,-0.12824609825412664,-0.09189689791265776,0.027823992251006804,0.005127459769154479,-0.07249227077808576,-0.06107451525369417,-0.04279024495592779,-0.0784344369530257,0.022998965571081508,0.10215714216438825,0.0712630025395728,0.06039927845830329,0.020509220322094346,0.08419988051891088,-0.10297454846978876,0.01619808362713665,0.010717314080175774,0.0027327395762210176,-0.08306425038722368,0.02429734012277251,-0.023966940285202815,0.031936464206416784,-0.10123956938783289,-0.014561261664131676,0.0372190874322146,0.011842955389760747,-0.035627086341789724,0.017110223844576583,-0.08048567070467932,-0.006405735285634643,-0.03641376215413161,-0.0248622378888131,0.0322777127774428,-0.024715868016786262,0.01989617744020919,0.030188657066446814,-0.01623509443279923,-0.00956141093192037,-0.028298419825402377,-0.05258186184182156,-0.008308909797353227,0.022369000511416496,-0.007572866908609241,-0.022205549304491316,0.003289194525689413,0.020005418296590177,0.017213059097824772,-0.01826403893054008,-0.024164192381140148,0.022429838041262053,-0.035747069658557055,-0.008369668304417027,-0.016149881760788073,-0.006466598153480428,-0.00797719746440108,0.003994645957552863,0.00928506166939768,0.004675922272564639,-0.007206283373597697,-0.015440914559019117,-0.009715343925745253,-0.010736536972534542,-0.006240411108099576,0.005076332841777734,0.025488992168245204,0.0029847315710865422,-0.006350563587831223,-0.0002454688089568904,-0.006750125787457317,-0.0043421716704578495,-0.002774249726936581,0.012986346202717346,0.009734833201368764,-0.002754812149282637,0.0026125479115268373,-0.003959068278588096,-0.0005045069285908117,0.009261137218902342,0.006357468199641545,-0.003317424310137482,0.009870211364397094,0.015079194527912104,-0.0015654214951670582,0.0008916359095305435,0.000798264243622637,4.891204136898714e-06,2
121,0.1825168224730865,0.1614291032644405,-0.047108501609057135,-0.09176569422939913,-0.09349176723186989,0.06925668271211519,-0.0073647163591512065,0.28735989352359925,-0.058340456771157796,0.08589375300529631,-0.08474870411954882,-0.009939614329797635,0.17577400810283825,0.2524097021132666,-0.022061254798612873,-0.05428870438046009,0.05673490818003342,0.0362174804709516,0.07149482682799792,0.01166424999462221,0.020398642716956,-0.16162514185504756,0.07343109018041383,0.07595573517298475,-0.05974842281488233,0.05933557453221911,-0.07069463017371617,-0.014960204285067228,-0.15268031885938574,0.013812190313620363,-0.045170508024071056,0.0480227780122159,0.07062233674255051,-0.10499380488966079,0.0162471243078188,-0.06980141006796278,-0.048148952725323116,0.06427096630333079,-0.12179084027270873,-0.1593788694408642,0.18084176937172933,0.05165258196526794,0.14754413572939054,0.066329130517983,-0.058053459406199305,0.04959136332581078,-0.15481303712381111,-0.0333925085119867,0.0036502535760810396,-0.10949880594526847,0.06798486747117252,0.003562968534253152,-0.03148643320457895,-0.07044503319787414,0.14726025644161314,0.1377234143114942,0.040437798784195435,-0.03202954309183945,-0.14920674506111847,0.10093960888241786,0.04494609881016902,0.0011482032471518118,-0.020731836389715392,0.0633953157282877,-0.1818669016889655,-0.028839946466062676,-0.10518474848482204,0.008325225887413374,0.031382591479446886,0.10659541792187116,0.09848300094045295,0.11556060877761307,-0.01077170119297616,0.00879125030739233,0.023692381940976556,0.005469170734194301,0.022432995070247284,-0.03585774395415355,-0.053428779837127585,-0.07476514251468594,-0.03419756753110107,-0.08314992071830588,0.05926917033991576,0.05443371884760548,-0.06333673847826841,0.03041693197777299,-0.031276918656701166,-0.04850208331459883,-0.13478602446859209,-0.009374792532385934,0.049454868268141244,0.04790712245924927,-0.05810965287301507,-0.004401407477590742,0.0314535363174274,0.015263937310480015,0.13273752565871788,0.044969060312297256,-0.051616109744620976,-0.03313970714154801,0.00034286262322676884,-0.025244818519276586,-0.022084467836455002,-0.045633281852848574,-0.06338052262869348,-0.08799830943509776,0.08366251998633431,0.030967491024791877,-0.024369645577480586,0.093805442256395,0.03431752835681021,0.06928748516911029,0.04264731431686214,-0.019929362196803538,0.03577746023605436,0.07922946702022053,0.07415682080469513,0.0314950627003021,0.09021185809099315,-0.13012265286413896,0.11155457773218504,0.09429739603119545,-0.22728528290857647,0.06599542506237896,-0.10057744786178514,-0.008375533942112228,-0.08526062134149688,0.04106385544016715,-0.05150882032365582,-0.022625792713882608,-0.034583318647756316,-0.0040486089436481435,-0.021560822014863965,-0.014794729466012098,-0.024702662586763124,-0.0049782398358277,0.01251264861150186,0.004929293899850295,-0.05455339967446899,0.01879528356648148,-0.005573636956869731,-0.017211118752525373,0.0009205556906422579,0.020661148738967294,-0.021838151610221953,0.01969184885353034,0.012458681334972193,0.0114022356584398,-0.06182171318303015,0.09078918789788933,-0.01604536364933742,-0.004708713020057155,-0.005450374811808979,0.0012118606512717357,-0.0036457183443123096,0.0018438638900273561,-0.005004239921032015,-0.003016973090216926,0.0003586091830604387,8.115286590088737e-05,2
113,0.2795532545812864,0.03621639769117223,0.02421497326931884,0.030253023869093232,-0.06337686484887425,-0.05728082980521794,0.01892527223138536,-0.01828953993038501,-0.10123998428849064,-0.06745610977938152,-0.031909556106447565,0.02608887665987447,0.022417117910977814,0.072589407010178,0.002311238195752262,-0.0038156967016448125,0.09008220236957973,-0.04903125887651933,-0.059571409637982235,-0.03073480183538273,0.1567419077598209,0.07176026358065923,0.025326412548897486,-0.015435236984618633,0.08462920431458071,0.08171541450784621,-0.04802264744768749,-0.030807831537092503,0.028514341198914224,0.05769743837533801,-0.10886633409599158,-0.03367986253590238,0.0088096825208824,-0.04242831564341143,-0.00508409366576258,0.032085425046899506,-0.03844429257603127,0.0828927061986389,0.03092402700470231,0.02083162395868938,-0.00826920330205142,0.1360460286871568,-0.06425578487998249,-0.10643323397522006,0.0056993396969168145,0.22568661453902958,-0.06261423204105256,0.04831448614981941,0.038885545219783484,-0.18319896447199813,-0.07026074188635785,-0.04564697089962766,-0.16692726188393867,0.09977223234285605,-0.028224064027623032,-0.1678160269685224,0.2271814702215998,-0.13122022396770203,0.1719544483166863,-0.1681502924659041,0.16439502517020194,-0.290855632396604,0.0726920279448447,-0.013151818537292791,0.04355892591658091,-0.14962293461727805,0.12078560496698017,0.005958053600199371,0.0017650680672789494,-0.025273667001274612,0.06653526436437773,0.17127572036139824,-0.09645057704694351,0.04022178642107372,-0.029351676617945244,0.05309158106139143,0.0699646940961258,-0.11481359952308401,0.1434839124481702,0.12139072205993057,-0.23579245220331868,0.0946581774157094,-0.22281093906817548,-0.006721768325275632,0.12363320840427869,-0.04892429223397216,-0.0659408936784906,-0.08010378206800409,-0.013661539276722336,0.019038663323386197,0.14544307406899448,0.022148049867187398,-0.0036299370292321876,0.037000900814771004,-0.021599997988915817,-0.014585325518206817,0.009294775424149698,0.06425924928129678,-0.04656720981290247,-0.024766503343153536,0.05797903788013842,-0.09719937501956888,0.02868073807195843,0.012726006842689297,-0.004432541001800157,-0.017955023960684074,-0.04422467025449937,-0.0028194561171753724,-0.046889348653361654,-0.007547162658647133,0.008125291817667161,0.006663830087010618,-0.03608215766464729,-0.06569581076843227,0.014115958506740026,0.035874673370154604,0.05505748952914272,-0.00788813390094619,0.04523815646169192,0.030498208489256478,0.02062861470881803,0.015418028895347092,-0.00808561127478157,-0.023575667347565762,-0.020807874102757955,-0.008005050520498318,-0.003692210560438262,0.003847572349400881,0.003481765789071781,0.040182993442809956,-0.012599806947060378,0.008861708595925217,-0.006822151463979912,0.003547248222346201,-0.013738434916485884,-0.003995276270989083,0.0003731478221495124,0.0056353408169428605,0.015339132307221916,0.0010785875106301692,-0.007412503960681033,0.01755504492151455,0.0029465699335672665,-0.012656803042663761,-0.0005020652110418744,0.0010840261387577918,0.022829906329623798,-0.007335206982863064,0.004282369093454528,-0.003553337499291627,0.0032779907375338068,-0.0014018115545575303,-0.004659118774239913,0.006452858632839998,-0.005588833709252346,0.003463755994825506,0.0011043055452472333,-0.002287947685573234,0.000664850993610793,-2.450257174534771e-05,2
40,0.26711817311475855,0.046251393265380185,0.019451105234297352,0.010218045299487302,-0.08019777441494277,-0.07179397308403207,0.011186277694345817,-0.04844314020093619,-0.10405083554848034,-0.10244217128648903,-0.0802924529056426,0.04308124833923645,-0.05632212468812002,0.05701141453477607,0.010395834477657361,0.05306797963358311,-0.05690075036092493,0.04933439017447312,0.06700247407883485,0.011289552723508792,0.08680555716769095,0.04127973865588376,-0.15108437689108145,-0.0234905607977805,0.08053146120258273,-0.280771332996025,0.013849047109851163,0.11288153056608838,-0.0929291354625982,0.10707792001269612,-0.20419022428635364,0.21327131026873483,-0.13373346574429615,0.17313229548268513,-0.0893517044168613,0.08945023342130591,-0.10083228120579585,-0.10556295309994342,0.02157665793523953,0.03461894728249618,-0.1127501082103495,-0.0404040089870224,0.16534566319104027,-0.101814192214857,-0.09827571391894013,0.013606643605584936,-0.04849382918131877,-0.03289643000782357,-0.002018232353169328,-0.05726434159319218,0.03941129158062327,-0.05887411434737444,-0.012002648757773033,0.025756654749064363,0.022652005184158833,0.0011171731087093793,-0.10630786527607987,-0.04354240726946919,-0.017190110657957856,-0.034277948378231456,0.02733972024819994,-0.06887145857670651,0.051898432728682935,0.06384788233890192,0.06715139558993337,-0.057338696399408105,-0.040230081641135416,-0.06704794220223681,0.12965665447996044,0.02520881454713831,0.05787594119418339,0.05967353061457772,-0.062259616746559165,-0.0009569454728965629,-0.08091895742697337,0.12478229230084742,0.06887879357330166,0.01433265921055564,-0.00987189624094647,0.11954073274484975,-0.04305933476714208,0.05465986778753181,0.13653082532592856,-0.0645660935146037,-0.07741692246731711,-0.02605086632856555,-0.01215881523282782,0.13758711859269396,-0.14617611566104438,-0.09838654500759794,-0.0804222856262371,0.0773522320529826,0.1666582605856889,0.004336996523779993,0.16229235451732743,0.0747742228061471,-0.05993091981281866,0.0018708863375999129,-0.051727197084308556,0.03098293222984104,-0.0949767417904551,0.24790478515360134,-0.026452385949936034,0.2037789051115388,-0.15142225904708442,0.07614568087722104,0.03352246303766301,0.057852993329517974,0.06518300647246472,-0.009030957026575519,-0.0359358809538702,-0.12828743481500285,-0.029251395846028615,0.022941552062302754,0.04157463152787345,0.019378400361741495,-0.002884860838768911,-0.05034231627153713,0.03274882256037281,-0.04410219725927648,0.011978894869971585,-0.03752460695996045,-0.012174243230064982,-0.028471733522003828,-0.03467678404136092,-0.019619939935313403,-0.029813410575864265,0.018772673571286834,-0.029278758767882232,-0.01701596015494012,-0.0004442124355910098,0.03769809036345877,-0.03144056551659261,0.006248931763885853,-0.001239648250602095,0.005853301458424826,-0.005978721007528026,0.01248022764052182,0.017207283485631504,0.013587666117004897,-0.009648425653470682,0.01993351111072937,-0.011037922915541027,-0.012667398624842802,0.0117172890303446,0.0048779569243684595,-0.00696984545372007,-0.011500924699477527,-0.020935166906568867,-0.002247919121786634,-0.005906595764088356,0.0007953946649465315,-0.00042069536436872314,-0.001788664269283636,-0.0020584356956045557,0.0025905544101279395,0.00850755823220491,0.007469981689416859,0.0003084866098051573,-3.1557845313994186e-05,1
10,0.24920123635558483,-0.01376820737854471,0.08019002956771788,0.06179753508378087,0.010124809942881603,-0.012380129666979146,-0.017433432561028306,0.007131522136903958,-0.11382806681784244,-0.017822089015159217,0.05157620341497971,-0.04989162319818118,0.09459891645421488,-0.036672870908086956,0.055073703517247406,0.016845471411387116,0.04331309531037452,-0.14099755349168985,-0.07388021284362248,-0.06401138346495447,0.31230832515447793,0.02551576031698688,0.043254190564911796,-0.1500553479503664,-0.07352325811642031,0.101046740992982,-0.06112919920660299,-0.2019150154874846,0.016670769859995768,0.02363027428265252,-0.16051584714116846,-0.19534001314574773,-0.1165723955139847,0.01752077198983263,-0.11206853071335701,-0.05449141360654771,0.009767469813691119,-0.11299477587269584,0.09831285823691849,-0.047449356147090595,-0.084224785812178,-0.1704027280069107,0.07557617676773114,0.09790519059304958,-0.021754477010378418,-0.06488850367345227,-0.006844031185681873,0.053786250656024964,-0.006347976528231149,0.03318051369193927,-0.10082977565657655,-0.001857874949622476,0.22200419234598553,0.09979028781355435,-0.09659621532082151,0.1605263637792691,-0.04502296284451798,-0.074214779756946,0.0537807348850688,0.02032916676338573,0.11714794862929565,0.012368887347440164,0.016771546977649286,-0.08380889947915648,-0.10775732971943808,0.11752340846151325,-0.0633688764784839,0.09377494130881364,-0.013374348876886755,0.00726775111884671,0.016075111854447103,0.026449584810183682,0.006271849587260221,-0.022349913381247484,-0.03357724902460097,0.09113381071170507,-0.11281749450983551,-0.04283386997365863,-0.03495033526285727,0.08465821892400478,0.08022818248610668,0.012039717457723389,-0.07633186597597683,0.17732362730085374,-0.10771481702775824,-0.0035497606313491235,0.039734318429452055,0.07767690143025262,-0.11216460971648026,0.08464672816819539,0.06767190257788146,-0.09579596082436534,-0.03489124917476447,-0.03152291861086072,0.06787096607219793,-0.10251569565871153,-0.04201083290367717,0.04300478179524332,0.07570165636872869,0.020176684448136868,0.009772675398774964,-0.03490742518922823,0.027819965562771803,-0.02441375619893249,-0.023453628061332214,0.11106835367068779,0.053880898464107686,0.06040369405449163,-0.08804375611655725,-0.18702844472901103,-0.11092670398724339,0.010666471183161736,0.058147673165835925,-0.10726259917850813,0.04771674889775837,0.14661009829720922,-0.02372794110933326,0.020539892107571223,0.08190676291040429,-0.02242686611668527,0.11228169758727102,-0.09234183548327397,-0.01449261510343574,-0.08476182599431757,0.005991815214544202,-0.00694517230195979,-0.026773330490910793,-0.04511878587450221,0.09037269526892604,-0.031504913497629766,-0.0005499725213924699,-0.0357006204381623,0.03108985157284581,0.018927705852444514,-0.016531441701402555,0.003451846355329492,0.01700486516176055,0.0085403930125764,-0.00015539859711765725,0.00561354692406237,0.0006345970061218198,0.012092263633660096,0.009888033281317347,-0.0017420699118781925,0.011286709202089762,-0.012183070315568692,0.013615082500386117,-0.00668804648474043,0.01515446236657527,0.006369259137942929,0.007827975539630707,0.00044085507975299455,0.0020984682958087473,-0.006904801154502238,-0.004048771342218718,-0.0010047842885564304,0.004576522076021711,0.0005572566786096274,-0.0003077683258404268,-0.00011382646887588303,1
200,0.22939410503935154,0.07296276938692889,0.008613350695119244,-0.0022092426408301916,-0.16866096348402415,-0.0004018031842050341,0.005333842762857854,0.00968103762640982,0.010057317502219802,-0.03761648798523802,-0.026097699056918545,0.011344523337538064,-0.061480271376519,0.08730754029195364,-0.01914449701723837,-0.18166018966052874,-0.0014023348746623806,-0.23346093057139194,0.09713336133530771,0.3449351932050508,-0.161261315325392,0.29272721989631406,0.21133725021322297,-0.021124356218082244,-0.21760867150842247,-0.03992534355624026,0.21490780001137394,-0.24215248000568818,0.10955604218431873,0.010329548166364754,-0.04814366456136167,0.09542393718331223,0.012349628026587416,0.1008844957455407,0.1122688434105404,-0.11400198509785851,-0.06858901847526719,-0.0191954033994324,-0.05518123396293086,-0.028677776897938177,0.08278404724257919,0.014007136494249004,0.09159792959944794,0.029773594225691646,-0.03388900746480001,-0.03324278436325301,-0.06528199914987702,0.05514771266649673,-0.057390941519163394,-0.004008794031488071,-0.007032359221882985,0.05530670882804735,-0.015042841121614857,0.0623100348606996,-0.03098486457285314,-0.03286891360821447,0.024001918491717577,0.01814850490326011,0.04740964552816004,-0.032737354536106315,-0.04212991823997084,-0.001319590397170989,0.006401404868405968,0.00975483614595804,0.018612591665863647,-0.030566078678023724,0.010588036355321576,0.011242343334551364,0.029304381765201407,-0.009820032029480398,0.007726146776321748,-0.06842112469909138,-0.01011405780865867,-0.023784271412642118,0.0006984889706104188,0.02164207250568208,-0.01097214849662222,-0.02342306216067999,0.022902861137147967,0.031126912256925193,0.016261330704663537,0.0007881584824344209,-0.016321370132735318,-0.009844218487361228,0.0017723424825460232,-0.025482840871347803,0.028185705761434705,0.011903834182969171,-0.026584009519926288,-0.015679401335944677,-0.0019550600516890534,0.0022122636742623993,-0.02665796210029826,0.00622880919444577,0.03808602285489633,0.012726954162144418,0.0587703954771798,0.0017604214880850505,-0.014372591103321652,0.007819718297348469,0.0014021415664425608,-0.005524751731614259,0.0015794349701481192,-0.022393156919793,0.002773811118109467,-0.016000922818548147,-0.009363331630802052,0.02033125793380908,-0.0005677176849044666,-0.058534625011661456,0.07098542252196577,-0.10816444312437352,-0.0062258823956163134,0.0018819920163872872,0.03156328860256325,0.01449540017000769,-0.025849079957095136,0.0650443046996528,-0.007687980427543696,0.02671083108547072,-0.07410790841651449,0.02355438567958889,-0.046235575354496176,0.0009959509533839827,-0.01776065572589261,0.04797873315937873,0.036577034582999775,-0.020463148610731736,-0.02081922603266379,-0.04758833567979545,-0.05695566994928109,-0.1683786801959354,-0.07228753741550947,0.030888445963940043,0.22269374702135136,0.3072548812837254,0.09223706116152323,-0.01473478990124209,0.026952145152710563,0.029744445576269974,0.033453446014840085,0.011674995069107746,-0.010366940187275731,-0.019134593537317775,-0.0009617143303215673,0.04078409731039865,0.0022821790828574688,0.0003575788080511372,-0.007551797406011161,-0.00272138321645671,0.0027100160244704534,-0.004199628821399003,-0.0037457094613453966,0.0007713793556311391,-0.009722855100062523,0.014219623581332124,0.02020642903607225,-0.009086469395498639,0.0008475557636413238,0.00023989583112339055,2
150,0.25468477829219366,0.0994267996603067,-0.008034856964293874,-0.006246344699725376,-0.17800364371536279,-0.13811672445547685,0.07277116216702294,0.01086376182495207,0.08645501024939799,-0.00265247375643616,0.016432870477353718,-0.051970127114162726,-0.03618307556807279,0.19771573826343544,-0.06242699396550667,-0.09357386390448041,-0.13201092320571864,-0.1138784876020566,0.1344344758257292,-0.12074239704222522,-0.10121967747524155,-0.049473101992190606,0.11434163481619575,0.002350307870188212,0.09081570580411719,0.43650224995922254,-0.14645743191465715,0.15582447416579448,0.16863750389949847,0.11989004083009595,-0.04614783298290323,0.172680880660233,-0.006417316982419097,0.11219844029778143,-0.005031551579950078,0.019755810310978665,-0.062413260561512196,-0.0176649928114183,0.0008904471001837206,0.0547901823660904,-0.07128516398584062,-0.03773033235501517,0.07391565800685758,0.012107182264301119,0.0847582701451819,-0.05862756960037166,0.023137746277417333,-0.04646883458508016,-0.05472673735682899,0.088269315438158,-0.034489783270475055,-0.06667608761478931,0.030998978592416328,-0.06613605457426097,0.04026253986828061,0.032684777146338585,0.01104513676100928,0.021963419368736158,0.0012963842227348137,-0.028791712606864785,0.016176942022612315,0.03205028047952224,0.007772476376951977,0.035168255677032786,-0.02019459076644714,-0.002996414946319871,-0.019131594695457384,0.022328151500840228,-0.008475626670743568,-0.028720196613901613,-0.01832056002088125,0.00814523580749947,-0.027678637435148663,0.06724200746009174,-0.0005936560252408126,0.013506374265673145,0.024426957463184955,-0.011489988526740045,-0.03653106775615395,0.030339004166903303,0.008987310554195887,-0.005706150535209653,0.040896460029095735,-0.04236702328795213,0.028300472402102796,0.010004702812168233,-0.03143269242558928,0.016368637987170018,-0.057269239702824534,-0.013712496617851228,0.040092221564570873,-0.027690516164932778,0.0477065137892116,-0.007802776511510824,-0.0012788339050279689,-0.011381404165693531,0.01838522727187022,-0.04245218063982186,0.024244186113787817,-0.05791468593769945,0.013708572404306243,-0.03699535705909668,0.02597487792070949,0.008925430278298266,0.07016669816368598,0.09366660478966263,0.005558430036069984,0.02306754777680371,0.04009770017039804,-0.045497662064368255,-0.08527045897191401,0.10558377205130548,-0.004886488600031961,-0.004232335113590398,-0.08250475966243288,-0.144525890674999,-0.00732801119041908,0.002995220050276899,0.03654766373544321,0.20538552065379725,-0.06677709948064099,0.009436750561657834,0.054317333856367694,-0.1701234810566475,-0.18641637443393,0.11461178648011766,-0.27677257984898146,0.0641084625637253,-0.04895985521162041,0.017074815809546336,-0.008043970385692515,-0.06264584912743847,-0.07668745845156297,-0.04039448053132679,-0.008432727093893798,-0.006351449638731993,-0.0022510371644903432,-0.00369763661097021,-0.03820112776924339,-0.006443485495459121,0.008563163385475416,-0.005359788274474794,-0.005049749873128017,0.002011843942468371,0.0056851944678952306,0.012344958160609947,-0.006041475405395885,0.008438041020328385,-0.0032223168512697745,-0.002885384634715127,0.008067050643781567,0.00045629788448104834,-0.020209671097086365,0.014798001056866312,-0.002819982483079836,-0.001221177079888023,0.003656543629850417,-0.006558443130242931,0.002359595069845494,-0.0004191339753771609,2
96,0.30829592955814533,-0.20815675534614173,0.42431097718092076,-0.2972829699487637,0.10383214555574635,0.04668767518939322,-0.04307216097067589,-0.04465261430206631,0.03788379305292913,-0.016269789442290617,-0.08471697454982839,-0.1287697209557414,-0.00017176121248350766,-0.023864194449473828,0.0004479562429405505,-0.03837029824196198,0.024068938482225525,0.0811794740763598,0.04415056888987783,-0.00318025422697599,-0.009637350236831335,-0.07413320410381695,0.17898922333452855,0.07546790368075353,0.05589585038119137,-0.06415267410635607,-0.027552399012620386,-0.02188918160095062,0.04989877970856008,-0.049887392862960775,-0.014670700395114604,-0.020581191857042595,0.012041657069678063,-0.017804765817573516,-0.007322111290986232,-0.02509196117184819,-0.05102145304115487,-0.035470131224307144,0.00357512229420393,-0.03360143021212479,-0.06509717211101654,-0.028302096373813538,-0.0021467704621583455,-0.06728934293391035,-0.04235449856254002,-0.0754369414813352,0.019625390851254008,0.03620810543808425,0.0011628862768215944,-0.022601168468769313,-0.06676514976492219,-0.04684886552248928,0.055455541893293235,0.06561365259514305,-0.06176263347561485,0.02804478292706516,-0.06760244109577855,-0.0530671313829644,0.058144335998486237,-0.06733465753417801,0.001257208745062379,0.0525477783571321,-0.06373418954117127,-0.03782587666729575,-0.10741560469831374,0.020823060385812643,0.07223876774770434,0.0007773994779819876,0.05040947404532648,-0.026518671020326335,0.026788131845940467,0.03314703223215006,-0.005627356360370904,-0.0053664730767941805,0.0443899691953075,-0.0858363992199733,0.032085974708491345,-0.02422411681366927,0.0033316889191977207,0.02812057573194814,-0.03952421073160349,-0.05153244613331777,0.045275847581496886,0.03371520729843804,-0.018595035395118913,-0.02264313489327692,-0.049440186347417626,0.004013298015220424,0.04101416893069428,-0.006114383117898388,0.027489761687808697,-0.041287158394887544,-0.02425118930915086,0.024674874798177076,0.020203874783442387,-0.03146809087542394,0.015449567646105155,0.011807565571506196,-0.10372533253092352,0.028701437935434174,0.019984839169833093,-0.04924066306176988,0.004014183877306939,0.005901048909686042,-0.08321908381081765,-0.0010772079362576163,-0.010794613366304526,-0.02438627846012987,0.07472461889429363,-0.07286849762813367,-0.029053134579822514,-0.0128284918369167,-0.018619519894043566,-0.022725836387443816,-0.026574486672703113,-0.06460181197315513,0.05836483550888173,0.02447434027769637,-0.20959177620707103,-0.07703126173051936,0.08142110623046935,0.015937855141647427,0.0009246809132850697,0.050394923985759545,-0.154073875684289,0.1045358811245644,0.0524442109174968,0.009423092679472615,-0.14146699606601884,0.08113448957032426,0.2355761881942286,0.03729805471503406,-0.11816803824332492,0.2439634401752376,-0.04003097468504978,-0.011550185497252428,0.0974262898225489,-0.06880689188544165,0.05679970552244096,-0.07940155874649871,0.05818267251714413,0.020768566122258064,0.0027951071058375247,-0.0400439221552362,-0.16178187477583486,-0.04175106094348917,-0.07629992036513708,0.0032733917029909763,0.006675147645043555,-0.0073546448458486425,-0.007288587999431139,-0.001162659328332713,-0.010941809920267697,0.006150485882055479,0.007525325444863922,0.011924974908897452,-0.007286955877263236,-0.008214630021403302,-0.0005020725832238354,0.0003546903082370177,1
161,0.26326236925881863,0.01296719308533045,0.022727472106433513,0.01003671983210961,-0.1224046883360426,-0.03335873253648408,0.0487529111225916,0.009249114775539146,-0.0009975396544790217,-0.020161951591602237,0.06039767806721471,-0.04937047710927715,-0.07149217962670375,0.031531405289023796,-0.05138958611274699,-0.02048035141663839,-0.0417093675145418,-0.10539017493356147,0.0002562405147254719,0.01562936593849433,0.00025785381803169116,-0.06129923195420781,-0.05400705822576696,0.04431599425189489,0.001733829699543681,0.07417340138159703,-0.10377029549650052,0.004441941016403588,-0.05929718635178638,0.016441691703523303,0.04980315705136125,0.03752726223722984,-0.043866044707838975,-0.1559170400194934,0.05195796319498962,0.022907699957824226,-0.04604771739411635,-0.1134917053776638,-0.052854650987010435,-0.01836444963404696,0.18062804254941725,0.007720981472693901,0.049286621322584594,0.0491460412078355,0.009786890784728034,-0.07188693226725987,0.13544049946086753,0.019330424528823817,0.06093280611931558,-0.2193509612764259,-0.17097736194946123,-0.2533943684355706,0.14553895310626466,-0.18920735190074756,-0.11853562040915572,-0.09075221710569478,0.018773339433635187,0.10641923361258858,-0.07815216026880056,-0.1357640319650286,-0.15083343225509807,-0.07148449046443088,0.03277582719221807,-0.2583597896653463,0.24814821759864228,-0.031240507887350062,0.009223926902445877,-0.049029317821501675,-0.0009013463696311624,0.03671156861980532,-0.02697398542899642,0.1091681108951805,-0.035837407876580574,-0.2612450119599516,-0.03323918515185177,0.0015540895519451062,-0.3147009070755302,0.021289988643917956,0.0479124504851586,-0.122981735554336,-0.09995647226111813,0.01248200605411032,0.07112667745290784,-0.1537577162035559,-0.17543823902615444,0.001511595562073535,-0.03163102042374834,0.04624654126173982,0.00756209988177531,-0.035194495578085315,0.00618204536638967,-0.1069214953000744,-0.06850121898436455,0.07381118484557452,-0.04603917099977282,0.045110522572262945,0.026356870667309826,0.05185648285723167,0.009694338007533514,0.016843967890954964,-0.0294131921007437,0.022181158588357893,0.03148237083838452,0.019748682676705147,0.00729022685098282,-0.0027723106750358064,-0.008370105346442561,0.02769330596165083,-0.01098207436009119,0.019982605868445972,0.0023662699103506354,0.001194167361443562,-0.04851598948622586,1.1435384701147418e-05,0.022011943951844616,0.03996822853712943,0.011846500845603194,0.037108242284838965,0.020758578233213764,-0.01878512409734007,0.002073087010691075,-0.02109553420545919,-0.014490885992206387,-0.004548301525749649,-0.007261984235326092,0.005876626369214591,-0.0018046979494730129,-0.007865621550452829,0.023750545343763085,0.009858419674523975,0.01998812131595066,-0.007297603721464512,-0.0020415137335168723,0.009027962903503352,0.0031499682681003513,-0.0019634190546713335,0.012226389077478434,0.00441613787831241,0.01024402091528381,0.004576710716617086,0.0008466994307083494,-0.014987112245915356,-0.0027133352027300783,0.004950309990898051,-0.01781321268259836,0.0062979040472172275,-0.0008603980764854953,-0.00462816846352515,0.0058277851532950245,0.008640089816488398,-0.002620581036019454,0.010036809408777736,0.003622492450488371,0.011327119394448958,0.004960516713820464,-0.0029349073009954305,0.00035065598312588675,0.002060937021884782,0.0015255216647599664,-0.00037425375526023343,2
63,0.33717855714420886,-0.4580647050550181,-0.416861288651363,-0.12704573063216584,-0.03279510904121324,-0.053340269191575085,-0.16764588510950232,0.014810085414954407,-0.0068718341359012645,0.028996633287624224,-0.03116466411103126,-0.03595983658902292,-0.026201856175371564,-0.010420190185629554,-0.05191862555724491,0.020970363042357006,-0.013669709416898705,0.009405310421051739,-0.019364116494174813,-0.003707333379226333,0.01203493232135627,0.015474648771332512,-0.0023975267457691787,-0.027578165430493073,0.003937634294991326,-0.0017742950562888282,-0.023618290785604696,-0.035996247783611095,-0.01235196019156013,0.024659004533773586,0.00865696314030482,-0.00589692035121152,0.030652487301222123,0.03594270915208836,-0.0022447658131041015,0.01020836884940028,0.0005071991897843582,8.130940873102288e-05,0.0036595205485868837,-0.013799276485017558,-0.004884044271800338,0.024162890555446077,0.03146576490518934,-0.007011270350234448,-0.0067784595427806595,0.016942665499588814,0.006207130693663888,0.015136312534610279,0.0011878995324597712,0.02525790170387451,0.0011283853509268366,0.0007213448391768483,0.017340964860647692,0.004730978385992514,-0.016584805815830286,0.029836006700521306,0.0035941192008533433,0.019283023779500724,-0.008630498943896794,-0.029321504491421013,0.01586745460766351,-0.02097162226728091,0.021397441708222192,-0.0010992522773585053,0.00566497008141498,-0.01653051840525421,0.01915584481519427,-0.031189301695961315,0.011057270141733582,0.028177666075048836,-0.04556140075358828,0.0006195667033591112,-0.024373425411483417,0.08392513006952533,0.008937155374652683,-0.0510924107851686,-0.036918737455787345,-0.02145637852312707,0.006058353408971944,-0.025719958506258744,0.020891225847869135,0.031087571605724798,0.05850078771359561,-0.024423097824658273,0.06901866400606833,0.041454313128811336,-0.0011337528510287588,-0.017580243732819658,-0.002061956094251054,0.06242299285646963,0.006526491544874249,-0.03924141449072511,-0.05964755303285998,-0.07775076115451618,0.036000505562387076,-0.002709240799375526,0.017379353564968517,-0.02999013415798319,-0.06235484533337876,0.043985978337882925,-0.045783612805348525,-0.06241565494562317,-0.07262993159768533,0.017166668711064568,0.03944722774488448,0.005162041950267384,0.03803139545569076,0.01460439869106075,-0.009812793712637482,0.03690365454699684,-0.07017053368380508,-0.03830938729043914,-0.12485574900923216,-0.032059871245862265,0.09262219883079997,-0.12286678417405189,-0.07637009092966532,0.0172512961773192,0.029601128146493016,-0.05133318159457184,-0.033143598456827454,0.028654243959795534,-0.0814112860439409,-0.05192631436275991,-0.02206938588042109,0.12418984315951943,0.03326578580101947,-0.08926253426907735,0.00955284424080555,-0.04029416518550952,-0.02058161942491866,0.056786507813103744,0.13798026695757112,0.02897366635191722,-0.10448371673705498,0.08405252347639532,0.012830627101522003,0.4119803154463484,-0.02898505955630151,-0.06873799541601529,0.05999602409296165,0.012370939721499484,-0.17030791574521084,-0.0960897502958232,-0.055323196248794164,-0.026456027081684035,-0.020845852539162164,0.035964125692982345,0.0014664353330527354,-0.031279904440222765,-0.061276929124121034,-0.010779979960278598,0.006776331213125115,0.0028275486048861473,-0.012868430756969952,0.006924861228296986,-0.009198732916128364,-0.001695751107330487,0.00019102988208762124,0.00045801257053048315,1
147,0.1455654719075335,0.0586806697128481,-0.006509006193784922,-0.005738848971962383,-0.04180152960882205,-0.007498162517111804,-0.0023112098787356674,0.02511399884720716,-0.01440119849684253,-0.013347905257399989,0.004954435457484207,-0.02593988643219831,-0.021911327747848177,0.03163764114689308,-0.026290429114078494,-0.014920321668469953,-0.059930305985732825,-0.054845762052826506,-0.048903658470758865,-0.0002564343417076104,-0.05751035861738235,-0.013159268484480124,-0.042883428203904575,-0.04315407664483247,0.03369210201416967,-0.05550697078404171,0.08789159240064923,0.004577978450428758,0.19425223655133506,-0.023882575761991567,0.00834986366963901,0.03425336847853315,-0.028077791032578674,0.02959335410508744,-0.037608025725640454,0.061099606679990995,-0.003462182014055838,-0.02580053903079282,-0.07498053265913296,0.01722372913105789,0.03496024339138675,0.07192230781105008,0.08645017287059607,0.1054460250982686,0.30849226404760394,0.05788073612366738,0.14002008882092404,-0.29337219353481747,0.47930149516725595,-0.04339937635249357,-0.18705202847392094,0.3306773526854177,-0.037481334253209535,0.13452494731115427,-0.021865161450022062,0.07459583733394831,-0.1397585250058625,-0.1731681522012462,-0.1595744030983561,0.05639344450961621,0.021805192432553057,-0.05745145629888537,-0.020406887219069268,-0.1002845629346354,0.0046085232196049555,-0.11240017422323488,0.05508154848377005,0.03906982578373542,0.015686176601043777,0.25579720954111773,-0.03500680232447248,0.06088020862296878,0.07813836671494759,-0.07300565629438803,0.05585977375079505,-0.020568214700159213,0.0420025382550437,0.06515005099455567,0.09426939048366156,0.03898448204360357,0.010016378878790066,-0.04873453222989354,-0.026352012816361167,0.07721785107951337,0.008132838825879764,0.01485539608246664,-0.037023591808852306,0.068287900893378,-0.03224927186011097,0.017801309243031287,0.02437149943268169,-0.007925163949976404,0.015302844463857384,0.03752962733832096,0.035206776174504836,0.024175195959769784,0.06007863477695956,-0.032450858972057704,-0.056280994371593826,0.009734862602660923,-0.00870196332950935,0.0017255357858529843,0.017595882929780815,-0.009748839874087676,0.029697456006155386,0.03587537477801681,-0.008691233801776827,0.003759152255176362,-0.006749035954296776,-0.009365172826217998,0.03349651364691094,0.025628267838929745,-0.0029004736041867373,0.033026242443258615,-0.02097697380749593,-0.04192247348132664,-0.004085817179663569,0.02980030576659863,-0.024936693718238326,-0.014850280331502494,-0.015712585099136412,-0.03335586761998565,0.032143806942473076,0.010380191952749824,0.0033175223789118176,0.019363182551114723,0.0071196520792992475,-0.016147110005010925,0.013077796217659556,-0.04187285925131248,0.013730822278330198,-0.015285006225497132,-0.004126565684241632,-0.015133721908814016,-0.02746432039892431,-0.000181452397166134,-0.011871751706421883,-0.00920351302194648,0.007993809192051025,-0.0031929198694230347,0.0034433405320989418,-0.009094195659072999,-0.009999260418673196,0.0005818191642626813,-0.005411864486030861,0.006318243628261928,-0.0005142668767770015,0.003081539258687484,-0.011383130862067246,-0.005532344595414123,0.0020105857339904297,0.004562295815848119,-0.004261986895118511,0.004152256282611984,-0.0027914701815168813,-0.00046927184159960213,0.0008859996463818018,0.008608557975510222,0.0009810085062836606,-8.61182633111249e-05,2
46,0.24728386776545022,-0.1216046880987945,0.13821350953064246,-0.08832189946096944,0.013430675029204758,-0.01371970435053815,0.017844095523526015,0.009070582228222936,0.020981881774895968,-0.03653050672350723,0.2951781814966139,0.3890399599934777,0.06789790164909613,0.022036037755798685,0.014524726095353331,0.02617573041293507,-0.026115018907625825,0.03217252656867596,0.04804596002158339,0.038798075667550044,-0.020318268039385315,-0.008899839219465197,0.02247978398915375,-0.06044560471912331,0.07744950843749387,0.04034933488040505,-0.07618099639951452,-0.0789045844794057,0.0064749556321976875,-0.19902501840756542,-0.054410119347098065,0.05907707380399507,-0.06091538727035862,-0.00920144131943042,-0.003457865354063039,0.060994987885290466,0.09782970308173905,-0.05428626777889141,0.000870783062146166,0.04919572322721217,0.048909276578948994,0.028240226122198727,0.05518249780932039,0.02896734641932844,0.02697559491265963,0.036074771179492496,-0.0737606225230615,-0.055037811033562464,-0.018645304744292844,0.009751136428880407,-0.003602124182798721,-0.017685718970666432,-0.09810483045862164,-0.03289710435885945,-0.017013105422577213,0.022319721221989143,0.028414924196730307,0.0489441175632924,-0.0379163699698549,0.04770968372142764,0.03328578035716806,-0.0889508147044314,0.08901561571489358,0.03669479150995249,0.113633696773299,0.048580078503723825,-0.09583585013920946,0.10330321277439977,0.04529299939104619,-0.002661075102274959,-0.08113675834326223,-0.062208974055238064,0.061400512685667215,0.1523535635639425,0.12220805274621639,0.0052760732332597085,-0.13063624998377898,-0.0630915169033963,0.03656048715876812,0.023013303906036203,-0.024001226417293162,0.14611273723822427,-0.11674310831273553,0.007457199537792766,-0.10492996172161975,-0.05641874602236621,-0.07634500188385608,0.1417056165669675,-0.11828411168531082,-0.021114110189489374,-0.02937234977823493,0.1559412472720274,-0.026636112770699435,-0.06588008061949988,-0.009285285384973205,0.019335208311837486,0.032804641623309434,-0.049327959537968466,0.23828570584195138,0.09640877736114861,-0.07536945207712412,0.003835294235323729,0.12620076001140487,-0.09854969701625323,-0.04181756630212487,-0.02498198767252082,-0.003131923297957911,-0.16042253133110057,0.0389641046203566,0.06002028096426092,-0.015357236286970116,-0.010304184869684332,0.03808593485227865,-0.010518411585962811,-0.060208684538472126,-0.054168711666644345,-0.040623362689419025,-0.03729553956628732,-0.22194637008651438,-0.02837520744149286,0.01640885941508708,0.05879243605055287,-0.11374373565848592,0.026652154531353705,0.07705760363461422,2.3407602039309276e-05,-0.09092154120136783,-0.04100948767810932,0.04952911178297573,0.030060953984936672,-0.016257660956579614,-0.028718111771712955,-0.06378042491606989,0.10397175020085497,-0.03906961464672414,-0.016310097570269726,-0.011700109353179956,0.008211053893067538,0.045519975785837774,-0.033478624901749084,-0.010230286067074544,-0.006267589266350831,-0.058750577840988534,-0.03752506188826339,0.029243317292206868,0.04890314139991786,0.021663638413558603,0.026109852738541627,0.009140334444087989,-0.003232712141714892,0.002309255052932768,0.004220219533473872,-0.012631926138970167,-0.005601859919190708,-0.008068148699559274,0.007212152205718131,-0.004243522641415299,0.003182756072743766,0.00022608509234907042,-0.00022004232515450666,1
190,0.2372932815445812,0.05999466727063229,0.006341349921610383,0.034516348235796655,-0.13248059309296412,-0.15322081829574652,0.05449291266953588,-0.06866385699706669,-0.023023138962779455,-0.04722279111597744,-0.05048467805506064,-0.018044582244403848,-0.055305411603932354,0.06518877047165009,-0.033098281362645594,-0.13574440605305818,-0.04687203575724937,-0.09191286063072883,0.12471300286807357,0.12264592396886942,-0.07964353003108732,0.15250967524191303,0.04699867708137034,-0.0032232781655206124,0.10772158567038598,0.039598802788421775,-0.02023206213685814,0.1938946132584555,-0.1873595034998808,-0.10111283402059164,0.08802976655569097,-0.2608827431291141,-0.038681283001009106,-0.06173994139262377,-0.24512691548838825,0.2663113892822215,0.16805031493811287,0.1318429467123252,0.09137677765883456,-0.07468172738662336,-0.12620902280653157,0.02700766065654204,-0.13860720144556385,-0.08589667740471295,0.03674773029694928,0.06333605087764078,-0.03966641471196411,-0.030714110165971295,0.04421122567619708,-0.01643010974769102,0.05069482344515176,-0.12674538520520287,0.022412667896165837,-0.09039030304314391,-0.0408913660945879,0.09842596929528467,0.002770447488937339,-0.05463208544594246,-0.08993343846199126,0.034840801570069455,0.03408797128259811,0.032619697542597005,-0.032993296782641526,-0.017809210530967085,0.0004541423044588785,-0.0217286897910462,0.0340101054297361,-0.09991041828467528,-0.05526593938507986,0.03061959965162097,-0.03078321431038856,-0.029297745683582083,-0.022595384246790993,-0.015049750551712496,0.026287847604215493,0.03761586451978632,0.030635974363537793,0.0613415200267979,-0.019338886053347507,0.026281526473825083,0.010230353837138533,-0.013203928874432825,-0.01845391043460856,0.05909500301798744,-0.025367571411016924,0.025469089319082306,0.01303542143551548,0.03244804506884614,-0.015019335736195526,0.009210103728562903,-0.038511368898379854,-0.009833442710921144,0.006356849027789188,0.022390036916785087,0.0066503610118690175,-0.045315628492252624,0.057059487350507865,-0.031272626059946664,-0.0014614449132202847,-0.00041168762711181386,0.053225959435860164,-0.03180729477106914,-0.04014629847446939,-0.05105507424181353,0.03857648318328621,0.030013651247458244,-0.052042951256701185,-0.03220371976520852,-0.014396181024971108,-0.08329545265138343,0.15254598186532858,-0.30889087389844044,0.03973181848867807,0.011174145096057303,0.1294257275366094,0.05065578583096897,-0.12417893582423224,0.2246013354252195,-0.023634735194720497,0.05103090399974592,-0.05175261059026947,0.058887097609284865,-0.08821264192993222,0.021346103707603963,-0.0725235600474713,-0.020835480872076633,-0.09425514207650142,-0.002388489831137003,-0.006171012820653445,0.01567130442544257,0.007399746616326173,0.018186068211502735,0.013843443819649538,0.020848103331227948,0.013543231409585521,-0.06000216014475232,-0.016251388821988667,-0.0003334605919039545,0.025524816019065925,0.03414998553095004,0.0019130390939576646,-0.012043465618617383,0.01022175072025468,-0.004000134212343432,-0.012109418101405133,-0.008619349838404072,0.0011341577904214488,-0.0005691655083124884,-0.013840497499651579,-0.0017307065230758025,-0.0032953974370199613,0.012949365594970407,-0.001896173145997018,0.00044464997090105105,-0.002676843034513514,0.001438939466470576,-0.0018537333501095772,-0.0011956415398598186,0.00031806279872058303,0.00045278537707268496,2
59,0.26328850615177873,-0.11684531777127381,0.23272499007213296,-0.13483363846009438,0.054097502091658665,0.006272325102333605,-0.0221646210023188,-0.010147663795782627,0.022922484363328173,0.014759838392107224,0.01940507236793076,-0.014415916048867753,-0.02473925557864304,-0.013861914821878488,0.02437859471175458,0.01514042900319372,0.04310817235886682,-0.005500680364915936,-0.06875971422237262,-0.04073484322659925,-0.014649578508886714,0.013746294460613526,0.030759403921729857,0.04403204893485742,-0.07419851699893329,0.03213498105877428,0.005711378533220319,-0.0035193578806337333,0.00623822961970025,-0.04220098778142656,-0.014540997759886213,-0.047633216330714954,-0.08886482749370368,-0.04702584106900376,-0.05352717087758441,-0.06597172469064953,-0.05149509404541471,0.04245338504157166,-0.13072234204850441,0.17304980917357965,-0.07692426813114268,-0.18490587570667977,0.060463322535224934,-0.07848477543286422,0.04268267683440899,0.17343854909442843,0.003178846832705867,0.10830989705245447,-0.15141303807808343,-0.02015139201273493,-0.10336494022661281,-0.07444367812276123,0.14155253068485718,0.17378697504933588,0.00604275469358454,0.021645147599745798,0.033459634955039896,-0.13847280697982262,-0.1006526193366022,0.14674795344434907,0.025726482593068235,0.04371653837243126,-0.07602957060606069,-0.12839921396968046,0.0679938754721995,-0.10151908148189172,0.016358029783312442,-0.12339370443533952,-0.15325661052918926,0.16861666738460995,0.30310057572194204,-0.19533521208777005,0.21616011186567913,0.044440175467422335,0.008030177807266043,-0.0689215603871782,-0.02882966347610973,-0.03578674390442791,-0.00017969496475654417,0.12733938305926096,-0.06473416864096321,0.021385182343796258,0.11591420348958943,-0.14556643211000994,0.04373683804338702,0.09223231496008205,-0.03152220538670685,-0.17077111338160308,-0.0391951908131474,-0.11921119057144382,-0.02847707901464766,0.14641593324145097,-0.05400575278441302,0.009921359372265057,-0.007568097107396324,0.042164091961157675,0.01311038257674606,-0.09216742716884747,0.08611608228168718,0.04896297067281574,-0.008244568868604946,-0.05448081048073596,-0.054902948443393475,0.03486988649691845,0.06903989338209719,0.025854654390240057,-0.0030190958519399165,0.019614927070566845,0.0033350934796568064,0.0032359918972087206,-0.0065623379681249375,0.011469302164305684,-0.12104103070307472,0.04506792462388186,-0.012191245563201034,-0.009652481309385248,0.03159360615970271,0.0032870043805064307,-0.015132694820049919,-0.007501698975163625,-0.003930403153901077,-0.004773992344357008,-0.06448403160133057,-0.03380272762577816,0.016330117905758473,-0.0610572396978846,-0.018177016534274407,-0.033957323942007,0.042004686890020536,0.04326491299154257,0.04985663174776424,-0.04350276190742299,0.00874045657671194,-0.05858112590405053,0.014510556390901238,-0.009440644678448797,0.0034670588925313833,0.018707469102778394,0.021304518051576394,0.022563714318905928,-0.03358104155316782,-0.007507782494727049,0.02021201074840768,0.033737553411504834,0.03764823044158054,-0.01980899847179634,0.008657501960935648,-0.021872303460892927,0.000495561287378461,0.009593626430466486,-0.010327690863228465,0.0008076510935078763,-0.006778649657107441,-0.0013949373714270056,0.00026949899673345224,0.0055471734716842774,0.0002219032856540326,0.0024716336754154987,0.0003782569492871239,0.00024756606300299004,1
45,0.27482556352725895,-0.13988756224004276,0.2978634536027879,-0.18776434998237343,0.08131536141761209,0.03218458191543616,-0.046751888794590794,0.007373986747006513,0.03794671418623524,0.02898434628996014,-0.07309042217607063,-0.08352485546564672,-0.03456439432686651,0.0026611670378833005,-0.0013176250177772686,0.04120626833517437,-0.029775297699129816,-0.05136704325295515,-0.0024125865405717735,-0.022406101882607055,-0.023787474475744946,0.0397911686426362,-0.176229805359884,-0.1793567923608926,-0.016783018630670207,0.07416624358864199,0.0007046029969993289,-0.048764374826630597,-0.04607134885100452,0.0655117383130496,-0.0017427386308694116,0.08689787558272132,0.20636923617397193,0.025765161112049878,0.04036492942385384,0.0826365626747756,0.1099845063678519,0.003833392500355054,0.020779623933615734,-0.12770142839445503,0.0535737542402757,0.08718402916652097,-0.0747296350770003,-0.04677514259350961,0.04024343348826431,0.03458584659476568,-0.012554364904954464,-0.030651308013465522,-0.02623813245458088,0.016748619012953103,0.01811059798114714,0.035782880944158116,0.027931443067284047,0.059202406642870374,0.10200518339562126,0.08648558392132194,-0.11035927892476387,0.036777614303374964,0.02049048552399554,-0.0007602414678913096,-0.034581169369638426,0.02625848850879618,-0.23708286569288844,0.02693873828927866,0.08026717964160587,0.10141724290239042,0.007538112282336454,0.03990814545654046,-0.14279657388495368,0.05254413533568854,0.04569182996991557,0.0363054626049736,-0.09297685418659013,-0.18499067044327244,-0.07755322183221265,0.1454173783999169,-0.082580414376637,-0.16011398238977673,-0.1588095282626894,0.08933410395583691,-0.022272093406567606,0.10467064869477116,-0.056697187160729565,-0.02316712889537772,0.15915044996107405,-0.20225597402754414,-0.0044565062999675845,-0.023084882330560195,0.027562769086344103,-0.12625854498368985,-0.054720250024459335,0.08026545385491594,-0.020614014546821234,0.032932307025427245,-0.05384701266692024,-0.0017145274170304926,0.05303997706225143,-0.06282496497633011,0.11661365803911622,0.012020917403752544,0.030704558341456308,-0.029395737735777205,0.022668645659369335,0.04021643991405377,0.020750228015949432,0.06680553816024698,0.06211120846073318,0.010913811880442407,-0.06855962373866781,0.06714014650975439,-0.014049723571660018,-0.012053949603773036,0.054129946748597974,-0.021926128250426818,-0.04048088838953575,-0.022825831741230103,-0.022589900274268507,0.028913331916956293,0.060402324188539865,-0.0645714908091972,-0.03738350760581537,-0.02943004831712058,0.0665297025204721,0.07221199936416808,-0.06236050734188018,0.08713670639868043,0.0300391606214305,0.045709175081466887,-0.07020629353958292,-0.14883754918386788,-0.034892471446011174,0.03200407448519589,-0.014964317983530278,0.1553845554951871,-0.032932348893687076,0.010819451176780502,-0.03317988277577111,0.05011339042222334,0.06290948907003771,0.007936260545683497,-0.03786721823632905,-0.0008604726286139265,0.015858915232081723,0.07563933938288817,0.10186034038433749,-0.027524486329618465,0.04384583377887093,-0.01918579717926232,-0.02059107544118418,0.02145907780908308,-0.014075053154628522,0.010971612758389558,0.0012229995992847874,0.0009750072116705972,-0.002342522988846126,-0.007176730312435928,0.00235785218248528,0.00047089265560385906,0.0003136533846751573,0.00022336311478429282,1
111,0.1908559993547948,0.11066293906537994,0.004326902729614241,-0.012580798761164599,-0.4823210695290809,0.6248066096053678,-0.23111562167506472,-0.4044674234059029,-0.007527319952519635,0.11677105430474842,0.05193574062573911,0.0018818380995659582,-0.012706490845854302,-0.013014007063719482,0.03494629416818229,0.024611051505439845,-0.010253847784519706,0.005924130472296516,0.026414357667217118,-0.08785327488187991,0.01243643683229274,0.010067468073933043,-0.006940746180605429,-0.01675656269399399,0.04310915758628932,0.02189967863926192,-0.0051420068439501756,0.0005568551956162259,-0.034582550636972076,-0.0016232411639813444,0.01728442823839736,-0.03342318535989539,-0.007401751302174646,0.025723625518105808,0.005093874479100254,-0.03411297073984119,0.008486789220705098,0.011006281293343925,-0.004427686227721615,-0.023982402006221152,-0.008945676329040187,-0.0015643294274360012,-0.0038387948255894228,0.009815576316605458,0.0024520375247765905,0.012634302376864344,-0.02238240543459639,-0.03598498450362231,-0.013800890023935595,0.0035824500774720336,-0.009369935778614181,-0.012117878564891976,-0.014556250613589616,-0.00883158019388866,0.00428577041503001,-0.004893669810646236,-0.015611399635721699,-0.005028567922604483,0.0047167948085512215,0.010909952834739351,0.009743417953180053,0.012475707415524027,0.0034879197691435517,0.0006488321539716052,0.004533780412108513,-0.0040139871419549765,0.021759133598731828,-0.020378149908107303,-0.0038123631600813245,-0.01217970822247166,0.008448611745429548,-0.006619417733432281,-0.004188609398803005,-0.005561243825560082,-0.005894750524882846,-0.014756044336120868,-0.006446446834588735,-0.011541280673402692,0.007342954996414189,-0.01827658385077,-0.010115224513513953,-0.013350537080920311,0.001673322171483701,0.0032701256864430834,0.00669957187838357,0.011862898687554012,-0.007452555895770898,0.00853636723693663,0.008804677791021325,0.00758545904062892,0.009869740808597927,0.008632318496564602,-0.006920362761247927,0.003367061340720526,0.002123376657312671,-0.0135934073989109,0.0006187199515251159,-0.005244047266785703,0.013902710392103208,0.015967414371363526,0.023735487776158463,0.0056727183896642785,-0.0014431978986882196,-0.003615881598263406,-0.005057342297155985,0.004906661364291133,0.001627068372270126,-0.012668873613571188,0.005042644372825049,0.013268087836939238,-0.012571975855645167,0.0031153479839087952,-0.005646676014468073,0.006446464271361955,0.009640963951459549,0.010130509043692528,-0.003121154981920329,-0.006391641661037933,-0.009828622474249333,0.005666238902238263,0.019826551944656004,0.005590289680225351,0.007550980498815476,-0.008342999466982363,-0.0036880538332861213,-0.008579827266455873,0.005272332109581087,-0.008494959790450656,0.010724724991573883,-0.012515885578121656,-0.004766647788479315,-0.0031155496178102565,0.010546068115749051,0.0032819773887615526,0.0031999148623091085,0.0016540266896083139,0.019084945980536658,-0.007323694262936022,-0.016161420739848248,-0.01753433170006728,0.013732476113826046,-0.0009990189179232313,0.0031988407547433586,-0.0006864437015338165,0.019437067442587354,0.015513834760252984,-0.02750621935441462,-0.010810431289042084,-0.2061613084432041,-0.09123188817863283,0.02501047428997155,0.008032284405300726,-0.006463142977858851,0.003060256903442476,-0.00283581730333612,0.0008787770545328561,-0.0010103305724754614,-0.0008237375726289104,-0.00566639630851435,-0.10652823010240313,2
82,0.18967262736401252,0.047315142844529055,-0.006891791992175591,0.11471051246295313,-0.008141349855118574,-0.09103526797041332,-0.007905279330791153,-0.12695129576497222,-0.1615018227493538,-0.2514566780476702,-0.08216852326105821,-0.040264177357229425,0.3632596779984605,-0.15338450339609636,-0.022990537317114607,0.05886389229287602,-0.018168671894555066,0.05478246736137709,0.07675600562239071,-0.18212848235705903,-0.4705351776752658,0.057099492417092355,-0.04927925892428661,-0.022682114134195262,-0.07661822682498283,0.007295304439483904,-0.1628910549790252,-0.2077256895613485,-0.05036914321265265,0.05497845639798073,-0.02580596834591251,0.05477640949078807,-0.1081767557865418,-0.001431762091426993,-0.0595758341474488,-0.06916686503997761,-0.09090893300902446,0.05592442643614607,0.00025659281244497104,-0.06202641827421945,0.04940035672986204,-0.01873338572867509,-0.1030005650970995,-0.09252703644902384,0.008565987343970143,0.020876411558402683,0.006562283781448474,0.045617592469197075,0.03662187767437039,0.036349560191484366,-0.02006418307234046,0.07970618022636161,-0.003993346535757841,-0.04289607145319045,-0.03852547281576489,-0.04366047223561711,-0.012611281529094593,0.01185772801677261,-0.04578664084767712,0.028764921602818287,0.15597623515883394,-0.04052014562241038,0.005394338481125557,-0.07009167164010797,3.9439633927422816e-05,0.07072071731765893,0.035061392278976755,-0.07826587699136724,0.036835342952035624,-0.03708790601980218,0.022973717926161537,0.04244961137527049,-0.060563820468712365,-0.028872149705626692,-0.004667079605943009,-0.021060694821372718,0.008169133146556226,0.0033054534842186394,-0.015038735764212826,0.018203373230436703,0.022397097580517306,0.02961141424748335,0.0018126833646327735,-0.004633271506524816,-0.02067842657476348,0.016443187951089417,-0.00472712252451331,0.002865814191217688,-0.005960523975709281,0.009411046638424634,-0.00032831404750879737,0.009766875094678686,0.028929530622914697,-0.01752677969504277,-0.008254074643567021,0.013787356561051001,0.007519100716578827,-0.01425439624889377,0.03329754238808552,-0.013083433017468985,0.018875945529110764,0.020926472645527695,-0.002436467907212566,-0.03204391945376701,-0.01049699180600223,-0.028150117319742637,-0.0059238268111055144,-0.015473323309021994,-0.038114367579866554,0.014181811018903145,-0.01152187333881479,0.008258748832494372,-0.006405281253514965,-0.013292891070010965,-0.014363219343709856,0.004350027277083443,-0.03016475635717805,0.02651736628865997,0.014259999704757486,0.030496560857894175,0.014474288634722016,0.009223874538934942,-0.019313122481364096,-0.019077844386201942,0.020164424956164932,-0.006591104636169387,0.020339684369309642,-0.013251171247221328,-0.009220708813889672,-0.0289078301944711,0.028396684578303893,-0.01460563166838122,0.011701193602305395,0.00037545936349325315,-0.0012297725785279253,-0.020397416879789822,0.0056975556209682135,0.0005331488538814738,0.026201693168768143,0.00933327550185025,0.04040987990459444,-0.045656072655026386,-0.0016540631269258452,-0.004322365364579917,0.15157431717251618,0.008423147418126732,-0.352158801043729,0.03708215747179217,0.01823893972229902,0.09334366193595918,-0.013975245600967698,0.012594046184308967,-0.0019212111461771033,0.005189018460641831,-0.0012556649244338048,0.0006538586665216543,0.005405950402200081,0.00027979016232166016,-0.002388306036897247,-3.52789447298444e-05,1
97,0.22621848073062517,0.007164545407927358,0.02302170671859656,0.10812081366964219,-0.03546244868339591,-0.0395442100020799,-0.005235303037800007,-0.08274184287612915,-0.11801525564949775,-0.09842004145940522,0.05381515576260203,-0.03504479778842002,0.12944922969191883,-0.028093936330573437,0.07671525023179399,-0.055917259130230615,0.09581137896645807,0.022246991702774714,-0.05286036420834737,-0.0025277971693435453,0.10517371823510203,-0.06891814913500396,0.09787791544243955,0.061047287519027896,-0.22013006303248486,-0.13414971008722684,0.043364031177634495,0.19221518854401273,0.1988620149433583,0.02010012239639915,-0.14662763622286942,0.15428858300006254,0.19167873822726358,-0.0945158750845138,-0.04813730702699585,0.23057879200382234,0.09654978501479607,0.10672780218186295,0.026511552492660424,0.11880806857119731,0.07969765921234802,-0.07513038177879976,-0.06415825748271896,-0.019777288014068584,-0.027143162264293322,-0.06133108988026609,-0.02129556569604188,-0.010028265611186072,-0.027762468371820753,-0.013711791767296568,-0.12171768839578523,-0.012823458627152534,-0.00936333558096552,-0.04076932565853011,-0.14947344324025852,0.04468024788970857,0.05804444413226895,0.03570748436014899,0.0011598010161342949,0.07655718682453161,0.09765536461559227,-0.015355158132217458,-0.0724904399321147,0.01937455769935755,0.020472054612185448,0.09040077117267756,-0.10968821815263424,0.11921340121455545,0.02796030881063801,0.013299261303715082,-0.023607595346585096,0.005869815427330231,-0.09613846298387967,-0.05856358732144237,-0.03998432359482681,-0.16189377489435644,0.054284261899232945,-0.0008188715794218123,0.04533153297323567,0.008890817148553507,0.007547981540908345,-0.018699640174006892,0.1001511800437467,-0.03398931633600213,-0.06312268006811281,-0.04610540348325371,0.026310963527569824,0.026188829490853303,0.02971161814020331,0.04986766471893819,0.1278947783365729,0.18776729034254797,-0.09988412850953546,-0.07135082582969349,-0.08975779890355215,-0.215527604021141,-0.028096806568489355,-0.09425893354111448,-0.12058878282236273,0.05611051034731842,0.10025426744807035,0.24389572025614709,0.028082327069961315,-0.018616905751716956,0.17476176569595675,0.023633891421472066,0.00032237607783247623,-0.0003460717719555983,-0.1402253419551844,0.10845662228768924,-0.08705839619706333,-0.05636608700120394,-0.07881424921831248,-0.044487632874949765,-0.040127594602111516,-0.008884745757933526,0.00579334235128408,0.02365538203329511,0.01078514063567803,0.01575110471381857,-0.007004893799643754,0.026108830408855865,-0.022947308267655876,0.013468629492467032,-0.03141767053344689,-0.03168609768696788,0.006196820007714535,-0.007688013845097915,0.0011591059532798636,-0.0005110807088290753,-0.00037620055481500805,-0.01427182678244702,0.0019284221262664159,0.0018702808736675823,0.0033848827315933984,0.022452370562878417,0.023215381723396034,-0.018643338964104444,-0.01603652390713003,-0.00017749986621905695,0.011851117432761517,0.0067620181239282165,0.01334019927737992,-0.0081812463855844,0.014038688589181605,0.004534282382306902,0.010542150364834127,0.0008216266062403129,-0.004380101845844416,-0.01562909253117797,0.005192109912606392,-0.0014283381852107637,-0.00432713501242247,-0.0023548536797298224,-0.0038602408375750944,0.0038036820129712396,0.001755344947041087,0.0005493637691627476,0.0006247420584607137,-0.00024379202353424275,1
49,0.33614798532269125,0.04695139692147132,0.02835433959111011,0.16090004694006618,0.04861870849147584,-0.009880324380598816,-0.02082428093872967,-0.017750105822157622,-0.07430742624305182,-0.01602769110214308,-0.04368986115487776,-0.05160839281960214,0.13873671867561396,-0.048770351660107056,-0.015137710750516082,0.10853004129181829,-0.024749571000338883,-0.07353420244827996,-0.04013990388770634,-0.005686832443116906,-0.03520693292873224,0.028081248219877224,-0.012469985425761415,-0.05680453313196329,0.0673563513094047,0.004673625653347823,0.03552158688433258,-0.07592130168607317,0.042933584124670625,-0.002514654161101048,0.09283062178600449,-0.07791662672953437,0.025668255877852045,-0.06661146756215183,0.08192246197689318,0.054468654267420646,-0.00012840426104602284,-0.16027339913797337,-0.04455901156327873,0.009451255755811294,-0.07805584789053173,-0.051847830088177685,0.14250815247933163,0.08283295991541036,-0.011816275203896717,-0.10693075831260256,0.015877429742375705,-0.010688787376495219,-0.015632743598450703,-0.05172394220913802,-0.02092490422519952,-0.12706281174364586,-0.07690770268829647,-0.08415959987641337,0.19008915925577866,0.01445456661676065,0.04452553761116802,0.143243024861853,0.024513678820268635,0.1074255000675636,-0.20315626588929092,0.12058644726285188,0.03973735103710593,-0.12342924374278208,0.002158512828809478,-0.20720575426316537,-0.02585028268111004,-0.07948392420978621,-0.03701291171723414,0.02448017752527494,0.01850256478312879,0.17590058437660294,-0.11158670046772852,-0.046746963408207706,0.04781404866490911,0.0028866797889006593,0.26802068161137826,-0.12882406270249638,0.23030533017251975,0.022696595844768776,0.17326635027647982,-0.025687361986345324,-0.07598800371215418,0.03457144629533894,-0.013024096562776805,-0.08264969657827528,-0.14574059105799714,-0.07930441889561453,-0.014839559145162017,0.1366820305202398,-0.07812445405358544,0.14586017238679566,0.008700214825543767,-0.03111552405143021,-0.10258727757510941,0.0008633585108404319,-0.11408381423602959,-0.09938697967394436,0.11086500836824642,0.08124954102878462,0.09146605552802523,0.04199998485895505,-0.15038564966783352,-0.10646205956484474,-0.051871551690763226,0.04995868753627681,0.02312080985358227,-0.012512935229437635,-0.0018453964906552079,-0.11243701805118689,0.01800716794320757,-0.061732081162531566,-0.045751965286714776,-0.03555615737815954,0.00920395336233625,-0.04426805757815577,0.06138202593513875,-0.07180042066143894,0.0346365023081653,-0.027833199745879337,-0.006474538792231063,-0.030310076830712573,-0.011744349272462984,0.009493602157356005,0.014518385173350322,0.019044967082036908,-0.037201405817262945,-0.00855054098467963,-0.006712239679425906,-0.019238759093368536,0.024425993654670828,0.0011723652942938773,0.020391638329361972,0.010202999707112723,-0.015791492189645706,0.008370727860202208,0.009206306193293766,-0.0005279456842675913,0.01213310365693348,0.0022948544051991557,0.012342724118167978,-0.011883389812133919,0.008515789195100027,0.005322952498414435,-0.002962997390943573,-0.007447007882023059,-0.0006218700399338532,0.0024553142216943748,0.01630450689255746,0.002867340417019396,0.0016908185002261359,-0.00039964806154977727,-0.0023407124012535026,-0.007421243212723064,-0.0008830118411601653,-0.008778503993755649,0.004771276257119383,-0.0029267449266766076,-0.0024789537324194713,-3.996173867639851e-05,1
145,0.1816850579888276,0.10044551233377053,-0.03141881549908593,-0.03623567210641408,-0.01244071655294919,-0.06523747530216821,0.029661874280871386,-0.06944612304959627,-0.033291902294014096,-0.0787082091609563,-0.0077235577731763995,-0.029170684760303905,-0.0520305454105853,0.04354852914328339,0.0018878498740759237,-0.07545948104808253,-0.06300251075240361,0.0010857011785677757,0.08113091421857917,0.07577410378580277,0.053577807135942915,0.004323520797957713,-0.053633471734747265,-0.05091179687013472,0.06469852169374496,-0.05635376094357229,-0.07951791433851786,0.029869107772524137,-0.19558053424166247,0.02395388473100216,-0.06627645300901132,-0.01823340209872718,0.021802143771295045,-0.06950586633303907,0.10197702067530946,-0.08128539975699296,-0.002191306581198764,-0.09402851015655714,0.11042881124189749,0.19740332852110098,0.2824127100195605,-0.05761086858348773,-0.15619479439880818,-0.05345814191776582,0.07240625586073447,-0.05879742618284566,0.12854680276181865,-0.08598365882246121,-0.07005965462120323,0.18644617451909123,0.07642167029019001,0.048190204982684656,-0.14927910787521032,0.09481061993543811,-0.08885274363650351,0.030210327472067634,-0.1429284980109376,-0.1569134113864307,0.17734267489965488,0.1552352407479462,-0.036709401524864634,0.07965368574408452,0.11484172938646625,-0.1473519030674393,-0.2900814786943308,-0.17207722832190667,-0.17664226072831946,-0.15552791137950053,-0.1482733785372701,0.09532587794062629,-0.11295797102206892,-0.05236999550967519,-0.21949333494557002,0.005022348886337342,-0.007606283158246435,-0.07080107561141699,-0.007959364788376552,-0.1469974079685695,-0.02124483837088629,0.03252496710304106,-0.11000697577140216,0.01230785923075377,-0.03326757793275813,-0.18966043853717793,-0.06838809283488627,0.0023720293308250916,-0.009449201186931454,0.0630936522817329,-0.042322515471212165,-0.05073595043914609,-0.0004279500814798028,-0.062085776911115324,-0.03544719436211531,0.026374473019140875,-0.021452888052520325,-0.021267438336099127,0.01877335073689619,0.009568215595485216,0.02284172999127324,-0.013989541570013055,-0.014057512259566522,0.014280219753966938,0.0309105717498321,-0.04019673867859063,0.005572200881425942,-0.035604625302774834,0.008535013742173221,0.0332051825635145,0.04747457101997592,0.0037538181186439583,-0.028001867530829894,0.024326034536106773,0.0095151815678432,-0.03769245120208114,0.022154973909106333,0.022325982902972587,-0.0012550317317889747,0.021041665470061047,0.010382651171995189,0.042612355111164506,-0.005934707802778523,0.061269228291534576,0.02135170374258313,-0.018501608045188578,0.025732088548631574,-0.014208502480150818,0.02109023927574068,0.002285908297677286,0.018154337734981915,0.019567296793697193,0.0008845437591189537,0.039372281798909205,-0.021479891779636946,0.015488058534055767,0.010449357320434994,0.008506271574462577,-0.007426651591628463,0.014302180760681255,0.00474553581665316,0.013879810568597226,-0.0023609084003565943,0.000469426452420073,0.006091600536419945,-0.015140734710825868,-0.011696520522586502,0.01262797681920865,0.005325370756047202,0.0022071483426013543,0.00534030689940525,-0.003911659394471619,0.0021103347686786994,-0.006206076970983029,0.006590175003458714,0.004834731090958671,-0.0016485382939221901,5.5781351927416435e-05,0.003255571247582488,-0.007718519569974191,1.7725951942471584e-05,-0.0002044529907046606,2
180,0.19960583835028636,0.05195168157450791,0.0177733730566426,-0.003772206705311112,-0.13294829387780174,-0.1321824464386554,0.07901253793957128,0.07583287669220111,-0.14620698152304884,0.04726830514206611,0.450657630282623,-0.3007951774012309,-0.2547907622261035,0.01570682976462712,-0.13811884234970667,0.11397140343746646,-0.10295465565245522,-0.22762299652776094,0.16118361636142703,-0.3117232230153804,-0.10820771259736874,-0.21626218432364913,0.05859067560422443,0.06060597895542131,-0.04742177377292417,-0.1070386694131781,0.12242862565302462,-0.05077132015253202,-0.028742570000438332,-0.006117051043968905,-0.0033306155251992195,-0.060255203409074656,0.01827803679811474,0.06396907693416023,-0.007971528077288445,0.02907510372704376,0.06208968860664002,0.03129879357299821,0.029875871394193045,-0.02398537959717817,-0.013883903654226235,0.05396185554994781,0.030636379989468734,0.0617890000400405,-0.08567179106342218,0.0423904886352334,0.011914997632466317,0.06990074338201047,-0.003912953139316255,-0.05596871423239762,0.0331647902862739,0.031453420555225486,0.002771983230408297,-0.004568158169815421,-0.04636236682547148,-0.06262958919920762,-0.028922209319357732,-0.015227211462621156,0.044198909751197606,0.0726751550259859,-0.01593887249071135,-0.006389422251569795,-0.00840977891120367,0.006014860223550042,-0.03193995175953192,0.0037681968658072208,-0.006384348534196879,0.011131902618157092,-0.0028885772177767604,0.004758869396013261,-0.012332821534771781,-0.014824551900429273,0.0019529857150249398,0.011904260083090246,0.016927963707404202,0.031421820870952064,0.013689588413618909,0.0018207852769273618,0.02992601306576106,0.003364299843655089,-0.005762329692844893,0.026872284144794676,-0.016896650262319957,-0.008263089158035633,0.01829791069136336,0.01760221297769294,-0.015949101017405695,0.0162813698762371,0.005389610152060541,-0.023486864482652997,0.0037238441928815497,0.012061572318922844,0.005512731427128311,0.004934416684822672,-0.015379392815650744,0.00740549117277162,0.009388311390187655,0.006315696726638662,0.005950827432255352,-0.004270744697301187,-0.004134176568542098,0.000806095417766944,-0.010312143273690946,0.0018288771255017973,0.00434811859214838,-0.016449255846398766,0.00596398914549948,0.003291071389556865,-0.0026740917275286246,0.005197806799070791,-0.0009996815387886937,-0.0017001001059345493,-0.0012812804912803206,0.0035193148963500445,-0.01549464406376755,-0.016416235661935494,-6.885203198701145e-05,-0.004179451658837302,-0.004197695401916857,0.012406184203102232,0.007231486371136444,0.003755021857634893,-0.013522492673217323,0.020314585728886173,-0.0031789809110431204,-0.0008668860964972218,0.010702845932683827,0.005539045164720332,0.005625624178472332,0.013940551247924432,-0.020723080869460047,0.0023298347510540556,0.00467839814344254,0.022672136269357164,0.004224413408394888,-0.020322983321623127,0.0015371000727762451,-0.004767987939353206,0.01024267906379243,-1.4101878469900561e-05,0.027389422816286497,0.03182130474361206,0.0008544348988747846,0.02544054211683553,0.0045214354394325865,-0.015183386068746623,-0.018111260437977637,-0.04627254116648623,-0.009207743990172674,0.020074468483072913,0.03881671521186807,-0.19105790856382515,0.1632632083031658,-0.14944793217773172,-0.20534471248755753,0.09300093278837945,-0.004844370951638994,0.005863227504830321,-0.0014858693103719962,0.0001239597607755492,2
29,0.2565690982061578,-0.13493399344270848,0.15226239968583985,-0.10063510169805231,0.0198252018880941,-0.001785495732007254,0.034984147146049124,0.026430778371877347,0.012909632957749146,-0.013092617123375259,0.39275060224972674,0.5425472113405374,0.10083365401158467,0.03391864981798681,0.0023221390266120997,0.014216800618468823,-0.07410011173522434,0.015263826023369554,0.03854878078432239,0.03393046935781253,-0.040462159025827074,-0.01589939021030125,0.009840735580840084,-0.08532936669898367,0.10448647219773659,-0.0149803168862533,-0.053473506120263296,-0.09342371015056723,0.041805185836959254,-0.1528099281956688,-0.008502781645111427,0.07955065335081106,0.021362049336679165,0.014598635172375713,0.008957075260387056,0.05266979351008472,0.08030709960162284,0.006834856598250947,-0.03353338539344832,0.026651547016274604,-0.017647500877978617,0.025268328660465113,0.0002234177352723983,0.026968327804205355,-0.010351760695184689,0.017949417369374745,0.0027510187375947965,0.020472767756470354,-0.03285122368815111,0.0072340949396421305,0.021853317629425252,-0.028343282470692278,0.0421981169517932,0.0002580773011423964,-0.02361467042558715,0.00826688553274401,-0.07267343169080845,0.021969582307350074,0.03219227006490482,0.013133802938298132,-0.004585202714784388,0.01684248161392682,-0.0241135447321248,-0.017296829501904292,-0.06933466110570695,0.016594204254837545,0.02232161105175122,-0.03282345987871327,-0.0059794203397260555,0.017643993471208916,0.02766467868951621,0.04978760978775557,-0.015560572101475791,-0.03360508324121268,-0.0017839252980610945,0.005414364181276948,0.025963287270650285,0.02057287552241664,-0.016367189661152963,-0.020718025001763188,0.015257521160704269,-0.036219946640595926,0.01638324619549917,-0.03684196935076137,0.0447011264425992,0.028725180335596633,-0.02676773560900027,-0.06862753779966832,0.044102256898450105,0.008335487850582865,-0.011991467606794969,-0.06173802834786577,0.004541159362971725,0.04126063109720954,0.019044055624094045,0.0001930027782756122,-0.038397467585759765,-0.0018331985528301153,-0.13324009461865383,-0.05417991025189247,0.05693370938323657,-0.019830331853540835,-0.07467683769412387,0.0287852287841377,0.003829234977544887,0.02601392683510908,0.01641134053605631,0.0639273592063983,-0.03234953440297742,-0.028015819314909686,0.025387955518618516,0.014031216889149671,-0.0019837152530704756,0.009662918082165314,0.025156402028903853,0.04941757706690714,0.01994938127823561,0.07429058517698366,0.05209199698895299,-0.006129044294324716,0.051450588338040185,-0.06146866342188045,0.04881041536483291,-0.04936412183726392,-0.11700974714367691,-0.02604009235858533,0.10922414328464171,0.05640938882659163,-0.11008348702415127,0.026235919262855133,0.09779778599703633,0.04296501570243332,0.08310142701541941,-0.1092632886631132,0.0021054264250823596,-0.0037918627421646865,0.0284677347026186,-0.018943492169655404,0.052202311852811524,-0.06989342691482173,0.0884411974621458,-0.06531718980345401,-0.05711274149528267,-0.06069356889388456,0.14943386656682106,0.2993466478529929,0.08954669537678574,0.04482627997227128,0.025346666465503098,-0.0014791257179431402,0.017212399139648553,-0.007644483995106013,-0.003299997074333782,-0.03483801785690465,-0.009816999295709762,0.003089333682929544,-0.002987801110001948,-0.004781136869904254,-0.0002902694537186448,-0.0002430842284272391,1
51,0.4171542341715647,0.007668701010799174,0.026184763413230627,0.30732845630715583,0.21314301176179096,0.05958069175905351,-0.06331747082146721,0.02361365049362164,0.05553239535101955,0.11524927682496323,0.02091007737390929,0.02782910495410052,-0.06902660321627341,0.0004556335255235088,0.00668622178423912,0.11070994715074192,-0.032418477665497415,-0.04859382498516516,-0.030535136551876608,-0.0402498703949622,0.023637210184305008,0.1713223981110605,0.024973877289062446,0.19260233362224788,0.08975936026461256,-0.014459153822278355,-0.05169973707126284,0.02503546586818893,0.014672667618664415,-0.01180350275574344,0.02750502558002737,0.04012031930177919,0.010024162602479252,-0.014837226640444474,0.030651912826062173,-0.02225095242996622,-0.019412700903928534,0.05055751643025785,-0.062407700365158324,-0.03345623014183147,0.05181019302878448,-0.06171744169348579,-0.08400521447062784,0.025069101865487622,0.05695619496846774,0.05005624266451095,-0.0003714474045043221,-0.033136976505079276,-0.010346776193447692,-0.03448036580231571,0.03690517437681857,0.009658416157490192,0.004165998869866226,-0.038012813507168564,0.0010736660187973188,-0.02047658654412988,0.025036859904426178,0.02942837283962338,0.039737689664598876,0.027283290322480367,-0.004291354596154921,0.006172699825599515,0.09223822955362354,0.12454914249685525,-0.07801918736754616,0.009680023441081542,-0.02002950479562906,0.025822055206689495,0.02123785835637779,0.0431817191012572,0.026408666913931032,-0.03885036034695492,-0.010479531529134323,-0.11146988037434982,0.00520024718008391,-0.04307749986641838,0.005308460174390964,0.089949686238595,-0.02793190410724867,-0.03692052532143187,0.0216870244314634,0.0431476642991057,0.043789916253661444,-0.07780977337549931,-0.01910256445084035,0.01810846397602343,0.003551485507238095,0.07890915259541534,0.02682242629555345,-0.07520764888031907,-0.012646446829713321,0.11237171518271682,-0.000919078223150843,0.04032735976356443,0.07121865241572944,0.019088475993361134,0.035199039983965806,-0.03633151234705115,-0.029980328386250716,0.05875960869597388,-0.07499406646813843,-0.16096979405272444,-0.03036982590018339,0.001414376988559932,-0.09659464041435914,0.13971637916730084,-0.10358618883452186,0.04708958689494743,-0.22158893796595855,0.017330588147558296,-0.08278864735101998,0.0012453527971352553,0.08939015803062601,-0.14804722785313937,0.18661241789572058,0.10512598223946261,0.16320931825258925,-0.06659736015950377,-0.14652632628108772,0.18355636711199746,-0.02003402342268617,-0.04426759462077295,0.08330338897811584,0.17610788220574716,0.031080275957292677,-0.0048052979321852795,-0.1279641307613846,-0.10057294858662934,-0.10668159456158204,-0.09397097069890974,0.03696178331782583,0.0018267174370515307,0.07423088039792101,-0.06369846343074945,-0.0456951083895089,0.053925363292336916,0.039319122513615204,0.007688741456466675,0.022865632018983263,-0.02211031152445091,0.006223939005110816,0.018909911749098916,-0.029160044202899138,0.01803713115676946,-0.025517788968895675,-0.007189092473185385,-0.02750863735210857,-0.03332166958900019,0.0021854285850640177,0.022516620447427874,-0.012394328024741873,-0.020728868829968435,-0.011163485751993437,-0.007115601654204481,-0.003181807111484054,-0.00965433782570502,0.0013129687088247672,0.005257680491575235,-8.344883665896961e-06,-6.724925725195207e-05,1
41,0.15238922447721392,-0.11946790335257441,0.12701221719608527,-0.10758893643695443,0.024602097412361145,0.02928236992481715,0.05270241669018736,0.013163943851377018,0.009473245097816137,-0.03001045321373598,0.1872472288023041,0.31990369803029783,0.06882632614504368,0.02535973958403968,-0.010392337079367578,0.029803356410111056,-0.026413271218427226,0.041008530506240856,0.012650336449522969,0.013616830594362441,-0.058343024835767233,0.002525583159443006,0.017056960637890823,0.07015312075398641,-0.02259832699977999,-0.02402127892234191,0.16474247769048747,0.06857237753372812,-0.00617521906635069,0.5733189513193305,0.20437306178732473,-0.19586827328413023,0.05049257585263127,0.007007582229672862,-0.07723535877610797,0.013783210242047107,-0.06091923321977076,-0.03993819342747247,0.06499952725144084,-0.03891796996259277,0.07916568948583874,-0.06519780740300855,-0.037388986300331176,0.005525994819388984,-0.02066686058370468,-0.060649735110644726,0.0023874448596221285,-0.05968132292251465,0.04729533748325356,0.01581535083967043,0.039335272260285804,-0.013980764045140846,-0.040278188015945994,-0.010321757192547843,-0.016648488355726528,0.040527175949336566,0.03899120396630632,-0.029862989977049427,-0.014450670606665638,-0.004577726838879168,0.010759449762220989,-0.030079954568027634,0.046249049477528684,0.002268089446386595,-0.0014983750866474936,0.02219145247861939,-0.006629898832522253,0.0784423971515668,0.04526996817373497,0.007182282866146072,0.027969768341571697,-0.017113295939366075,0.05267566722561656,0.07133131948935888,0.03544819661036536,0.02376179455587824,-0.043068182590201474,-0.024200404080404924,0.038428620973198394,0.05471387567198193,-0.006475985333926999,0.03252335419847253,0.010373535231781583,-0.029641847082890995,-0.05086155884532554,-0.03859188807152434,-0.05037097707736127,0.046493124737490364,-0.03741660385022827,0.00404132425364093,-0.003690422802543215,0.054422576337753194,-0.03155486571150365,-0.008530750088563827,-0.0006207669025696367,0.0208059602600461,-0.009066992925993661,0.017161022979536093,0.08872606195553147,0.06627660548613422,-0.038980654005261885,0.017282417200458464,-0.006317949839829341,-0.06016708918986801,-0.04497728621808839,-0.0015635221857361501,-0.0451352509802057,-0.05997528337129896,-0.060927526678538485,0.08182412893456426,0.021989953503142402,0.03538499572734978,0.11223993029267364,-0.05128328633150632,0.038387119277697834,-0.030941748730582013,-0.050928417217584586,0.0111811683342637,0.10186370427611477,0.020115848204216958,-0.03099066440068901,-0.09114036901148437,0.017424566940598428,0.014599025399333514,-0.1444027423339741,0.0635684100403774,0.15001407533853275,0.03620450965677116,-0.03212790123783832,0.15322674141393136,0.1744919603960874,-0.037428846069313834,0.01518160952683735,-0.10442517510729805,0.07791586748106706,0.026005741646918365,-0.09856653442214294,0.06878981122797106,-0.05039228407726313,0.03756586882665025,-0.00322192239198226,0.010967418636265073,0.05686989068311854,0.053753312519034126,-0.02728906013542786,-0.07736290295371859,-0.011149013497240772,-0.04176861752837421,-0.024790817580520184,-0.004748735575112961,-0.01929849045482301,0.003549422198684071,-0.001838418023108144,0.0038852887880903523,-0.0038315281259461015,-0.0037298360528430627,0.004181026339705453,0.0011751272185488082,-8.018561590539044e-05,9.085074528139027e-05,1
33,0.3153388330774549,-0.37655839494754223,-0.35683984946546765,-0.10506315676276745,-0.057241556051242544,-0.0643018845239939,-0.17315360260827295,0.013310558809303114,0.005324745199528698,0.014129965287277323,0.00024805706637849763,-0.026676657526955617,0.025915486979400926,-0.012384857274866377,0.012930825994234101,0.010522227200254445,0.006262279414856533,0.00022509045003646583,0.050431970159504874,0.03706186123374863,0.005732176700253878,-0.05621270536961351,0.025882991387579907,-0.05676436462652948,0.02703731711033123,-0.056593585009321185,-0.016921257062340347,0.02204155137523906,0.05197184746642723,-0.11949361666279444,0.08950524429738403,-0.019139653763320004,0.11004654876662541,0.10628289613898512,-0.03229479395417618,0.0820987761669033,-0.2570807755505402,0.02099690742207197,0.17049885485714814,-0.05185850264024729,0.09929938674202068,-0.15144607541860025,-0.05023001196055687,0.035900733459209674,0.03447461790782808,0.041061823179827255,-0.031927173732368974,-0.01717984606038177,-0.03663221897959123,-0.06328883743176247,-0.01312800693296467,0.024300274320452675,0.022979935109686066,-0.023563586639002803,0.055242050251555534,-0.05791520260781455,0.029467246919843013,-0.04610448219161416,0.04066437129468133,0.01605723571677192,-0.004060692544251665,0.013163891325143038,0.018818575141099844,0.02520977074418353,-0.0035627298570036544,0.029278703261428216,-0.04017811225803364,0.04290023207257031,-0.022099936218042012,-0.023007784016476497,0.03936628602788138,-0.01454387734215433,0.050962963686524775,-0.061173415062929365,-0.026660779352310995,-0.011278648075516493,0.04334299041066796,0.0447281714924406,-0.008957798379220066,0.05171101145874821,0.027931712746979916,-0.10456698369364732,-0.06819126240619015,0.017418692847506984,-0.1318280903003347,-0.039849788398887594,0.029565982560758347,-0.006716446597006825,0.03244117766738516,-0.06231768160951641,-0.025130119439255187,0.0391600997725542,0.07303497119396606,0.1355233877081953,-0.0644492683599611,0.012158410164768143,-0.035503924104262036,0.02820539154923128,0.03467238949782636,-0.0685381080631735,0.05438868810009246,-0.0022726077246480797,0.04344417516265178,0.024601889909661664,-0.024538108854697035,0.008852556380522191,0.003216738570482902,0.04564053893655842,-0.028150058442089405,-0.006169006562070988,0.0561123887240273,0.011476701927666432,-0.006663541925052518,-0.021551766715591097,0.03744046685543702,-0.05408949445488648,0.026225401205321627,0.050564807157045574,0.03170312035855654,-0.026948273741465523,0.09795173690561823,-0.002273580568477287,0.1098152131711403,0.06656954832070015,0.03204566450886768,-0.019041602347254268,-0.04310889943337272,0.05951853037776559,0.0019014467548442646,0.1407314288171188,0.027287128853495955,-0.1028520238855887,-0.05649145253269178,0.005286433258829945,-0.021751973290569257,0.032358995552391454,0.008849904837957053,0.01810868278256643,0.037709975634500154,0.02152738945600745,-0.2532148978385259,-0.11522599120457475,-0.10248934734508558,-0.029647154553536142,0.03888819171791371,-0.04949196638541652,0.006025522365573336,0.2405354437841722,-0.029111697963175084,-0.03304529504015215,0.012992012641789681,-0.022080990737645204,0.049895619182959865,-0.005009786175784467,-0.003511512048913111,0.0143526848857086,0.005096047808147618,0.0007733110003574459,0.000193313549742302,0.0002571050075995812,1
178,0.29854253133934955,0.13196138120857204,-0.019388343834527796,-0.08500835923771499,-0.005910333088394195,0.00039965339759160355,0.0073563333851618395,0.21222708341957852,-0.10167606343066239,0.18093701190603573,-0.06463894268173843,0.026158245260038182,0.14015400790973648,-0.033393675450484016,0.07142946721753372,-0.026369856239279725,-0.0654980014152815,-0.05579178311093684,0.0036105820742820777,-0.13022797894721383,0.023534478828235752,0.047472378768431155,-0.11782856478604894,-0.0656711162596263,0.04540308147531556,-0.025854644775536496,0.10580591409132771,0.04471810916054307,0.08585386468398913,-0.05093334981738545,0.0014444861587668777,0.0439824714809918,-0.13186687640292888,0.09523316876250766,-0.055397550984143965,-0.03951193502479289,-0.032005900950649896,0.041565524559738186,-0.046048972105587165,0.02814225329037812,-0.05475482942499069,0.0319817547536955,-0.20554411280786009,0.04256907428661362,-0.1496620795209464,-0.09868350169424743,-0.05599445397909782,-0.10139998752411909,-0.013897427563947155,-0.0007285906083387968,0.00027206657401228763,0.048084981336500895,0.011559539729738662,-0.02088448184436025,-0.07600083007131783,0.09476414424476809,0.05554391569828118,0.014288186771350797,0.09686176524362423,-0.025477093988327218,-0.09128749665483671,0.0351327845873854,-0.05713646534093005,-0.11521484184631227,0.0152067272255887,-0.14938957414757717,0.14083225034651675,0.10518565937038801,0.14246528834480782,-0.039662541316422634,0.03285887850319989,-0.027188927155828203,0.01430006389779617,0.06860854327704723,-0.052792908832140495,-0.03322774316872502,0.04630759997412962,0.07711315316671251,-0.09714801307359693,-0.09035284815574118,0.06729320299690582,0.07450865597174662,-0.08370868602128254,-0.19248635378153525,0.032449540051651383,0.1254075437731404,-0.05071577191894475,-0.04336655821247057,-0.04364916925009463,-0.20499403668504343,0.16709191057246447,-0.08328257691220826,-0.09258125164968868,0.11364028260973903,0.13070574716491962,-0.07376611335498195,-0.17286690714815053,-0.03372783326647167,0.07250834978013844,-0.05309460302168517,0.09764768561545059,0.06703426570861508,0.0802341163244503,-0.2219971846375317,0.000940025406575697,0.15488014264158545,0.006708381908799269,0.035749609476825726,0.07343715576679029,0.05154888554721307,0.06328006447011798,0.03277375511124693,-0.014013468328182514,0.014082780519236697,0.06688914847463384,-0.025216688096091,0.004035819773043698,0.008766249851698625,0.013969416676785468,-0.10099647377898155,-0.007293768705522563,-0.04278240118366954,-0.06194488292737973,0.11478749685887342,-0.016460723179352668,0.0279715715064088,-0.03857612971149053,0.0017159516507873544,0.018951657390068474,-0.03326944020710637,-0.027324170407096317,0.023645356058341324,-0.01003209192843672,0.0311600198370132,0.04105463027313079,-0.011600996513471342,-0.03621856118930286,0.0017441326633666496,-0.034099387261274816,-0.0007271232533450128,0.007741060709394509,0.0011688560845004808,-0.015465371262656076,-0.032953248708077636,0.018380225272105415,-0.01903766926318063,-0.004836199448102863,-0.0015909487982322616,-0.00040731435069533083,0.0014477032275365853,-0.009592596026817996,0.012603243279105175,0.007274918901859569,0.008578105351944884,-0.005597849737413995,-0.009479947469569297,0.0067861259602038865,0.00784605433935397,0.0007263232000892166,4.5602635935762656e-05,2
25,0.27730631442516235,0.029095005019632775,0.05595133604772985,0.09583154420202289,-0.09909442542016553,-0.14023879229567307,0.04019846472828159,-0.08639940040270419,-0.19350202161325933,-0.1733154605818837,0.05738747978262929,-0.0732584222575498,0.14452754600850581,-0.05931182241475831,0.06091546000794922,-0.04023375849763141,0.044030230506112024,-0.10083867623826501,-0.08209993388918264,0.029208108616600576,0.3936251038277271,-0.03498002940740972,0.07190705926739198,-0.09143706115301374,0.02478343367273632,0.03340963628725046,-0.02050314369770178,-0.08742175332564325,0.043992566661511794,0.08774882872547059,-0.13533402054224564,-0.072236262428508,-0.0231490555601283,0.02459386355231031,0.007982817768514096,0.004504739047718935,-0.03754854127257858,0.055245323425149824,0.011756467934890344,-0.06740623263983755,0.07852350287579894,0.06671663199942539,-0.059358527147711344,-0.03809559063108314,0.015672550256588844,0.0898152514910895,0.01204827733247831,-0.03000293977783993,0.016258606460181717,0.1182790833518234,0.10138865078932131,0.017482401885553375,-0.08010692665219242,-0.0681815956956781,-0.02290334170952564,-0.05497982388116696,-0.054017549894667866,0.05919937455047859,-0.08642683832950784,0.08394463808512923,-0.030782624199937186,0.027414220867437195,-0.03425399717281197,0.0658359883719472,-0.011516043094535886,0.020678325294314893,0.02817489287352054,-0.05490878195999425,-0.005775056400059429,-0.03680428731223226,-0.014437882355828184,-0.034474555153678074,0.06324960634815022,-0.044403649636995,-0.015170496846519553,-0.013348709870260659,-0.04302877598481098,0.07138883382354234,-0.03882972672012205,-0.09763964318116548,-0.012975543596677845,0.008575194924942475,0.14774100365054854,-0.08626217396807957,0.0468490816182951,0.030563615403451882,0.015783709439564517,0.09483961905320391,0.012576874049693435,-0.03727991629863446,-0.02545280136764909,0.021404822694229567,0.08696381850508936,-0.06620260003283453,0.0679206806491627,0.12675153516081056,0.05051462192247508,0.04520867386206351,0.013700497571696307,-0.025899669301850423,0.05004097442949287,-0.0666204635762699,-0.03189005211357044,-0.10866960459356641,0.048147223220443715,0.006517486217538997,0.03629077684394102,-0.20604539543398054,-0.13105645314615288,-0.08628614065424517,0.2964948696546398,-0.03638996122296076,-0.23343849205780995,-0.040693144973888006,-0.09983849756470833,0.0004939569238174074,0.05417877279333275,-0.18373727389295605,0.034084507747369285,-0.02785168437966192,0.05399921854546953,-0.029189137272913755,0.057137814907489655,-0.014123046019677656,-0.014149964900243058,0.09353034832701412,-0.03238531862204777,0.07816818606892373,0.02010050229572604,-0.001994391182169245,0.056143303966389044,0.0393240235700425,-0.014988453259485475,0.0023517651189143888,0.015028355457075206,0.018972934311678107,-0.012791323282135919,-0.00872711015954516,0.013890589444314004,-0.023996496277870052,-0.005272986055335124,-0.020648943220214756,-0.014049167298951656,-0.0001297489156872301,-0.01623877436789716,0.008200410511439868,-0.008249608773150167,-0.00942685661817727,-0.0020593838193706604,-0.011603936521318397,0.0008893299148730364,-0.0003907720848515201,-0.0019200915477197902,0.001694414946333675,-0.0015324431487822475,0.003387901982233369,-0.0014415683918917901,0.0020018914490156315,-0.0010618033478217081,-9.75278686085007e-05,1
163,0.2420382136978493,0.0725851896449959,0.03082584618672108,0.00915851707342444,-0.08260500986646645,0.04154302280034137,-0.026449104333782766,0.05250845437874778,0.053340843540699054,0.034976596405781685,-0.04105386858691972,-0.020062843931377194,0.030897353273324057,-0.006871713099214779,-0.07582261122203046,0.03270511950338954,-0.10833013871909677,-0.06393566512892776,-0.08728322790260327,0.08859162786710326,0.030574669305486826,-0.08420981576808671,-0.14336153401186605,-0.0031302729849651957,-0.09127183703498655,0.05967150589057452,0.061354698054958454,-0.011788899424956258,0.07152731187911718,-0.01317137251768445,-0.0017142412772621256,0.03707914173185083,-0.1536666749207284,-0.20381499502002792,-0.10663533482134009,0.04270676224434239,-0.1532897867549622,0.007517654987983865,0.04613698501952897,0.054156831306807186,0.02440985895025346,0.22097504552441996,0.0006487028670208758,0.034541535422103996,0.04546283615205976,-0.18065017585641907,-0.13171234130080006,-0.09245722077503259,0.08930676916601236,-0.17063924955383014,0.04793596500961228,-0.04730640192799053,0.1149539851320623,-0.034965232023527484,0.01958191524311553,0.0024458815776924364,-0.09993640501670195,-0.011986904905564399,0.3049713589192421,0.023455898582937732,0.04398915176393814,-0.09231735500392724,0.07056088535914766,0.0032647160151703346,0.03825108948014457,0.136163046595952,-0.17005746734631766,-0.2571291803856559,-0.021275776019977904,-0.07211452326639253,-0.1118514468497055,-0.11591445277994507,0.172626343783139,-0.04486672100652806,0.16349509261191836,-0.1460419087599796,0.0813270724881332,0.006883063862923675,-0.09058680236425992,0.1851443157355029,0.09933930668550672,0.044029398674590964,0.06119672694272699,0.053833957528899495,0.10436289594993,-0.10352995949594264,0.05791967181503623,-0.0802548501359204,-0.03246423064279295,-0.11397998459277225,0.1463770565067667,0.0014801656728069285,-0.04158184126725784,0.00961183974225608,-0.0672355293532579,0.12693357292808627,-0.054048549035273646,0.07976794325493272,-0.041159256996805754,0.07375272757481659,-0.009164529872204688,-0.0014768178961931337,-0.1336546537710963,-0.013777352235052817,-0.01791618798636197,-0.04041113509364837,0.020424977910799332,-0.057797242387274,-0.02903488282375085,0.021709289107883164,0.0005251657755359111,0.0029896036514630974,0.02134582181601007,0.008303289624708866,0.022312674280575942,0.011853384137886204,-0.023724423974914175,-0.02289631355711182,0.010350859788419133,0.022230201763695782,0.003606742329602856,0.005695010117966515,-0.007603059717372677,0.0019413349511498818,-0.024252099857184503,0.0018650382383571433,-0.020652148433490464,-0.0004522535480840518,0.00817959647913072,0.020248488834283436,-0.02731988006353166,0.011478032546564848,0.00047075720383972627,0.02260878159741605,0.008735797660336962,-0.012274697881786398,-0.009561023432279925,-0.009705557710958594,-0.02455737892373549,-0.02090924191921012,0.010897154585804125,-0.0022513883052014934,-0.002909243091909415,-0.007995408747920037,0.01304020402057063,0.005107122328085653,0.003058887307383361,0.0032946575218911864,0.007677477713579964,2.192751642182255e-05,0.0010853397144869616,0.012041342606492353,0.005861751724764053,-0.005361256946834695,0.0017205300141140282,0.00021857931879636409,0.0018334178817468656,-0.0009864377416436356,0.00112944176186566,0.00012562570375121256,2
73,0.3343034029269809,0.047015646489846526,0.029508889239353235,0.14850637677472356,-0.034169394736929884,-0.10924959542786164,-0.0021333667657630166,-0.13613290331516292,-0.19207202595755202,-0.2074148117537484,-0.01630485437226735,-0.06456467470503569,0.25856487538708806,-0.1291786516104786,0.04081979335459119,0.013306658748793283,0.033405059811054294,-0.056935056507823226,-0.05292808584299002,-0.008643158848577226,0.19769700088587353,-0.02964090947262199,0.07133370694817845,-0.09045294314264804,0.06295389521106398,0.043404443035814,0.06041245366892215,-0.0665907490820519,-0.012115446176748354,0.015498277014573212,0.0067136453426697015,-0.11465042803439543,-0.018660421311395628,0.07367800929887136,-0.033777577103399424,0.01590607107093915,0.006103478699412126,-0.029292870093672062,0.00835047688366221,-0.034149528099588426,-0.06742097727977338,-0.00045689851553979235,0.08103424679117187,0.10226772520041477,-0.009133333315306627,-0.06530617635722512,-0.02414712256973061,0.029667426408573182,0.030160349907805944,-0.015776051648196752,0.03404397867715546,-0.027854672804210247,0.001811049998424343,0.01909122210978982,0.07746981448176211,0.07255624652165939,-0.023312348510359942,0.08568159078056276,-0.03461982913106601,0.01760277911177829,-0.12200216215450325,0.07739122289556301,0.016177080949345304,0.049988129388724524,0.017835233645114357,-0.015106081562728978,-0.014978330198692588,-0.04134543573050642,0.009584469813011554,0.0002074138227595012,0.000649395998788352,-0.019653286563164812,-0.057158264587052435,0.004703502831252966,0.0809482260882196,0.03588348822909314,0.10366749937295482,-0.07579420439798915,-0.030703792553739714,-0.009769068634227811,0.046062521931709836,0.019517502100202203,-0.05704270346743626,-0.07521872989681705,-0.0022565417475721612,0.07443157605313908,-0.0115400496617694,-0.06361283237827081,-0.025860257868679862,0.022164152535386755,0.012590518051785763,-0.00482287997155882,-0.0009625024196438785,0.1904247676418955,0.023575127987852825,0.13698379930854448,-0.03552853651839731,0.06733616547406475,-0.12205873464485738,0.07511513666060697,-0.1650548492744012,-0.12570041078603408,0.32175331288075154,0.11614146748343547,0.13567596678151572,-0.05886716540875851,-0.06182083755672214,0.029502611363275578,-0.13256912233824328,0.09192174211668905,-0.155937070207161,0.04041667663046622,-0.07369976527826753,0.11954894004785185,-0.04198913338268923,0.00961250875377424,-0.14430007191476507,0.07527368641707446,-0.041998932131698107,-0.01109764236336054,-0.13993779411893287,0.0655580502501687,-0.020518558533573164,0.0978666216367906,-0.04722820387480035,-0.08914531210140299,0.03885833942494004,-0.007613116639364689,-0.08698693912399356,0.05053504082193434,-0.030330714684146345,0.021350311144374277,-0.0701975233987557,-0.03960141554170998,-0.01392852125817369,-0.003102220055910856,0.005239804766292495,-0.009485381592225742,0.004304679486494977,-0.007882368976891402,0.0001198640876822702,0.006751240950788401,-0.0018872281466111407,0.004209264390148659,0.0002743345305302208,0.006136832746151766,-0.00859105457646739,-0.004666508104499882,-0.01284419754823864,-0.01463400414727302,-0.0010804176706672984,-0.0033953711665480075,-0.0025987674238682062,0.007039401450317226,0.0020211400817662503,0.008522865670089003,-0.0009210347091873842,0.0009223047147631796,0.0015420272930103981,0.0006049513969883288,1
89,0.17040376816170902,-0.22445731511847958,-0.1353794629455367,-0.04672810135054709,0.02891141614333192,0.1843015927881839,0.44647191255910684,-0.0158966300746623,-0.014141216961187994,0.027148946585908905,-0.044935591592587504,-0.030101439654912868,-0.00020718601281269987,-0.015966601384188046,-0.007102712847831849,0.02313717670241508,0.008331306911867087,0.006845315987884968,-0.0231124771543725,0.026247252890231363,-0.013091673294757132,-0.01714235101854195,0.006269285154866729,0.010454080445854462,-0.0037260021747958956,-0.0028824472079328166,-0.04226650187763399,-0.007341538757814055,0.004063163316104286,0.06166386144511597,-0.00716993335176002,-0.03085934836727629,-0.25733096146086715,0.002091216243966432,0.42962265664685034,0.2515326047657239,0.05093161242857963,0.13649323846681086,0.04756176982480423,-0.08075422063941891,-0.003946560745634889,-0.10659757405680827,0.013549608792388763,0.017249109104018605,0.033842168146495495,-0.042738211968131753,-0.05205102183266651,-0.013914718812912672,-0.01569639904493171,-0.030139930655282175,0.03129880393241476,0.02346189500661211,0.08327037888798135,0.040320590046641104,-0.00792208613748281,0.0034067834608695695,0.005444304878894556,-0.016349948533179837,0.017272707283662123,0.03576761776268546,0.03433106974601562,-0.014923034933334361,0.00365331447949758,-0.02188188488420035,-0.028124683643101417,0.003460885575346614,0.011807939421897352,-0.027228514343430835,0.050767306359975395,-0.019280674608401455,-0.0023499485632182877,0.033882527969782576,-0.011775069009144023,0.010466957230867761,-0.0112411042195787,0.013343790678878325,0.004640212259098266,0.018602398435990316,0.005807766567680882,-0.017231787581689587,0.0097269206211128,-0.007454115296622459,0.0037404430152874263,-0.016837121133537834,0.03486798279209278,-0.013367346264704587,-0.001157181442906317,0.021028274808720725,-0.02153124052085389,0.010732632659981967,-0.025573582964220822,-0.01074555029470739,-0.04102070792129412,0.02217876332064603,0.029685858747731966,0.0047664027153552346,-0.00533124296044294,0.020665787898211913,-0.003248767228354859,-0.01655685607555617,-0.008622381294927395,-0.05055489349963193,-0.019865949957766218,-0.036753898464610406,0.009232125439621588,0.042888799033246536,0.032101780425898285,-0.023221658865835854,0.02220414737370182,0.07081169868083419,0.026549526107816728,-0.038208413971307996,0.04652886982046344,-0.016333123675745045,-0.04891453655652572,-0.06385022659745597,0.038044773350818004,-0.015922504954238963,-0.03687777198336788,-0.08101587058245412,-0.028822009936642013,0.11089469306961973,0.11503696299313297,-0.051057478184604585,-0.18246393136029962,-0.2886151687671394,0.0019542849899405216,0.016027939969594056,0.10570470710566572,-0.052106242588272074,0.03974667384912704,-0.041264666572351144,0.04915147406857188,0.0238490953957738,-0.03158817402348014,0.0762454417410612,-0.03793241078023001,0.019249533133665384,0.019590592848212202,-0.02928777519979318,-0.044833977242643264,0.024399279055443805,-0.09397206856704568,0.016746007966986942,-0.004505662764031905,-0.03856823485281735,-0.02053691865130685,-0.0708341846202208,0.011415947356301121,0.04713628237123765,0.170439494598191,0.005139149961167283,-0.015305427524903631,-0.006427937913693279,0.02268844778389607,-0.009459205200464504,0.008259845465558066,-0.0013842529051601743,-6.882390686734451e-05,0.00026339132709710106,1
37,0.25657966862668186,-0.13586770795638228,0.16009467242558678,-0.1222614792401801,0.027129203786015615,0.03379909354678903,0.042958362400742744,0.02043155722714504,-0.006550950107526945,-0.006395489007323613,0.12999745938424423,0.22225418889925055,0.0472273082387426,0.009099690981653698,-0.010831320467573836,0.04426232784976864,-0.023219786105339153,0.006408775106186615,-0.022258321031216166,0.0028010025596360323,-0.029613300721358406,0.02664849563657571,-0.058057535482328955,0.10027897960764451,-0.10647577959698747,0.025633379824763297,0.1550140183122937,0.07691436972355944,-0.04380998273973563,0.561843712476586,0.1836921053171909,-0.20096538850348608,0.03789645893947578,0.03411851272478544,-0.10888836549884406,0.030267353801390767,-0.08003474060759602,-0.051195350976203514,0.06174403309622069,-0.026669233442560326,0.12054784282799806,-0.011373087955155244,-0.03911091122896802,-0.006099063766297496,-0.013932815201317256,-0.018165475075760572,-0.002834823129491377,-0.004074815452309704,0.008668694031419824,0.012106460140297969,-0.00275856166598586,0.041546005393995444,0.018801350590036507,0.04635749479604007,0.06144392098633171,0.041181430761906654,-0.00913420768654879,0.009755113545509517,-0.02122462728324267,-0.06848562317553762,-0.021143836642118292,-0.018254798738799496,-0.020932049370212022,0.016916637121220185,-0.002328281154243975,-0.022014387502749675,0.0431661749934908,0.013312932040619209,0.02947246145435649,-0.031775500592457755,-0.016608344849168864,-0.011886099779688407,-0.014216143519468068,0.04685840105893768,0.02655191197322193,-0.05891629903520471,-0.03947578440226737,-0.038422102506615395,0.0027851996326125027,-0.01761764057942489,0.007454832238821032,-0.034561245515373484,-0.0019009694170464852,0.006624870230996305,0.009910120171913244,-0.001616279110636763,0.0209488258677857,-0.01314125814748409,0.04750729529411612,-0.02678454443700693,-0.014393920296086599,-0.012657311067790363,0.0024703520281328696,0.021864343060533607,-0.006740698007284455,-0.025700793713791116,-0.009630103159855078,-0.011756127709872253,-0.07005998790224426,-0.04297269390015518,0.045300368546333014,-0.021995569311768555,-0.04514939347676633,0.06793198967100902,0.0372539433154903,0.00978946637078004,0.047021780626441675,0.10476571635718752,0.04541287769172506,-0.07947687418734305,-0.00692502494178579,-0.012844218374890715,-0.1669496476344606,0.07862974642796632,-0.031135709585269532,0.04839037527219327,0.0707193413231701,-0.007579538833357668,-0.09620667707105462,-0.009321295129169554,0.031165235114946895,0.10953619184146485,-0.020023383184147953,-0.029112890458296507,0.13976099088831972,-0.08328690252713895,-0.1640196908674168,-0.05319601035664624,0.041801962701375414,-0.14174340494414775,-0.1541592038495396,0.03157026098543343,-0.022343877444478362,0.10682768989298824,-0.06931288051608929,-0.037529654790034964,0.11263558421489257,-0.09195674558040752,0.04159077775526807,-0.03322043844494362,0.009362212466649315,-0.01576331778168718,-0.054985023000512695,-0.07097426712486131,0.016990131656335384,0.0700575127254706,0.005138101920793756,0.03490876691313579,0.03177406821314506,0.004974911501091639,0.020803826821066147,-0.00437079501247555,0.00585668643356782,-0.003407789270025485,0.0034075120635969646,-0.0006355978700111073,-0.0025381397094029826,-0.0011147940290870554,0.00042554702580360315,-7.572619031682428e-05,1
126,0.28486468905799345,0.41136183846110297,-0.25988468987732005,-0.31274127401168383,0.32870558430956404,0.06107883262221653,-0.013205388650242374,-0.20430466141912312,0.1375945826199828,-0.1497372590570379,0.0658912324510395,-0.029906188876316145,0.016717969985323558,0.059878163233877096,-0.0472165551725168,-0.014890818843978996,0.01612616062510776,0.015261868726345714,0.033682330928676896,0.05756817277215301,-0.0125933216344693,-0.019148100734614475,0.02764761213366964,-0.005125996347364334,-0.08026585726834758,0.07455896529879638,-0.057317374245542674,-0.013017099917874942,-0.11314020173549554,0.03855926489476094,-0.04803177415250233,0.07368992552399334,0.0027538179725762873,-0.06027597329716511,0.017301212100191556,-0.05886816387753266,0.01742935985146602,0.018710694479254716,0.11952087141222223,0.03916572397732622,-0.005155844163818224,-0.05522332037978035,-0.020194163148807894,0.041051099959938664,-0.1363965790664004,0.040683515404836355,-0.03322232161571522,-0.046587360560057606,-0.009238876589181853,0.07758954943550517,0.0035386756483761195,0.0569329987505412,0.05497637985683852,-0.053167877067597145,-0.03260208196055417,-0.013846313083545125,0.03903585447970117,-0.015530739643195518,0.015459589502862525,0.04947305982573686,-0.050547326408740594,-0.04891809864993829,-0.051846793398776965,-0.013638935787161202,0.02623903990869577,-0.048826149591572485,0.040872459169939895,0.05852872320663968,0.017461407089776546,0.06146187377362704,-0.01926712060464084,-0.0020705533574457424,0.047965536844368405,-0.0527960554557722,0.023930740191604644,-0.00953605442031253,-0.005969505053586429,0.02541762530825685,0.05484946138370614,0.0019499504865040397,0.03849645177814069,0.011872728521925382,-0.003784086378884606,0.05459639714587839,0.030242481938718344,-0.017010793486923755,-0.019548045488543272,0.013929958267219517,-0.0037900644123632205,0.03688631195839111,0.005335205406102781,0.009673258159043076,0.02772678855593944,0.0008912788451815111,-0.01496844156528911,0.031048263493867547,0.02395362752812729,-0.0075124309473251875,-0.03818782792849683,0.017178828919783142,0.020173704584430983,-0.034065127598260164,-0.02432273741526131,0.021718611830670247,0.0020957016059572316,0.01792189454199773,-0.005442127269922375,0.004328959813156,-0.0037967960701103315,-0.017742279689579032,-0.012256457720848856,0.039448144833948776,-0.020770493490101627,0.01232726188035474,0.03275600251863107,-0.017280291043110723,-0.009170771674316404,-0.047389799912026034,-0.02160482316190142,-0.009888619663109749,-0.0450662101698841,-0.056233518225927245,-0.020465035745750898,0.05886370342772122,-0.06642059081202852,-0.0037790279445659722,-0.023514438350734634,0.04124272194551545,-0.010855866668091872,0.06130390753617426,-0.060529808906961954,0.013603828685811024,0.028249402638995016,-0.00858328588317222,-0.006420433643736244,-0.01619256866255281,0.015717303110209854,-0.00541272031357437,0.09602469896960128,0.06464702168423654,-0.04544460929827241,0.13010346988392252,-0.005112766744375978,-0.0797615451288883,-0.013388573771855228,0.026990017800388698,-0.013320579887146317,-0.03421616536754135,-0.011531968879139078,-0.021471189084391773,-0.004995942784169142,0.27027613338499307,0.1928081229401695,-0.14104551651115319,0.033264733541467896,0.025640613811928427,-0.011646995516357783,0.09912463630711531,0.0003268166246091987,0.001183513384154834,2
166,0.2712155911743061,0.0702734057176071,0.00930127391372894,0.00903268774897123,-0.10205157822728404,-0.06013313452856123,0.01660248376758727,0.022426448004194976,-0.1497210250887667,-0.0709865505603792,-0.12679081244227433,0.04499606047585041,-0.03553900013171759,0.607603147512166,-0.014108256419398122,0.3132461966607129,0.28122975030228525,0.13804084944446704,-0.11407735580217032,-4.895277644782932e-05,-0.07023671656234966,-0.07553580848275894,0.08347029266529694,-0.04053329363938673,-0.04981369931101262,0.0003659772038581543,0.059997176245205674,-0.03717610582437812,-0.010634891743242919,-0.0545862660472647,0.03274447543648394,-0.02712912693380998,-0.020889279499861805,0.011489889297515788,-0.019144213221688834,-0.05232811005244564,0.03769476875998589,0.010540346612539393,-0.02584145030236476,-0.05347724214881608,0.061664478497398964,0.01736672746885133,-0.05156307974291317,0.009493201816063555,-0.019618781723760397,-0.01780035704655705,0.006487344505047982,-0.018897030518007236,-0.019240397170458272,-0.030036667598240762,0.02053789575234416,0.015634750151564136,0.025047166890771844,0.0016336155041664032,-0.018047541824464806,0.04660957666406479,0.015608295636340176,-0.02137787889094417,0.024166129028637906,0.029340583286773875,-0.015479983358558604,-0.016956020506108022,0.010409906802212111,0.04078336256767504,0.019313526978948357,0.03348762806394753,0.026955074587557932,-0.045988459286148586,0.015284432461315948,0.07696115052716263,0.016594370038106102,0.019756580552881008,-0.03511099937642912,0.015709013207388343,-0.07915508181274702,-0.00847475280658053,-0.002254696269222722,-0.002824952379740033,-0.04313690080587806,-0.0429142312269953,0.0036091405069579984,-0.016315057256164164,0.0009017881041229973,0.031641797963744674,-0.027244760298500464,0.03314930449880571,0.023156240835316377,0.006790622134338128,0.004611408677748369,-0.01648254809594643,-0.02707309343385387,-0.025126944470162907,-0.027486412813536212,0.006948972917412128,-0.01599440702799346,0.04634495851767503,-0.03384041075414566,-0.00041052279069823776,0.027358863936736512,0.056177287882452596,0.0097461210560486,0.022529359909900258,-0.006784046674237777,0.013354244426497984,0.010768118898275468,0.015597381995411852,-0.0060870055789956174,-0.017123417761253784,0.01129351569418972,-0.03597809509777886,0.0034340804243698183,0.009344846437599044,0.026078237131882773,0.00844120470695386,0.003310050560682522,-0.010956875265160825,0.007003360139074367,0.008889134032653862,-0.005183559169175048,0.010405113801524543,-0.01926587150765966,0.02496606912131407,0.009004605807586441,0.01868023316984909,0.015811557666579375,0.0038097634553608773,-0.021511836547869843,0.010934017714040813,-0.01870681992096444,0.00022546629656832904,0.014768082049704829,-0.005676078423917338,0.005856630962053306,0.02561379412422336,0.001223918223565545,-0.0011939761447830068,0.001593210803491848,0.018884474568417013,-0.03962193070208554,-0.034182730489140466,-0.01880117918204754,-0.04137099705875155,0.0109902834607244,0.08305830659235798,0.05267972121086413,0.0184523479207653,-0.07613233675480484,-0.06229959730827531,0.18009187536440052,-0.34230165706940613,0.06204965731777871,-0.005136928253591507,0.018916064998439806,-0.008774026545880822,0.01026110634890367,-0.012989691973081717,0.0013412572934255193,0.003014844075199827,-0.0008590127429651161,0.000419379649991838,2
77,0.3335389740848,-0.1924659293300476,0.4025127084928275,-0.2734228583356007,0.10063765593262089,0.03328916478800479,-0.036851340050915074,-0.04293116180734222,0.03541045746101492,0.01799197691361948,-0.1360429542051231,-0.17695469841503617,-0.037414145857869036,-0.03524085368082236,-0.006818338907142862,0.01496041060396165,0.012689554771561059,0.0194359915508298,-0.011380759282246742,-0.00545113058212045,-0.028461560714180902,-0.015771777388938826,0.004394553936681764,-0.0031045960889632207,0.04443033523094911,-0.01169427492020108,-0.02453517596171901,-0.044486817945953085,0.03015303949430435,0.01629054149568296,0.02872645369871359,0.028796574491032165,0.1123556022527022,0.017085402371851702,0.06701819609572317,0.046894551330587786,0.05712601839702194,-0.06777768276031776,0.007898766621896387,-0.07340193041865883,-0.028150007193175255,0.03517206835251467,0.00897608102245525,-0.04144414406336397,0.0031698356157122067,0.03862256485073953,-0.027378454241143744,0.018640401773107638,-0.003538852420107916,0.04785200985207907,0.009660923880103953,-0.010197652374550554,-0.017126074732245155,0.002554894065969124,-0.04896125111931454,-0.02845314541826755,0.03336028168235132,-0.0032167786452110977,-0.05284373542778409,0.04437126294797042,0.015452605273014518,0.03225180764991665,0.06633201117814708,0.031682289071012774,-0.04357732997903043,0.017664773846307158,-0.004946101976219347,-0.03262715197815507,0.05026001313228926,0.004307753938942509,-0.0696244308728696,-0.007147993464679045,0.01794550496275214,-0.007471304827684607,0.038590304353264854,-0.04207184913625105,-0.062210874428721856,0.007001212056752817,-0.038888293683482844,-0.07467667353203161,0.07226662811312957,-0.014110962229601811,0.04104698218414429,0.0010730654992218394,-0.003993153859353285,-0.08632983758022082,-0.07625218585636688,0.06508668832975573,-0.07359483374602703,0.10276224802049799,0.08052474412067745,-0.004270646891223106,0.01476687589494855,0.08333682710445868,0.057792712774107184,0.013234274326613137,-0.06425244637278157,0.10951809024574281,-0.2280479187733402,0.017897556256562613,0.1290728111155846,0.011537120176990507,0.0038569429104787895,-0.046038984455772376,-0.10514477251943918,-0.0501351849454897,-0.3027669338059126,0.05146953835948199,0.0954522633944754,-0.07631557439787381,-0.03446933864610355,0.04449224367067746,-0.08340529372256311,0.021979729585230423,0.0019719562489268756,-0.003917219515794045,-0.019323560784081636,-0.06641036897463727,-0.025561324871897724,0.0008657783931024356,0.004615491295395849,0.0904429537322148,-0.053052239484144934,-0.004899650555068208,0.0491689948861802,0.018720644086952485,-0.0953318101525924,-0.10963993552842793,0.07795342117626622,0.05637012352613773,0.0407826917866625,-0.055533222396379436,0.06539313994487013,0.019561483856740083,0.08587986828602351,0.007982884932501336,-0.1807462929316332,0.06817631154978324,0.022241912921296722,0.05770928504093315,-0.0441486969565277,-0.014421309418479729,0.03382991114785298,0.09615476202575855,0.2147115230185763,0.005372066458866543,0.08042928634365913,-0.03322367955638218,-0.008247826724908286,0.02098469123990037,-0.02056260291093212,-0.0025538723145620513,0.0003240801668745758,-0.0001340854781775088,-0.0004556622982989423,-0.003182705826421781,0.0036857442347940222,0.012609490115958867,0.0009038672053405202,-0.0001143809657903833,1
47,0.353994574407421,-0.4061979293690725,-0.335751164310296,-0.07237067548870445,-0.04029799321460646,-0.059448909147608225,-0.150580711425223,0.01658583005458696,0.03716526986956565,-0.03537704724174649,-0.0024307581748466375,-0.02349243292209245,0.008724551427136282,-0.034788623564465326,0.06826970961006625,0.012546455243782647,0.05406491999991227,-0.02080957356543011,0.027369726084705448,0.007093890470938384,-0.022720845270519208,-0.0318586924032515,-0.010953255781749088,0.04306327661755308,0.015196517955132733,-0.02663817764017347,0.004164848092609483,0.04987530290330854,0.036329103794175074,-0.02933984038881723,-0.030982138106792522,-0.01943343532650902,0.09758670079025823,0.025570885364650846,0.006278731886054076,0.005726237575497804,-0.015690826430224004,-0.05183852541502454,0.033220976970538246,-0.0431650974105477,0.02522526472717357,-0.03840657486841541,-0.03302783310824282,0.033136179888171705,0.05672295596813095,0.04583581828219388,-0.06568724012599128,-3.921430707450307e-05,0.014366484926290897,-0.0004151954325550579,0.022913207640011198,0.0017930672530383535,0.06946587752165126,-3.9559295870316086e-05,0.07441238367064709,-0.0624659321787437,0.008545728250808071,-0.04492372716015119,0.00733192047493524,0.008241239828347745,-0.06957517775555483,0.054035542675134406,0.00724458018061579,-0.019420742217113374,0.026937100438485493,-0.02727576378036202,0.02539269440604222,-0.06119097481339542,0.05978347874983569,0.03403402130318692,-0.0032401848196735587,0.04371672990438719,-0.024044018071022896,0.027517313204795866,0.07471141225344682,0.006598407770125729,-0.11013909474216209,-0.07319248426005061,-0.04944257321709833,-0.009444554093126526,0.048648700292264306,0.10205583890830681,-0.02468515812062133,-0.011678109672866126,0.13476857910412599,0.11445560551147729,-0.04462635296315158,0.017097808644530848,-0.04073442337326785,0.1109394201124375,0.07022921445694322,-0.07140744112593635,-0.05862518838234321,-0.1806653186077044,0.06589885580621578,0.03993640571671856,0.07306614926349007,-0.07780092134190793,-0.05814488549739529,0.042088141506307616,-0.005922527982783723,0.04845703967817402,-0.06070232072024376,-0.019465456197508335,0.009489071302351756,0.038390491493686986,-0.027208862244420883,-0.07515817236945133,0.007610650832651585,0.03891151778646369,-0.06858571761992571,-0.046181282441542036,0.07965491239857955,-0.009924565719553973,-0.08521192667325185,0.11557801463466187,0.07166114300891868,-0.008117211091794588,0.05256891683254487,-0.022281300198994936,0.012660785229903875,-0.011319000372204839,0.09298385668861384,0.011792272589198783,0.04242359515121839,-0.10823666085025414,-0.03399130828802681,-0.002751777463159604,-0.09974499803322882,-0.048378261126247775,0.005182915139127782,-0.02991332124200585,-0.18334481662584734,-0.037263554251272,0.32562571560371373,-0.2519143812754533,0.04160670771869623,0.04439549036665656,0.056889615586720906,-0.07327701090960784,0.011690071155584658,4.76871056857976e-05,-0.027585137998925764,-0.01397811249991084,-0.009955539038316455,-0.03367724897861092,0.004492769270091253,-0.007410647220168327,0.004175365849215339,6.427766206549678e-05,1.1263293052998172e-05,0.006778113102267211,0.010878195440957337,-0.005246876545071761,0.012457280432928005,-0.011279935051524043,0.009291228724826935,0.0024669150835331917,-0.0008216542384463972,0.00014008693557215467,1
193,0.22194233052070034,0.058806976207744124,0.01613879156461145,0.009999408786051444,-0.10483715923596704,-0.0054616459240703135,0.011782940140203523,0.07969963221956286,-0.010863563901049476,-0.053446260551052956,-0.035131613560108,0.10275319213330511,-0.0830231729233101,-0.06333878270272335,-0.14919067732030736,-0.01352486097072702,0.01235914634033975,-0.011369767471910885,-0.0356571251678258,0.06833775126888805,0.03146166538691335,-0.036046941727536384,-0.13164049762266092,0.022002360724524245,-0.07415352308192785,-0.2419981054969189,-0.09108867837648207,-0.011120815723737704,0.019503413734722835,0.13410366643431554,-0.13089802669474784,0.16081948205772423,-0.07411788793377785,0.1112517680225164,-0.05043366734778231,0.01509461270223229,-0.06527248818373053,-0.1012925998855962,0.029853293467846584,-0.06439918930716729,-0.29147865543801477,-0.1411300610966354,-0.016693601944533846,0.10716643792896172,-0.13242250832697355,0.05802261557806314,0.14949293354867776,-0.18971907507341207,-0.2218805530282995,-0.06829763125959412,-0.016824814426320136,-0.00952597213289778,-0.02264793237330335,-0.019991712732157756,0.05168907438313718,0.03231016969851049,-0.04751559729745799,-0.07798466445412373,-0.03706706157053179,-0.06968904563865132,0.09758038726098786,0.0412589522464554,-0.056611585327881936,0.02816953038953835,0.11259562032292272,-0.03053014110017248,-0.06787357793296593,-0.19153107735551866,0.04965501402639626,0.06418813464963893,-0.18536915783247,-0.04671051491559935,-0.04722146145753421,-0.0046295656475857155,-0.044611944857680205,0.022944089133907872,-0.03739771304081944,-0.00467429211874352,-0.07590057815585086,-0.1176344136013812,-0.08222667280297417,-0.15127814234309375,-0.14465315124110778,0.13139428674208467,0.029521995977698348,0.026885834576357737,-0.15577635593984065,-0.11803816885975522,0.0790530329116926,-0.03034091679832743,-0.07526381026508387,0.061564619621016545,-0.051804490203461874,-0.015368232704757968,-0.05476528964948416,-0.014501068178013434,0.1327884583117062,0.09362295389555533,-0.03164163048288409,0.018437698574200464,-0.0565382424102972,-0.04839578716057536,-0.07055346055251165,-0.2077359154494524,0.14601792810258768,0.006137095300315108,-0.085898483965327,-0.019357203080779498,-0.05352168553254632,0.008096782874106968,0.01144346006510999,0.11257449055018057,0.01776426626544471,-0.04470212019749443,-0.005164095008392577,0.020689883581674767,0.011497236068642502,0.06647896963003283,-0.028712912198415902,0.004994446531711804,-0.004634401748177799,0.009999826312777332,0.006629611861688409,-0.004177952288373224,0.032597868419243,0.019694330352756396,-0.015717664587661315,-0.009763670763194189,0.01365596817908549,0.014377620712746939,0.006757688618939672,0.03006175097054678,-0.04813976871120594,-0.006596431255556467,-0.007171069654586316,0.030575506650981292,-0.008458821318579769,-0.002832364153182694,0.0037686217568779464,-0.00545953024682245,0.0036852136523997815,0.0005303690207833142,0.015073657941206,0.006540978380343348,-0.00508767581415157,-0.005927169925587368,-0.004181044322845431,0.006539847928876158,-0.0031653043119881045,-0.0011091292983540753,0.00962324826023824,-0.005760265876493564,-0.003999707425757078,-0.014044246686446911,0.0018892702006678874,-0.003129798726685419,-0.012903187529427596,-0.001256808304142723,0.0001553677366556708,0.0009323370958020226,2
81,0.23586757451881066,0.05163095143867999,-0.010231019521889201,0.1409001723622393,0.02669720864417494,-0.07983597580523909,-0.016054067623727408,-0.13650987021716443,-0.1712491285972651,-0.25404287983895024,-0.09723127154219119,-0.04374500430498496,0.39190142909340214,-0.189558529095435,-0.021129384507996212,0.0852454990682201,-0.017086848151304214,0.06274100901123586,0.0581530496681351,-0.18541403819339747,-0.4797121709689058,0.04916039545493759,-0.03067538609109793,-0.019634885617571998,-0.08984318025862707,-0.020597776357210378,-0.1176555256943692,-0.16921214299804174,-0.07082338721072712,0.03082874583854818,-0.009582966559509758,0.04496638020433596,-0.07321456967778199,0.0029006092089636044,-0.03633290122889241,-0.02486185507152092,-0.07408676009678475,0.02565376166815934,-0.008514937481230351,-0.05513218226720173,0.032209003612267306,-0.003787059993659218,-0.04922868009078648,-0.05425185332936497,-0.00258410687703043,0.027736140209608913,0.01524596114439598,0.014873309871061773,0.04794961912944815,0.010368331084070575,-0.01993142174130398,0.037382901699757075,0.012888132659153895,-0.048884337945115784,-0.012800103364059451,-0.02473873473291772,-0.011518303702533199,0.024801987280894357,0.01015968168094756,0.01674600711612554,0.11502018391863181,-0.0147803148386897,-0.006109655865522815,-0.031995686023369274,-0.03551836941222572,0.05499522365070704,0.017705201166538925,-0.04374165430616593,0.005639289853478001,0.002105097272670515,-0.0040495647949310605,-0.021389273099928448,0.0005884636248903938,-0.00673147627993767,-0.02023432190139782,0.008244363807369873,-0.05304328495019111,0.004442937214862868,-0.01922494505729043,-0.016632069604174026,0.025989667795806307,0.004313989038612744,0.0097295505714256,-0.001494177927477009,0.00025612339888044346,0.040951519157308255,-0.020104321162492538,-0.0025302078194367555,0.010247830599862695,-0.017951633613932243,0.0016451891443803328,0.016432302028467217,0.01887798952336918,-0.010874431730767811,0.010706141095204789,-0.006232050447681952,-0.006460997648622852,-0.020299274379551095,0.0022143217691672403,-0.012948939005946953,0.003784238707599287,-0.0024369840237010686,-0.005172728879988609,0.008274863027887686,-0.013174908597279336,0.003693809942590647,0.013915139677489747,0.007969086660863444,0.018595581918561976,-0.009409640130542749,-0.006847785121653651,-0.0225045277848176,-0.0056283014884623474,-0.016647453433224713,0.005357577886637118,0.0023920197450104305,0.0370821575480566,-0.006969531380618878,-0.00988779046010453,0.005774449334523343,-0.0075800448344141265,0.015842797000167302,0.01709194267762459,0.009824199934150301,-0.016889165525106997,0.011433322299145515,-0.021403561777040395,0.01103010312953908,0.016884577812004437,0.018806973509162453,-0.00518765307848537,-0.004131769299252515,0.00041883560810614156,0.003035544019720425,-0.0067209371621917416,0.009088167935588717,-0.007335798638106971,-0.008636406398693994,-0.02894127121839358,-0.022620028204443424,-0.033347920940105386,0.029604116769342492,0.0019685866268011735,0.009774355007070256,-0.16864059202009335,-0.01274304717276512,0.38197022875611303,-0.033649798881493956,-0.017735499026439245,-0.09328665991152608,0.012635105758713313,-0.027199440625842966,-0.003982557644998683,0.0008821834914273362,-0.0022336109306602325,-0.00046658387248282927,-0.00552900095847886,-0.003236835055096093,0.0027094967463203454,-0.00016248819234359908,1
110,0.34388083494046734,0.16587286823267294,-0.04489492554618848,-0.01668213125413683,-0.12236179816808229,-0.4102767208917079,0.14075655892936362,-0.34569520376198015,0.46849202410637275,0.38445893630732286,-0.00047766028621871385,0.018920342206168582,0.1434277576716693,-0.03266961160058007,0.02327380990155092,0.047481571276718315,0.07067865834839308,0.07783098979958328,0.01537926177571669,-0.051065909022232174,0.05475327622456262,-0.011518602645606262,-0.014090651733851902,-0.0006112657038837121,-0.06763046101348656,-0.05609325102904994,0.03993769893721016,-0.061159479915380996,-0.03787541785521333,0.00686145037120867,-0.02510552904773135,-0.005511158751194905,0.018848543741410897,0.013247938305971062,0.016430771064568063,-0.007276731229018942,-0.0010110262288171076,0.023608613762274994,-0.03578492669218331,-0.015778254705747664,-0.013617565075465169,0.020918965099256264,0.020600171394291437,0.00034751762804880837,0.021617381125941904,0.006516897365457415,0.020065875892310254,0.00479123385965389,-0.00017384839584071252,-0.04783478659306846,0.00538508952931612,0.01978856789089075,-0.005028605569318943,0.005143328932782212,0.01535031108895113,0.026444647931892083,0.019811786472726623,-0.005888917155574665,-0.0032907577812180473,-0.0035235493656708243,0.034398164535157885,0.02790964362045526,0.010768655740041998,0.013791886855681617,-0.003528626494855673,-0.00029127144764307805,-0.020195556847404598,-0.003175119183632837,0.019019468177051496,-0.006834577485025065,0.0012126116616633775,-0.0024697881588818214,0.003274000710334198,-0.0035195431364302083,-0.011957376007211296,-0.007147967066171954,0.0027698655444213264,-0.013326676795329496,0.0055315039233701305,-0.006533604598189051,-0.0054724460144171694,0.002590753812106738,0.005390119543314304,-0.01278773254496033,-0.0012887876304058772,0.0005451762606472172,-0.003921760806253716,-0.001128179168741867,0.01413767435902877,0.008832379575056356,0.002613934108313249,-0.004061066982551899,-0.02184478947499612,-0.0009584262818865229,0.00424091818918822,-0.017898510941690135,-0.014374798443962849,0.00482853215287872,0.018221600435777554,-0.0153555234743472,0.002952430851850356,0.00972239735039911,0.013366734006036683,-0.00045255120790343257,-0.029676100613414,0.0010263014919396005,0.005940820661154729,0.0025471510288673895,-0.014254789887061718,-0.0013245641161579226,-0.0042527709248295145,0.014517553243471508,0.003836859399228415,0.0128861601460288,-0.0002674537000199777,0.012472019237209836,-0.005202454996946852,-0.008412575626518579,0.011525962483565627,-0.0056797048752772195,0.0006994253295410612,0.011890504607593751,0.010541937684599652,-0.02819465669105512,0.008788893542389278,-0.001979982795542272,-0.00018936242857709308,0.009685270674189454,-0.008079052522637322,0.008379875996309183,-0.0224418334937511,0.01773492873994326,0.01389381150736887,0.011550516524874073,0.012375344331673895,0.005528471904022479,-0.054272958266963045,-0.01142849739204669,0.10408012862667568,0.07411576557766747,0.07921279284682776,-0.14285156618645062,-0.04525939411882381,0.030673850930895256,-0.06761714166384061,-0.015965726653181612,-0.01361605933756773,-0.010139282570145677,-0.005641782978369953,-0.013716754589271896,0.00035709367303847993,-0.00035375433331992804,0.0057402549560609285,-0.011886500610951863,-0.010070431591817919,-0.011771081921731487,-0.004634155747373162,-0.006744170113737235,0.17364396806418003,-0.004300647208966391,2
175,0.2790597542367943,0.10181529005651757,-0.012695034584087337,-0.008087608464407684,-0.04863221663593521,-0.08341973360562542,0.02055201903660499,-0.018974445275029717,-0.08237853778110094,-0.07089132759844897,-0.0965730272862369,0.04118850715943015,-0.10223819590812554,0.0004157016146188405,0.05819237908754982,0.0165432521175615,-0.11110015975055332,0.11661652279405885,0.10941071971932631,-0.025658766023157527,0.04999303360880181,0.018544821491010065,-0.15638203065505318,-0.03149804705541876,0.04969217908246055,-0.12641780453178328,0.07970463219313183,-0.00047689420294895653,-0.025943234030841266,-0.005637450617355111,0.02362099422798462,-0.02955903274923177,-0.102829718026646,0.032907549313913785,-0.03756356933679639,-0.021925112579571252,-0.0028747594330679168,-0.0666871879686129,-0.018707728782522696,0.05469481920743758,0.09885556583737187,0.05200091707299907,0.10273777072816011,0.00802282990124798,0.2862168246034078,-0.16267457180355196,-0.1493040721128155,0.06940015495979841,-0.009877885472827606,0.14391458059783507,-0.04987003095032348,-0.16121288776517853,0.05794342926442051,0.10385580288035375,-0.12777003287831112,-0.22455536704200743,0.2250312114995941,0.1399783319271889,-0.10025821086954831,0.0069919937478585235,0.056850310909160116,0.07109051077060155,-0.14503019998023378,0.04687790988081195,-0.11915321112027892,0.08833425463124668,0.005140294205841154,0.0919660448378011,-0.1215781258687655,-0.028329931538526167,-0.043754277875423485,0.08435817222915218,0.011436872828388444,-0.05340223112575186,-0.033066631941841555,-0.08882283226073998,0.011662270265243007,-0.11340846720323958,0.04485106912475303,-0.0937715495953505,-0.061377810601905065,-0.1362840154864289,-0.0988820477199668,0.16499662015344302,0.08019136333308377,0.10418257196391947,-0.09454320270327829,0.03023403609322833,-0.042809507163497434,-0.21869158409608797,0.005916965987689883,0.04260756043684729,-0.04109697544813548,0.0033221245520594434,0.1326735559799989,0.09798900490817308,0.03490244610332766,0.013377544710172117,-0.025508058217798845,-0.0027698834849280585,-0.025790404828331587,0.06341381257655258,-0.08945958232593941,-0.001883228842894151,0.08385513965714116,0.07884602175338959,-0.014089000389296018,-0.062452236944934875,-0.030843395371592877,-0.04847526628233529,-0.020993831699136087,0.07501860657763519,0.050244042608206176,0.02795086164062628,0.08398550797885879,-0.04553264185265096,-0.024624097756521076,-0.02208905082314288,0.004703263763783147,0.016537075332649212,-0.052759437305572324,0.05743218480390416,-0.024288450669956302,0.0071222789670453875,0.025211672335952062,-0.01676684555250446,0.034839950943545056,0.06949965980910536,-0.021192190281199605,0.04133342590517465,-0.011947033655544122,-0.06887483378289895,0.0803302371811107,0.051746261143675386,0.00980207265675941,-0.04937507371374785,0.02101441886597393,-0.002030452924459298,0.014690569821724665,0.03872728266823246,0.0014034547909073727,0.002619243763755381,-0.01590809538466047,-0.025066138201155008,-0.0004579166715355424,-0.00604829311240635,0.0005043468650616856,-0.0032511572535922767,-0.001218365140217645,0.008966481133639145,-0.002795887333621564,0.0007546564136641943,0.0022134386031464667,-0.006249961528908216,0.0006378330730488777,0.006199951023953465,0.0013637230159453768,2.1352850157108213e-05,-0.0002442850105036575,-0.0002676705044712376,2
56,0.2464131541370671,-0.015241983873162451,-0.0077116644099136334,0.06094617321598294,-0.06936143082287291,-0.02698297267524446,-0.01722745027516155,-0.046742789893060764,-0.08570230566055322,-0.06537972706407538,0.04033837814843443,-0.039862227499382875,0.06908898728688238,-0.04289895782825949,0.04994725785141062,-0.06451943047653029,0.0889414764452104,-0.014573430373660958,-0.08766040487997707,0.07400373958702881,0.08819733664213006,-0.00853224953962027,0.08451124522337186,0.14629357086031558,-0.18536466445607444,-0.022372666515965475,0.06804281883491739,0.034814740822393844,0.01965475250864227,-0.01719599071511668,0.06876631194854946,0.22841484694934355,0.05069652393929615,0.0187251394081491,-0.050150860878657416,0.15949012369138216,0.0056648252769044335,0.05179720471040406,0.04576737511668752,0.03422199761360377,0.12109986830077821,0.015851055664059914,0.00876852404234814,-0.05326286996361578,-0.01221599748304013,-0.1681083803184395,0.008157743463512543,0.035360293975471135,-0.07487853214876408,-0.027766566528892433,-0.004444293994835682,0.10886056516675653,-0.011928331619593769,-0.04760535033703475,-0.04627470728705597,0.03420533551135538,-0.16882318340721392,0.2416636736840285,0.018069632349487552,-0.0603228082055729,0.11004567027295564,0.1095756910764505,0.15942124193349813,0.08552883203824214,-0.0503897125960222,-0.09602561636929302,0.31561850007282316,-0.117562189446765,-0.32375987286226043,0.0762220234416459,0.07850589646298135,-0.11107104035957918,0.17216772328081564,0.06505699288000706,0.053923930290700924,0.2263535635612373,-0.05681287334597921,0.06878744477052398,0.06247113099721438,-0.05362601152642399,-0.1219387221218902,-0.0004415890025731606,-0.11120209845421967,0.0806542457938104,-0.0037446034653469485,-0.08167417825409068,-0.11499486607416756,0.0023492695706695543,-0.11022553990007197,0.029210745618275975,-0.023440117317846815,-0.1418750359697665,0.011431769231029067,0.014291373358122826,-0.012763689188920617,0.01871534455009215,-0.05591923295009373,-0.020708627428249658,0.009366580822821581,-0.03801387159316952,-0.00021635579709817604,0.06859361269980031,-0.014584038909671618,-0.06763026361311872,-0.07045787712853512,0.019427377340418342,-0.0027938130684429063,0.002689019390805958,-0.020650681061662134,0.016827627665708982,-0.05650251788454432,0.014193296897906492,0.01478170127257136,-0.01868631428741427,0.008875856753689942,-0.010381700139982158,0.06320626295214526,0.006423407533550154,0.011884946463517352,-0.00695696736762593,-0.006948857294831313,0.021721719238344726,-0.00865247244518794,-0.0069841086134465515,-0.0012944117506316953,-0.027176892039696553,-0.0042470068066885365,-0.012522184882700236,-0.048968225652170384,0.02047498609317824,-0.027345282575989196,0.00011666321209389131,0.023883380469210718,0.01023142168130347,-0.04781870547296801,-0.057325516675727016,-0.01584591220012811,0.009138401830695824,-0.011639959189462517,-0.003383327198279836,0.01116373687870426,0.003127291255265771,0.00745004058760775,-0.001700438925752661,-0.007490849694392035,-0.00863761648866864,-0.021124646111277564,-0.0022440347847225016,-0.009639624258607694,0.006209633337195197,-0.0013156482784445992,0.003506840678563147,0.0009793473962980094,-0.002571149789160969,0.0035030811561360567,0.0010004147060394732,-5.875955279108203e-05,0.0025681105077040058,8.601430627976265e-05,0.00026121318654475896,1
34,0.1602089695634994,-0.07421202938618839,0.0480846252912604,-0.015068044940044836,-0.0007719363386028402,-0.012643850041030729,-0.002481729624361601,-0.0044536917985637595,0.0002257564536444108,-0.038668737701135956,0.09601396394740218,0.11480085999276049,0.04079208766818684,0.018677441495575917,0.03162359051881201,-0.03609879205159775,-0.055141760258243695,-0.021465869455228673,-0.05150594114471644,0.012668087419956333,-0.034959285294532155,-0.0027815999866772348,-0.10611084074251984,0.0017327645887863963,-0.09999537669362622,0.02396876987151067,0.0896512669416023,0.30096178911000177,-0.042660492297655714,-0.09871124801651483,-0.09599799830072467,-0.1121163038349244,0.06259744670201683,0.008588737065002303,0.20933959117169718,-0.24989591676875647,-0.20375820906553171,0.07565776056024835,0.11430883619378934,-0.19569263494705477,-0.1370696578202952,-0.00032757875944381765,0.04123095821667023,-0.06123743832047048,0.017724723597115712,-0.012484929232617261,0.1299982274351214,0.07747815871318445,0.07237436353883647,-0.028979392940825313,-0.08669998413450465,-0.031978311296005944,-0.19293377342430673,-0.057428988564356055,-0.17933458526092197,0.14721095736004583,0.10876267323507702,0.1844124267250154,-0.010651960006572871,0.213448677418052,-0.01760641019228789,-0.011499387240907608,0.03791070595157346,0.019194885332931268,0.023039915616798187,0.07164256229362308,0.06485252952865059,-0.051203724314838835,0.03664537914683763,0.09040895854407888,-0.11433546293628909,0.04923532959509688,-0.03406065508131301,-0.09388618194087334,-0.002572362166937909,0.2205729724413244,0.02655439289222245,-0.06755040986806089,-0.003217125955194891,0.20844128945098267,-0.04169731252385373,-0.10447005778604547,0.05715435832361716,0.06879992754955487,0.028251265867235524,0.02739418903331344,0.15597955924731513,-0.03710751829459356,0.030380735102810707,-0.13911535691712382,0.03292493118811785,-0.08610205298040413,-0.01616998306551168,-0.12191094590678546,0.01581576710122676,-0.06903447740251173,-0.08858371376955032,-0.12191085880181733,-0.0025529553644183635,0.014373579776384583,-0.10456680590794608,-0.07635578729180664,-0.007603996886794948,-0.060973708301557315,-0.031295945355477896,0.010389906404513413,-0.09741849519295605,-0.019453840924479007,0.042780931337610406,0.04133527233530585,-0.021827750349925904,0.03446369493160779,-0.08691617008263497,0.02803976434386892,0.010588890406680753,0.017726794107109763,0.03289544034788041,-0.009617651279435034,-0.030911089958966128,-0.00540765346237272,0.023825876977451553,0.039506355934653625,-0.027082928199704787,-0.003682634379118502,-0.0006450647116003929,-0.011972856197367533,-0.006165403648241695,0.0055538791966490125,0.021044651851027798,0.0228418652990458,0.009315996058711282,-0.010586126582915866,0.0012689065817436684,-0.008640662138094864,0.01517051221797925,-0.0014324193975630201,0.0031909640454954704,-2.2435253864791505e-05,0.010410971691684544,-0.0009313886523666067,-0.006717367964545866,-0.0016292738515977419,0.004609962695823438,0.0018637651376657966,0.009991548687970135,0.012755053265122643,0.002927818293209248,0.0011668805455484015,0.0006584981098025955,0.004634337967354514,-0.005438878127920931,0.0024415597487513195,0.0004180429248301855,-0.0019136787602717046,-0.003753237699898876,0.0016520654678934992,-0.00029691333190428785,-0.001128215239794405,-0.0001433652452367998,-0.00016919172742707578,1
116,0.21132003303681599,0.022000526035246906,0.047353076212328926,0.01717050915970212,-0.09054219968736689,-0.07601218647915577,0.03733602347049595,0.008180383657496609,-0.08765850949360607,-0.015773927244112522,0.11001953117937037,-0.06075958468794224,-0.09738056956193979,-0.017540983751538942,-0.04093656424870412,0.0033568084649942065,-0.04850279042836536,-0.10220406530228643,-0.02086101176892629,0.028876517299139183,0.023092562113973737,-0.051888412550917,-0.08575464308740552,-0.05888926310006659,0.021776793433653026,-0.06538988675987292,-0.025159643247945424,-0.01153716238618383,-0.15804183873653038,-0.06859529521545984,-0.02196722980395923,0.00868685949163524,0.01255950754795123,-0.11816821408871532,0.10301183855759846,-0.06284707574930494,-0.0038712704510771028,-0.07929891010110526,-0.021193059747882922,0.06669071721674481,0.16434131738555663,-0.009370454270088525,-0.19477843964618036,-0.16936630863228488,0.08933198913846496,0.013957508670290022,-0.02884372792618125,-0.2293963297637757,-0.1417890392625157,0.1567619376678778,-0.11219919159556035,-0.013813108539334314,0.02713935734861467,0.040921742105586606,0.13970576668490603,0.16458375517857118,0.11741696890457382,-0.008773048385582977,-0.10233211874133473,-0.24118736044555839,-0.019469335817968846,0.03187439501778306,0.11265974489651132,0.10782788270063969,-0.08289910041322313,0.2619718521317895,-0.03480147290382673,-0.11079162970945691,0.30057682553681475,0.03337976188776079,0.15457967288375968,-0.050795766312693565,0.1025061206218337,-0.07418001694215029,0.07764947037752813,0.1966328220688126,0.038518865276028,0.0501425902846862,0.29992096024518994,0.0329886985669923,0.07025691459419481,-0.007887277619396723,0.023002297029432378,-0.009866491888322022,0.11644682959500197,0.07044804421323328,-0.05907425044946822,-0.01128135357407592,0.00660252774904583,0.023065602311412563,-0.0030973020536546165,-0.04905057138697114,-0.08787321166640058,0.014153078969405347,-0.0676902454306557,-0.015954933868375563,-0.04301027262555308,0.0312980553670629,0.005202220842351017,-0.04615967315317869,0.030870514446405442,0.036983202135121206,0.02964852405798408,0.02361960754918415,0.07112509291889535,0.019423566930704506,-0.0038820704129883983,0.000795967766078506,0.030770980277748074,0.0049892395169723845,-0.021925674596293687,-0.018571464088712332,-0.02368082120458229,-0.012388988712728572,0.0015970911366363577,-0.006914010940056041,0.005457023024773954,0.012306154288550183,-0.00928530426244097,0.002249594806159521,-0.0025391602332630226,-0.022649421661293086,0.0043400633341910385,-0.00010649309451015321,0.0024505450904068263,0.02666774186028334,0.012314433308764477,-0.002281681053721637,-0.016774137036164736,0.008244831467500857,-0.018559229420899083,-0.01526662479020834,0.0004965048095089968,0.02149393760057413,-0.018121570801451117,0.010880607066769264,0.012318195644289596,-0.004988597894862848,-0.017856474757622608,0.015385793692115499,0.003315507151477488,-0.004042573237404576,0.008552173741955108,0.008966152945308885,0.0029523006960141115,-0.017855874563152914,0.004346601110961891,0.0011850679965065697,0.004983356989821215,0.0028385428732161672,0.0050112334873994345,0.0026496343609828344,-0.005813763519873947,-0.0037906887014958718,-0.003765213629666612,-0.003607711850816719,-0.001042267850495288,0.004293959329351156,-0.0001270966186635743,-0.0002866195009246311,2
195,0.3010788984578125,0.09898635246082732,0.0028363918607474713,0.016334377275072958,-0.12884393164025756,-0.023730437615925557,0.016461529486807864,0.04550290708855341,-0.018686562362923886,-0.06505477549907669,-0.0040526223099668955,-0.026264971098690314,-0.023513518564727123,0.07193501107685303,-0.06822666608776434,-0.017685941983269646,-0.07268921409409244,-0.04570358485432789,-0.03382912105865874,0.0721260018650831,-0.011481332257730839,-0.08677494386992451,-0.030260131444237247,0.1051299798581039,-0.04804892592811111,-0.11268924208531811,-0.0765441671825273,-0.002747787362105277,0.0094988945280914,-0.010952537501623307,-0.004359623286314958,0.023238473474131594,0.017755924806002688,-0.19964225185749382,0.0501877575757444,-0.0037876887321591605,-0.08813877381148316,-0.1379760209095832,0.10334347187310518,0.057684977377921595,-0.06106684786974662,-0.04825902407097851,0.004514257860013291,0.20537569943002987,0.11458381718538695,0.22879458016876703,-0.11284352926155937,0.05636746346349041,0.1263016681280216,0.15757871388693143,0.04659420573893981,0.03564437935828949,-0.03516542614278218,-0.01622327125581723,-0.14396362135566562,0.023621270591819708,-0.05155494383291428,0.07002154384405992,-0.22062311018670153,-0.13572214470288615,0.049750476984264304,-0.08687532086629941,-0.050138329177157916,0.15006505755765062,-0.1050756131546145,-0.15067056104259505,-0.027637945401992808,0.1335009079922664,0.004449693776355597,-0.16431311451002814,0.055279471096118055,-0.04043402274387679,-0.07238609218323379,-0.0014555246565334254,-0.07995501655369305,-0.04455114195894725,-0.07195383766936098,0.037814138392260985,-0.11608361435588521,0.10994173342157565,0.06760258265996752,0.1132827044258405,0.07025700625040641,-0.022165837937448495,-0.02701423630590888,-0.09753739779043512,-0.050895402915495776,-0.29637471298890533,0.022140539242265354,0.04433464642303414,-0.08809892086312242,-0.08046590775985152,-0.0949543370652775,0.07233920269234874,-0.15143672778015435,0.09915404708977003,-0.19570161140479106,-0.06466231466460086,-0.01084151050677892,-0.03556496395353681,-0.13332150117543495,0.04066754389263072,0.012803186168973035,-0.0697778185459337,-0.012993894395061364,0.03837528499041104,-0.0033598002299950183,-0.07116554715717474,0.03245073131978732,-0.06184319802359571,-0.008634442179474762,-0.041647471085317786,0.030762791346231468,-0.05459787626536843,0.057732778215318976,0.048553775436892474,0.02108414777424569,-0.016416560515109348,-0.00878957985137235,-0.010277393397659047,-0.02601326879520641,0.043942213433397166,0.026370819342894983,-0.03568752774384856,-0.012802407867898533,-0.001604091277186789,-0.00029160309465612504,0.0025977509401765003,0.009720515252671558,0.009998802150089843,-0.009902939133749105,0.024565477125521214,-0.011933775702986297,0.03593234642769034,0.016059283376345223,-0.0107420180333766,-0.011144582200770824,-0.005821171271154976,-0.012040431936982792,-0.0031474495278748993,0.017438763664665166,-0.017596128661631384,-0.006686387007374941,0.00438698058695379,-0.00420894072785741,0.0009399947749338059,-0.0061368219971152296,-0.0077906491490919,-0.026708973316835267,-0.014837260136908427,-0.003415240741416775,-0.001748762631143333,-0.0019478775168686726,0.00596591138057465,-0.002235320972163224,0.008586047114403559,7.012363318688262e-05,0.0030123266405575446,1.0190428492902058e-05,-0.0006545960465435489,2
184,0.21798998657254542,0.057199299724629615,0.02609624890533723,0.012121286905710581,-0.1480635222351543,-0.12383491121103946,0.06847520301496515,0.06316771796089286,-0.1867608127528199,0.07913786250601154,0.43927684289599334,-0.32930626529565654,-0.13784675124577164,-0.1591924525529664,0.10114543789532006,0.11330959544224836,0.12049545277421797,0.37056486002383177,-0.03323623638148842,0.2460002321247235,-0.08610438367335947,0.15071743552753877,-0.034673064476491676,-0.009651795679934481,0.07105459299332799,0.08487629152226817,-0.07392186469691112,0.046355802237400795,0.0065963898349610545,0.058879614745823226,0.014001628155006295,0.06932619193145911,0.042127164591002284,-0.01575324188140717,-0.012208639837269837,-0.0665825979875179,-0.0012909863901743599,0.04610599642411119,0.002009640256371541,-0.0318754666057946,0.031050341541453436,0.004523217135619018,0.07423493637971876,0.07303495440979531,-0.05791571772842693,-0.01490366048624149,-0.061489098619864756,-0.05367429486069934,0.0456903396986024,-0.010173991163203434,-0.024958294881588003,-0.023182707046454084,0.013325539198173975,0.012209207165606289,0.018724004855865586,0.05428804164064831,-0.0034594232895597318,-0.05726586435298455,0.013925019716390066,0.04299436047510624,0.0016726866233161763,-0.022367342125452144,-0.01726531736617232,-0.005283887216501262,-0.006088474587145783,0.008552590462383165,0.021956415503759222,-0.006966192053413429,-0.013101638852855143,-0.07507679638888563,-0.0247301563178145,-0.013448001460118006,-0.01418878163831085,-0.013032976349887017,-0.001139654707257496,0.001737456238191977,0.009989207817744532,0.014389135905971458,-0.03889226202312415,-0.02382566198722224,-0.012929832479190842,-0.04332789839546185,-0.032702126413322555,-0.02603212080198171,0.010631637765687093,0.05366536923694526,-0.028266961488294502,-0.030119572985041244,0.005221039605813712,0.002438736473623113,0.01182992112520022,-0.0034018239159626183,0.018738263747377307,0.01779838744677726,0.011373672316966593,-0.015193743689232788,-0.03388929198729799,-0.017919630847699194,0.005927339857424823,0.016940922572678145,-0.008466890307867035,-0.009673900825118226,0.0021251866409179726,-0.005596220129933076,-0.008364334151041236,-0.029751873995366003,0.008657638933067662,-0.003952687016699817,0.010249033079515064,-0.00847686428019417,-0.010382317596684352,-0.01545387188510806,0.0026521639912125815,0.008739148795870516,0.017348544674713532,0.016818521936895797,-0.008926796212548686,-0.029602340353497,0.02243686169038139,0.0022037571547293385,0.01852767699044607,-0.004551275163577893,0.012407930837634563,-0.02046110832418857,0.013072533118088366,-0.005085187108813996,0.009640576606499779,-0.0005663190688992483,-0.007973455840219957,-0.01588515579797792,0.018182032889343957,-0.004138248491599532,0.011274596685706007,0.0024429269223750836,0.0061058267076034255,-0.0042938075027806315,0.014936375401856505,0.009101244981251103,0.022624932532993938,0.01737435180323727,-0.050587264136762504,0.004532927037479843,0.0015905834272802745,-0.0055826971757695605,-0.0057436203728358955,-0.019372383683847798,0.004198251682086462,0.02482631217641372,0.028126520043742654,-0.012985695486426491,0.011661885337164911,0.16248803045257124,-0.25745588134879377,-0.07312476732885966,-0.2044886209828652,0.028778963875452666,-0.014753759425045239,0.003760384193053373,-0.0001477519052525962,-0.0003837079750515296,2
50,0.3362826428859275,-0.05750797586078733,0.06521082163141854,0.24146166272601202,0.19970415502286248,0.10789855925917936,-0.07098467743154817,0.05116496555293444,0.06155638416039317,0.09023919506510722,0.017707261667072854,0.02464987273252337,-0.07931887839615222,-0.016385841255753163,-0.017169146890506096,0.06074426138355148,0.0228368059322256,-0.08823303168298302,0.016573746130470628,-0.06597704293856448,0.096957158593779,0.139424144648781,0.011365915219902382,0.05855345541228797,-0.0782197608295606,0.10055835201145628,-0.10619181869087006,-0.07131831651084171,-0.06338065989904601,-0.009446249313258617,-0.05117418984570602,-0.05303414848712379,-0.10496917241197719,-0.038798476682000024,-0.08863507442937277,-0.06417218387792396,0.016946467065441263,-0.048081977099195435,0.038333895082044614,-0.02406698185307471,-0.013371002117088642,-0.11744415276617699,0.03947212637135808,0.06241961643731669,0.01110408407105934,-0.053662388242151554,-0.07455842699479034,0.057173250844108035,0.034539671819220415,-0.03989444914086446,-0.0723127567221692,0.08003064961871582,0.19442518509650256,0.0512857200179621,-0.1546242712533982,0.20794784226120697,-0.030350426455264125,-0.029443600768758862,0.02705951926928602,-0.048802385609623924,0.027040243179434754,0.02420948470980282,0.10881837499402496,-0.048261099184393315,-0.09046655547129905,-0.007262092672662549,-0.026833287954116554,0.02754016345879502,0.03269895183552186,-0.019390602221149102,0.056645430918976336,0.19728749588246838,0.06323211287266317,0.03236641226329656,-0.12995871323974903,0.09772719574723705,-0.027908237762702827,-0.030119286708572092,-0.08028248502244612,-0.028651446236230574,0.0305965211857009,-0.08393399175453754,-0.11181339723785683,-0.08361382947777626,0.03847280038624272,-0.0675334422700564,-0.03836925310931701,0.05828539264586677,0.09109555084460755,0.006243205076466945,0.006818266164246045,0.07468448269771047,0.08201275725935263,-0.10421828766217717,-0.0702815426006789,-0.030818266292157566,-0.034009427985862296,0.03298616659214864,-0.09172408813409919,-0.00010045289804626366,-0.014152996851603414,0.06243169509089593,-0.0432770380144421,-0.010594543973695273,0.05782121009423172,-0.18568516574572957,0.00042451504481244985,-0.05640617651760015,0.11670975258818464,0.17666965256144276,0.18499877781662544,-0.03516965883858696,-0.03578681007390441,0.05135065370508859,0.11228603499195043,-0.15424870343458763,0.025089114212559695,-0.10392560493185897,0.003986207474034966,0.12131642848575508,-0.16647361316749795,0.049921065360450254,-0.0281305291561827,-0.002615946774452668,0.07059314122529427,-0.01828244063942474,0.03601552473329513,0.05028057360868081,-0.14448428635296975,0.01367158556981858,-0.030095657234543487,0.015407968681841395,-0.056388192716167164,-0.0023096823747457843,-0.008089232374560369,-0.027411029362346566,-0.013202551642498065,0.0018707178766728917,0.044575283985239515,-0.0349798931743834,-0.0369596098408293,-0.029661068026454768,-0.0037145258779512683,0.029211525215071657,0.015870816634801284,0.007092168171190949,0.010627014062778647,0.001490331135486711,-0.021861222982066355,0.005054455591446861,-0.0005956800611673699,-0.00929058237748675,0.004995488626202958,0.013398715082599327,-0.003879878569097232,-0.004011362864480913,-0.006458534092640653,-9.689757603234441e-05,-0.0005119909249808568,0.0003899984273116766,1
57,0.0809727402658508,-0.02067398343725181,0.0035193799279008304,0.09719249193248096,0.03167039690134416,0.02088276824307274,-0.017741779294041717,0.014895275231106527,0.017559003863355325,-0.0638985613905984,0.044158120522692676,0.0030018528546933744,0.06141681139408836,-0.05853398498399958,-0.3420516449672588,-0.06785796147220871,0.3480622099969671,0.04004369824216316,0.14743932567936194,-0.11310981466575339,0.04650423668354219,0.09821961261844696,-0.09254778630138548,-0.01849271632693582,0.05249134584297761,0.049076759540934795,0.0983729397239075,0.02109029358185171,0.04739851307434713,-0.06793954131656843,0.05403916884814489,-0.035617413006057384,-0.0011797203119673057,0.00241665781886878,0.04218405533711855,-0.004542959598288305,-0.07073684989562304,-0.037252043745149274,-0.015152420188924237,0.0397031244047514,0.05874744155395089,0.008283497143198221,0.0415506460696113,-0.014098183967649466,0.04492879866829883,-0.08495719345843833,-0.06637160314432179,0.04813193364815781,-0.010863475120055878,0.15678980993501174,0.10294127337027749,0.029707730161493966,0.02018499056629258,0.013470856863179486,0.08001722744345957,0.013659073908971,-0.08831174187435485,0.029882286990956516,-0.11083954797743456,0.13802089496958816,-0.11626335600339166,0.016079495772861895,0.03923325202856164,-0.07335574436344303,0.09389732020159881,-0.054193723091482626,-0.055536007383919866,-0.06381727123553084,0.07701732306951137,-0.1631695077741706,-0.01646186688479562,0.09349979098383338,0.07390591688199291,0.03272847567768529,-0.19386500984823146,0.020805220868282355,0.03624669504484532,0.22961822368775922,-0.0291537275446135,0.196008977197826,-0.24885095715672606,0.18346425541928837,0.07567957773113303,0.17716557562058727,0.0010211267414580094,-0.026647974078399906,-0.23731515003875298,0.1413925379949416,0.12251061299699087,-0.08745829292080196,0.043048389608703164,-0.0002931830685097001,-0.15825174296268565,0.015296774249966085,-0.06134210331629913,-0.08997664122148026,0.047791649248475225,0.005197137150920272,-0.07886597517736717,0.03133150366129344,0.050243866316066484,-0.0693732714278728,0.018692621807575797,-0.022836301300080318,0.027078175668839435,-0.015515355316518528,0.05396725140143331,0.06882414035994931,0.007309507010245082,-0.03576353365627188,-0.036985548008355705,0.00642519428713021,-0.0016425464446512394,0.037179553727713775,0.013612714301656375,0.02912031111605378,0.005964265479998337,-0.000742254835109795,-0.007202785278502854,0.012756616597072869,0.03449929957440666,0.023030146209395416,-0.0012442081963440826,0.013799107045312106,-0.006448954213156659,0.00454954700667049,0.012087906167475244,-0.0005515878101792267,-0.007665058826775358,0.02259792589752832,-0.02648228388196326,-0.0033714732713546903,0.006506407880800079,-0.02550171021603815,0.0194311446206701,0.0053623804059802285,-0.010709122375888001,0.01759624860840909,0.0009804688412389261,-0.00025559975349586793,-0.002515035991187819,0.004388121693226166,0.003932899947570776,0.0033991028838421134,0.00012892047478505007,-0.004452574958567604,0.004905502487297592,0.0032903684204890985,0.0035993792402071083,-0.002588646400038648,0.005785159164755745,0.0020990942806490558,-0.005360858579357034,0.001747950398401906,0.00332546125583879,0.0019566369649300125,0.00040077952562020945,-0.0009838908210914109,0.00047757435606591116,-0.0001356867906215181,1
183,0.22240023045039328,0.04715711145936025,0.03615330638525802,-0.007971159629998396,-0.12224820490303091,-0.10586201585384397,0.06548523437858239,0.06304306247879216,-0.1845900158863829,0.07228339859875219,0.4317365276094997,-0.27747880219107723,-0.11520468990981513,-0.15887486529275546,0.1130317905221838,0.10145530932857595,0.13215869426891974,0.3801471224249656,-0.046728958082205514,0.2745736007936058,-0.07168726271577225,0.1755469116453516,-0.03994077613065431,-0.019822969033850845,0.049691810327959426,0.11429208754733257,-0.09972558569929582,0.056006573765817434,0.008483396434951709,0.04315850668012971,0.007428631325015067,0.08907724909658497,0.03021522736035835,-0.03634284679103393,-0.009787197887945884,-0.06796547787744903,-0.0052189855186098155,0.04530158889559481,-0.009393299236271777,-0.017657146226397885,0.013878502649540853,-0.007835275815797505,0.08950941750205883,0.05013648774677231,-0.03191776284091156,-0.012048651555458307,-0.10456848184403099,-0.0706176880151357,0.039914935829888386,0.010477432848039685,-0.04077820492003383,-0.040223685301603564,-0.0005281906872253811,0.015696692069094322,0.025910977374016403,0.08109282320252359,0.01747258444895252,-0.07592081110294954,-0.014009849640589838,0.037536226073916455,0.01485255488634964,-0.03832992900434919,-0.018577278082182604,-0.00767152575412784,0.02604315878372159,0.010331889933225667,0.02834254994129571,-0.005427339594573301,-0.023468894227809015,-0.062367148836432504,-0.046380323927148165,-0.009397373829727572,-0.005274155060469342,-0.006798734537944043,0.007803543254809644,-0.009841114621801492,0.008129163055081847,0.0017737245536802056,-0.026777519378729138,-0.009167735485633988,-0.013818570802575512,-0.05544818657291682,-0.02975915259359213,-0.02723055023896454,0.04242683649276207,0.05347902841648974,-0.03959209347114291,-0.011032352260605546,0.003124248259835559,-0.00863253656204745,-0.00791419242266392,0.0016726625599431423,0.037827617230228976,0.0039954537497658175,-0.007233250843007605,-0.03532672548964695,-0.03608494044954636,0.00021491912439893564,0.03408798466496077,0.007179946556017544,-0.0052599520543679295,-0.0070536909140189435,0.01784005390523343,-0.016667452111940213,-0.016658522766679493,-0.01976489168001039,0.01487228614467176,0.004682504209289628,-0.005453251441621006,-0.038383976554050535,-0.027988245983574057,-0.03573457630806555,-0.01392353935901917,0.009632300557156113,0.016678763707211303,0.01466161119148347,-0.012580440067877353,-0.020013382255557623,-0.0031338234808626518,0.009645949183885305,0.01598036279750798,-0.013421446068016355,0.015003050369589193,0.007289744244533904,-0.020715747258798187,0.0028030676745294395,0.00885407238100314,0.012252466318828112,0.010060675236181708,-0.01676770314101453,0.005639268119507249,-0.008745820617863125,0.003322690142158226,0.0013401049241860048,0.004139549143547008,0.011327979302891318,-0.03417791932492113,-0.00748603207754608,-0.010986689693378114,-0.006066352569425879,0.04816373856606387,-0.0016108644021222104,-0.004695902053300397,0.0029909348919741636,-0.002828000885258348,0.013232646953011719,-0.004760934229396415,-0.013854536671836256,-0.020154779231569733,0.013154787807877141,-0.012232457625561077,-0.1433269361778895,0.2342647873454703,0.09014720086288233,0.2188881069242099,-0.03702987596778555,0.017575076516284475,-0.0029612937046827738,0.0002499976622642438,0.0002341331232073151,2
94,0.22106510128941706,-0.18324046958384585,-0.12820490719582792,0.041725189372611216,0.04536992149600813,0.13021659075228575,0.2994656841342486,-0.033288075125305135,-0.011082198025751852,0.020725612417121807,-0.023411266084730296,-0.02594092906101314,-0.05556634020611572,0.05699142790566922,0.10712616101141123,-0.1704790624894138,0.05121616494693117,0.04522105699821859,0.0022141335153677047,-0.018561077558923406,-0.046711299894878926,-0.09873352345772596,-0.03146761795705852,-0.1568779053133901,-0.02071488551399848,-0.07525120853659928,-0.03395192254782065,-0.04408211292678787,0.039059269652570956,0.05751150515220893,0.05266632236631416,-0.006135165705230821,-0.15193391672230086,-0.014277837856319872,0.1580837080898293,0.08899604295351791,-0.027653244622191906,0.10238421132558376,0.0019482667886304755,0.04090098013471713,-0.01894955951221773,0.16372333407975437,-0.010415460206891436,0.0024203862936490054,-0.024991635737969427,0.05026772109465352,0.017626753264111773,0.019857319984549898,-0.04417237706661525,-0.002466576197679522,-0.13024011413759684,-0.021872915040541053,0.0153850989403639,-0.04145150031722445,0.13136620987958492,-0.003087437387659559,-0.01541272283035249,0.029381171805773012,0.03301532063479605,-0.01342336963326436,-0.03082296748600405,0.05711920472595179,0.014524738149437694,0.12946760138443777,-0.07629497868741426,-0.015597399340451335,0.07718368685393727,0.10916447155535441,-0.09993161218512084,0.0694820699366922,0.043518001458421836,-0.03037664471604099,-0.09656274374648069,-0.10929293273861022,0.017108030147874598,-0.04784137090642158,-0.11696430343983512,0.14320253075967646,-0.12569671567598623,0.3305457039400814,0.06825003417282736,-0.059711313247999415,-0.18287692615269555,-0.03641639559897338,-0.15355624326671916,0.19778158534309623,-0.07718992165140884,0.08154753871159957,0.026909961703320398,0.09932736702498107,-0.04665002179901507,0.10630065599905564,-0.07141579163515135,-0.05114793717129261,0.05556783008714786,-0.03296860513824981,-0.0836294992031131,0.1841743054781735,0.004298306735744847,0.017169342630575346,-0.024763969384585846,-0.05910012486096633,-0.11486874551887988,0.027950073770818002,0.0305223076117359,-0.007186746007752447,-0.006513853128245262,-0.015541876165410801,0.037114833839757964,0.08382153252810766,-0.02775641048982262,-0.038388924827808396,-0.06607655988877159,0.04158084765713746,-0.012229494970755001,-0.010901404034213065,-0.02717248956152256,-0.04548002452593976,0.019031416350654758,0.02581705929355783,0.014251527606598674,0.019842398951305212,-0.01194694439441615,0.030480122254411646,0.046537104997536535,0.14976549471398104,-0.003208940488684035,-0.013567252851017049,-0.03244180441734477,0.008293953766874043,0.0024016394118768127,0.05280412576374273,-0.02432741617446883,-0.009930404985852098,0.023544334025597358,-0.0433377126249725,0.05494018857311724,-0.04016288506918414,-0.06338651526530369,0.10069112216609401,0.05945992917258209,-0.005155283982225251,0.028235545949784103,-0.009886911595059712,0.022027702622319095,0.014970393674909299,0.009010146415287303,0.01722269826181421,0.005779016860592107,-0.007478213145908755,-0.024747695913878567,0.008822521366951375,0.008990106534034653,0.004820191731855917,-0.004866648038618318,-0.0039051483560053712,-0.0013834845504340062,0.0030816529809004076,0.0001861534739450277,-0.00034177886583844027,1
122,0.19936673150302597,0.08559980717301201,-0.0033638726472723164,-0.00029401475293645406,-0.08278529275219705,-0.05684610259422628,0.025585709560011292,0.04168457405394057,-0.08024004024067126,-0.035887254015354114,-0.12622949789125032,0.10649245442743711,-0.174429124451184,-0.08326328258893459,0.012826375259184036,0.023433357202916963,-0.1375499763794671,0.18777960112751477,0.132539935616616,-0.0674922322156385,0.10971588786360834,-0.029407200824267756,-0.060658036569324045,0.0989005089153202,-0.20632299330928805,0.12134199144217747,0.08773019688569066,-0.1606023856757713,0.18491668986537002,-0.05305711236872319,0.0834740412680028,0.014716640079320373,0.06105622125978979,-0.1626826544655336,0.06831295208824689,0.013606009683338348,-0.07234405849173098,-0.09079482865991,0.011677815217448803,-0.0171980622472711,-0.17532204790958403,-0.07474765797008318,-0.1375810194912808,0.02234582394701924,0.004054018310805898,0.0660153171796186,0.04030749641007741,-0.03837426639531068,-0.0344989168007692,0.08641291995587631,0.0737401524925273,-0.07682361513763392,-0.01119411581065766,-0.11424521168383382,0.11337343320863362,0.041842268730269305,-0.175435631588697,-0.029951238358261835,0.001682413163515507,0.05931234028497105,0.09833987433982694,-0.03936839360562378,0.012050407271695754,-0.0343539015231083,0.08005012324876944,-0.05984755452065829,0.06143471601847364,0.030029747068593314,0.06648705247083916,0.01926277929432248,0.07679165106191072,0.026710408083637293,-0.1355949896516931,0.04969240847146405,0.07332378050011763,0.08560858710650864,0.023242727760976408,0.03984695241759644,-0.03638193354242327,-0.07384737685602762,-0.079557267188328,-0.12110067567210955,-0.026458841812617588,-0.003710582717242933,0.021173434390654364,0.08208525535255028,0.14362110434586264,0.21548219264781712,-0.11371753455533148,0.019937391577112377,0.1692808377521859,0.09244324093551251,-0.18542387604793642,0.16838024006712102,-0.0603084290350685,0.044989656971400616,-0.0019075883456200176,-0.1411679556687607,0.06322915622046807,-0.13698604936349126,-0.014973835403415547,-0.029933355058943244,-0.10684987646109109,0.14185589811988625,-0.011142648783774599,-0.12978800988525027,-0.04189249635444516,-0.0839775250571866,-0.029443537726525117,-0.04844595868416244,-0.023332334942531147,-0.008764163106386702,-0.010125267644416971,0.032679505776702374,0.08451356361735143,0.018698986960237036,-0.04250213795880589,-0.06343554986981878,-0.004641959053369461,-0.031890200947123366,-0.03553043096715416,0.019577031748720292,0.019311879887125336,-0.03544338132428136,0.016059118954171673,-0.00022876021268232038,0.047978163567967046,0.03627705636204526,-0.0346711901214952,0.004840566426355138,-0.004218739766668044,-0.052187672568214015,0.049085271215133994,0.04307366842782452,0.00626120660052473,-0.02046785502808677,0.011360512194885786,-0.015082872983694864,0.0015298609170906322,-0.011621827947055786,0.013423013297006767,0.0015837955327203325,-0.0035256404202982923,-0.005971941984395527,0.003019696751888182,-0.013825981274068354,0.015550881281350919,-0.00245906614388193,0.010164021035420256,0.001945239487424602,-0.001139747458125109,0.006779571729265156,0.009641605609002186,0.01708672597419356,-0.003055715138922268,0.0218363395295989,0.005820875124035286,-0.006082859349814573,6.748461460445395e-05,0.00020675918029125907,2
68,0.3427743613405253,-0.1544304688429602,0.35446531633134,-0.19860013125335044,0.07849094048581075,0.012784120776800764,-0.07372682861295629,0.005126066108260906,0.015235167399640202,0.04054727686872233,-0.13740374628188232,-0.13200654981058033,-0.04452286345294512,0.013363376127271393,0.011961301004115828,0.04867135174890028,-0.040774647039175944,-0.0846437353507691,-0.01333415860983864,-0.023867684770415728,-0.01173397465805187,0.04980809300869569,-0.26384744648185465,-0.230163622674747,-0.002553066287699737,0.06628881165841681,-0.0030741843997343795,-0.041627365325322005,-0.04360742647563441,0.04881298573684829,-0.013190756859372698,0.13080086882174452,0.27836173726739677,0.007157994483302769,0.07130524411047537,0.0722867204958041,0.12329376176611043,-0.006344096771123006,0.010935269902171923,-0.16156587108958778,-0.022283644029782883,0.08975440497811173,-0.03698789720102328,-0.039383373937546255,0.002479232743197981,0.007813115631358211,-0.05446241387006026,0.013787739853278814,0.016064088545995555,0.02038474843728905,0.03464061160011059,0.049607606789081375,0.07477378649514822,-0.025934163051280337,0.002795961940365963,-0.007950643179558278,-0.031585205659292445,-0.027994163793049896,-0.0026853665811475873,-0.015349258517098043,-0.02999738695551238,0.03268027982748949,-0.015154502925472099,0.015955727722362693,-0.018592404169322372,0.0024287780234237086,0.010468045309066474,0.013478898952672498,-0.03022214118622285,0.02094235482439195,0.017440206891773127,0.033967637010207594,-0.00731113626106427,-0.054821618387777646,-0.03352553530412954,0.05622303138479323,-0.00020733030531921661,-0.03186618447676595,-0.0739716294097164,0.0009379830574158154,-0.015764530012435402,0.02243326838452803,0.005360425169642686,-0.012711145326491813,0.04652454795473014,-0.039989747967936584,-0.0013977771689402717,-0.00038123255871724777,-0.02218578644448025,-0.014382338479897143,-0.024496271483965763,0.0842086205872045,-0.00459794099409403,0.01817333393091643,-0.006671670552430642,-0.0038447027797851967,-0.022896111150288775,0.03458825962490013,0.002503506717675897,-0.01835861876747877,-0.008806610582004618,0.025607718949962763,0.03737377643569554,-0.030992606389949294,0.007999445305439555,-0.01739015032115653,0.0356621776974528,-0.027703410314312178,0.0021184775351630754,0.007547128216483298,0.023853768637249428,0.002506729030430372,0.006651001121776518,0.018775399574347134,0.0593372927243606,0.011494815397676213,0.008203862542844439,-0.031601845196418045,-0.07643772187589289,0.03303339106153384,-0.02236707367546896,-0.05729421818536949,-0.09331688005033298,-0.09680776813461787,0.06686978219832271,-0.1082882273313865,-0.02140086344928191,-0.0995218617162557,0.10990995977393728,0.1528055666500491,0.0489937323995072,-0.07764553183665569,0.01698931200505617,-0.22567117203152856,0.026984689817118445,-0.006881062470925541,0.01931817657500881,-0.09218843558395175,-0.14110821133201257,-0.01991552315736298,0.06574044007983193,-0.0023931786475975885,-0.06253340684029982,-0.1565619643319147,-0.20575934241038613,0.04353070776194033,-0.08607061496567045,0.06347090014581419,0.03962253026267205,-0.0361125068327007,0.0340424272080207,-0.007037956186747687,0.0062873043157647655,-0.009921375748938518,-0.010712410909799203,0.005655715052404316,0.0015936383232683826,-0.0008814018309603443,-0.0005217107300456714,-7.470600647706402e-05,1
169,0.17190368289358274,0.05492046056231764,-0.00785027225372183,0.029253493295662177,-0.07871700911276801,-0.09231674986609721,0.03216324883475296,-0.03260847473584502,-0.13157459549753395,-0.15461535664482154,-0.1709450021618577,0.13673744820630562,-0.19894839568603237,-0.07728902291315462,0.05169414402368461,-0.0030314542113990504,-0.1372456975236873,0.28432204318361276,0.24409783905738053,-0.06710911110854165,0.19275232140466794,-0.013987692465711117,-0.04809087568912457,0.12698619956198154,-0.16676183142889478,0.16676580484183623,0.056839590160862846,-0.15963943071495454,0.07224405521707604,-0.07850539605352594,0.05647597469563202,-0.08749875782471979,0.07337357721562296,0.04606150570771177,0.07985895301725135,-0.024438539435275863,0.048899809289710265,0.06195741491977691,-0.04720446482890743,-0.027113665197156876,-0.008440930915181298,0.006309932286406282,-0.08989066836011701,-0.03717838566814445,-0.05955507082023739,0.10853045732631117,0.05792308398644814,-0.060517727424042496,0.026688513143240687,-0.15737548318249445,-0.01829766569574565,0.06428879319176585,-0.04637168686897475,-0.07964419115457237,0.048270285703713514,0.10131157076756755,0.030742731198488863,-0.04411510680327958,0.05888875989896266,-0.009671153431900597,-0.13099039928874565,-0.05324464799777817,0.022914601300005232,-0.10509253629160917,-0.06336213121638012,0.020516446081559118,-0.018172619661305612,-0.018337729222909025,0.02304558858851703,-0.05364205219509497,-0.014594413694809093,-0.12303514012194353,0.006567938879714264,0.01230962841599095,-0.05484701458238902,-0.0020267813640900403,-0.01319440844611575,0.011373003429416075,0.004736929824769043,0.0751960037938089,0.019588059150128352,0.06589995036123446,0.06948821300418673,-0.003128546755731005,-0.05430117785497345,-0.07377863055614335,-0.13014681238242562,-0.10053708532458476,0.02319684437068328,0.010475459908537307,-0.11402792788535906,0.006002624773077995,0.17601420453793026,-0.13208444833939323,0.08079375062623446,0.002432514274084091,0.01440007126280501,0.08866134301337285,-0.06620157179307257,0.0898485360744081,-0.06292914639465284,0.07517077478351177,0.08361332669460923,-0.05741463560316257,0.040582943398075666,0.08807249154789702,0.025750465769111122,0.03568128046627572,0.016275853929709493,0.0015549816079009201,-0.0026146261711290308,0.04810487951809411,0.004379508251409834,-0.026410789381019692,-0.006917377443990635,-0.00880564355926806,0.02532894027825272,0.056737868475843216,0.025801496415377823,0.0006974875213794982,-0.04148820567081053,0.07777413700436751,0.0027100516915305284,-0.012155137385705195,0.008733361566971095,0.0252939599034358,0.01401474230844038,0.04563828677037735,-0.03720757085345129,-0.004416654766387397,-0.004341478019363824,-0.20198605460081986,0.2334832243131566,0.07984106853638727,0.02601419126640905,-0.10938101431704277,0.05578384809596773,-0.04358687786751876,-0.020749928048932005,-0.024983729606073275,0.01732993545262317,-0.028580510481637723,-0.005561660194563512,-0.0018383906045501934,-0.010676701508871417,-0.018890274537759585,0.007299994872641571,0.0062581943858568655,-0.00848181254051826,0.015574133481769031,-0.0025946034141502605,0.014595204935598797,0.01056309324133363,0.004560188626167999,0.0012894769041248042,0.005387558026106141,0.0006191436967744741,-0.001577042348656678,-0.0011076966619431592,-0.0002198479107444395,2
78,0.13888771872747915,-0.19756338700984066,-0.1324140235408706,-0.03018466639675642,0.03386141054806933,0.24079331157343245,0.6521123073225666,-0.04068612773669588,-0.03050805405786949,0.02367992821777176,-0.05701166994006312,-0.009185666321686303,0.04343570313069194,-0.03733692040954177,-0.030759943624293535,0.09796716804162721,-0.019350838630955738,-0.04965241790771777,0.03497173930046179,0.013265657936433813,0.022570908093713597,0.0421342042560474,-0.006007809947670827,0.012629442274116193,-0.006854793100268144,0.014669208421336368,0.02119262129732355,0.018382782179328237,-0.0031288669468322755,-0.0697905244647585,-0.007124235266879183,0.025702865877808886,0.17510901003605833,0.014873868009288669,-0.2652562378360827,-0.15303539136873245,-0.034815366787066655,-0.07012919728956088,-0.015454254209414738,0.044294753917992334,-0.011941863750061954,0.04238196609482326,-0.0008377204921381409,-0.005170567304749978,0.008148720472474126,0.02955266230879218,0.006764063641124253,0.006567159740811094,-0.002752716875162575,-0.009821596041256157,-0.004175156080885338,0.014253485561761882,-0.01594777581258784,-0.008730556282927793,-0.00760227123779845,-0.005900722762537268,-0.0035251765367929422,0.013321342169676587,-0.012563746046644206,0.005765622311321782,-0.017516138301579977,0.015598239907802276,0.016626216243436676,0.01399872523763328,-0.007738675890116553,0.0038430078935113568,-0.023818371414000748,0.0043933998831729125,-0.003359751206252406,-0.004666898351888946,0.0022545854874247077,0.005640581118519299,0.00033703967945810244,-0.021186113196790982,0.00678002812797228,0.010070698184008065,-0.002306156799440194,0.0064541054102800685,1.3752379119693985e-05,0.004897631357139106,0.00019472931792360605,-0.005714643381611997,-0.008376379529954394,-0.030963145054872594,-0.011264952246198265,0.003175595450031597,0.0008140954259396327,0.01059939240100878,0.0038729801808867243,-0.0193727131122032,0.016040072715922844,0.014155586325382124,0.018957543665651316,0.006611728348041274,-0.013819146692250187,0.03017664878757825,0.002676250323393544,-0.001747329907323188,0.012506617395145508,-0.028532624919889643,0.029715249323031687,0.02740272115662541,0.008328970645659356,-0.010930541572347598,-0.00016230118739704412,0.02932502536103788,-0.014340648388583595,0.0008246500433349778,-0.0018831002659007627,-0.01318216574145707,0.027122695910734393,0.01521921211214324,-0.003606402894361746,-0.001797416599581406,-0.01382965961786514,0.010840775382272018,0.0111788834203719,0.014651078057701617,0.024333859964966807,0.016174018072988832,0.005856729539150677,0.017099164412902493,-0.014710876000538742,-0.003143434055389875,0.008363186667585752,-0.048336424216846516,0.0006641356261631206,0.019300895191208055,0.03216786109056068,0.049169447050740944,-0.007171471172860976,0.004854348015052043,0.016133048390450645,0.005961249779325309,-0.004484928500457257,0.0003171479487063106,0.0007246090658760648,0.012200489080074282,0.062118222561126424,-0.02454864958154564,0.19636382429213947,0.24705041535992173,-0.1065312947140876,0.2857977435503808,-0.030154008902063628,-0.012170706803941873,-0.0021568967598862075,0.21549933628603082,0.002050602951418401,-0.01434895748983585,0.04983315138059766,0.019666673488827998,-0.013520650434661356,0.0017640019487440337,0.016486430840866387,-0.0012205467041642183,0.0009829508306831982,-0.0009354878391852513,-0.0001364193042410725,-2.3914805668158194e-05,1
171,0.25302117867450397,0.10359863036295876,-0.010978076000830981,0.013302009627914335,-0.26485338797264557,0.08655851628753189,0.029109273831283113,0.246731525548049,0.30135519471528316,-0.2197782714073605,-0.006032034899797907,-0.05518721350448037,0.05430314608387159,0.06503985080225136,-0.12156605111112055,-0.12045034008823627,-0.17137677937981838,0.10974920413071132,-0.14320672441264393,-0.04216992334567398,0.024458990769657338,-0.04821291540133859,0.03345053022064877,-0.0024743456711453773,0.00869939606148457,0.012833893842234562,-0.066072243062053,0.018983854384427425,0.0009641065176230772,0.02448803597053259,-0.0359427527706124,0.042809611892980624,0.0159694775289462,-0.03587484265387289,-0.0356728432555699,-0.035428854649853944,-0.04197424284591256,0.0239776140860675,0.005642941566781726,-0.04990754537127903,0.054285893890927,0.034178886662221325,-0.04941111843563084,0.04283677114463137,-0.017267984569242376,-0.003458356362405782,-0.09338137222753166,0.023962310710129515,-0.016824078267218708,-0.06232382934427072,0.046761613745565714,-0.011319630261195118,-0.010073889119860463,0.08723906796185349,-0.0044854594072840995,0.003612903281933926,0.018725358272931297,0.0007607835017232553,-0.03511753500248773,0.03391490534585778,0.004223504806518742,0.012194683742172788,0.05790381648734026,0.02089118994929862,-0.0301448249580923,-0.02692309550672084,-0.05857261226805401,-0.041114004019692306,0.0608845458426505,-0.05309952283336647,0.03036603262096738,0.0019008208396199162,-0.033260861071469805,-0.038817504381400414,0.026132145593332688,0.07149138287376058,-0.0616695458133298,0.0024483081692322647,-0.03500280806958079,0.04965307336197501,0.007747956630824009,0.002435520526988367,-0.02204664256701845,-0.05597805072045083,-0.0862112339153419,0.012857474941276936,-0.058253879225266404,-0.08285801857913168,-0.05622562688311296,0.034925213452953144,0.01811067552397651,-0.033902364888360986,-0.0159162256671762,-0.062241943026962517,0.1449526255478278,-0.16346886228505839,0.062373097656097526,-0.06171867210904666,0.04061961393405373,-0.020825038852882737,0.07005919656454465,-0.02145163016872513,-0.017758472690052853,0.009152229476678878,-0.038736861668697886,-0.03162040242299449,-0.09318974850316022,0.11523461765516273,-0.2689010190606069,-0.14274254881386328,0.03615151056825452,-0.0761157011979433,0.12012882745121098,0.2681679309198622,-0.09496137973190093,-0.23386037303070742,0.05511580044950367,-0.04360048470454944,-0.09222986572556567,-0.05939882880395885,-0.1177912827629506,-0.10232212018119498,0.04842987416497512,-0.03145617062477575,0.10781639363319646,-0.04166012319276634,0.07116517533935317,0.027550953512303786,0.014694060542468452,0.03561759923359134,-0.00982455699371834,0.07368665868677594,0.08367391229615735,0.03874286362352867,0.01764502731238952,-0.010771565052820582,0.008797237603982844,0.013031717237635925,-0.01233274661086088,-0.010274102920936347,-0.03142793420798401,0.00961941079630226,0.01670947485774377,0.007176428023572843,-0.02118126280447325,0.012759739276608542,-0.0048121917853338105,0.003995621158207388,-0.0006787085712586741,-0.009287539335124443,-0.003365239915227923,-0.015643800697309845,-0.0060325463189899575,-0.005950754081959487,0.008608957754209834,0.015370839532372171,-0.017543976613905946,0.005778090188670335,-0.0013149806613525807,0.0004495018912746311,2
70,0.36542249933078313,0.06265729950026981,0.0074080730841927876,0.24841298329083092,0.04550886114024744,-0.03982382995484526,-0.023515843972856654,-0.09076588171568487,-0.027982359798167107,-0.12153504580537312,-0.045808670777092574,-0.08249600765396442,0.1573632359685391,-0.03376548628512574,0.002379985677657515,0.05105146621243504,-0.0840005779699384,0.06825527755603121,0.05267595063564357,0.07544791496074411,-0.09252576371444,-0.08574252879202784,0.010242941491529864,-0.06185233271185336,0.11708896609878217,0.006950512512216688,0.09259687938223801,0.0884134467451746,-0.02143548153922789,-0.03469532768518421,0.024978708086489883,-0.1343920618579179,0.09408909255657555,0.015682284060441885,0.060684314596712266,-0.03498871593542702,0.13330021697203476,-0.06668533028284454,0.0032186632713210738,0.07020766173364318,-0.033478649185284044,-0.05120447098165701,0.04564175467662626,0.12632150665772487,0.07402582722411441,-0.17240590060445563,-0.02715634614057448,0.10388650532654657,-0.12849323847575583,-0.05412500605215351,0.034134703336077696,0.0749299182736903,-0.07191129774458507,0.007282539332818305,0.05052288199777335,-0.014853510377316624,-0.07004203101251051,-0.013839606266374434,-0.023449388059357774,-0.0400445932616375,0.04081574050610724,-0.1190208908186316,-0.024443158972086716,0.02030814722806881,0.039438986211828383,-0.006174862319073493,-0.020914200147238975,-0.002207786062714778,0.02533925261580322,0.043317503132463436,0.09964276911763637,-0.10484711790137077,0.05061747991776725,-0.015730281160455484,0.12521850854117678,0.04329302615453732,-0.022114368122974758,-0.001139444861840931,-0.046199376502373456,-0.053529342997895565,-0.05345438791973418,-0.03711561752841372,-0.1168577725882772,-0.06063306960864649,-0.0234555425852597,-0.027046735435686576,0.03795403485022457,-0.02953762092478196,0.06533028861798121,-0.00511957166345432,0.125180325612594,0.021468829701686443,-0.09351059550063537,0.058142752786005406,-0.09456375223776162,-0.20987706367814524,0.1309322272564915,0.07277483369131131,-0.16698112678626922,0.07243358814768586,-0.22214397936115085,-0.01269372540313236,0.012235028907696135,0.09375446830931879,-0.05295289192524105,0.25058289203445683,0.0015505844500041585,-0.05741985156274712,0.14653648879538006,0.03807088426140153,0.1562682360901307,-0.051849913455666474,0.07242759149423719,0.003213801707726512,-0.037265161697592475,-0.03573534104280246,0.02516720505260624,-0.1001400357792995,0.09352673303636487,-0.0466177482043225,0.060723565715067346,-0.026337215729847947,-0.014747423392694116,-0.059025324270126626,0.06356069491631777,0.07479684840672252,-0.07852365434478863,0.05311448282849586,0.04572655408513247,0.012615251824127847,0.0195736270329654,0.032241945703094604,0.0999261044028046,-0.00912420610935934,0.03444881932641423,0.034481324263250956,0.007871843372713128,-0.009884915006494195,0.031955839470949925,-0.05757177880500844,-0.03230162942918566,0.01329650714133922,0.0021934917667271623,0.013370986790631537,-0.00491290649287449,0.03223903434262067,-0.04428949116684192,-0.012548904652541054,0.002084205882617053,0.007205272160796342,-0.008012264681879799,0.002926812082916077,0.013024505654268395,-0.001447878615181009,0.011764598503450225,-0.0009688914600362473,-0.0020878183645332126,0.004322251360984735,-0.0003122429437857274,0.00013237687452240156,1
157,0.11532610598345482,0.04296866064462082,-0.007738119200966559,0.0011684941576712564,-0.069022141986378,-0.023946046068646518,0.010939831781673513,0.026189507617321778,-0.031187044378768698,-0.027779731697231393,-0.023148244344221133,0.002474545120213843,0.013321468190405234,0.02421986750271419,-0.009219026474506025,-0.06729858408120462,-0.029185351818145595,0.026225970309342435,0.07641915109979859,0.06666613870566593,-0.01208577621836285,-0.023991070086072472,-0.022370193395847362,0.04340392942778198,-0.01446743675856431,-0.053983293686662874,-0.08727966873071978,0.04001882867001901,-0.12751644894115488,-0.018400023239680378,0.050504859122881725,-0.0750750628242158,0.011503538099679135,-0.16171100570715363,-0.19382080291656198,0.19075315031313794,-0.015601520746786068,0.16482758270792552,-0.20471077995650994,-0.287741182920067,-0.10239510071276534,-0.02795593599235541,0.21042854790919333,0.0879428296767975,0.13855203091701593,-0.02468531920109135,0.1256393953839243,-0.1239311668440759,-0.23041370879874223,0.2976841523346237,-0.20270432354063314,0.21750230142187923,-0.09910000202330406,0.13182717066706662,-0.0879558720269779,-0.1380454622532484,0.011550315435802838,0.0069335121254425714,0.3061985997392609,0.03250903894300572,-0.17003618967598227,-0.0325339455278759,0.06833611135925376,-0.05430126067875033,0.091426606585804,0.01487781083139409,0.0039975306484513395,0.009467751142449878,0.05911239863577747,-0.10830302107490201,0.07445504502113602,0.01782945494198199,-0.027907903537100175,0.030272659915496644,-0.00012570918622208387,0.055198604364054174,-0.11751382881101172,0.058015557797235336,-0.025768689248883488,0.0015175607254521405,-0.00931062747124679,0.011356406920573962,0.043505480281707545,-0.033804399953910755,0.030177471778216843,-0.01670346365343613,0.07190576293510789,-0.007576118854495732,0.032256579087894005,0.07934354113105196,0.003551332766867832,0.051208603166681466,-0.002607768901185232,0.0012091597900227974,-0.0008402372630471272,0.07216477247796213,-0.07391241289278219,-0.004501554075472513,0.008018351996941205,0.022191750054023393,-0.0024179899717335887,0.019785681937809555,0.014103385229708477,0.03584094577109385,0.019340256367098192,0.02237804476194653,-0.01827135944173082,-0.01434025042540554,-0.037692267337719604,-0.061634248933900654,-0.013021948529219321,0.05312109188951057,0.04807425984574833,0.03566161260493817,0.025277435121377905,-0.04103337821442189,0.1002141012775033,0.0011661410818023387,0.05807658981164432,-0.04972537127296434,0.033220049810518425,0.06995223254147227,-0.09583545854500432,0.02033600577258853,-0.01045340213171686,0.000993189909671283,-0.004151094738048745,0.024525073678610176,-0.0323076786304802,-0.012905721972141106,0.004340475023214246,-0.0013685653420469806,-0.014424419166993075,-0.01851155486752837,-0.016690798093778512,0.0050561554390502325,-0.012594536196249447,-0.0077291705808685334,0.0021293700393161816,0.014661960734944475,0.0014542614014144072,-0.005884077769631782,-0.0051594619085357325,-0.004474770528279697,-0.008807274677086615,0.001859666049815865,-0.003869730022296572,-0.0013469364723632706,0.0015970982548945154,0.006075009397788327,-0.0011625006172445882,-0.001712288663822679,0.004479581120398209,0.0027234742733559004,-0.0004290342810402513,-0.0009354812155866712,0.000880299254737768,0.003527616732858899,-7.716003978729569e-06,-6.817073924504343e-05,2
155,0.21973412779432389,0.03128888488400087,0.01586534147137869,0.038204699225920985,-0.07623508868685486,-0.0928792106431709,0.035039864314557134,-0.039089318082471,-0.04625278076360982,-0.07394515425349234,-0.0643893407711632,0.00678721237757655,-0.07235888690873862,0.154365889456048,-0.0015982602454332488,0.008543879373787429,-0.01872637363767472,0.027794160696075723,0.03833599199964708,0.04249921672700434,0.019198116089607337,0.05521888132661681,-0.105151297950124,-0.026368201999983677,0.15333357049731575,-0.16330243528235505,0.012627578609563784,0.13615263470041272,-0.12543422592895428,0.03328781929640681,-0.10651375050441969,0.09513393883728623,-0.10244495174208172,0.0887841232937672,-0.025070002562049498,0.03274136684988945,-0.10491148009774579,-0.09495637049785481,-0.053683041195661994,0.0915058540792036,-0.039681510002085016,-0.015072913246591981,0.0675969995777067,-0.12832266910966622,0.02369912453029729,0.0253096746028908,0.08387965326592273,0.07539470874648035,0.024895654682830986,-0.04540545463176912,0.1831258842667099,0.035452142369585826,0.025390301205403015,-0.11027576600700484,0.06696143064091695,0.0652391842579443,-0.2057374111941476,-0.007047404571662874,0.04742164183280441,0.159714874649102,-0.08321210868888168,-0.20518843145630003,0.26190768394813513,-0.09755011380280366,0.03364434153440253,0.15573575707421144,0.1544990154636381,0.28873127029431117,-0.07698709234873122,-0.14342678136157716,0.22360354883126982,-0.12404954844001131,-0.02950065454864841,-0.11071759244525867,-0.041715593544698545,-0.09323272720782216,-0.0717279369683523,-0.18640649667261353,0.07342132307068333,-0.043686923892322135,0.15952163979816172,-0.07747621229987657,0.04183275412022456,0.11451203698765511,0.08673219932944504,0.022426866986428505,-0.06799481217629214,-0.04275837869261216,0.05925524211616945,0.045718687847959794,0.08265070154870077,-0.03182970566131053,-0.03807345384882726,0.004207559254337636,0.012441925351254875,-0.05166474926588796,0.05251880998769005,-0.03251505023472066,-0.025637627104959496,-0.012760170989126227,0.07546659014508426,-0.10009101666085159,0.016538699537206283,-0.06961117747043548,0.06452981838644882,-0.08163333379325399,-0.0041144320163667165,-0.028390893557458257,-0.001790424426087976,0.020600884139160384,0.018381194998817525,0.025975709166656483,0.032789065980566204,-0.010389007605809502,-0.02994067475724469,-0.01654493310341644,0.014200746196774949,0.027516652696880722,-0.003314393462894701,0.004499125459500965,-0.03365367087964961,0.02854998820366206,-0.009414758481601518,0.02077293366675793,-0.00010765013081836345,0.0025566536290087243,0.003765383216908759,-0.02992761301315451,0.017619967757878073,-0.004361558944352533,-0.0016368298519907835,-0.0075343585631414845,-0.0007105801188500863,-0.008464607599656521,-0.003517240564426779,0.0039768350073033,-0.003961991984132738,-0.01166686864167306,0.00019919801309816354,0.012678535453545513,0.006686958830320533,-0.00919547783751607,-0.006744807223615669,0.0019706485642858834,-0.010529567682029442,-0.0009879962864816332,0.004662430888381349,0.009835703154637023,-0.009600912272233166,0.017790122705588326,-0.002882734613461635,-0.0033416306951052728,0.0012675936551052773,-0.0023434695285789128,0.004603987092000543,0.0034596173695482834,-0.005236235207743821,-0.0047372051993460175,-0.0002583424317710336,-0.00030847273034720433,2
109,0.24601963857512793,0.15409297203268538,-0.05877198411570599,-0.10055101574892689,-0.043148501590714934,0.021377309148065005,0.032614982301846354,0.28105835334799756,-0.08934866282248183,0.22483682530707721,-0.05428827570678842,-0.004287965332754067,0.2147070160644887,-0.03260122466060362,0.061508899140629056,-0.09813127599603494,-0.03024653847267171,0.030663134657380853,0.044662575986299524,-0.10184601720888996,0.03380925213173319,0.0275364180046251,-0.026106413942890223,0.028329267849990344,0.1337990337504112,-0.0982416877586751,0.04080693084656689,0.056798536891567,0.1579767036700821,-0.04282104178438829,0.0959786568555371,-0.005315568412283606,-0.10390661455079314,0.12662595039504237,0.019344542623966104,-0.08388652023316713,0.06880200836272891,0.013135899307400056,-0.0571309023764925,-0.03777333527798353,0.06531033731176039,-0.06976770906486517,-0.1048684765499505,-0.006401294717618189,-0.04817762161753595,0.015628712436803763,-0.035257341991622525,0.049565833818612924,0.00951793641693173,0.1729413124523208,0.028176554689259222,0.09260646473440035,0.006734459264367042,-0.10817636970148162,-0.13134317016924082,0.015516639709735141,-0.02738062658071858,-0.03860254422605905,-0.024204666212527554,-0.0710911739376365,-0.12210768192353547,-0.05344389143115888,-0.030484622109785288,-0.033424760969682284,0.10345886592610871,-0.053720394957099835,-0.03859010048067657,-0.0015044130866372586,-0.010649346663511465,0.13742761065733644,-0.01993483509816622,-0.11177003349401149,0.0315314129594936,-0.03810948900568565,-0.004860981419216128,0.028524294152676138,0.008818589709553711,-0.10588394272146828,0.03910765837646678,-0.01543306032025291,0.008238148649659858,0.022187916775088613,-0.11698072024432768,0.023409451237209413,0.056474112306557404,0.00508551974530711,0.037636049320477274,-0.06258201061953957,0.13609085750346558,-0.11016306930697406,-0.07409581785966579,-0.05269126266250579,-0.046466798231491205,-0.053418457581870506,-0.06561209366339585,-0.07454732160103993,-0.02427939664180744,0.1836080778454139,-0.0021168852921807325,0.10252514508108049,-0.012668886812987248,0.08698846858806816,-0.06093785826897071,0.11739121817695401,-0.09501242375843387,-0.2971448649280891,-0.056307044910257294,-0.07225956056448332,-0.14927630528509367,-0.07500229538428746,-0.1117596238581435,-0.13774182288003192,0.022480898336729976,-0.02636259226959174,-0.04861369190157796,0.01725524052505662,-0.0030582373343600766,-0.07783977059754901,0.039014379269826004,-0.014441770837319682,0.03256248692790793,0.01593176376104856,-0.019218013079097804,-0.09639329961331092,-0.07179735088556333,0.005402564128145292,-0.11487593991462124,0.012001975797361814,-0.046204772399707036,-0.019236554292065014,0.035128734175833155,-0.10995824026560089,0.009951184362120401,-0.022745808488772397,-0.06999968134090143,-0.023624258857624956,0.008641383385895774,-0.004519678826279208,0.03353813157569008,0.04362114006469147,-0.003888565370836819,0.033801092802413085,-0.03187798408174383,0.0058677222845925124,-0.011777068510120992,0.008830227347108142,-0.001755956083031818,-0.0013662349200688033,-0.016244056513649036,-0.01576202582722136,0.0025621750980456123,-0.0028893829960805486,-0.010088912460881394,-0.009882077183603781,0.007503743206636511,-0.008416425280852305,-0.0025385374915010417,0.00024229267351843012,-0.0008566196130539521,-0.00022101240255925191,2
6,0.34342537867905376,-0.02663451473259728,-0.00038586706216493403,0.3977587577881726,0.20599114052658887,0.0776853522706828,-0.008193750869888878,-0.03456171547929257,0.0667760838162557,-0.034529056563959555,0.012840231991667873,-0.037407547616739714,-0.08162302195484168,0.05985337744419914,0.1543510675707735,-0.26570968267811296,0.06492654956358697,0.10984643084053984,0.07219059762577296,-0.04113626767289187,-0.07395346194391099,-0.10738515589644265,0.019410382557924582,-0.16460849320781354,0.06678090482683166,-0.05711403583101167,-0.008385907327919918,0.005797349012571262,0.022310285957677024,0.03700681658195094,0.06959221897760123,-0.09073949282506603,0.015588723421881504,-0.002339835122210914,0.021963145495974105,-0.07420181711604094,-0.06865134504696577,0.04327150751620313,0.011565813379594777,0.058697874305701656,-0.04963785409799154,0.14492296054917309,0.021579288189389322,0.0451396373153425,-0.031436041441090336,0.06351704899995735,0.026426181341570976,0.026309751867588244,-0.06595879720537626,-0.0018685881075523395,-0.018849223195369618,0.03966614343571271,-0.01496435213741321,-0.06718907145296625,0.02123668605931823,0.04249946979392031,-0.0277955313141756,0.05523716825526868,-0.022557063181049195,0.029613689029671767,0.01645436366805564,0.021327614572956035,-0.016752961267971964,0.031019824301367245,0.0880125365879473,0.03159451397243893,-0.05603644797971158,-0.007713278391296614,0.011635798816951641,0.03642729263449783,0.0036876066726017056,-0.0050657750924284085,0.011645230612566934,0.08847959699558723,-0.020413935333258113,-0.010994104133108418,0.0191826864366091,0.007536457726042932,0.028475393800104783,-0.047431112869533235,-0.006494919231611857,-0.048760189919407754,0.011288554870301396,-0.11157054088452908,0.0541945445349705,-0.13578741397700705,-0.056224632436168785,0.004353216361131045,0.02573239428182992,0.0029013131566988496,0.12878506218047395,-0.09680292123109589,0.04692442521615908,0.02418268073071792,-0.0036549820605300083,0.04187574158347128,0.07749691131212821,-0.042739469817429064,-0.05487005252234636,0.05375140084568735,-0.03919082819610859,0.04702662139744132,0.03390908549383834,-0.008614965625202461,-0.006634600357071217,0.013184044621954834,0.06347898409266636,-0.03818544864445082,-0.036901420659650935,-0.08066095083998963,0.06104808537264087,0.061374172820339315,0.00822371428267933,-0.03636725390633686,0.08950151195114246,-0.002448212761307991,0.05158112670556629,0.042643912054672335,-0.07790579751209717,0.06013853288630972,0.0226505244830021,-0.15735329330448306,-0.049888089565944836,-0.11790451346095798,0.0221003748610112,-0.20678798508307625,0.05238583332182121,-0.005822216430906848,-0.0412747795720438,-0.09151682368225642,0.08339557188065468,-0.060351429600265474,-0.10661238339640453,0.13548113281054558,-0.04776373761656921,-0.031139042472775175,0.011881336082006366,0.08045776554098025,-0.1412332219712488,0.25223438108374474,0.05053431474335131,-0.010428189473678726,-0.028460496569102624,-0.012972806030358797,0.05382856133475136,-0.009446007871532602,0.04371769506162443,0.032719722085914574,0.011220485182775616,-0.01805431889996163,0.0036780989018962997,0.009295499696869602,0.020254057051049552,-0.007570253099375004,-4.69226485253116e-05,0.013141190249726986,0.001523140749108921,0.004279061905540399,-0.0009334427862012603,-0.0005629530403909379,1
42,0.25305971392101156,-0.11192906510122931,0.1016875137410104,-0.06181711500070099,-0.0026713284344446753,-0.015225174196800254,0.028137726328858984,0.025599123857841962,-0.007001399112924044,-0.039113236746832016,0.38430038648951154,0.5267620109269039,0.10339508396402215,0.02443507618410111,-0.0005090711998678894,0.006724089084860851,-0.05375410973125242,0.012202653993130821,0.02574889370018449,0.035196036896171484,-0.023241740582134504,-0.023773952430869088,-0.007274427187028394,-0.08220213245296797,0.09933875529944011,0.04274494736021671,-0.06332439818540246,-0.10084087305469677,-0.002529639278108172,-0.19600549714839297,-0.016405610183538845,0.10355049771533884,0.031014792434305098,0.030274553750122436,0.015435515818360177,0.057073145802976205,0.1167434733307339,0.007708584215311431,-0.0017044690997306436,0.003226379019397724,0.0035657365595568582,0.047392256760997696,0.029002086968342243,0.01970745420769496,0.029316335485130934,0.07439837686474383,-0.06163093979894978,0.03632805036625492,-0.030256120107478683,-0.017970681575208772,0.009527659867684795,0.044477398322888016,-0.028804938175176768,-0.012733614528866143,-0.02408287063703669,0.0066921612811045965,-0.0829540866732535,0.08103387148392793,-0.011959250976614171,0.023975177212707897,-0.011704342717278595,-0.01878613439005453,0.018931374607023464,-0.016833778991406752,0.007629521321197692,0.004214387171302195,0.0024691883280671878,-0.04889357847369159,0.018288426429266487,0.020222773769298225,-0.0733480007521586,0.03081272532860036,0.018876429447636296,0.06225172018767942,0.024427576981741004,-0.02627370167221428,-0.033013807575836836,-0.09828089850015471,-0.028861624733327637,-0.017517413255377246,0.057319929350417846,-0.029008190490004502,-0.01862747162407386,-0.0018906794894996998,-0.02780266146786657,0.017036616793639926,0.05237629628579372,-0.033171188720075635,0.020884594026900974,-0.05057966422444418,-0.029131780485699636,0.005731047430583766,-0.013645384503119288,0.03112427738710348,-0.00729780068506926,-0.0035772484432322897,-0.049123616699423014,0.02407273947219189,-0.18932090708296345,-0.08238984811963439,0.10192419225665601,-0.029616306382174787,-0.07900515400231053,0.08733724186791492,0.06420638712732224,0.02177838330803352,0.05262049983575931,0.1331827363530154,0.015027954520303895,-0.06377855703226659,0.010757981015033231,0.0018698490641163084,-0.08261437245862088,0.023931497466416807,0.03329227206560728,0.040467948949978017,0.051588725424673326,-0.008364190819892411,0.07642647271742693,0.02010623041185629,-0.0357219005107829,0.0020797855518319567,0.04715568130687042,0.01368679970394696,0.037762535699058845,0.016649176086036135,-0.007907139571786351,-0.018263198933760424,0.036318786445414766,-0.02651625496336937,-0.03229037289393517,-0.014084434448731068,-0.021361445714210305,0.027471213986717626,0.021697747688470936,0.011518116271896198,-0.01691803087612149,-0.005717013805047938,-0.08018201373207282,0.07730905859262792,-0.0697194759944182,0.05463538561756998,0.0810777212645539,0.07015932181884675,-0.14316829290350816,-0.29327063334666353,-0.10361096950372975,-0.06588819100734762,-0.02872018599709325,-0.0015707405108210106,-0.012564479893335815,0.010906501993269636,0.0006573736626569711,0.022715023212243658,0.0025347376167513245,-0.005159409375033874,0.0058268030364991685,0.005532354050215812,5.080708617865226e-05,0.00018196827903234282,1
99,0.2584552336970094,-0.15132107467383818,0.12713460061701598,-0.08581586478086216,0.004945426286450031,-0.004439890431047856,0.008469317537872547,-0.0034099992434756133,-0.0105952742893037,-0.03834728330663422,0.23713641888224107,0.3595836153475985,0.07727074092630187,0.042856565152503225,0.011140177891904201,-0.028929701717055133,-0.017324062787046863,0.02317066754959527,0.045412751944603175,0.018298895992647092,-0.010331508485261615,-0.044998673447100956,0.06520213230731425,-0.03402227592393442,0.06375330682886277,-0.060719968967360115,-0.02290133866148624,-0.06201077338284467,0.03830814269985391,0.000330768961414582,0.04465334171092508,0.05251540449892838,0.03261825100924083,-0.012409885564530035,-0.03924218127379498,-0.014156129684551945,-0.00017849195524775353,0.03332950877200314,-0.027079260428522028,0.04234648159598216,-0.012777606352988934,-0.025823910874786516,-0.026856618918505173,0.050484025245400355,-0.021806625919882968,-0.06313171723775035,0.04883771802160445,-0.012936622805816152,0.033261337777407196,-0.01811848295541616,-0.0039047860497127876,-0.07515630258884809,0.1350381225692175,-0.024084105384729073,-0.001588192059927654,-0.1113326778679125,-0.010281411551176388,-0.13196707609079178,0.08566802635242585,-0.04586422353215719,-0.009645227858966932,0.10272363856439604,-0.056994741733603915,-0.004206709627985996,-0.14140207538571498,-0.023448038373375002,0.055302348756223724,-0.01239309897657543,-0.07058066990675715,-0.05047378335776146,0.14457429852055784,0.03562659556632083,-0.11223585927754527,-0.2679539418752809,-0.1388248676201744,0.03981597761078819,0.24772665999034466,0.22666957396521975,-0.016942922512185803,0.00022942797961058182,-0.08517802533644768,-0.039123594987986746,0.13687603778339072,0.06030455834215398,0.1318409849871638,0.00603353942859262,0.05963043682476431,-0.06742082069874461,0.03468704684349461,0.13305645343958303,0.11957864133170798,-0.13130601090090946,0.045766354198019735,-0.03873430514703643,0.02261283600372299,-0.026134738999264294,0.12262893516994886,0.04465808285745404,0.1715873030296796,0.09023238310325583,-0.15844586569163116,0.07811449239771673,0.07382204624816179,-0.0042919453966826894,-0.04633474578263035,-0.04559178947713432,-0.12360466755795817,-0.09787801940560846,0.007075067291071928,0.02620704546613077,0.00525079064262512,0.0225195271572333,-0.00311787947877682,-0.007194219991113889,-0.01223743775679434,-0.06166175743296355,-0.037815648378428275,-0.04849052052748003,-0.0003339383450851683,-0.012756494563448168,-0.031623696866178774,0.060891571510882335,-0.04619565262535381,0.009670534142431214,0.048939747486441906,-0.003793325746320815,-0.07308569975595774,-0.06917145969694267,0.09864554969888063,-0.04601971244637986,-0.08721773733796168,-0.007073128213685932,-0.014990747896128094,0.044117496770553336,0.017283937725313406,-0.002455535591251368,-0.03292763664970334,0.036087469103875135,-0.017036262326470288,0.02684492779837386,-0.03202006955519353,0.019135269085856756,0.026753541768039776,0.008459126328085317,-0.029842119347107784,-0.05521649352032238,0.006040267362306963,0.006778484688372115,-0.0020084169086374277,0.01423688374589649,0.004131768794507195,0.001818371381659883,0.011613092896967332,0.004566971628183582,0.002090243099203912,-0.006592434365703602,0.002290273676832253,0.0011758565916676004,0.0005148563182854183,-7.377468474261545e-05,1
146,0.32314301129363193,0.12763612758241358,-0.02136702958944884,-0.024730189558411213,-0.058310630215616235,0.0023431732814894086,0.006239139809079479,0.13886886084241645,-0.07049561702281297,0.04417024349946417,-0.07464696579489223,0.01539213411888117,0.05155359639042062,0.1039426582554516,0.009642474689053106,0.044378665966692564,-0.04183061120522983,0.01800716389509144,-0.06387625359041864,-0.02919013150174097,0.0029014351461014733,0.024076475860369106,-0.024534463795537583,-0.028745895000607966,0.03652814816191248,-0.1176547361891609,0.0915141614564733,0.03342044888501179,-0.01999236470015632,-0.014904417157769056,0.0015883433306347367,0.07766707709133167,-0.042624578832253145,0.011161414648673491,0.015563107718072759,0.0800761009295466,-0.14016364278418003,-0.062032626729554494,-0.1122790666561173,-0.020931729491068276,0.002183461546475497,-0.0228414468452017,0.07184994135486467,-0.037618127638390904,-0.193994940730702,0.14997452037831868,-0.07555174336535796,-0.10341432309418985,0.02405153860964154,-0.009336239446631228,-0.010814041231653389,-0.0009285334486029905,-0.08472820707364524,-0.14083865763651934,0.1257598727649683,0.06617106262263357,0.06881633779045529,0.05744476888699082,-0.09192114078981038,0.05603536392270952,0.12743174881443367,0.1289011804375105,-0.09351666470148969,-0.26828792701047194,-0.21143325612101957,-0.05612376648744278,-0.13260596593830687,0.07396734790822954,-0.14758569168858482,-0.1774218107483215,-0.01951590066243656,0.04185274150195293,0.12637814837336625,0.02018759703208277,0.1922561302392606,0.05254893882482263,-0.15972098820474398,0.033107012146436986,0.03671806733557284,-0.003992434155807687,-0.15848325820740214,0.07214120103416971,-0.03761979222231397,0.02038523968346407,0.13278481090317265,-0.027783034244871607,0.2529553751992689,0.06979638457223603,0.15709482294733063,0.07899483012148198,0.007141162588325253,-0.03172461117386603,0.0182709996551279,-0.04420645694947281,-0.022972918796934923,-0.006961535876504381,-0.044202670838965036,0.11274820669738041,0.0046030173849234655,0.12928793814290432,0.072470518797243,0.007346679999825449,0.04544471664974301,0.10208036397879498,0.08517468843185255,0.12303986261407403,-0.05306660956434293,-0.04266573484496975,0.06512509052868751,-0.055537374762048695,-0.03840529720351332,-0.002810690179952092,-0.005247567312440335,0.013948852807547048,0.0713299823550076,-0.07835406839920833,0.01723233091730594,0.012186570564471876,-0.04079407991635179,0.042466101672070926,-0.04805729494290824,-0.026403565703769137,0.05320622611574499,0.025758695274079677,0.006161430093272049,-0.021171544794814968,0.03007985058837624,0.001558735961138695,-0.003353675854707198,0.0013481345168439678,0.0038137500646085636,0.016337030015159563,-0.021607217889771095,-0.023400007116261858,0.0015293533067268607,0.024977318145013375,0.009297070952624907,-0.005756423717009948,-0.008698604456829703,-0.014244803121854555,0.01987713245537151,-0.018295960758256326,0.006382333828589248,0.005790871739779225,0.018551952785409335,-0.0048350041884540505,-0.009526855699059773,0.00871666208712307,0.0035315022112897077,0.014682933267656193,0.0014740273903483905,0.004950245891347284,-0.0019422586388719125,-0.00212502462860862,-0.005491333493897896,0.003106740714741506,0.0027673933101284584,-0.004749452395647193,0.0011136364620804595,-2.218092628752076e-05,2
86,0.33039596967524554,-0.18514507573778285,0.29642395904521596,-0.21117381734634885,0.03926889491796833,0.02022295727443248,0.012851188592169344,-0.019029949722399978,0.0013502851849923857,-0.06951692491593259,0.022488655418442152,0.004093082803297794,0.024499913585352397,0.01151858800213021,-0.01863245349298433,-0.03897359702579799,0.0016304047673140355,0.0046568721754847876,0.018053596273645944,0.03245653439368083,0.033108940009122734,-0.07284445757814882,0.11430980033585654,0.010627530072582698,0.038432449235984004,-0.07128418739746271,0.07579387620741582,-0.019951846725047857,-0.029571372713063294,0.12249131350919396,0.07386655699287857,0.023270890458539716,0.005561185216526881,-0.09323567830160011,0.08275179140398377,-0.1289275389316454,-0.039683832442620644,0.14754657042349417,-0.11323547939413658,0.08694367848827696,-0.19450447749039038,-0.0879015848354105,0.04024492465477433,-0.10090961187427595,0.06141302541193364,-0.026516487503840627,-0.028249278332259507,-0.025278945866279698,0.07672293226702084,-0.022370829472463796,0.054564074627734806,-0.013933041794079429,-0.00536092751458065,-0.1255993619613584,-0.03874489003872176,-0.141600382860404,0.09992991218789594,-0.07587921358795148,-0.016837706637849142,0.04154308124485765,0.021354657537221645,0.050392782982867104,0.06309877660369534,-0.04284116842229916,0.06574474699219617,0.023175461176161847,-0.1330521984226198,-0.09216973431288479,-0.10673498703226225,0.0563814249362437,0.03217085091913174,0.03462251379763006,0.09358783575566908,-0.0065913884405086,-0.12646001047523225,0.11013401491295702,-0.003602002000643479,0.015700000649718004,-0.0174092484220717,-0.01979286058632512,0.0832049497383783,-0.009909961846803102,-0.016794824518952863,-0.0786558648408715,-0.06342328389908251,0.034013269415884236,0.02008218380436889,0.00775787561576884,-0.06999633847695376,0.015794504503848818,0.011030046923680214,0.05609174816937699,-0.007707223427809752,0.0024079880483546725,0.019026394868827203,0.018046984860417437,-0.07589502305538211,-0.012051781358069877,-0.18318632888949085,-0.0633178431969595,0.10625919729754046,-0.05619994671792963,0.14913540210671064,-0.10561184945334827,0.03986686055955903,-0.039978554156045426,0.031775596217090765,-0.13402813765906418,0.07550287409897082,-0.03414532879186894,-0.10879658586003334,-0.12078318238167861,0.19655141320901146,-0.08950481872924933,-0.022872182272898372,-0.025739297948097727,-0.022160967027810584,0.014312296634847017,-0.024290918039705407,-0.014232809949275069,0.08163504764460347,-0.04179292195274348,0.0887592068777049,-0.012287590053827652,0.10072466668776628,0.08173469875442636,0.034253274262779715,0.1775276366327207,-0.05747379267012299,-0.11561414195135084,-0.19466253869831013,0.014127730526238648,0.01798915144319344,-0.02271589574447508,-0.06020999484806691,0.00779106805132916,-0.03471687158882692,0.019752197058000437,-0.03533425153706163,0.008697563140776713,0.007597065402398146,0.03386002543495891,-0.018866261331279277,-0.04197092354429536,-0.04068562644174698,0.014792462397067486,-0.0250868190663633,0.027583030441154267,0.0037838072668512465,-0.00658519267483539,0.020982801810886166,0.0030093598242417917,0.00024469122695728197,5.628712239898279e-05,-0.004095056776665456,-0.0014614537639642488,0.0009123221927609103,-0.004617335053503105,-1.2440915237183089e-05,-0.00032801833771774853,1
39,0.24278024857574673,0.006507426394728524,0.03442777977599041,0.0772741776585975,-0.06892165523086849,-0.09495231956715085,0.02267052443567585,-0.07189221312810413,-0.1646350695385677,-0.1586428876245193,0.04227644634002535,-0.0014485723748044622,0.13607816816633223,-0.00715275033901477,0.05303873733396794,-0.009393633502332984,0.0843165391659291,-0.08267958819756,-0.09101820477955401,-0.013043930695060078,0.35358549168781517,-0.0018120150275437758,0.09643485364755026,-0.04134755920870835,0.026455356462607008,0.10694518027697797,-0.048918914270698555,-0.10149051865946059,0.07512910130755279,0.11578024317535673,-0.2070819693954567,-0.05114438262711095,-0.05357680631622026,0.05704556301453759,-0.026335327232695317,-0.004397232849555082,-0.034139321078795165,0.07711651909457243,0.03387649207782517,-0.11480305280938465,0.05606467492116276,0.14105867170134237,-0.01519780578979522,-0.07486601753257836,0.03243413267880258,0.13863876205980452,0.06402873976878379,0.04829674405658767,0.006573098744735406,0.04955715541411614,0.02511906665225401,0.0039300589440069145,-0.1456575620926777,-0.05788803027427906,0.013685547616094968,-0.13661385358637693,-0.039199201880510647,-0.0473828600793857,-0.026042079160386408,0.07598146581824218,-0.06982206200135922,-0.012948427021894145,-0.14732324224562143,0.020973815841004006,-0.03113293381535743,-0.0283045151654444,0.045920279486512616,-0.05275918662927097,0.08233498439274702,-0.08061907642941274,-0.05936038175633818,-0.02346510249495555,0.2246925406546206,-0.11951115951888776,-0.03209715919991441,-0.05870957430554108,-0.01873977818148521,0.026594556724999437,0.007846321230252914,-0.09703169038008175,0.10291212176181182,-0.13520771542386964,-0.01475771920293493,-0.09350999345133587,0.020143241249030337,-0.0015182999023009326,-0.037836096143285036,0.014788437179899108,0.04334970915095722,-0.01249839754036674,-0.04230122803004647,0.019474474968791712,-0.06228513379374641,0.01966623871588032,-0.1233438620567225,-0.09783475219716885,0.012644078494078833,-0.07998574086472732,0.08902225790017375,0.002463771346878894,-0.06766960669333062,0.05372538256313898,-0.17894869311627226,0.05063756881016187,-0.10796476834267489,-0.02763585937558248,-0.0033119172076931545,0.11589075593408464,0.22841264385945828,0.07455654446723106,-0.14576264086805085,-0.006545332022391146,0.20892635757066944,0.054295243724134724,0.058417099713028726,-0.07526533824126015,0.015523287490094437,0.1283113552347269,-0.05616111825427357,0.03392884190693243,-0.035968457809148244,-0.008583543080257192,-0.02249673371974431,0.005206603865315549,2.1817817205024067e-05,-0.005560162638427852,0.027746989680446116,-0.05551416735386068,0.004123122265168239,0.011237201578239833,-0.029332287418278563,-0.011678374725848937,-0.005795287698955538,-0.0026819475275932855,0.006792653339247634,-0.012393666424315266,-0.002593423988920803,0.005594848046030513,-0.0003570632958157585,0.009598171535184698,0.004151923487906339,-0.0009533174656681674,-0.008054853524787154,0.008214542654827916,0.005165832131099464,0.002638320860369633,0.003037385206240348,0.009678047332848282,0.013575523189479159,0.018464652095258,-0.0008121190161767761,-0.001439143421469858,-0.0037368750344321912,-0.0038589313745121677,0.005131279486263853,-0.0017918150550431389,0.0008591097378416881,-0.0006939571589235614,0.00033945848522783247,-0.0001619569266105552,1
115,0.17257252226701988,0.08215009491550682,-0.001380808619990534,0.000860184670413433,-0.09765380340751688,-0.011886113759912461,0.010635641655716944,0.04462663982763765,0.042436256153844845,0.013807064292491697,-0.042630595824438046,-0.01474101860646138,0.040698398182110046,0.0011985382293634773,-0.03923599113571632,-0.029062303168672192,-0.08845139777145161,-0.02981868091908899,-0.017872768087761472,0.01411679978383767,0.032430160725542494,-0.04322002012561981,-0.08982736576891753,-0.002149548771798463,0.05782162378425324,-0.11421006251040093,0.006738024688368006,0.02933783771379736,0.3092284105509552,-0.004931553897090895,0.14244628590780967,0.09232114990247471,-0.16329224741993775,-0.22980640584293419,-0.11679326317606921,-0.20062820976113324,0.19856582199274905,0.10703995719931787,0.27334552553897057,-0.20555119832917468,0.17787111541539283,-0.08388293410371192,0.18552116477586295,-0.1662095016166963,-0.04994454320108992,0.07168770112060252,0.016731775835907205,0.08425604604888398,-0.08079288428085799,-0.0021804101421919247,0.06243816338388289,-0.0023475545656143387,0.03408636746930135,-0.005370487544964981,0.03379960441869801,0.0373093553729566,0.005634732550821002,-0.03165708511393803,0.0024256668471280348,-0.032103813642591454,0.005591725799382699,-0.049920127720338416,0.016531819040286264,-0.049752835449514185,0.009519867583983377,0.03649638784352066,-0.07529060869132076,-0.03312158967224085,-0.04758452501008204,0.07593548072735143,-0.0773183958933278,-0.0728930726597931,0.01949360222294985,-0.0270234248003918,-0.04267169663160681,-0.01085449521671238,0.049664844099210105,-0.07390972276100202,0.01839664560612863,-0.0007524424470537361,-0.05478863744423549,-0.009967342890615098,-0.01917148649921073,0.04278234649830244,0.04147702896985955,-0.014386272687897274,-0.05425961553339261,0.03991636753493136,0.23632326197983788,0.2253769075312234,0.009344932426477784,0.08784520859689601,-0.12435175910818289,0.07433275083425601,0.2552270386156083,0.0890264641638338,-0.07536916522734384,-0.11682909660194997,0.02585347768931294,-0.12460868132718991,-0.06763095169921293,0.031129437282081656,0.10538282778904096,-0.015065426684969104,-0.06339659566232642,0.07145679736170203,0.03268393585071241,0.020375020968661433,0.07462465902816973,0.037334326093517646,0.06313772324250432,0.006224634555649931,-0.0478488127939644,0.013137490276821073,-0.007145722874196813,-0.002812888230593789,0.013570011244688445,0.03661123576105624,-0.003928493752127911,0.04592708339963982,-4.3727128437355284e-05,-0.016639792857647738,0.01222080472022137,0.002972731106050875,-0.019814989463109847,0.020518582846057398,-0.01632486871201449,0.004155761318246229,-0.003202082127226554,-0.011508826372457679,-0.009220529097998862,-0.005185099653571981,0.0006481737975641724,-0.0071787763663738475,-0.0004294178677316542,-0.01574997880241553,0.008518607348333575,0.006062499477518751,-0.025411503860087125,-0.0050511873470152945,-0.012068860180774212,0.002109270096021576,0.010942490657733827,0.017261054027687173,0.0010179357915986037,-0.00025918305703332496,-0.0012420769205660962,0.0034057049450301026,0.004698099470406227,0.005925278846460031,-0.0016037835236508387,-0.006240065741208679,-0.00045811399438746344,-0.015303859620916786,0.007463418832619375,-0.004819636933839697,-0.006228636742423454,0.004172965335274447,-0.0011450090931581988,8.64283346930415e-05,2
32,0.297860389988446,-0.0028065301294954536,0.04396357610127888,0.1269273282568983,-0.03869560879348026,-0.09150985770844335,0.006444080993464813,-0.08798949215300612,-0.13592555129885528,-0.15106425516735034,0.037820144706055554,-0.07486963680372538,0.13627276376591452,-0.045492234995892715,0.06007186583180431,-0.019903621198980568,0.00572060590544831,-0.09300444098176748,-0.07111389605448964,0.034911234524665394,0.2069779392650298,-0.00035358079139963857,0.03773202625668221,-0.12950868787373065,0.06029653419794563,0.043151063464792604,-0.0066321055189794195,-0.033985335999513276,-0.04071147051557227,0.0016008090667657085,0.05253455152841338,-0.10355128109143207,0.02447943842508998,0.001621661049554794,0.04229167983892005,-0.08059285796100041,0.04610322798724467,-0.06639880534961722,-0.07415317054167446,-0.03457177897465799,-0.03811007813420877,-0.09804815942367663,0.06113709035401754,0.16382059614850292,-0.028400608022733295,-0.05253057849422717,-0.004133463448541788,-0.08183769813801832,0.04745216185551816,0.0015951249424715876,0.0327564982739932,0.06301817138184694,0.1635369483613949,-0.06535346838456833,0.05632678696925332,-0.03178521486455162,0.09469779260194869,0.019775486082904428,-0.00993097646697251,-0.013464347577651404,0.05732788210428507,0.007089360441971379,0.09632050547151307,0.014289954939832934,0.12453250308570525,0.10671067064388279,-0.028411379824812164,0.10110759567658337,-0.05156956385950684,0.14604223970612173,-0.00016843063188545912,-0.15821434250609998,-0.3248817629146786,0.08308910583660796,0.16190951032272338,-0.05535056805547448,-0.007604502282791636,0.12973659951811609,0.024460956360199376,0.05804867213152571,-0.2052379789087801,0.126044274915836,0.09791733263517473,0.08312382192797386,0.03618145610164373,0.03283310455540229,0.08069320640770786,-0.14469120970290547,0.07241416412938033,-0.11415043649404574,-0.09170319737711352,0.0005315071597413461,0.04528634390610457,-0.0010122074368868438,0.04135723719201403,0.029433072579558277,0.03839868831959292,-0.014048435893051794,-0.026106073507779066,-0.1606109592182302,0.21569966692958306,0.07717535574057063,-0.11549835188057599,-0.03379903467129124,-0.1414071958536554,-0.03403369075238852,-0.030678653323177367,0.026587394999613996,0.12452474776593028,0.1315100889756778,-0.01362449890397818,0.01642831808887045,0.08032818285993866,0.021235174247626568,0.020128511226301896,-0.08877961060600079,0.053376580764711565,0.041175209476600895,-0.04323984793267864,0.061028057768020505,-0.032813559485467866,0.009812065845016007,-0.005823890880577886,0.0012181391769125745,0.01911953449105969,0.0024179365169606473,0.03751821045669865,-0.0106608397331302,-0.006258432992893937,-0.007219562022485004,0.006653222678163566,0.00019316283553115162,-0.005045746224574004,0.015118907070353968,-0.003898179865052291,-0.002748066033182998,-0.005114351946488945,0.0018922194425081552,0.008195884776457683,0.01740098254586005,0.0017239362359068129,-0.001202558183138064,-0.0010258329570011341,-0.0015671631592744737,0.00027327796372222447,-0.0031609918072031122,0.0016238357690384715,-0.0019270401728743586,0.004385926494604058,0.004197343122646691,-0.0055159423411111404,-3.5607291533372096e-05,0.0031947335049320614,-0.00427113223497369,0.0038911185897440594,0.0036904160803252145,-0.004455462098747403,0.00111249668394144,0.0010404741529544102,-0.00016790690428597965,1
143,0.2566677797611935,0.11135178591285276,-0.020803391128393658,-0.017713631912537674,-0.12765391553205793,0.029884494518475906,0.015169361234967644,0.060135467478908876,-0.02601896209578587,0.01250352977812451,0.05911435985652427,-0.026907173510351035,-0.03485098939399992,-0.05195893605358142,-0.04001675354466603,-0.0023439180055880955,-0.04916722224046475,0.0312713388311881,-0.027403568503744292,0.062354642531627674,0.019611165507029304,-0.04546832949717593,-0.02238081879255956,0.10861573917762479,-0.11050405661596252,0.010678900813464582,-0.06903251506222609,-0.09548599077377735,0.09584865553806281,0.018016306427544416,0.0422422225461755,0.02298728291515471,0.030944193488195975,-0.3475107102292814,0.026012298694777895,0.10761271265007483,-0.22122224292448744,-0.1513082833950883,-0.08047816442965963,-0.05473256135895904,-0.13377986762998645,0.011273274218868128,-0.04560381682355906,0.12185462919459368,0.0983215076647328,0.05745000430177554,-0.11058687679168558,0.10054857605669931,-0.08014038274668847,0.10292843406271866,0.195214426266309,-0.07587794549107894,-0.11407272711251132,0.016702167410842888,-0.07537178140119828,0.0249867610814258,-0.11739998709615479,0.0027112706070888757,-0.020873030307149727,-0.08056941297746148,0.01885233955015353,0.020894494176521915,-0.05472539510137538,0.07887679650657345,0.08395594082958642,0.10513059357019403,0.08971671868652964,-0.03383174399695131,-0.050020659295974934,0.22895678715022405,0.07990574723476183,0.08381830940194626,0.013449913237409307,0.01247410561443311,-0.0992045085049587,-0.17012532456679005,0.11206604554288947,-0.10489660584587644,0.0991310164054193,0.01678329531474548,0.041750338234866596,0.1188706504803531,-0.055348179578325746,-0.028594247229449858,-0.004442460476190626,0.04819442295199783,0.08649080967192134,0.21431466040878,0.1425742746226964,-0.05620484555388458,-0.05325663499220979,-0.1279327630983685,0.1948286421171111,-0.06840589561015477,0.09285510989193631,-0.11884349380606483,0.009770224592899484,0.09959086874761403,0.02760603380200518,0.10662209528909955,0.06744895915737234,-0.048578504715142606,0.08383757799797527,-0.047193779607477546,0.008407641026925806,0.06720909404425687,-0.003617712339760656,0.06862549700836303,0.08092773242057477,0.06932165600138977,0.0055307287836460165,0.018345013385418177,0.030313586123376444,0.036194210937201904,-0.04913902232580863,-0.021459063794946203,0.006463638985200302,0.07697151889920369,0.028969792591964135,-0.004148745037619072,0.01495350902241487,-0.015600297922251448,-0.04264045611801592,0.019036954073633365,0.017909091106562566,-0.028855434238362385,-0.011500659920338413,-0.022915052954906725,0.014447541374385734,0.011370324530559521,0.004314974986579512,0.016682814454740784,-0.014469121656900992,-0.03804575522909481,-0.00590813827603789,0.01604886195066602,-0.006682040326380496,0.01221589504637236,-0.0003660566452567116,0.0067591480130363025,-0.0025599482639898797,-0.008866248147062637,0.0005734430453090978,0.005816460288981348,-0.012638795817853304,-0.0012429397876953744,0.009434213067992284,0.003089566333969363,0.015973778662785362,0.004215303255808138,-0.0026548200658105116,0.006729364660525705,-0.004566926655474346,-0.02052150468307619,-0.0014952674267973555,-0.0025154484527065857,-0.008901328561255044,0.003744557504837171,0.0012634654361769397,0.00019364562823450662,2
60,0.25865222334930277,-0.2609568114154784,-0.18151621361120365,-0.01620146012787331,0.02700497956248847,0.027473375531676267,0.010951640248121295,0.008317768730110087,0.002994067633274353,0.007634828864831065,-0.003448763951715567,-0.009788246410683439,-0.022882497137205592,0.016823620512994044,0.010904294921226923,-0.017112600956068903,-0.018405713881956092,0.007210081888698412,-0.05140905696540412,-0.03895810699558438,-0.019664474212689166,0.06952832193604695,-0.01600777757358502,0.10833933623315085,-0.020593752620982227,0.046289037765204384,0.06944361142266538,0.008309322496178306,-0.035509470581798715,0.16287092098428346,-0.13026473638951386,0.01306803444521867,-0.1735061507179106,-0.18427434377361998,0.015928970244472138,-0.13832074280353465,0.3091788203100236,-0.049800053576370136,-0.23435960088450752,0.07852856859327205,-0.13422831854619405,0.16840121620945864,0.008222791130670027,-0.06501747763252004,-0.03266213353250379,0.014058648732838871,0.049308603694810535,-0.004517607197800823,0.01797665778456407,0.036365316715074016,0.0022194170793220615,-0.0505114825904406,-0.08032658431957512,0.022313237325339928,0.0051340887221926835,0.03266783472242522,-0.04731572726896089,0.10187733627999498,0.007061841974952536,0.024997226984965527,-0.05139619764309635,0.040926626856044424,0.006333022200365985,0.04551718731985473,-0.07251779888122598,0.01151264472774035,-0.0515964069145451,0.022185154446956325,0.04124789415109014,-0.0072878869410213975,0.04843521095177975,-0.022725063040549668,0.0601773847721233,-0.11378453847328439,0.0588086396982236,0.014560283213481112,-0.005658276862390308,0.0005379665579117617,-0.1268253026491722,0.09449911961127204,-0.03752520325054974,-0.024628271113731868,-0.16956460481477353,0.07840892515682524,-0.1320785288744715,0.10551583747050654,-0.0016614841636734953,-0.00506903684661247,0.17245127868625285,-0.0476420105187736,0.08957381604029599,-0.0019832496987135886,0.1870722212587787,0.06299705785151341,-0.18392444096304522,0.09364241765839351,0.10710518112888671,-0.11519152534267152,0.005889862753939279,-0.11109605431078973,0.09937114599627704,0.18905090813457148,0.11506386182143552,0.0063143737090468844,-0.06932244187767203,0.012738288377787397,-0.040392958106357395,0.05416481365185878,-0.058524247608276,-0.07334832566071253,0.056982018639308726,0.049045423008134865,-0.014109140682315498,-0.07041358751139933,-0.024631246209072043,-0.00025690126443828065,-0.00849947976745332,0.003485748953767978,-0.024778793891046556,-0.051685099939127996,0.04589069924890695,0.03316909294629305,0.0458710698183649,-0.01052967854946506,-0.04035171472683939,-0.07532794383239703,-0.024318615887736834,-0.03463123817261458,-0.01090955033194068,0.05512913614947697,-0.022317655077338443,-0.05672837740308992,-0.011893508059975334,-0.01606760404245081,0.02332951697165025,0.009999358887411868,-0.00307896818167939,0.12456371061288163,0.027734071420667316,-0.05906188912325447,-0.030629374292905652,-0.03431112691967625,0.05237240668953371,-0.0482691919245307,-0.029883986646430834,-0.002937875036318444,-0.012188095002855899,-0.011851812495003118,-0.007310516052718459,-0.006083542381728593,-0.010263627896134856,-0.00012165990160766969,0.0010387390324661965,-0.003786986951935397,0.0038799631988150366,0.005422274836615417,0.00716880655147985,-0.0006949925538678574,-0.0002477204230679386,0.00024260741175953894,1
187,0.2747630152667266,0.16899465723854698,-0.026436956589617252,-0.07782809559714357,-0.037817616929654914,-0.019904800676705366,0.00269916957273804,0.17100796790118403,-0.11073996178694613,0.23387159472562022,0.08298638553948053,-0.07004948890517787,0.050273149319006644,-0.10044797470949661,0.10101156066521891,0.046857265525227405,0.07904911907150183,0.1032185644822813,-0.08027250091208095,0.03690842368561114,0.00036231088126780723,0.12261967944945106,-0.03730734614577823,-0.02548183438730119,-0.0064753067247228105,0.04183284808827791,0.013275099216533625,-0.018585849434934774,0.09896704999756763,-0.013234479915758239,0.012025425056109621,-0.04911381421372364,-0.0807457985894689,0.0434908288278484,-0.06898310799731305,0.06560983607530131,-0.04533399164647899,0.004109922122630453,0.08592748289662278,0.08493482765823024,-0.06899546008564807,0.11518015182018007,-0.0739835798049794,-0.08566151773075546,0.032396059189542636,-0.013155339922461148,0.09049767875372179,0.041032260891641956,0.016076394724177913,-0.05649868782428217,0.08363729080881786,0.12093720031161956,-0.04275539182749957,-0.10481421108701626,-0.04325875106020109,-0.09677196473910002,-0.034946535071864925,0.15218160596285205,0.080437050349925,-0.05122071637655765,-0.050839939789956747,0.14485380097266926,0.028849055524996243,0.08360722842606112,-0.029430851455137314,-0.10921591776504071,-0.1680247929212215,-0.10254414877161876,0.12881318149584886,0.11587761382890585,0.21473358870083695,0.12111194563466438,-0.02503615817781763,0.04707170385652956,-0.0798448619627044,-0.02125620184543452,-0.19873625920641455,-0.041989239295253396,0.08509542750461885,0.046572562300099214,0.06022816968234454,-0.0013819488277150944,0.0762488402532475,0.09176538673127037,-0.09117478469775173,-0.1559066492045525,0.040058743745687596,-0.16296804554222705,0.0019145711716790944,0.03380323472814745,-0.02616156068917244,0.013977286174162586,-0.050533082337678795,-0.038573143211301696,0.1212002530407977,-0.07833091309491265,0.19599591833271596,-0.014357487004907467,0.0480969883435967,-0.14310110666259301,0.05437938789085851,-0.010150817695945938,0.023535617776142943,0.08645042208806766,0.08033201718060913,0.09637530929504409,-0.04484105471826275,-0.11227953639755807,0.059748956398472025,0.0072429849745484455,-0.017845432307127464,0.08812140001368975,0.008700644301384139,0.08307239017791843,0.10287407543969004,0.0088807526989939,-0.1629131112534434,-0.07280471464732252,-0.020237894502136807,0.06670971697835357,0.07205101464651201,0.10787851221195152,0.027925807455961318,0.031309976190195925,-0.03129244084740793,-0.0071847832229894925,0.03948107676175205,-0.02261502598083955,0.004622817936720435,-0.022982377169920912,0.03938816400214956,-0.005978915240188693,-0.024778154456152886,-0.011275106892504803,-0.002766918885442011,0.003314917980458701,-0.014093406264134883,-0.011862167775297758,0.0064112177365410125,-0.005285937354627117,-0.03283867794392299,0.04472244525298504,0.012139856674121152,-0.01692144653993352,-0.010087119146775072,0.031641060577502746,-0.004521586129518692,-0.007508238777823652,-0.0044740047310683935,-0.006312728120444145,0.001937672750751128,-0.002934031380965427,0.021562828827090912,-0.002508527176269257,0.0018257362429516851,0.01575893671459734,-0.0012570015081759208,0.004344533373118331,-0.0051406771260168295,0.0006125766455957608,2
13,0.34911165616636325,0.015438009318393436,0.02573815389916184,0.2638428919938755,0.12373613313283315,0.05331446535575778,-0.04278619181620004,0.03571656890275015,0.02071181104018719,0.04844583251013969,-0.0037597198321060814,0.04688442370346587,-0.020353694477378913,0.021525212324929065,-0.05038882383819293,0.17983855585493555,-0.06827412818805603,-0.04544523830303359,0.02713493853029049,-0.03703460755184273,0.08885080442205809,0.20182341270351423,0.03721521467064626,0.22084463641362317,0.18290366126732352,-0.07233848081799589,-0.026083850591564397,-0.05737271875386952,0.023922604742342528,0.06269369703447375,-0.08937136157138004,0.07068567847276747,0.0899734064160538,-0.038253514529801295,0.048712234304184164,-0.012779828629084167,-0.12429962854552334,0.2568365982346931,0.05806856644844159,-0.017743226263037502,0.01593972393191488,0.1478500809379416,-0.11430496913221119,0.055189384466717485,-0.018050505784722386,-0.03852839095500192,0.05308783811085781,0.03297962135903383,-0.07238878274279714,0.051702549071425664,-0.15011687247451713,-0.08471193793312613,0.034262383039930046,-0.010343272302080549,0.06682254966169057,-0.05821402394340224,-0.006887190362709801,-0.07247121951863474,-0.0330195097638075,-0.007855178598380313,0.011483893875070053,-0.05051257579320574,-0.014307865224256084,-0.05764039560727745,0.006367046631679159,0.02963139558247125,-0.03699868637093813,0.037944034315304714,-0.058311645328888814,0.07579757450827122,-0.06657246551723725,-0.03697346279645438,-0.0030838846053495004,0.017163521805246284,0.03785958231762111,-0.039793639981995824,-0.047353016277893394,0.009814149642541476,-0.004990372788672197,0.06296283879831491,0.04249915031897679,0.04401935255493257,0.04925487221933271,0.1703767385293284,0.025478946209882756,0.006331505022184337,0.010108621596631907,-0.003659719712811976,-0.09530739679610946,0.01146654201002447,-0.07092914765876454,-0.05110070147982572,-0.049620938663258805,0.007754352172564429,-0.037758536105377286,-0.059122053262975635,-0.023180672684761608,-0.030586114878256555,0.015813164097569547,-0.05038286330238758,0.014706907222504239,0.04090068946664346,0.09962029565685616,-0.0193556773451288,-0.03890232466319029,-0.03297077485501873,0.07463211581418332,-0.020332333171490857,0.12135575073307671,-0.08964463761840423,0.030310027190939854,0.06869145234830261,-0.04683232360829126,-0.008883862920367625,-0.060222785022089415,-0.029780006762236917,-0.15941744327025645,0.0170799825995313,0.07521894203238991,-0.17255062910301147,-0.12451909841907798,0.020022327083413723,0.02447596444181671,0.013349298402362295,0.15979544125528555,-0.11647496209248695,-0.14201702711658995,0.06060927759683706,-0.18566523422289663,-0.021468952118343734,0.1727062283173866,0.06797460351748968,0.04466630123393569,-0.061132333071931735,0.010482404711593542,0.08361748734982642,0.012905151310551786,0.01704229589591026,-0.020976527452802343,0.035105284083178215,0.006280861514748323,0.021073674771497353,0.03399108174599358,0.011717499054378461,-0.018472689105416995,0.0059220797998384405,0.001387774690085951,-0.005238236089290366,-0.028310720383316022,0.003026063887230094,0.0017942854609595193,-0.0060534848645726344,0.012673846576342882,-0.005401761791627384,-0.006386420703409189,0.006936616972237996,-0.0037387471726345357,0.0006037838580356018,0.00026738052467572334,0.00016186729038044408,1
103,0.1456814567787215,0.039386439891606624,0.007875598128140794,-0.0019430885361443515,-0.23931682885778727,0.08541690161049846,0.06691245248471162,0.30628421292979463,0.4229790080934236,-0.35734854918371023,0.0758339144225677,-0.08950310377971885,-0.00043096869174991885,0.01999858343378369,-0.0015147226889053915,-0.055368825099580805,-0.1475623751754684,0.20985123810825618,-0.29154803080307523,-0.2380950193913491,0.046701905654962926,0.23404201375292147,0.11268631292348281,-0.06585224802079533,-0.037658735755746554,-0.06333934058415698,0.04757172186525916,-0.038628648425310205,-0.08414304683348672,-0.04391480688354452,0.0176552411386254,-0.034237832158887135,0.04259851156032626,0.04615962182853922,0.0066677784366302945,0.04360464186162961,0.019913276707259484,-0.006355267440158008,0.005833790149618663,0.009686644412962447,0.023537297012977135,-0.02016926483831223,0.04256858539569739,-0.02240687093652418,0.02822032163832732,-0.008353793706686388,0.03395816727844274,0.04204395994930339,-0.012582493763977404,0.03815755473530261,0.0016058364673242754,-0.019686907168186128,0.010803709573829189,-0.058366861922628896,-0.004033375727326334,0.004570207750697616,-0.010655357482575295,-0.026971542287409445,0.03137025228973288,-0.022185393390648116,0.0016280029798126853,-0.012943907984648425,-0.016391611984245998,0.0185259947881553,0.023881727852228377,-0.014553437124552272,0.0054157485213014505,-0.0008470577343720693,-0.004361611002112445,0.017656472459905922,-0.013027771262312565,-0.011673963092446588,-0.0010773156414664495,0.010785730217606777,-0.000390474200690341,-0.0049542049598742255,0.031170604530770453,0.01083348655593569,0.025881357621566625,-0.010827873667106316,0.02953484015999533,0.010246750303873963,0.015140834884803339,0.029801015535146903,0.021762414225395883,0.012127480653064121,-0.003149058342219336,0.027601439418332634,0.026311241341937446,-0.009187906771045772,-0.003128513106981179,0.020655101762419106,0.00831227883469673,0.021727687626806127,-0.04587259965776968,0.03969857851352534,0.00646208834245267,0.00885893304975313,-0.022785525971875224,-0.0032279204309523125,-0.0227292976701024,0.010321339278146772,0.00543111951756404,-0.021493396802504602,0.014112711334700843,0.008839012172482251,0.02175856823413537,-0.013483264427137548,0.050109333874859545,0.04248136720559137,-0.0031824996124653875,0.029765837767524842,-0.031299055251104296,-0.042976222463255206,0.024959686040018546,0.050389198339133634,-0.02152585658443151,0.010563578459921143,-0.00013206172556002975,0.010261183278693827,0.05344337646645211,0.02106499735406975,-0.01319017645590192,0.004871289453819021,-0.021100161805295576,0.011713496233699812,-0.004093744430292253,-0.010284809152039411,-0.005065938520776879,0.0021141439388256203,0.013970327197088541,-0.011390801358742509,-0.021039379915944074,-0.0027521634743909867,-0.006826767195946702,-0.007195148180029543,0.004742223365034762,-0.008720747443653653,0.008098836129954426,-0.0026095860208108545,-0.004899862006136137,0.01854729633059766,-0.018721023652870556,0.0025623302269029732,-8.873265414499273e-05,0.019243710771475124,0.0031097848656684406,-0.006230943587333528,-0.006174901038076478,0.00501121589419213,0.023271131860909722,0.050888050902471615,0.10211771814279874,0.13794589071286814,-0.1763835192954935,-0.2264535902770198,0.13659896437927344,0.004436042715904819,0.00023513166217156023,0.0011176548976270916,2
189,0.26188516505799236,0.19484847648483603,-0.042699645479671526,-0.12643790297921387,-0.05553598707912695,0.06856348733201623,-0.007569799116609288,0.3169123310952145,-0.1529523710603656,0.23429475477274755,-0.08984447547614428,0.04161022341043839,0.21585643330377288,0.009781136426126078,0.0750890000038079,-0.11874751451674316,0.03863770293046467,-0.01148802722866537,0.118842702447485,-0.09272468650579349,0.02972873800789246,0.02842282467192179,-0.017342810817065006,0.03261395114708729,-0.005363332528344162,-0.07850718307098922,-0.016882096294589366,-0.03311616449304903,-0.1170314659282123,0.05208649382053965,-0.061525176413552075,0.0008322705093953594,0.1526078937316132,-0.0075698660564652055,0.1087525635490736,-0.021585743560193674,0.09655559057024228,-0.058287713765213724,0.09185356550723886,0.10480555943430145,-0.06454996849402472,-0.02855900511305334,0.047383910517960356,0.030956297186085033,0.060169629232315,0.03852330808009754,0.02557549663348697,-0.010128153286774723,0.026044390053285706,-0.057355801493233646,-0.02223100863301015,-0.10625667499663602,-0.019494134966198402,0.08693878908989129,0.011917172408110353,0.049553027340076126,-0.0007662707666228358,-0.1309002630164572,0.03313995613755371,0.01749524917496452,0.025020039583510047,-0.010882486153240348,0.006573969554272666,0.0064176714580003015,0.08445792894490806,0.08035453867456777,0.11278507156692393,-0.05259355837449176,-0.08430683855490442,-0.0599829113877505,-0.09044343887138105,-0.011601987582848776,-0.01590232699860026,0.020507024267869583,-0.0151238885629358,0.008201638306426527,-0.06800225842315641,0.10176094824231673,0.03746332062989302,-0.0038536834806114986,0.08057147541625093,0.02005260207977121,-0.0072284471579607806,0.0018312953923519905,-0.011506531954998333,-0.03657977070093282,-0.0029213946145730807,0.03629977944096099,0.030684634209813568,-0.006268425285181966,-0.017263937407008764,-0.03785215475035135,-0.0022009375985914234,0.01871419641627225,-0.02662045687252729,0.05800830848404096,-0.022606163283057472,-0.053488229295768325,-0.0077154988027909694,-0.09632562263335083,-0.0831875252192229,0.005142702454792038,-0.0447180690145555,0.0391171112218853,0.036041660452614775,0.02609972332609027,0.00020198078726457562,-0.014952470313654032,0.029690103398598847,-0.11385724864151685,-0.01487792813543726,-0.02641543915931373,-0.012226664845581797,0.01038751751089545,-0.1999531981911793,-0.16678658713714353,-0.06190357989807018,-0.07106793856605319,0.05364890914449324,0.2870424768925404,0.16227143316763937,-0.027429911633715467,-0.1459756052029845,0.2432849849844705,-0.019896426909066112,-0.13156412027161765,0.05527151668576791,-0.009339828699082973,-0.04099926155811667,-0.016973098728462824,0.0028013432489571556,0.012318262759967507,0.07216925605644307,0.014782509695604342,0.04504614966950248,0.024684519028452707,0.022970025179895236,0.02150535381319696,-0.0141310422178121,-0.016317501845926535,0.0022991475036132376,-0.061239223631218365,0.00039414973100068945,0.007941773054636024,-0.027017260390746145,-0.006003828082585932,-0.0018159635785240603,0.004845346385242002,-0.005627594269424403,-0.005765382046574221,0.007986973250241785,0.023317125592183026,-0.002816616212464128,0.005505332423993374,0.0012638365946403727,-0.0042841524246057016,-0.004627706930535962,-0.0053647993100645296,-0.00016314329633529076,0.0003928477168994418,2
11,0.2897696245599461,0.10072128774958013,0.0009678222746380806,0.28859666058405886,0.1329930231787971,0.19948470991676454,-0.09446243762308174,0.17401991566448713,0.17743571517409867,0.013836629305032157,-0.008082779453693843,-0.06940420157747876,0.11556950806058942,-0.027538053208005706,-0.24926879209009722,0.1139278227033482,-0.13350698972354047,0.09441121337076187,0.08121355602435962,0.2720927239449773,-0.0028731220640391794,-0.3035309338562059,0.06555623437864116,-0.03373496800887634,-0.03076793954229819,0.07275696952814292,0.1259378909144042,-0.0116989819769712,-0.008884275659704167,0.010046580329371113,-0.058755453371783735,-0.014424382939470648,-0.01931884093646038,0.08790058821546749,-0.025737918846594036,0.030006386953914558,0.03429414703183287,0.007635530567102605,0.012089475082982052,-0.0022260782281620347,0.019273794808361014,0.053622893327796926,0.027203031267005243,-0.0706531584699462,0.05960424068365043,0.05113596639446165,-0.03006006530035899,0.06950724610954422,0.06588268768162496,0.04933674006926327,0.023498750438543773,-0.061958186099040476,-0.01344667820006763,0.07652162402770066,-0.040386744560395774,-0.0018840428217493845,0.002590431126159718,-0.04317517031881044,-0.026933830808034125,-0.01012736262129909,-0.026686364713276328,-0.024909257511240655,0.05804555581258193,-0.03740001531108627,0.04134438119504818,0.034705233910670756,0.028156083377421367,-0.05548621328003565,-0.004736315400197115,-0.06707716516623251,0.049663474470221264,-0.011110957086583953,-0.04954408500697184,-0.04573197539781326,0.014985053061793612,0.048902295913548575,0.017734060257469347,0.037403425361678275,-0.05274488396474746,-0.03744663219289525,-0.02321241081590099,-0.04132875298908602,-0.054836843430420175,-0.05435089522763635,-0.02606317011880139,0.02466881196382524,0.04416195318930954,-0.040124607522419475,-0.01241824410633679,-0.013685984901974764,-0.09267658273029038,0.008378750686081784,-0.03879911943154552,-0.0496601267248929,0.06835248675749676,-0.07255992068214126,0.08105577752819233,-0.0031966997066897465,0.05271596592558197,-0.01963821449194555,0.05321418856694016,0.04644046380241239,0.02289930488941499,-0.0244157767774053,-0.03563235905058938,0.021254383518752286,-0.02176403860432591,0.0023104125292990893,0.03106034702170154,-0.03761621942985627,-0.028106560489046504,0.009707896372336969,-0.06092732015314223,-0.09019810502325898,0.0032759746852994162,0.013377059067984707,-0.03587959618922081,-0.008749453718614453,0.015310053148913127,0.01515564166512298,0.004554845576729169,0.06379598818116432,0.01908691118376344,0.025945928404334934,0.0033140069533647326,-0.007185985943218852,0.05083869835284806,-0.026425998640765436,-0.05485990998670349,0.0030089973920992656,0.020886435345989517,-0.03957673611146974,-0.07491365275077493,-0.10217691699691267,-0.10437586162990456,0.01599664875586565,-0.025964476675185824,-0.08182773617811229,0.009591668480842112,-0.07428730598926676,0.1907232315930696,-0.04862134051020199,-0.056842495748456436,-0.13067712960868622,0.16042225321263734,-0.24547659746869227,0.0808939805619031,0.02191926448975584,0.009003118601448808,-0.032820054156992504,0.01687701713144214,0.05219851667862266,0.03240148825665982,-0.014786174513229453,-0.013166667360435567,-0.0073529745804749086,-0.003340583816988801,0.0035787622984527127,-0.0019723023242737966,0.00026164154230969364,1
48,0.2767172568491351,0.0009364767005769978,0.0215962737506631,0.10101719733306197,-0.03888527372338953,-0.05244523872421593,-0.006064061069769007,-0.0836709895513983,-0.06502671527478378,-0.09760953941043907,0.009663116331661812,-0.00865312521164304,0.08780228988990407,-0.08713851388486113,0.06093336741760268,-0.06844173613112452,0.053429406837977304,-0.11615282128848622,-0.12156535732058524,0.03976585600482685,0.14086007785358737,-0.06556535993400812,0.05630038718057502,0.16116453588074395,-0.10145547280666938,0.05749573743026202,-0.03783823019882437,0.08512516117901658,-0.19211771645269565,-0.07391920792081516,0.4409398084508248,0.24582590811265734,-0.08402304601496688,0.16118877108128682,0.03603609422539476,-0.027076213140292987,0.025449189408816696,-0.05294700712378669,0.05551725645104874,-0.06334655299581275,-0.052778024148323006,0.15785046420291246,-0.022827697207025655,0.031168432729737874,-0.008903046796227946,-0.0378338894302829,0.02702437999283593,0.05086214163879127,0.02566769860167643,-0.01019942050380211,-0.013432248624819882,-0.006793459941672528,-0.03639854298332136,0.03902291505746066,-0.0036205500795814406,-0.002319686587984389,0.011138318591805398,-0.07468150034174803,-0.03550921447259784,0.039177104903315815,0.04056489535827755,-0.036078717573555685,-0.04431328702876221,-0.021261049905889475,0.009684123636173266,0.046910577693282836,-0.01959614809485361,-0.002479104885892953,0.010926261296846979,0.00150961362840467,0.01391243416456363,0.010725440913790149,-0.05233415936887122,0.03554583927990625,-0.0098586332934415,-0.02594762496228744,0.014307303679976582,-0.024428151384909717,0.0028280436496545733,0.07819757617567707,0.02439243726440124,0.020079024482319876,0.011684102765632158,-0.03074485424655324,0.015485022925805449,0.018265583548825026,0.010501119208405931,0.004766215373241169,0.01787468109120057,0.009376753677598123,0.0017645128603026752,0.016373437714169842,-0.05355380890794455,-0.06848027111410357,0.06070652686728122,0.06415482030645925,0.01633207553657124,-0.0638716479401426,0.07021548040697977,0.0460517812228732,-0.01600117374505258,0.04187544436343903,0.029169396316258804,0.07930193988379411,0.28707060172753984,-0.1109567881138012,-0.09522226075674106,0.24027459862008535,0.09995724880503545,-0.07839841531000151,0.14177634642290954,0.012127639591513565,0.1683116566308106,-0.15226203318244919,0.052450709480389025,-0.009617881692059276,-0.02930162809293002,-0.15988840512691332,-0.012871759656381765,-0.0836143980389572,0.09302424358643081,-0.05329520311548198,0.022402493836715866,0.012241744002688357,-0.015408200504490262,0.0036004507336443808,-0.04851761262222567,-0.03506990891980571,-0.002066879845641527,0.02816129312099789,0.019268901648523358,-0.0110665246732752,0.0020247149351942787,0.01808685889131395,-0.0021352559992088866,0.008330004081372362,-0.019445873239980337,-0.0036525671515347906,0.016478176279055345,-0.010308552316533577,0.0354661725981668,-0.006462265065033999,-0.013675492476174389,-0.009831370999709536,-0.0019513018335296504,0.024605984787985282,-0.00809776317689221,-0.0008259156145770706,-0.0030827479869132393,0.0037856365808056182,0.006739949502829912,0.0012295587967540876,0.0012979095461384997,0.009704513607337444,-0.004854325970394375,0.0039052485216672732,-0.00645081866018931,0.0008165831945114938,-0.00016153794564706858,0.0002037939207663133,1
67,0.36503674957423965,-0.18435453768011723,0.3972751742062547,-0.22835717348813522,0.12124069826230177,0.03954892355635503,-0.06684962031881334,0.0023482654429209625,0.04915247751248453,0.07696147129278227,-0.0963353533693835,-0.07288315225480112,0.007909357484089646,-0.02139337762422515,-0.024031456106824722,0.017380003632920325,-0.016174800252465146,0.005064384979402552,0.01925963373874795,-0.020375094421891386,-0.005035258879730201,0.024894864055562214,-0.020219002177149382,0.06722965675759769,-0.05323412718171272,0.04999464997142859,-0.0007402901425807597,-0.00936308556888119,-0.021625919982528104,-0.0974571356137254,-0.04895133168934182,-0.03252944587577494,-0.12020350482063191,0.05555559805541301,-0.06949244962485515,0.1150857841779841,-0.0026058495048694548,-0.10690860849071203,0.11157212630057632,-0.01380058419075527,0.11765385748846205,0.13391821584876343,0.011047488067626031,0.06354170936628932,-0.057254001359857344,-0.07758041932379221,-0.002681022169547722,-0.09313285284366261,0.027723906053226426,0.00737415263561122,-0.0038200984723387016,0.04342219803323431,-0.07824996692669828,-0.0702941691439399,0.031622166707444194,0.021309441738566973,0.02000626895283289,0.051764507541933034,0.039366191363399125,-0.05357066226558013,0.01590146187768347,-0.04969188324562006,0.031135064028514157,0.07127268039159482,0.003805616947695209,-0.008193214658838615,-0.050051238214525465,0.08814169072864629,-0.013213089026301113,-0.02721354097214981,-0.03203787853710259,-0.037802928971706465,-0.06354561754920908,-0.0033899517618284206,-0.05553208236992777,-0.04385010799565035,0.04638574257438091,0.06482874645641626,-0.025338670421380605,-0.06943009653676993,0.020056651962946072,0.05014595740232974,-0.02847151407308482,-0.001859529085467627,0.02271042078795501,0.0796237178550332,-0.001823692995939711,-0.022219959900115025,-0.024805816386758522,0.002261177777776018,0.023994216860078906,-0.008629026048945877,0.03486311118085019,0.003396173694822822,0.009727059218494406,0.024795933960231584,0.0805795573324046,-0.09484187107746042,0.08948830746843477,0.03656617883171051,-0.05622787645498453,-0.025078622312355244,0.03541563898769138,-0.0536096376500035,0.07804461237605882,-0.02382672519974304,-0.10715432467061853,-0.01714586573448757,0.10567977867402771,-0.013123987781038363,-0.06490073157997224,-0.09045636724662852,-0.08601968652445068,0.0679467456482256,-0.005310704353482022,-0.011513572623253705,0.10574817885306859,0.05625104557865392,-0.020336914616185697,0.0017832872449574113,0.1745797025030557,-0.03208808087114788,-0.0006773478711705628,-0.16291254342422357,0.010259742766952358,-0.05037725309579754,0.09184003543823169,0.12532813012983646,-0.07111790301348345,-0.009065096713790131,-0.01771256422451477,0.034280208648272116,0.07085881980725338,-0.20637403821661665,-0.03680487220785761,0.039900934495927326,0.25835595593230853,0.0599074217158435,0.07470459446401945,0.07400083417033064,-0.06143434606094978,-0.017358971912783117,0.057568291059266925,0.11550761866005653,0.02164857068782642,-0.08812013987625027,0.00821537776396656,-0.05480362045080574,0.0019692796914225143,0.013973518534386541,-0.003299973852494267,-0.0004928365813152689,0.019465650446135366,0.003833704154619478,0.016112557334317587,-0.0023955444712417343,-0.004822212185680412,-0.00487957116396194,0.00010618219173918011,0.00030860056026229014,1
142,0.3645649767639907,0.16184390913837485,-0.04298229459932422,-0.007255323113288592,-0.1281804111897143,-0.40799099555909335,0.14066625616679504,-0.3466038420704336,0.46978806544113805,0.38082450164395504,-0.0036800641353940287,0.020132373717319116,0.13877147600027734,-0.03183606231010273,0.013008626236710267,0.04869932582155643,0.061861172507821464,0.06916789361944917,0.012490266023221808,-0.046055733966068456,0.05221309081652679,-0.014443501672595596,-0.016414113435734706,0.0033026220442111424,-0.06945918306655101,-0.047183458545008654,0.035753062824920766,-0.05916716122883542,-0.03763792682763265,0.008078297697202341,-0.020685373147543575,-0.005984428048184498,0.015886282883584124,0.014412812134828567,0.013420486982959013,-0.004197747877870422,-0.006850336145601099,0.023920631532315686,-0.03958849310849756,-0.01516832872405163,-0.01082736211886108,0.018743849550142917,0.025955127902261767,-0.001656862586924046,0.022217741638079342,0.00904011179725486,0.005133840012667683,0.005097494308675127,0.000500780564060401,-0.042019828739091665,0.0035130108468048277,0.01233897384875583,-0.004659193025667174,0.002585872048689361,0.012413411918256614,0.02615783555670455,0.01948186882244492,-0.007709084717950718,2.6147230251916728e-05,-0.00863667783754665,0.0371121874229469,0.025902062533093278,0.0057423257550423415,0.0025550768026635327,0.0003556193164801604,0.002660917136228431,-0.014781385967072909,0.01240149163921661,0.01676870782489294,-0.005752205083276653,-0.008045917442208424,-0.009860162182301452,0.003102985979098585,-0.0067323964993284266,-0.0037399767440915986,-0.003514053647334086,0.01051957384635892,-0.005716477541551075,-0.0020463083190165425,-0.0021833231622713925,-0.014629424537830723,0.004294846568403441,0.00568172060018672,-0.017132603440254284,0.004771457402920407,0.007269055239960822,-0.0029618705211724794,0.009039104187308133,-0.0007174698599484138,0.002104647776691184,0.005263592829130964,-0.008714791946206491,-0.01705215323236558,0.0072540328470596825,-0.0026908028258415774,-0.015440706051496562,-0.01378366749096818,0.011170980665068941,0.008888535035941907,-0.012717284247940495,-0.003101937292788638,0.01109386058695807,0.010374118445219358,-0.0024207260624089866,-0.019549205874638362,-0.0032132543274080994,0.006171444793783443,0.009320636263991875,-0.008737787007137463,0.0010708566456632124,-0.013498235514092042,0.013902716961552574,-0.0009121340741981015,0.002377860706483109,-0.011636774123162351,0.007541720464440511,0.002096846669556051,0.008105448187614415,0.008551108528227986,-0.0036941632638390824,-0.0019088546815900888,0.01500113776612084,0.010937943916318006,-0.023794446832140707,0.008993733813096753,0.0009416702018587883,0.0006882514971994927,0.006813033643019487,0.0003869034195837476,-0.00029372589724224393,-0.02059949020116195,0.017872771839994372,0.005940890805042846,0.007793062480130902,0.010134208602458726,0.010522292834121184,-0.05836029067663233,-0.008742137400938509,0.09306745894024762,0.06732775555018651,0.06864393957186234,-0.1418768566706598,-0.039268914594606845,0.03979837667210117,-0.07530954909011389,-0.003568477977683602,-0.003848244686481649,-0.009364213060671735,-0.009367330316902109,-0.014296536259229982,-0.004441002224015409,-0.00014115600633016374,3.172715430476737e-05,-0.003090556544585828,-0.006889682848215376,-0.006030663797287314,-0.0004868685933267599,0.019852450519303497,-0.1764401776444926,0.0032313081842533366,2
31,0.21929220594479792,-0.020020373075381133,0.015470840850304661,0.091277534076697,0.001934741091031933,-0.019361633412299264,-0.009893102791878923,-0.046558034052087215,-0.06457088307310743,-0.04547628702686337,0.017133849889150992,0.0014022521923025997,0.04985110358599898,-0.04332618288887048,0.057175625792077994,-0.06882814072305748,0.06093394910900786,-0.09553317907768415,-0.13774226461834957,0.006384993208420106,0.08038606220299215,-0.038994230709559256,0.01459419946734647,0.1627862916690767,-0.12544488644743398,0.0541571352751109,0.0006275827320858147,0.07352594527402702,-0.167276371693964,-0.08231224235590882,0.43741649248467573,0.278126418821892,-0.07885244006464347,0.16199650613490843,0.042044624372887356,-0.009088654495072507,0.059252826877473484,-0.13540609440260326,0.0746092997988371,-0.02198386980286412,-0.09425712607043267,0.17562983899825785,-0.014164460443309565,0.013093836941601138,0.007442002478751861,-0.0022845338618278904,0.0878770293531995,0.0423275217523576,-0.030972494052043876,0.08171033081881864,-0.017784996955188415,-0.08657922673403465,-0.06289585306733775,0.14265457520001668,0.005412027605206255,0.008110330043241213,0.026652196864558456,-0.18261174678265538,0.014876016761721901,0.10020095044509689,0.042536622568709576,-0.052675626628113356,-0.09093285669251035,-0.07506187959764135,-0.010056614946759844,0.0095836855271113,-0.14541708699983785,0.057100291756701234,0.11205478340413726,-0.021124459720734685,0.08833795618823098,0.03307911555857885,0.04040037015534108,-0.04770531701462644,-0.02061637532367302,0.0003457233725352248,-0.02698964904158095,-0.02205270262308211,-0.010713390180477097,-0.058680699978062835,0.017166386876911292,-0.0028282127786695265,-0.01441934613400001,0.050446224798366295,-0.03721765327123551,-0.0016099381399333648,-0.004003521781488076,0.0044074695925730625,-0.011238371152209837,0.011006175985509573,0.01448072203492288,-0.031605980268571275,0.06141932363364006,-0.009343607589912626,-0.04336673727823682,-0.05940334280135015,-0.034026762379888276,0.060449701962535615,-0.04363818393377427,-0.06728802164748089,0.026248656160237447,-0.04546883615560751,-0.034954463995497224,-0.0704920699959739,-0.25421838966079446,0.10192841152637613,0.11564329002945212,-0.22119639787983197,-0.09039983379680798,0.05637543487603577,-0.08525648106231039,-0.00993547348816176,-0.13006190940514753,0.10608550295573799,-0.032636714649865124,0.022790327799302106,0.021204181376117053,0.11875168249288702,0.01777422046410657,0.08442110627955979,-0.08591866423474813,0.03633863303663682,-0.013260870969638638,-0.01590246217937345,0.014911613809246816,-0.0013497553512155903,0.043576413998878044,0.01507448817166974,-0.001699455993250732,-0.021137538361700476,-0.005335521054472107,0.0007423192654490917,0.0016105450900261338,-0.012628863499948982,0.008900707388180084,0.0011120661508375886,0.020953919786108305,0.00564518496329023,-0.010067723640984263,-0.0013899675762176359,-0.024793227136466006,0.0015158873829308624,0.0017707360821978787,0.0055452208775889356,-0.00399275248769936,-0.012605099674371697,0.002482125545651169,0.008698242241261464,0.015560672450798068,-0.0032336971917729935,0.0007183333019960957,0.0006487566017759315,0.0009355431230412509,-0.005696518315102732,-0.0022282215287732477,-0.0039312099255115135,0.0025513091131197613,0.0015303817807383784,5.154598647769255e-05,-0.00019434468934356242,1
26,0.3772906638998138,-0.10491067526935255,0.03255218869453559,0.24394877938881504,0.1544646199834765,0.060420335606655676,-0.05407221024318363,0.025985119266608032,0.06099580572419674,0.06142310531870485,0.005117235294508842,-0.020209226829081335,-0.10041763573915292,0.018499480493202977,0.04637345552310766,-0.032600633523934885,0.003739760655740244,-0.07052130106634416,-0.03602813686650015,-0.0492777574136339,0.028181730690584342,0.13835844589988222,-0.04100924389878335,0.16381987186938654,-0.057906084911220346,0.04076526169628576,-0.08848751689443649,0.009922439249114757,-0.10130138988273478,-0.014762642446585332,0.06459696565554754,0.039648898405108,-0.0893178054680683,0.017844427448438522,-0.015369855191244439,-0.014652527518642117,0.0768983267644564,-0.07577170947519486,-0.023240554057568426,-0.025580358974528216,0.0708894858575871,-0.07351946868658982,-0.006479165124811746,0.08731053209358319,0.04025769435962076,0.05114532738130275,-0.06193585822142221,-0.0030534768626502883,0.011670390504619264,-0.1027567520202369,0.047442573624236394,0.12646587070949541,0.01991490815363962,-0.1386918504283755,-0.11425076037927066,0.014294932593033364,0.06545438394559126,0.08715189790501536,-0.011832029045162028,-0.007788668286702214,0.017812653643481696,-0.009784945787256315,0.2286507194150275,0.06709504373945381,-0.08813462222363443,-0.01921444154091242,0.06759845075888218,0.0027166912074314702,0.00020832411678556513,0.010321954937379158,-0.03933649359839672,0.06306040504954653,-0.025440548442435554,0.020291220230486635,-0.03090263109039239,-0.023048126866119227,0.06269549934831682,0.12018919751210506,-0.03240303318760926,0.005526128456772173,-0.019414740516762785,-0.12217857909474453,0.021078287330533883,-0.1893432666128247,0.1984750582408849,-0.027608938772220336,0.023131115829387365,0.04295441316112009,0.10233069258038428,-0.08292004508341506,-0.06479435943172664,0.22730351092075332,-0.06344530497920953,-0.05958386688352123,0.01015558139630506,0.016986343527253034,0.05354729244787499,-0.0024861694948370514,-0.005674034683807156,0.041248849657808104,0.018635182797605745,-0.031978917219451675,0.004722926454688487,0.059891783486117546,-0.0597942836957991,0.04333038353515648,0.02505760119584805,-0.07331115638276568,0.017419339366365277,-0.18498494429157095,-0.11353695046207056,0.08303066107043422,0.00785187019130427,0.04427912230473898,-0.19201765264680506,0.005205388799977214,-0.1794992086347831,0.18949840182205213,0.1185634027087457,-0.1399596407110384,0.06427508343834025,-0.042992548741878536,0.022020113743815333,0.005244807332827381,-0.01318224969604297,0.025598735313814288,0.014964021680344292,-0.02660075431038281,0.10880617265738204,0.05598681647341892,0.0003052180337964811,0.030952492764799455,-0.014916900038333826,0.07253107743589328,0.031781981742038334,-0.0028934982814731104,0.0024364787285048334,-0.03523393063701104,-0.027445584612663106,-0.0006765886942401962,0.00282967712368396,-0.0035664048242772255,0.035320058104084694,-0.032700209404996086,-0.0007304356748001036,0.006772916400437301,0.00841659045762528,0.020320314350666786,0.011486868671416904,-0.007307983831122465,-0.007321911720660837,0.014680211053914783,-0.0043913780868466545,-0.010324435849031862,0.0074680405000902075,0.011806916189416067,0.01204558825157252,-0.0006234942011782788,0.0009663155867614614,-5.043345392590176e-05,1
84,0.27492105274169987,-0.4398064615374581,-0.3832365702256155,-0.13262210124619545,-0.03096029140677501,-0.027849174191309035,-0.11214726973666693,0.01916083500640836,-0.015067734540081434,0.028746438488279617,-0.02970513056817606,-0.0249393822972995,-0.008352590562328423,-0.005796725962018855,-0.06398595072235104,0.004488196601779382,-0.0299423763906279,0.019876066472678255,-0.026634442132687397,-0.005676415965317197,-0.002389465835596796,0.022680781578542614,0.029798896582816852,0.04502904946531462,-0.003768184461282572,0.040758900372371676,0.04180525418168623,-0.06542435418072859,-0.03549303161172435,0.10645514230822863,-0.055156132040318336,0.011856990961622994,-0.10978152107979827,-0.10050419167128379,-0.01254143882202021,-0.06801558397260657,0.18547761079504252,0.023909720202923337,-0.14320706480366094,0.09690472080507477,-0.08378398220661946,0.1341659475531964,0.036039332451603456,-0.027818202839479663,-0.054107281157861634,-0.06855135057104808,0.07570530472217732,-0.010720494042464975,0.009901202414448012,0.04722012753094492,-0.010371881539562335,-0.04441427093616784,-0.06930883700101129,0.003322462716939262,-0.07594951335365384,0.09237829473981678,-0.04298808262040215,0.05395976781061614,-0.025562392481135163,-0.026857125953730496,0.047222609967781506,-0.06330265043863019,-0.04168633472221517,-0.008264267898625966,-0.02484004768034813,-0.0011226724088360459,0.0032808049231469833,-0.038084169697439794,-0.0310505814043989,-0.006989057410433236,-0.026142824788996804,-0.003227362397724992,-0.048455586140282385,0.00505666517446729,-0.02200089547941979,0.023651915082556697,0.042614902856973114,-0.013853832967252367,0.060019345267472574,-0.06824859098315596,-0.05913266395654486,0.06194720743146766,0.09158589234945932,0.02997913712547197,0.025032521791220477,-0.018160288052844004,0.024808002768366453,-0.01728395015967632,-0.022980771986031205,0.0040120604965435715,-0.04130146915839828,0.0037205663933405153,-0.04124953857146069,-0.012742875520125466,0.03386245290030089,-0.03335954618897787,-0.013169666312699292,-0.02241350313606263,-0.02853517848781536,0.03223589633853459,-0.03488877447153872,-0.06974982546419252,0.00844306083126727,-0.004844446321221575,0.005427581896211181,-0.012382643100809122,0.045088110696105924,0.0034030382753206536,-0.026260417962002926,-0.017613398999010585,-0.04153216168690624,0.010511300250922034,0.007518924222426604,-0.06997467556281046,0.053006449292720005,-0.09633947650151772,-0.04371283018313426,-0.014299522435611868,-0.01249483234722943,-0.005152248092286949,0.00025244079033222896,-0.04836611945284023,-0.07440416991850458,-0.04555645244013933,0.005243201145275384,0.09068048169052917,0.047799100340899,-0.09981048073491929,-0.04769919169983196,-0.01793062569252561,0.03270003030201126,0.10896548919157371,0.022225832523338714,-0.03029804625227441,0.10824586692071525,-0.030607557902256853,0.004098052563117648,-0.29277159715979983,-0.04593299148875678,0.09331328645253631,-0.1874584911188994,0.004844033264615919,-0.24933584224988314,0.09105894752827567,0.06457432701885572,-0.04124364166453493,0.017973673383645725,0.020690094796181075,-0.00906902894178238,0.002139921644173267,0.03464209623325997,-0.007705404746828346,0.0076410267799038875,0.0005818363685301711,0.014434397192254162,0.007474282954882849,-0.007729662438264822,-0.0034178488729658418,-0.000505951632414186,-0.0005193715104234008,1
54,0.34277102918324637,-0.4218416182351519,-0.35279354144128194,-0.08514349066082559,-0.019555353422914024,-0.05345321976691597,-0.17408434072909726,0.013162907133751959,-0.000737981495466414,0.025865218562372224,-0.002269338276735774,-0.005213009205407565,-0.02399649251852544,-0.009703844206176121,-0.022841238493534543,-0.010083739687362541,0.006529684272511093,-0.0077871426869451045,-0.025304464913325418,-0.024524466432415327,0.01711311732423307,0.017233992965461346,-0.0081646754731281,0.04275822148869775,-0.016808689935033656,-0.004412220207096112,0.007127813805937346,0.024026774456365207,0.002862281897796889,0.010028684968409944,-0.02775338159766866,0.0013861514657241383,0.04159870918904539,0.00958741761883429,-0.059266313523805784,-0.013364637884613291,0.03492321908503041,-0.044181528727699385,-0.014759950148959736,-0.014668258659022142,0.012776713330953515,0.0027730382134347363,-0.007589144111060766,0.018152460778292422,0.03302475905515066,0.05662596019960671,-0.054715820682140724,0.039218355595072994,0.004206701395564809,0.021684749555579887,0.04560485558114491,0.002419271162822678,0.054629648345009406,0.03832667393715843,0.06448314878494302,-0.03461546506129657,-0.010935984784359155,-0.010367077388925908,-0.005649189297505783,0.005416310841546302,-0.057663789087236524,0.07468798081232308,-0.008684649083627767,-0.05475795058250913,0.04162063083832038,-0.03398384875145003,0.0814125384625438,-0.06454632004935025,0.057381000073021764,0.002337105187015377,-0.051139758078065256,0.053554164302485566,-0.04628543398784012,0.05539457158823097,0.04912082148458159,0.01045583245190856,-0.07875788053487053,-0.07703507582016153,-0.10034996473640947,0.026965357074525867,0.06623262554836849,0.10652806348175271,0.00086558490191905,-0.023882072180910367,0.11529445396916134,0.13304321060746915,-0.05773038414023397,-0.013008775475725112,-0.030286970700513983,0.09836929224314186,0.09278025384558233,-0.11649010115383808,0.003562709045501052,-0.1452539742326341,0.013037276422588584,0.03724336272199709,0.09185831672060973,-0.10761576308342831,-0.059943432374382856,0.015937453183227937,-0.05411543798516052,0.07666086675500128,-0.0178821715483371,0.0015665004669215858,-0.03547325295826541,-0.005922157934174417,0.03174660469052629,-0.051723128090600624,-0.005782747144923678,0.08255427036303643,-0.05027278858696928,-0.05535657897394145,-0.019242048822684234,-0.01337372727362924,0.08381065520238731,-0.03025907479563483,-0.002420739179369007,0.03480242764598863,0.01720669181604047,0.02512535495905827,0.04963070971865928,-0.008637770300116504,0.0860194664693326,0.11824426271745433,0.0508147282081781,0.006907826300137937,-0.04687453106870661,0.12239416787655648,0.12567743003553702,0.15805905207717202,0.021311658092682127,-0.07184994982118831,0.03302313862268125,0.05365813815516414,-0.24854016840723736,0.1921436715818372,-0.02399319007193702,-0.1923886415808326,-0.03285767587589608,0.09128985033655933,0.04180373180510908,-0.008370148541348505,0.120030766193809,0.055005148741757395,0.027858481557263438,0.0661582351200203,-0.004341158221148848,-0.04869202998485162,0.009693066501589782,0.019674359709658147,0.015527765291220021,0.005946894228189344,-0.02357458750692362,0.004143680942601122,0.0024178226788389196,-0.0007635157819210719,0.0008232287409188324,-0.0020876915650378087,0.0009728311355754248,0.00014729421743326938,1
149,0.21459314120087075,0.05959887666439257,0.007149876911870874,0.018652490954839288,-0.10321137477592172,-0.07894084999903446,0.028673388275577347,0.011623143288306144,-0.12995060007133083,-0.04160977032137241,-0.12330441008933034,0.056447733744368005,-0.06191398327621913,0.5852311278403266,-0.009907846484213476,0.3230169459508435,0.29506541438162903,0.1376598681578315,-0.11858500899024524,-0.023494754739029965,-0.06924327999071828,-0.05741857586629787,0.08822792666037022,-0.0402011668646898,-0.04556378197758694,0.03725478375340872,0.04597858349829559,-0.033004449590764574,0.003699478586348561,-0.05198182442556915,0.03867610085752512,-0.03468909863733062,-0.03890546604178507,0.028823049441092277,-0.030515380966524862,-0.05264820466154919,0.05001722061387846,0.007068486660457666,0.006617260311789391,-0.05539542926248799,0.01610730859895261,0.002841669791063522,-0.09004586578790716,0.013631662157741632,0.03347099684763003,-0.06228677406019449,0.0035206978159808963,0.026237385074500724,-0.009756366788653329,0.0036655288566249094,-0.0013426367079248881,0.01470631340256674,0.015959155874189505,0.02237029091533274,-0.023715433184353287,0.005586177555650584,-0.017989621659823256,-0.00627272002640469,0.07193287668152414,0.03311054527078363,-0.02373865908142867,0.010719894520298354,-0.009753565140585936,0.05323166328590273,0.06016349196699896,0.03529223664224619,0.022562196835827532,-0.06594293947121077,0.042516013223726196,0.08705361005338315,-0.015379923298114101,-0.028977821057616274,-0.04930709520191147,0.04952308115728487,-0.071071477712253,-0.005072875762109299,-0.006535814509971124,-0.013017619811895826,-0.02990419976326466,-0.04619732685345778,-0.001880901313095079,0.022859413071408045,-0.004935372335934493,0.007656462698097535,-0.022166766932328115,0.020713852340590044,-0.01281407829544869,0.014944851118673292,0.042754721316959766,0.013076974600183425,-0.014713938222157358,-0.024674694117404986,-0.030664504081778322,-0.0002486478631158586,-0.0749923436914825,0.055735568559645114,-0.10732032140947137,0.02202276269496714,0.008299501083537749,0.043429430181643684,0.005724885341911275,0.04228331604921648,-0.0010422552968369911,0.020288640612103413,0.02317328174868898,0.06664035737764701,-0.06976050568711076,-0.028128665044201126,-0.0044481443223013326,-0.03566283224431589,0.009577237600624818,-0.021488607383882658,-0.044994129025065464,-0.0005851682272530982,-0.03532615715687699,-0.05214922131180775,-0.05228684910860305,0.006336168510724404,-0.05288243650684264,0.0450652668353283,-0.01622791384916554,-0.07650087533267765,0.09058250948961749,-0.03333626541654306,0.030797215857219562,-0.013181131507028257,0.046152922046177595,-0.012769602810674005,0.04608374161654433,-0.007336150421498564,0.014617648604288307,0.01568916070620422,0.004762878536160093,-0.017141633306206137,0.0017413882253776746,0.002823377457882992,-0.00016186859823025864,-0.02664159737536899,0.05406746168346637,0.022909924280413857,0.028593416896863438,0.03759544519079845,-0.017194398418630304,-0.09186595201396817,-0.043418361306685124,-0.02315407188967674,0.07473883751779456,0.06092104680472727,-0.1651883860024612,0.29495569675730504,-0.05277805686181526,0.0037250465191577056,-0.013224437572470694,0.010053773279947194,-0.00933562476778433,0.010981631888588668,-0.0007096306921222208,-0.0005861817854508377,-0.00035218258577281966,-0.0001642554773691675,2
90,0.2391988917487397,-0.08448186684310077,0.20999210208681784,-0.10187215804569037,0.04493077573156378,0.00675474724773102,-0.03389342084033239,0.010475642863946484,0.01672944603368726,0.02509428840734376,-0.09272765375774288,-0.05441504761433863,-0.03225993865628841,0.02121740237440727,0.06242804489566926,0.06043485877198874,-0.0136689217098012,-0.07957130163506548,-0.023023406807827423,-0.026401560383413628,-0.01233061391537735,0.059801069384652225,-0.24400387701677556,-0.195298328090295,-0.11941889343050278,0.11457115265284344,0.04901638737131758,-0.0033982867681080237,-0.015971976897663786,-0.009537610941305848,0.08815771537261892,0.05510394184603751,-0.056172077491326806,0.032240687474675095,-0.06874726108672917,0.033506435803309434,0.004053836881969792,0.2844615553748324,-0.10224607525509741,0.23882352950679364,0.06912953698918045,-0.19732105798884894,0.07329082742353495,0.2595834955812372,-0.038568931465366184,0.13127828024612168,0.08475717492371769,0.08600402519657395,-0.014480218918370948,0.04938414931167656,0.10485806624448672,-0.13598771444865307,-0.16260142987581258,0.03399807084393445,-0.012737387251827232,-0.0702531789136786,0.030225857124138493,-0.0573606873672058,-0.12230204032155412,0.06725183421692169,-0.0299021856299384,-0.01408530409139945,0.10148917261346141,0.027448288708879737,-0.011512727583386336,0.03725616832330528,0.10001547330519442,-0.06569904020366922,0.0937636592535904,0.002341079734150656,-0.038732332573405005,0.018348423188963507,-0.0038181465651567687,-0.05507470234113681,0.12182642232371296,0.026372912201602036,-0.02948454449297793,0.017411588053529624,0.00672074689692617,-0.015069720346667887,0.014539570643122906,0.012178404706853309,0.018485872654283215,0.0071142760863074465,0.05714215494409152,-0.07703728181388639,-0.012649127479715723,0.03577936384822312,0.0023560675385175577,0.08326619074384518,0.07556010862804075,-0.0757277224381505,-0.002313139784484266,-0.04248492866506739,0.022711522390045934,-0.03989775008884804,-0.11494130126294683,0.06118817061679455,-0.018109396756241007,0.029240851113496953,-0.00328348647687052,0.09817616283181907,-0.07119118929729745,-0.027747838951050867,-0.07075246680893178,0.028537772401345023,0.02029848024915298,0.10133086107899142,-0.1021386874607981,0.04296756757900483,0.13586566425494775,0.11518074758520044,0.08094006941532352,-0.01974075550486771,-0.007120561982733172,0.027769976548470913,-0.21303859949060114,0.006915001003102916,-0.08014255472703541,0.02144120705314056,0.06088709436924319,0.10894338790519925,0.022932321954155878,-0.04170091336365684,-0.007812509560291739,0.026592831769849445,0.04505512006526841,0.039923653002412136,-0.06907448039381728,-0.028482121586156206,-0.021641942177394607,-0.0011050876611519746,-0.06534940885818971,-0.0261643368451681,-0.061564063594089766,-0.003971642881034315,0.1328161410329923,0.0073979582304208695,0.044958979006216405,-0.00709003611737618,-0.043724016394432505,0.01945081518688377,0.0020724875611336318,0.02414382687656917,-0.03671695935061445,-0.03163922839232094,0.008367010202713167,-0.012113190528742348,0.008584861501609267,-0.006454997762869619,-0.004168035713649834,-0.014053142534775926,-0.0013502832393313033,0.012974923130527028,0.005326200041993686,0.00597671112371904,-0.010129107565738173,-0.0008982883356481064,-0.000357246317844585,0.00028935892588171806,1
151,0.19858533177593238,0.11048492709538735,0.004223763994334601,-0.011803220511263604,-0.489016496421923,0.6247924802157264,-0.2306563837205164,-0.41077931933517825,-0.006136421454332761,0.11965062756517614,0.04932404817016668,0.0043795234759583255,-0.01342938394401946,-0.010703484291114874,0.0407223697485023,0.026691764470814387,-0.010589384866323073,0.006773654160526584,0.032583875078338355,-0.08824208328978372,0.012869074739195557,0.007848645713242295,-0.0026772233742474332,-0.017341655475881578,0.04586739162857096,0.01927954669571571,-0.006291205353065946,0.0029173562789160407,-0.03806340952863147,-0.0018793655059386048,0.015617282697740882,-0.03176507089213365,-0.00842061025049891,0.024189243765196416,0.0058335075696136105,-0.03523623669624845,0.009149981566425788,0.012828244816078811,-0.003701158605584856,-0.017125711218636264,-0.006367392687285825,-0.000978783056800354,-0.002512576461862521,0.009099427489895891,0.006442375125899476,0.011100316498962957,-0.021993322738966467,-0.03699017505282275,-0.00947165744995308,0.003264153852920469,-0.013916163502807402,-0.00862281512286217,-0.015172835411309309,-0.010321550084348574,0.0024595316092271124,-0.006327007127128919,-0.015533314667735196,-0.002028249432265816,0.00017660841470727674,0.01122874923050508,0.009346195420782554,0.00922656732161435,0.0020058086111826566,0.0017041508693632305,0.0030759354739228716,-0.0032170340740617434,0.02034644799715738,-0.014675614186250583,-0.0013059250001978707,-0.01522721450173044,0.007992233987434209,-0.005955390337763188,-0.004158207370926449,-0.006426521688342806,-0.006017015533900852,-0.014357762627733694,-0.006057444608732397,-0.011096665247000913,0.008805289322015129,-0.017178376458741776,-0.01054928187102969,-0.009163944052189297,0.004779302280269836,0.0009300623045145754,0.004715848307038835,0.010915023466146125,-0.006253390243944381,0.007397516051459426,0.01309824732720141,0.005631497781051672,0.007861644523147616,0.007155957917999706,-0.006372633298788373,0.004808347475400432,0.0015392397555256776,-0.01536242985500876,-0.00407736494047816,-0.006765492261133644,0.014871424969596581,0.01565758073858768,0.022809814198325593,0.0062375532400371445,-0.0005032887285461203,-0.004862046650691671,-0.007293283169503281,0.0025793379339628443,0.005281618575088079,-0.013527406220085041,0.004276296952318143,0.012368493843219069,-0.015281168522285605,0.0025544289079235194,-0.0054199835413731015,0.004891568811405963,0.008136193569724589,0.014905718861015806,-0.0006997059284758952,-0.011062009717748851,-0.008035521268861518,0.006623938872087341,0.01851993551383141,0.007182276369239187,0.008468506686839575,-0.01259747109340674,-0.0034674358748747122,-0.004632040552869882,0.003996581776334636,-0.006638870690086037,0.00936226394431125,-0.013423569250721449,-0.004875123977977801,-0.004131626309134335,0.011710928834007567,0.003392279756682927,0.005874978977433927,-4.515498885490751e-05,0.011981740145364256,-0.009290365956873384,-0.01907275706583722,-0.0096660777316365,0.015611835207799874,-0.0050206260077006945,0.0018290340570217619,-0.0001502039629058202,0.016635927245506058,0.014415994971390393,-0.021138823117534074,-0.005993358200155131,-0.17229515640263135,-0.07441738558758329,0.020382346058989864,0.004524668285310335,-0.010637712940048148,0.00013623910525058886,-0.0009961698454586782,0.004753658326698789,-0.0003270292590897335,-0.0051132850882570835,0.006330557837419915,0.11100473378934694,2
179,0.25362393960125956,0.18824588088283514,-0.03888582380960185,-0.10231015903136637,-0.07538519422702261,0.049026429053357204,-0.00018161151484636463,0.2972913427308784,-0.08164589369729601,0.2429186824305671,-0.04424286972688252,0.0037066107840646304,0.14630609042784332,0.011271049684728043,0.041538968954010935,-0.1213373815633663,0.004619044087683337,-0.046028899756934485,0.05731135434927895,-0.046156614268060274,0.013777796729716744,0.01832149665383452,0.03617051583395141,0.022959696720361047,-0.03579759293952867,0.021888026952706422,-0.008689209761077732,-0.024750252323908584,-0.0721231495756998,-0.01580398195546133,0.002409820830634747,-0.04143356805776251,0.050819740404204845,0.03809323157487896,0.042254749183517286,-0.014450094944091984,0.019690821505199737,0.01158822814056439,0.03676860359323178,0.07574878238391254,0.03480865740157795,-0.012968209274203758,-0.016666802778718435,-0.03847723713370947,-0.0021680936018494707,-0.03321866563939336,0.10091934952211688,-0.01102163185422505,0.08122409040690899,-0.03296431432402196,-0.04459429539205575,-0.0016656572944274048,0.14788312196867964,0.05907455759517074,-0.006998916081442569,-0.1322879009018895,-0.07552601142823392,0.06942349174572689,-0.06360432330769968,0.007407588834709675,0.07892411505607036,-0.09910736852231378,0.04418812588495438,0.055811967054260544,0.07869888221637364,0.11126436705937981,-0.012670763751293335,0.016170129342317385,0.0423601827742336,-0.060651499080167856,-0.10881477221971693,-0.1753543625358303,0.016217319521529633,-0.01882944232123057,-0.0421399285672278,0.012589087051588189,0.18990476164130807,-0.1790148024234885,-0.08402910700980147,0.0689073061187955,-0.17936698644685845,-0.05179874853837064,0.03703414901544812,-0.15797497855178996,-0.013822395242811245,0.07032431485605747,-0.12510888749671725,0.09416004844708462,0.025280226849282925,0.2227062297447272,-0.13580580082016733,-0.06342480293771259,0.14221724022904078,-0.03401743207305749,-0.12097119818564173,-0.031210270984146315,-0.05414588666420018,-0.061948018237791724,0.0008576129735100712,0.04264996870857733,0.12677670575794944,-0.07495760067116468,-0.059692331195910546,0.07242807501126144,0.06517763550158957,0.15178050456398498,-0.0703713890839068,-0.14314864821223788,0.001365663089736065,-0.01517037225174676,-0.009637053716356573,0.10218574943815509,0.05595675523939114,0.12235758995351834,0.2045535186896631,0.0372326453931001,-0.022324392542125315,-0.038881248456787296,-0.019049129083020054,-0.1550207962610857,-7.976390256612639e-05,0.01271278291144017,-0.04298314081613097,0.019610893926233178,-0.0008551007146818991,-0.005391537594247515,-0.005793014463024597,0.034217589466183536,-0.012906849376873416,-0.03528846986677844,-0.014851390304816706,-0.010569538924532457,-0.04070394972033408,-0.026758150048004584,0.0050986129199274074,0.014241001215762454,-0.017155007817824797,-0.01123225620378589,-0.012142295631225694,-0.023256474421387313,-0.010467165985544452,0.007006931922688579,0.006652000521301191,0.01249213129018038,-0.0062824289736221174,-0.002209729309560424,-0.0002200047156307273,-0.0005496606348542039,0.014668626220744035,0.0020760571874685794,0.0012473740038325912,0.00017562935970121874,-0.0020019793033061203,0.0029859213300437743,-2.588116169790133e-05,0.0008831449855200343,0.0005906579770135251,-0.0010817076098043753,-0.000864537389299068,-0.0002589904608054079,2
199,0.2460693508446164,0.08955642179197161,-0.012485199431490514,0.005945641622501747,-0.13987380054334297,0.0338884550155234,-0.005266132239814395,-0.03126527507281785,0.029003371538940347,0.05146008962632115,-0.05651858243634444,0.057697757218660654,-0.07327520290973233,-0.03391413802832884,-0.048114751819023485,-0.05832612958488294,0.027794117347478296,-0.05064293465767802,-0.21277650151075128,0.0455635026987602,-0.07465911677792818,-0.10657987842911956,-0.15040876245165802,0.17147711033550309,0.036152156121851964,0.05715802664896287,-0.20159513424171827,-0.07881830372353775,0.057167527630457876,-0.041474262929305186,0.00012539585824341467,-0.20237203460010014,0.08048549293397668,0.03642645439864754,-0.010012165982554787,0.01433731181451829,-0.08182654723974996,0.07443637228536723,-0.04877316936983918,0.09805374740278083,0.05978457667850852,0.026156305034923857,0.17227074421753588,-0.18974207936098214,-0.14702910088212653,-0.15564235670890092,-0.1286435184506473,0.05733268236281318,0.10243002984208134,0.06736407301765278,0.12644285859621898,-0.08065968321344934,-0.04959367683619947,0.0876806886169122,0.00014639129801594021,-0.05105403834750811,-0.1531455346486752,-0.001891980005555151,0.05292298551341617,0.08308858767776871,0.029124714892185495,0.032150186528848046,-0.07411708215566072,-0.07266453370612841,0.039526264200625195,0.007695216040563236,0.003053129754429482,0.18238024462317484,0.09358369947616012,0.19402265249082665,-0.04155053439543017,-0.03239090137067527,-0.048694568926499454,0.03780328861836887,0.030281033412802343,0.07342608771913933,-0.028371004047644137,0.11250742037688867,0.03671353081602323,-0.04862679576314088,-0.0014005591193654967,-0.05459370181140509,0.012536156683397703,-0.050243149565273794,0.08720569781338874,-0.05428473909133044,-0.11567292874709903,-0.03817594171127241,0.013042871570224235,-0.01838341902464313,0.07326245153790321,0.08114357213333233,0.05794016000952805,-0.19323568035029953,-0.11813336988602496,0.030564212802863606,-0.07451098248674855,0.1805061823142,0.04248086660112271,-0.2677938314970309,-0.13108941814951508,0.004854207609464099,0.03498470304054861,0.03355347874273008,0.0722333526323198,0.06085773318397119,-0.09380312058059936,0.035627696516915906,-0.021951070048990273,-0.07457993841590316,-0.039166966494280656,-0.057978366764689336,-0.018677636684161496,-0.09656364788872666,0.026786420324518317,-0.019460461594193793,0.02156803126879268,0.08101164509384357,-0.03616250224413076,-0.05204766589290458,-0.045266228039331835,0.008906966201484267,-0.004548640844163936,0.04680937118951866,0.02104283803772857,0.0019649505348894084,0.01637202829413625,0.035621486145894526,0.021945240382333912,-0.036618052565805,0.01688208203281358,-0.013256846441849353,-0.024634250855926618,-0.024655939123309645,0.017153498785825585,0.0031521293013715367,6.907390840601325e-05,-0.0029633509628408205,-0.017951962866462303,-0.014812611031666954,-0.016953230775541884,-0.010466437612823178,0.0015288531378845076,0.011675376678545365,0.004436257619385192,-0.0018652711754280809,-0.010513288118042995,0.005016194432959165,0.031851325193867096,-0.011330612888923118,0.001317061268500573,0.010265050655103527,-0.004061346638636953,-0.010429501940329981,-0.0035433091830625544,-0.0023515678932958407,-0.002419949735683045,0.0030615118794844226,0.003755359846008296,-2.38024615019474e-05,2
129,0.33864459219719334,0.4369645775056905,-0.2589113285362582,-0.35149874095260414,0.3215413539931014,0.1075746130752721,-0.03253333551543744,-0.12805772803836432,0.023082558597220155,-0.16940385309158332,0.09773517811272141,-0.0294981790897612,-0.07726768057466103,0.02588206800200716,0.010482991811697056,-0.02775646570393509,0.008306759463627548,-0.05190677943818776,-0.03355756398195302,0.020115076128169918,0.0301977035398969,0.012940660175211722,-0.02644744458141232,0.022480833110841307,-0.006899181479025409,-0.04069504481248365,-0.024245247820065825,-0.019757653936938298,0.005044316450415368,-0.007410614674042157,0.0003017764547405689,-0.0074299759318774816,-0.007166160119424009,-0.019062794324461105,-0.028401814569945946,-0.002625577610393843,-0.011345065750281597,0.022565428514734098,-0.03895636240732557,-0.0585057093060224,0.016316838584788846,0.0007907368448501011,-0.03392082919219616,0.02550914269582125,0.0582688071090948,-0.04248282028555713,-0.013384874721544229,0.05060353427922023,-0.03564947380921593,-0.03270724653806561,0.019931427670680808,-0.0410349322508292,-0.013393788730377953,0.001901268666832627,0.050572866898920904,0.024661551992030614,-0.01517709795119884,0.014429048155141089,-0.023218106335460714,-0.04653093616349706,0.060746183364359656,-0.015360260680516716,0.02237971136534664,-0.0022016775474556095,-0.02834317234296088,-0.004366455070363175,-0.047498392270703876,0.0012004579300318417,-5.384921839145381e-05,-0.0734705831161446,-0.030222787816403685,0.016886888351186312,-0.014213767734263,0.04662326607479996,-0.005852000964750441,0.028045017482016217,-0.001324527779013093,0.0015943281362862756,-0.027772740072789487,0.031082509327177894,-0.019102282479495844,-0.011614895550971135,0.01768352685475344,-0.01920315401995034,-0.036559193921466546,0.01318902904938683,-0.004598369000484737,-0.02351544569410831,-0.03352109148753711,0.006730098558538805,0.05191724275055669,-0.01125237741823861,-0.0030255932994218224,-0.008895598562846732,-0.021939070911752442,-0.0036778326201251468,-0.011807928363009501,-0.015723343268891913,-0.02969071385126715,-0.016984163193627035,-0.026493120162163965,0.019662462919400384,-0.022283308429392575,-0.013284320012056417,0.009441202728844354,0.01303852549966464,-0.02340734184055847,-0.024023422038538085,0.033079545264373116,0.004826748487537068,0.048856211974676905,0.0067510660826345485,-0.033505455969246034,0.06160105970359754,-0.08063205928877475,-0.05787234954070041,-0.005307116762012236,0.04124567013466623,0.013022828891382348,-0.051820349669214665,0.013174373867731641,-0.07849500287944103,0.02247582598000535,0.08608233122012303,-0.02279348309347587,0.05619320765137122,0.012582904753049977,-0.13567366998181563,-0.0043115066982114545,-0.14620103040786905,0.04165072218665825,-0.1747878246778774,-0.015408936396111649,-0.12124308000262952,-0.10015269842408918,-0.07256518281020721,-0.05951110399083537,-0.017640961033282564,0.14526513817080222,0.09814318825475143,-0.009976281897555915,0.06345874764784996,-0.01679553634409029,-0.030790740142437788,-0.02897333004280029,0.006867997786241011,-0.007941631830630453,-0.01242451597844509,0.011606082696874223,-0.04762518544780721,-0.0005665612143479833,-0.03562379963623842,-0.018885452069465458,-0.011496404895675365,0.0014905454202555784,-0.016143513527189617,0.00751280462592532,-0.25809853642633157,-0.00632015171418817,-0.0002495205780316998,2
5,0.3351694862846642,0.037402623307288406,0.002274986581567264,0.30059047654342563,0.1772882552752123,0.05618929167428283,-0.0538965540803749,-0.0211193539272529,0.022234394850174175,-0.05617493687361798,-0.025412619944158533,-0.047094775598295176,0.08077067784832781,-0.034961144647723395,-0.05101807388975391,0.06603678611342287,-0.06145007510669459,0.029074822866660084,0.002079496249262171,0.05659142566285163,-0.05129945595807832,-0.018566277146357026,0.06543152902249656,-0.04448526751418008,0.10143787162731475,-0.013505815967126604,0.11258666729941479,0.05411729964729741,0.023213885721252065,-0.04691212636587328,0.05995023479188369,-0.06048192383618312,0.10010860183627185,-0.025403489621136116,0.1005601999842293,0.02839604893185286,0.022408434388225904,-0.03840199200608084,-0.04069160568248313,0.09369329095953176,0.007234878793228028,0.0549059013346561,0.0954387147587076,-0.014961420713998065,-0.03584484666945662,0.11529216597873575,0.10977908386774238,-0.14961869456344126,-0.1079525834383868,0.01115851918195608,0.03316472987796496,0.07190523673168785,0.03683283385206687,-0.02766415969358467,-0.10988247555481954,0.05125096060094465,-0.0003723367137200848,-0.06330622426591709,-0.05143939237248313,-0.045492371719157015,0.03409497097731005,0.11253544478541425,-0.015214628890744313,0.12368809457506919,0.0250645219228906,0.08999187342039906,0.037039718402904306,0.07378746017620784,0.01676111889184866,-0.018675002098982464,-0.03891744750610514,0.03044694066898302,0.07560102998725621,0.011360053752201534,-0.11518119300172738,0.056262262782282836,-0.006197149801220863,-0.13789183479569453,-0.003294132631758406,-0.02463757657182569,-0.14399448306937437,0.017131100375528077,0.02698352066488884,-0.049945833864178044,-0.17993274086000777,-0.07836017464149,-0.011810966949973717,-0.08649434878794168,0.06243349951931866,0.04223347110653612,0.3527263975699458,-0.014855443689988458,0.11041479652667227,-0.026525579671024067,0.11133288803621441,0.169109159147115,-0.03914704834193658,0.08587926667500645,0.1458387418349525,0.01493516061000822,0.0058964818634912345,-0.029915382780540536,-0.225179544891689,-0.04357063790787008,0.06618649854654816,-0.09739471535784011,0.11306353960376266,0.053170938446571316,0.0506792480213189,-0.031906644603143484,-0.13133890736933387,-0.0632569146305524,-0.016886486900093256,0.05510463688844834,-0.017448796784427397,0.004333018233795002,-0.08509095341886895,0.06479180351414515,-0.021713418562390868,-0.05445662230783887,-0.013779234057812994,0.03232538642227933,0.053802597989915595,0.07003453906026906,0.010755464877826523,0.006586664720819201,-0.08224802358885279,0.049056820347950544,0.011910206542050439,-0.003639787846371264,0.03500508592368223,0.04332359774327652,0.08291775184369297,-0.05029742530541647,0.0593247335613565,0.024591795830650697,-0.013314121850139754,-0.03580194092284971,0.048653424213343066,-0.04557398617022683,-0.015810931808520015,0.013019549464146834,0.003534493579960773,-0.017056409157498873,-0.01887928659481801,-0.004910581677607028,-0.024957330700811898,-0.0033763194527244374,-0.007027226277463356,0.015007910442335109,0.006777839609084213,-0.007922631447600614,0.0015967602146536386,0.008678191215762859,-0.0020057175227383476,0.002659796124922304,0.006372339131130367,-0.003895498532610632,-4.8089464765504436e-05,1.355570891810689e-05,1
104,0.32057558237349043,0.14129776561870894,-0.03597648634649857,0.004246087267868248,-0.1396626898806508,-0.3957772230437556,0.13604530029826248,-0.31189245936630905,0.37381547508992435,0.28002232330693233,0.0058606275795834795,-0.005790011788714287,0.1064926123073481,-0.01565452150298986,0.019704737865788798,0.012202418895958973,0.029448332383955216,0.05332525461084337,0.03794261919108452,-0.02133677680234946,0.043993028399362706,-0.019626919349249566,-0.00897848712861363,-0.01840680973305095,-0.04033203784020476,-0.05969420249729398,0.024079802093905946,-0.0220133351071562,-0.07413577459826116,0.010573613896782966,-0.011904996062515008,-0.013409649229570976,0.013604235512570987,0.004497965078009638,0.008824778912832487,-0.011644964832020778,0.006537444508373014,0.002145760396892233,-0.04560216193223361,-0.04854711977514383,0.00933608000757497,0.0017988059939720827,-0.007365440134515103,0.03295555735249005,0.04843441052788778,0.015749921898453225,0.0036704661521224317,0.014220904385768797,0.00016844254151369932,-0.026767302138607445,0.002425530339685125,-0.0006278718290260051,-0.007424301134057234,-0.006560946504737387,-0.010099729533211229,0.024814873386824345,-0.012753332502800663,-0.02165525586241395,-0.03201441005565662,-0.03669001622846413,0.0035583732084212595,0.0221041915918543,-0.0036001439062509433,-0.027760400776487414,0.007409137372331039,0.0030038029766375515,0.013656876944077408,0.006733096656834218,-0.01329557370128213,-0.025776729550557882,-0.009754860112674395,0.022786813955612682,-0.0024322449083262103,0.010606634025596409,-0.008993356037310694,0.001454992565197336,0.021477259613236772,-0.0014622811191455807,-0.017712759484775544,0.003462000253179138,0.0015812123341953322,0.009322151826140412,-0.008841111285520014,0.005602954242656223,-0.016569270300985296,0.016440647859234124,-0.01564204405924304,0.015122666556284574,0.00022655873282270158,-0.016117324332324177,-0.008829573159252124,-0.02787436410043835,0.01559786226356978,0.007818370316720521,-0.013851083171208995,0.03549227878977808,-0.01217436856858613,-0.011662053825391415,0.0032931130602895493,0.011310124583080231,-0.004968474414594518,-0.0012367752550995488,-0.02671440347320192,-0.006175009457377534,0.02241144488765752,-0.0394886818866304,-0.00442263384126446,-0.0211536764858169,0.020147935331051716,-0.02187914167588607,0.017122867917786985,-0.03919208943678593,0.008519277988156316,-0.024600574920672493,-0.022965140925013505,-0.029328685914486997,0.04761050504770302,0.01782583782997836,0.004167579074455808,0.008531908125604802,0.006006954448785242,0.020946851527929546,-0.009568765965142714,0.042003057573562194,0.019263252209297026,0.01309939727500165,0.03921106414884079,-0.04282363532319973,-0.0004088797412779709,-0.03764637558821546,0.0876978125714117,-0.051397109776787235,-0.033505224319544086,-0.01643374803440055,-0.04119681912406249,-0.0036651036511271416,0.11694645852414869,0.012572580747667442,-0.2447065431107323,-0.1727001086523593,-0.15504969608635802,0.32283534048731444,0.08943416047980214,-0.085514318633904,0.17183145809813966,0.009741047181488733,0.02040063159211942,0.014885344214438727,0.007767253311910589,0.020601025046315904,0.0029115197063728443,-0.01771574510859375,-0.005294770367519129,0.017048884632488614,0.012304834119248488,0.017012132002430475,0.005485154234876807,-0.017187652750342862,0.0023711790082829895,0.00037563945871962575,2
23,0.18260349569795148,-0.042548619281432526,-0.011641137892105947,0.1043077419465797,0.020080843200146616,0.006951409545607273,0.02116946280072199,-0.03437882171847477,0.008280638363248428,-0.03285200851728538,0.013381538008533327,-0.0252745362715881,-0.040815168810278274,0.027832195177966347,0.16288746235574436,-0.3037237634220045,0.07632809808940187,0.0493331083410862,-0.2197253513249075,0.02451530915272796,-0.17350623414677666,-0.2140517408628325,-0.1996975567849859,0.21692783128994284,0.25689532461589304,0.16373719434079656,0.35488809415102013,-0.20403669862932866,-0.0806447561623108,-0.03189329545595937,-0.1676350568613168,0.034083168958398725,0.030123704923647094,0.030283480057557752,-0.05073919346030286,0.004533339780322409,0.007919494376569695,0.027631441821141595,0.06218240443046396,-0.04751994227747117,-0.011361403747957527,-0.12992116189002356,0.004619363406747828,0.0018261548198425894,-0.0072839531981673455,-0.02611450066731564,0.025456170482567528,-0.03241338896500853,0.007016863096768186,0.002883196361489303,-0.004357652588470174,-0.013940667629130987,-0.007480829573768968,-0.009368990158924144,-0.029671646235445697,-0.003229879806334931,0.0026774451749080747,-0.05719900455111391,0.007197022783670352,0.004999100347062451,0.0011625575842024159,-0.006947545031023458,-0.04491919279997396,0.0002020940062406541,0.01954943882097541,0.017516687111399233,-0.03141396946060557,0.033814968337627205,0.020432993248712276,0.0011541806042089868,-0.0044799947798696785,0.025439014281551504,-0.016971890726120528,-0.013092848957576288,-0.026887639689399886,-0.028625357140676495,0.007673964657995915,0.003649378519410282,0.0008431161845763153,-0.04195244341613374,-0.03102173815842825,0.031866783186948265,0.032778996593864275,-0.009737711228625703,-0.028767023754662262,-0.0040945986405509505,0.02045549427463284,0.00620028270008025,-0.023332389694004065,0.002768040692028062,-0.02433944141207893,0.00407895158450111,-0.02710191218859294,-0.03863933031319002,0.03984992078523789,0.005039638544305828,-0.04488080042360262,0.013790054600501743,0.05820808935407384,0.019645072153023198,0.03933718096649681,-0.032177122030342516,-0.0511099135713583,-0.02803623527399625,0.05184100541983046,0.04670715244112078,-0.0004835627340793135,-0.059941839869074275,0.04156576193964395,-0.007150491574210081,0.04645234828331909,-0.03898955121994418,0.017192240720018293,0.048775496867446644,-0.0664979364689146,0.0665049423234407,0.017038828563645622,-0.015991148483821067,0.07562202352819981,-0.0063893093474921125,0.023159313553774253,0.039139156588088336,0.0876512017400178,-0.049171628679955746,-0.014759721297816096,-0.04457778979475854,0.009564115699358939,-0.2507995464813057,-0.23979513978742467,0.17869859963832588,-0.15451403620452595,-0.014198385225626572,0.02602022608557557,0.05498858797593525,-0.09303229257973182,0.04605766098266979,-0.027852075058797537,0.005036920158764312,-0.028146014751362917,0.009714082386842387,-0.024981396311852932,0.015399264765989025,0.020809703951017906,0.03582912402230754,-0.022895559835061818,0.044780081104311996,-0.009101938313860454,-0.004989025502465405,-0.005480386981328775,0.021209119395771033,-0.010612757710507237,-0.004613053430871556,0.002426730557073212,0.000802609068362975,0.006363513009238449,-0.00373886271182082,0.00205455587259953,0.00037687769282123535,-0.0008038132639753536,1.4925590787467176e-05,1
117,0.19407540653051647,0.051876020378833494,0.03765996933001065,-0.006122886486431338,-0.13154435784092053,-0.12771146680241954,0.07998478923541263,0.07653831401203698,-0.12139057963130959,0.03384502249161604,0.436337191025473,-0.2728822273279166,-0.23339799149559134,0.01510860350653115,-0.14875550726936318,0.1107942324452508,-0.10758170094109328,-0.23512735245603986,0.1581803385325054,-0.3395328679259096,-0.08451989714162346,-0.21798443271542908,0.0637365034555952,0.052787019220872755,-0.08126704820968107,-0.14063230966031828,0.14605454772432888,-0.07790070673011228,-0.05860315933620533,-0.022158179021575675,-0.014897689072652126,-0.07490175813462996,0.020521649641564173,0.06339898879044917,-0.009075341835447857,0.03473652291503374,0.05910345672734289,0.03469577470937386,0.0531671186237027,-0.020216116663947098,-0.023839081011810075,0.04722428113856403,0.019359819462274316,0.047453227218336,-0.08014318157810871,0.046692404770775034,0.02753181669038306,0.08187122987787337,-0.024782715443473543,-0.04424609760383486,0.051371777978838955,0.03863757614488915,-0.0015493673734481074,0.003560515642859197,-0.04170646342463696,-0.062129417298497254,-0.021410955844430722,0.005828805536671346,0.06409305918963137,0.06260369271230469,0.01125999485423914,0.0013436714454949298,-0.016042591695737858,0.01919004327014142,-0.04830357465811674,0.00434884089429113,-0.02688856701418695,0.017881676760977884,-0.004595515751718864,0.02164965597953788,0.0023668347579910536,0.0027170299770047637,0.0019277361402524594,0.013480378924820268,0.008198810138360043,0.020557323150063082,0.01225378049501957,-0.011286747531656966,0.04740669469815974,0.007748760364315681,-0.0008021259632407284,0.03258414889285839,-0.010600655791004323,0.01375631989851656,0.0028592577911943206,-0.007928637881170398,-0.0033376415441000347,0.003615909738737745,-0.00248785121194474,-0.01879024561413604,0.007389609535219371,0.020953962401470017,-0.010830420109655247,0.0045479325482238285,0.01914476543116689,0.010363805596429588,0.01891751324504836,0.008059773016892556,-0.007594626239491791,-0.0016747214060487438,-0.008517782359038528,0.009508363644057688,-0.019112105045622843,0.004473781411404181,-0.0046120534345047365,-0.022285100798062688,-0.009586546606039772,-0.005131004047318821,-0.006879640454299838,0.003323047530435276,0.0158801029115494,0.020955077753884166,0.010987240409410832,-0.0025678061476564888,0.00018467143968188158,-0.003751206376622936,0.013736914552432117,0.007243673174381286,-0.023822781465478914,-0.020426683113715833,-0.028818830077485896,0.004951301193244013,0.011702354151684042,0.010628225928615856,0.013033390681163225,-0.005118505858161929,-0.00021976793846130655,-0.008036429654044282,-0.01016983499696345,-0.0157675478690699,0.006518505301041471,0.0040581376127073205,0.004629344343387035,-0.026583975929805926,-0.0027705482190254773,0.018793260506433193,0.0048910813925988695,0.008739868823573842,-0.005621710885991778,0.01094224300324953,-0.015964829656772615,-0.03773730224283028,-0.0033702028363654293,-0.02762688471830076,-0.0018660691258764715,0.015241836918441668,0.011874961401460216,0.039321692306965715,0.008293169009502752,-0.01591819342837259,-0.04199170253009456,0.17501442338404846,-0.13138399703943007,0.149816704587665,0.22668250743779242,-0.09112442502386034,0.006773617835518258,-0.000780890651391974,0.001612667865260964,5.550922071387819e-05,2
35,0.3226561214430739,-0.19462820705254177,0.3635194168404111,-0.23912092058548437,0.09012800342239999,0.02801909542979113,-0.02397368313070069,-0.03898865399863566,0.057744566998437954,-0.002470446442021818,-0.05701905792894305,-0.0766867045208316,0.0012643286156024526,-0.021286121541360614,-0.02622875284151777,-0.021935423501259033,0.033689396134460176,0.07740006296168171,0.05763159184010512,0.017710745382741172,-0.022429244801373253,0.0007445571752410548,0.15058033111663974,0.1548070832217157,0.04682662845299816,-0.05689553697392297,-0.03624616897133475,-0.002113682430170042,0.02965533016093448,-0.014278743360901893,-0.08074278160148203,-0.06594123111682072,-0.09840671854917091,0.008938044142325992,-0.0053761858311938415,-0.0183363480462346,-0.045767685784719674,-0.1006901184350557,0.08003710994807711,-0.018629776015154458,0.05084343943612728,0.10026510473951633,-0.009407827321522545,0.04480431487552474,-0.025311310642216284,-0.04309990184058677,0.04613889396045829,-0.061863988223757896,-0.008443064133075944,-0.009149627989915029,-0.00732382466093961,0.03898322343777489,-0.05636434206415557,-0.04619045469992712,0.06306979112226721,0.01781083165747837,0.01605467035114899,0.036869725612195016,0.03908804009435885,-0.004425192777761007,-0.00757273594132429,-0.04468225907812465,-0.004990058159376327,-0.0016155649958627819,0.05983223154674106,-0.07131867109360489,0.02298657934447855,-0.030177459344846835,-0.049827960488040196,-0.0007735981179155696,-0.015583158465119129,0.040596752824163924,-0.05978815776199843,-0.0052197273717295,-0.04553881392987069,0.06559357432883038,0.05672003947190634,0.031094702791705994,0.04123516643036507,-0.02451375017819883,-0.02059811952620501,-0.03337763648878557,0.031670359553649476,-0.01630924970304858,0.022553847087795918,0.11471607473603289,0.10446702613060029,-0.03934037666864328,0.06002930344615427,0.014091250631169028,-0.028252926936475586,-0.05725844839684511,0.023187551919513164,-0.03803945620048375,0.025196390016304075,-0.05795748002106069,-0.1252716023981117,0.04555085140677739,-0.06679234561319308,-0.1364699314409928,-0.018694633024717924,0.03146106376179872,-0.053855027318265906,0.09894666121228556,0.12085571006238287,0.05893410080487411,0.39140575583671305,-0.0591852521273226,-0.14275493406282685,0.014604101458623692,0.06335631339167369,0.03409243920250038,0.18705657816658539,-0.030747287004202074,-0.04731271691126511,0.03931187105963009,-0.05173526679547219,-0.04217834633336801,-0.1649449149861143,0.015563525863783907,-0.08029914154874918,0.012216607438415456,-0.08019101826348732,0.03577026037457409,0.05537098212184569,0.03175229697077322,-0.060563853506274405,-0.09066453277798636,0.08653166528077812,0.12392377232848385,0.018172369306129362,-0.08315115570097194,-0.013171824890583802,-0.050662875103959025,0.014823382057280723,-0.01785052066135078,-0.008781146931250889,0.08916459878355353,0.055464662307927994,-0.004771164407594974,0.008700143641654423,-0.02277938751607073,0.04390565249824328,0.05757579769509352,0.1099769675835033,-0.02507992070179189,0.04271349121884302,-0.023705186835221,-0.027639321245367027,0.02482668426809664,-0.0045323997454493545,0.006908791502172553,-0.000907358822346755,-0.0021476612122287857,0.0047851725012619944,-0.00023928947024802363,0.010916355968957034,0.00032569704498250666,-0.0006635172986855631,-9.226917015742094e-05,1
19,0.3065774339188728,-0.3884695330871049,-0.3625951258802733,-0.08686000146811185,-0.03676632133593385,-0.0704696790083638,-0.14832611531146225,-0.0008780903287094206,-0.018908161824096884,0.014784356298804825,-0.009581207140139568,-0.02163436780954927,0.005883660651123183,-0.002497861992374101,-0.03435686460327966,-0.01879346970765897,-0.014160910670074293,0.03275845228668251,0.011514645165973569,0.018936109054689437,0.0031417341288623975,-0.04240914860664483,0.03541090692650526,-0.03582172593063437,0.0563654911313677,-0.030555282520321643,-0.003991144648357351,-0.0070524246298919405,0.011116972220106467,-0.10543197631765965,0.06194484988244791,-0.007198892808235646,0.09857208246019543,0.10097333209790378,-0.013336750852004906,0.06831237522985602,-0.22320526442987682,0.01921466651071101,0.1603710162389192,-0.06957759734794074,0.07608067795073475,-0.15178314444131433,-0.04322563998612909,0.005400099261588726,0.06497288952450789,0.04383761445636442,-0.04183172953272991,-0.008942103145939418,-0.026013523146095452,-0.0541413491765323,0.004021087566241287,0.00330216458332462,0.0189792387727334,0.003299196926328398,0.029711089936616298,-0.0372126608001782,0.0400433235231434,-0.05578380099181746,0.023248133950272896,0.013573679473563222,-0.04142321474608969,0.015876977781738116,0.04544657971628884,0.01406536328924173,0.024237089139555745,0.02344877703353213,-0.04427110844914823,0.034392761929043406,0.014751867570860274,-7.141174143044e-05,0.021364100845347754,0.005015393694158488,0.07426165081495657,-0.02360341801203864,0.009742294135786218,-0.024960991892259806,0.006302309660319975,-0.0179666900991512,-0.014085585162984202,0.0016866203048446615,-0.015030326528379389,-0.07225675838594567,-0.0787874961055052,0.008264384771099852,-0.08214681181354906,-0.022066540286989123,0.019782575755893688,0.01808633480012363,0.09797866770793302,-0.09781452805255685,-0.005159793513067459,0.021559070371805104,0.10005773270172169,0.07584738349534965,-0.08759269671850073,0.05664687378914279,0.010150592375905933,-0.019379930058723696,0.016100689415210777,-0.0609292787381185,0.014970652885320157,0.01451045100997422,0.07225343999967665,-0.020625664293688888,-0.05144119290464523,0.007687625532074868,0.07445235125096368,0.017412761912853653,-0.06723683448028858,-0.028237383227755763,0.014363262776510006,0.023890184632662872,-0.05878827758806707,-0.13058797871282737,0.07377105068628968,-0.21920028158646537,-0.09848295575485214,-0.018634399047885285,-0.08073994106795147,-0.059927881872249684,0.07280730253985924,0.027338578474718513,-0.09326451014372161,-0.1364672411674687,-0.043976201539868476,0.011740474661345235,0.048784655237384664,-0.12560811339391809,-0.030688494643300937,-0.10751281285897477,-0.08315965949161605,0.09037327039976355,0.06572266876243135,-0.053842273252348104,0.09574148981518153,-0.04903576317852746,-0.03983784327563506,-0.11706468355804756,-0.013462748030547705,0.002704813289911153,0.14330510123921214,0.07756004177131759,0.140935303764928,0.05248518443991988,0.001049260525025099,0.04582280283092496,0.010474035401616035,-0.17875131985389917,0.022794819702007738,0.021478586290094276,0.011225635395869992,0.021220711929177325,-0.03558978835225477,0.0022204957291235322,0.013223278548432483,-0.004558156889165173,-0.005600448456222324,0.0010657126542958125,0.00027093228074366235,-0.00019319625792721005,1
165,0.09835177994886819,0.06270730232888665,0.002272747030459668,0.035059658688447286,-0.07928082552152402,0.07797956148106301,-0.01114408101939782,0.17186107216952212,0.12328464047552709,-0.03397209532788349,-0.021711983601464348,-0.012424556514299682,0.02552472559135844,-0.09401565307109618,-0.25467338905514725,-0.006492905511458268,0.012287549239473637,0.07025197386365366,-0.006557702146753217,0.28859051786655915,-0.014347640406303621,-0.26699547980497335,-0.00764211820436925,-0.03415750189317366,-0.10838105023348356,-0.014566617051706492,-0.09085377082721158,-0.007978291564179046,-0.02420006866208032,0.08425131612035155,-0.1088897020740401,0.008948568277454359,-0.06762076024996198,0.25201102396322944,-0.08351213231625772,-0.08493753653199808,0.16238522644282088,0.03983798755525257,-0.036444953718368284,-0.13193122157875362,-0.06240090937509251,-0.05800244097124949,-0.18316688564668596,0.03407860449910913,0.13452431039131088,0.06325817008950542,0.12646995852167564,0.0678192457244777,-0.07811061857976521,-0.10761465883123285,-0.07060380650241624,-0.09515610222232913,0.007060021445812333,0.030903053218467435,0.09380771706793348,-0.11485586674370162,0.0054227426468483764,0.09446001232859949,-0.05080954957452327,0.003333100415534862,-0.012602390787186014,-0.03415997739075745,0.10397180141829969,-0.0227933957208558,-0.13684405409648767,-0.010183543919800806,0.008654386244785667,0.08775210760985507,-0.0820796406739184,0.16425602738212777,-0.012505427307522528,0.0414284840652816,-0.01652636352099412,0.045401501132022404,0.049193813577754916,-0.07047082448376206,-0.004296520226899629,0.0584087914776868,0.05953913275237378,-0.005223953640014656,0.033886534826699295,0.09155381999210525,0.07868589338976201,0.024404248079640912,0.11452865238711901,-0.04227664168555687,-0.004878084807880555,0.09126653968726656,0.06330610985145202,-0.060443397755954587,0.1410403992295677,0.042885180466974857,0.08208652855410051,-0.0037366753495995052,-0.1200699081010027,0.014098475854492181,-0.1390168093184266,0.02182663041432929,0.03402464369541305,-0.0030651858747163573,-0.033523584716629,0.01388490509685165,0.11758714437971467,-0.07682541983849046,0.030748167533199786,-0.06813254642665159,0.1310512820171684,-0.00921753901966777,0.04286239581878092,-0.02630964202485565,-0.05856973309966612,-0.0772154870878979,0.021972218446027265,0.21979986461479234,0.15293802505363432,0.04727929956227064,-0.009536271208493145,-0.0819416500684183,0.019009993246662176,0.03937546562310596,0.0861444422768354,0.005766718275092064,0.06058458779144963,0.01842794310435454,-0.055848532426948955,0.005660151882150162,-0.016918657861626028,-0.023517747856481534,0.0029924438536628986,-0.03413314646414815,0.04070411910940587,-0.004481179451442666,0.04353144914106816,0.03993249649405751,0.06038082777334695,0.00491246618402263,-0.00033698695213766293,0.01741446105457812,0.002128855426219042,0.01537889838686204,-0.030830153894057123,0.006811075283489844,0.0038307515614976573,0.016930824787018267,-0.016557895260362682,0.03147852072713736,-0.011180952708679954,0.001447719652653701,-0.005284233260132835,0.0008871553067529734,-0.0015415468456323673,-0.005225306377216941,-0.010917636929231735,-0.007236995136912708,0.008007665001195746,-0.0032620586581897618,-0.002243730067351471,0.0029747087249863626,-0.000501496464716616,-0.0001422711044661694,2
124,0.32771826241309066,0.17413136455426675,-0.016151796566496564,-0.01203074481276123,-0.0831342555467216,-0.05717339023311289,0.01930225710667426,0.10601451629596059,-0.04430662939343351,0.06866569414973778,-0.24576569048073588,0.26806928886254455,-0.3239999879308393,-0.39667785277406004,0.0001580978806042183,0.10664131050544888,0.15403497339379896,-0.06653266559364675,-0.1627501131246447,-0.08383912325041266,-0.12429263832617832,-0.11678654683844589,0.26312224646191257,-0.19344910762075632,0.038680733540168315,0.03735859440597318,0.03650397467794765,0.09126127341075771,-0.060551652668414016,0.0332437187722003,-0.05574414312956451,0.06048891135633508,-0.004330391750632445,-0.08610560821649624,-0.011279636628698199,-0.036055276168257454,0.009209920907510862,0.03053820876303768,-0.0006322575422768528,-0.08311949877524359,0.08569213200735736,0.014118434347287595,0.026835562564546805,0.053727451059248615,-0.0064445286951589735,-0.02991828863326001,-0.011146635104075457,0.03418153061635815,-0.02711967611403645,0.019427313511676318,0.01707390294948899,0.004512877007035669,-0.011099140909329678,0.003523978017031396,0.02926542333306166,0.024482549752881912,0.007241168917147719,-0.05762122704613615,-0.01895282020192711,0.016566256580530927,-0.001284327696038449,-0.02504430834998436,0.04158463004983607,-0.02125371205955398,-0.009389670467200961,-0.004212354961099507,0.008474232641395484,0.02444570270143781,-0.027195588819523088,-0.016208153243885186,-0.024688179569570264,-0.02196795973667219,0.00915186842738281,-0.022990455623806007,-0.02198034723256304,0.0037233214347747617,0.02850140940401064,0.007054920139417642,0.019385436791345138,-0.0077672088319689385,0.048762630677555145,0.02893328228689097,-0.009799088527633362,0.010578398642215412,-0.016706651676812182,-0.00738728110691443,-0.010718258828082552,-0.014511698290420594,0.036166742063086406,-0.04381087284715408,-0.031106574755137915,-0.011790254699045075,0.023371193925750117,-0.01174257271567035,0.02400235268307885,-0.010652718788966259,0.018413455887513062,-0.0002534964401124766,-0.01727983653234655,-0.0182805732274247,-0.009589101339390753,0.02186886870270117,-0.034162342732394685,0.004031754204626138,0.005285125725247298,0.026981034311373643,-0.025945133578069265,-0.0321311720794252,-0.01820861920772829,0.0036370703396871856,-0.0277193325158777,-0.012440284012091173,0.0035383128121806674,0.010532385751423928,-0.007231258017227485,0.013994628692779508,0.006489427606943352,0.006826135702830275,0.010029315437190251,-0.017431480620059253,0.02150985771897403,-0.002166420118813148,0.005538564073720781,-0.006541150345980703,0.0036537832086223484,-0.0030534492278723397,-0.01667182084258654,-0.016713877841898282,-0.00946264205631739,-0.00036081498075554307,0.004906403278670666,0.021322034936500586,-0.015128184430574261,-0.01663993861299953,-0.01868967956796082,-0.01002225728325668,-0.025450292689909393,0.004215717207457656,0.02537277587945032,0.008665936697145275,0.0069427268293418285,-0.0007371968432625421,-0.011195041915961976,0.003861888714600373,-0.00477490324768504,0.023722542151175672,-0.0009794260488703238,-0.018980924100744437,0.006350787209073534,-0.013563833051080894,0.029804115796358062,0.07846875868637683,0.0548197483527409,0.22078512296747288,-0.05603594861277438,0.26636960615983174,0.07193071179696257,-0.00971901589691786,0.001936493633944401,-0.00014051667202889633,2
138,0.23485407880355752,0.1691051992311104,-0.025180432767063422,-0.05648009301803797,-0.11005279345357676,0.11394049536241871,-0.015344640826715363,0.20054590523754254,-0.11162250720534969,0.25781535049245874,0.09176769669490871,-0.09892944529108562,0.045892741193733426,-0.15004085094152453,0.06378950071791448,0.07106179993696488,0.05993417062995057,0.2100119077350725,-0.04512757278390181,0.14840176615582043,-0.026357770808294836,0.07139294417398567,0.012012362316485293,-0.0902754183661739,0.013920984746778987,0.018441558226273778,-0.006784892953035606,-0.015859879510795195,0.02110861755906363,0.029976893942399184,0.00988879806512204,-0.024647824685821183,-0.09027582588370499,0.13548362876542858,-0.01254831091444248,0.028871443719175625,0.06904038466848685,-0.07294073832923684,0.03322824684575829,-0.004192487869248227,-0.08148359015640756,-0.07919340687368226,-0.16548940488504876,-0.1088360221426817,0.1145811971549159,0.06855618685084844,0.15020933268041414,0.12266678966167861,-0.05155500313061153,0.015628503436881918,-0.01493659118674487,-0.026598926389082008,0.044600789013145965,-0.03946335243889235,-0.017038691666105114,-0.10670245064612906,0.022078181997421304,0.10140576139808205,-0.022193624656715368,-0.033281452974001965,-0.008505982341469405,-0.002873437884502541,0.016077235687049222,-0.07515044102361716,-0.08640480531519393,-0.009892888558806235,-0.05272054496963537,0.10670307658133585,0.03503478227032537,0.06351711439399473,-0.023841748650743462,-0.008679792665453934,0.023302552975094083,-0.009652524851997638,-0.024464449097848333,0.05853858679483677,0.12916333319869597,0.010306303443098474,-0.029771853943453414,0.08974359954892451,0.04626015330540506,0.13617880406265395,0.062079016685556924,0.02327739403533705,-0.08702163249745207,-0.12560966608816687,0.0922297123597472,0.10804829870362986,-0.0899219753121378,0.028581564286585755,0.06804299777700852,-0.034171429751330834,-0.1290304118786337,-0.05651430607328214,-0.04792176880674075,0.2131355753632316,0.049454137346514826,0.0275530722990935,-0.1097498238945783,0.010163603705477614,-0.040424298841478704,-0.008837572654355377,-0.08840421354731498,0.007713427997863461,0.003747632008200989,0.023886280279325905,-0.02631097524042964,0.0714367832892064,-0.030388735931222016,0.03953247971400553,0.10772587190139085,0.0770553178099109,0.0320033533962017,-0.11567893975648666,-0.16408412584056095,-0.09656506817195822,0.16810373623336564,0.19779382285772898,-0.0375393236546787,-0.07670773939876574,-0.13258886634857525,-0.042553465503192306,-0.0878034003086918,-0.01356770432351574,0.04750005429879235,0.01408360856100254,-0.01750569123959329,0.034803108564296595,-0.009444759989124429,0.07736181640759358,-0.09353009382533245,0.06356006150881356,-0.022643318494052458,-0.030712420545362835,-0.029045022170343437,-0.006592817654241168,0.05321627303148657,-0.007485920615384677,-0.010590568729593342,0.003488601354265355,0.017603572406015407,-0.02968644871925502,0.010218429596268806,0.007409772695948691,0.010202772995002853,-0.005102968058679123,0.008230954345941205,-0.011588984390026119,-0.013498245206940252,-0.011488735762529569,-0.005573135818303754,-0.005103370200780789,0.01738918844100677,-0.009567602437207466,0.001223743499003544,0.0016783751055704586,-0.005844130298575213,-0.0056065988254022205,0.002238661685000924,0.00042009407682851597,2
36,0.23168308807583493,-0.07137549089614603,0.1623057460215835,-0.09736909739745819,0.01989571494668546,-0.0006505468948415846,-0.038271202479608815,-0.005465971546930319,-0.006455962812702469,-0.008972946022838433,-0.11434439481067937,-0.0827800226265394,-0.027769614391225557,0.06298679361577532,0.0048756640421232025,0.03998391161846693,-0.0332902497655888,-0.06315825539404511,-0.004322684070901387,-0.000270159662493062,0.020172650191895083,0.03643430172495365,-0.21350420900287453,-0.21638873753864762,0.07011656645381664,-0.012448650173061779,-0.011752873952769832,-0.08772297994191312,0.017332290152227894,0.09400018878172388,0.015587625888113209,0.13986813028654593,0.3049396768026042,-0.0025529459468841002,0.10277513012734794,0.04540691478596892,0.1403628750888418,-0.006723151731110906,0.02767026484027671,-0.17220463429751554,-0.14120094791081667,0.08512609256723878,0.010916415753834521,-0.03228048393688832,-0.057946896001230125,-0.09489671857396569,-0.08633842403548184,0.08158193876530714,0.05026359598210271,0.05641934538409044,0.005132377163517086,-0.041951657599053366,0.021464019765480877,-0.08308799718583479,-0.18663524429131642,-0.07319058444268532,0.04352389336832044,-0.027324006327227757,-0.013738573337064006,-0.01156528462325397,0.06312203836499855,-0.04152228219160619,0.27845660889579277,-0.1287502525450353,-0.0926474380627581,-0.10355025752475283,-0.006387709288853917,-0.01341938971877875,0.12431921518245205,0.030649063257650162,0.05955333831770583,-0.07720743067332969,0.1428989342299881,0.17067486864991513,0.038296052287165476,-0.18333131348691406,0.05981347002454276,0.11587624353521482,0.08008409050303616,0.03847503157432551,-0.053675944925658615,-0.12737413119684096,0.005455443517525482,0.042864312329085025,-0.15743311197679036,0.14328845557907538,0.046446097012105086,-0.042725879748468906,0.08162557240326987,0.009142431789106795,-0.048337038342161985,-0.09545121676036253,0.013578805262695127,-0.05405406155114821,-0.03575909716703867,0.01702107814011927,0.05551280906113269,-0.03613851662940836,0.1375799114748554,0.03599363565241705,-0.1220406910033355,-0.023467369237424728,-0.03181602394503831,0.035433071253759295,0.08539104936571137,0.014017654076136865,0.10148619947694476,0.033022308605727746,-0.0810860700850313,0.02546426193842094,-0.010917600869013028,-0.006415699004482548,-0.018571771756318037,-0.0005431635760074199,-0.003864063996893608,0.038578814339336534,0.04077688446082648,0.029024726782413968,0.030391320507804766,0.018300943185501118,-0.030556568698748874,0.0018359640143331569,0.03945851176545493,0.03622991461014155,-0.010828702177285114,0.004822384248971629,0.008894044445508991,0.0778375908388475,-0.06154036799793176,-0.06332201395352041,-0.037644907088001424,0.02361136510107003,-0.047127011695839396,0.08073533633564908,-0.012378961078690146,4.189184601232593e-05,-0.046588422951639716,-0.01308210873194018,0.05535447966675044,0.01454170877658581,-0.027828499612274696,0.014655302618172683,0.0061502578764169175,0.0454933201887644,0.074335120800207,-0.0017153023107641975,0.034324181510960415,-0.01528304370779988,-0.016836623555225468,0.02018046129222241,-0.0012900693241415485,0.002530190392288893,-0.00820306655570769,0.00254852955027268,0.008262151871658435,-0.00289616842251875,0.002971772086097807,-0.001473594971467942,-1.1291225905838331e-05,8.088022388510639e-05,1
153,0.20833511166047813,0.12400819888227874,-0.01651780508610988,-0.005855107885612909,-0.4407107795139592,0.5347153952722535,-0.19090100095365917,-0.3554401231086166,-0.014275170150553584,0.09323327225614488,0.012135312898910613,0.015012251648608182,0.008520338964634257,-0.009083101398168316,0.028546238501040808,0.01257723317208107,0.006536154166079181,0.03554757874384192,0.06143473196168519,-0.04690286357427061,0.0028506454334112923,0.007614559591813299,0.05062245939728859,-0.0034950941838512474,-0.005788068701636022,-0.027629731908020774,0.03975181746527359,0.021994433688914423,-0.012400143326519661,0.0034923832404181107,-0.03793098494576873,0.03378237485372113,0.012272300157448244,0.022147044479517073,-0.01449896069365369,0.009998063488927622,0.041338848535488235,0.046759705781802025,0.02061709745388915,0.023783846046895013,0.01162301583658363,-0.0030467235613239004,-0.0003987328313722826,0.007374617895936632,0.014087508978053945,0.01506152144903072,0.003593992400228272,-0.028663312373054053,0.008176118223646181,-0.024511314038612064,0.006585084265136305,0.022722647544229282,0.002773437118218333,-0.0065420469771704575,-0.011288094011084751,0.025860856103226304,0.010724952977481324,0.010635165784231437,-0.03743456547222257,-0.0022273616927293697,-0.016566623870838623,-0.014733602618184044,-0.004409329214273286,0.008367314172578471,-0.012537991141767168,-0.014275042935961718,-0.012037519835538062,0.001643396478800495,0.01865223314811359,-0.009781575829488723,0.022019300191106664,0.0005452805186855326,-0.022530650088295336,0.023354027626720914,-0.010126810168815501,0.018605847298007988,-0.007583677911467867,-0.002866342845042621,-0.01610721056011285,0.006709927747280882,0.019663462002346425,0.0102292259256083,-0.00764947346514201,0.01569884370885176,-0.013015463928687847,0.009529546880371297,0.023452160767588735,-0.02159769915410554,0.016140678492624853,-0.030462991252925946,-0.030373998030630386,-0.013849855782040149,-0.005415907564201211,0.024319897577849123,-0.0036387132863764694,0.018412194177849436,-0.003907915423752458,0.0003658843640425784,-0.013170830741446902,0.013063664275585732,-0.011661074895129558,-0.0028010341996299697,0.003501728564377064,-0.010341630341183187,0.008552760013857245,-0.03266781003748409,0.01805846541584023,-0.008174579528149341,-0.004137027626532147,-0.01999403386552966,0.006443452321473581,0.0027797837410103504,0.000693457146868106,0.004048575684438508,0.0071858121155210525,-0.0049979225120976335,-0.011360512955014957,-0.015062257799146404,0.023306206273568636,0.007127517110671967,-0.011475167707778268,-0.009432940003065302,-0.0006222125055596283,0.010673273278358195,-0.0059087085935663345,0.014618623757617901,-0.01986786555780207,0.020070718524327884,-0.018070741060549955,0.017659158341775415,0.02083184246666109,0.0019037657986174681,-0.01753303145155916,-0.007405599124360557,-0.002154510047768024,-0.0029257013682137257,-0.04131421242892682,0.021306435631297686,0.026953717018467473,0.02137199066801736,-0.031550850657661646,0.011319482298657197,-0.004235409110703298,0.0023345230231144216,-0.03985535836618544,-0.029571496594175673,0.060793483363491524,0.022119333183851134,0.43681674787664054,0.19981915748556678,-0.05130276483803371,-0.012428925484270095,0.022140323565681456,0.0023873529712291255,0.0032253793527469393,-0.007811530035624662,0.003217721419824474,0.005990048437840331,-0.0009949120843738592,-0.006346303043405438,2
4,0.3125500185980412,-0.0784042802334641,0.11185091987947594,-0.004676861858743682,-0.012465439739381369,-0.032304787542908026,-0.008483652325869478,-0.04290773825253891,-0.04205116297985703,-0.06820235053743078,0.021561493965907952,0.03623021941782691,0.03760507624532782,0.05277644432036152,0.06431965717065254,-0.04289351756784978,-0.05423201177961772,0.026296752047325726,-0.02010269801260766,-0.0014555657830764837,-0.0645622952271045,0.0484341722569155,-0.10321436127998196,-0.021478094220386552,-0.09307862880212382,-0.002373826147795092,0.061805269078669074,0.2857086389673402,-0.022511343810374087,-0.11035319864784585,-0.1786858194250634,-0.11309612282581963,-0.040554918144356265,0.00963892718265064,0.07075637793192752,-0.16877275195905064,-0.006723724655277243,0.019300230574106715,-0.018964587649133918,-0.08009506465357272,-0.00643910021304264,0.10777011450324542,-0.00794524870354758,0.12416154482012415,-0.04435626676491166,-0.031737536393354714,0.06658731226302202,-0.00564843700103222,0.04724800193457008,0.043975623322752046,0.09659106626353821,0.0179579322725543,0.14163946192076923,-0.013655717718069888,0.18344310784332848,-0.17246196533638658,-0.08263870460282699,-0.121459246765562,0.0737223855587819,-0.20063817547124238,0.05195546714873292,0.029280798894896962,-0.09846346620856336,0.006726871658188603,-0.032536804334885046,0.008473898957821857,-0.08943870473413755,0.019092054283748053,-0.021248046686732386,-0.0260171169314795,0.19872566361722793,-0.010442802038841615,0.04113584235777223,-0.007843466572541558,0.08477011346315647,-0.06833539632382821,0.011073408323427873,0.1083121411113736,0.0741397924381066,-0.14503025479347134,-0.08467177445239779,0.033503973155547054,-0.16683529730322622,-0.04649930677499752,-0.14870795762475136,-0.18517552427776904,-0.029370396365599762,0.12376563134876976,0.0004336623154447658,-0.03263416583247891,-0.11401758102455777,0.00045702295964569024,-0.0020111783928971486,-0.2100830672207888,0.049374320398977475,-0.002263982615765681,-0.17995617091185603,-0.22759260412463747,-0.10831073292122607,0.020979976389481538,-0.043117173676682434,-0.09092627548445131,-0.02230161683687622,-0.04823111884720527,0.03812325872809308,-0.10981387399026327,-0.018558752739195775,0.04584715314624965,-0.05175274413251686,-0.04098480223579807,-0.01671763156306048,0.05474649176484021,-0.060538030833199585,-0.017304327159695838,-0.0010358148643112202,0.0069573489781069135,-0.06672881695909598,0.03802471234489089,0.06505096588099098,-0.010745728859853566,-0.029715474281395673,0.04654513390007637,0.005254580426389813,0.033782938899961326,-0.054152475283269566,0.005963826836005091,-0.015821423091751784,0.004750707191612892,0.0667265669123339,0.008667856444618422,-3.694104901612566e-05,-0.004289287616299914,-0.0038989101729104353,-0.0018897592999588021,-0.0030033502011417197,0.006020338481838773,-0.013854854262499865,-0.0073848115913965305,2.2171126885227018e-05,0.011064343496617243,0.008445179758274066,-0.007607804257327715,0.007938527999434094,0.012445185393894314,0.005108754569572532,-0.012040981935423124,-0.002759758652252168,-0.002040336921225066,-0.0017517947795291638,0.0010508076200667392,0.0003922391510202206,-0.005416349035667753,0.0030758099487061064,0.0016486086358310993,0.0019291527186161487,0.0009306012954073571,-0.002684628620038932,0.0030284913804448266,-0.00031883101977648795,-7.87917249137739e-05,1
174,0.2664644644582966,0.10160615548797373,-0.0016746826561488911,-0.012761830296786554,-0.09381046453237996,-0.016931452477180427,-0.0044961612331704355,-0.007712216330260227,-0.0860746899550375,0.025634002563478853,-0.09497345342427278,0.05037541662283211,-0.049131663110746765,0.29893383604063006,-0.00924354888159548,0.21386487353855324,0.13794246465425303,0.04167241912987339,-0.14801462013673938,0.006608029300789778,-0.07013511678362844,-0.0180671912498098,-0.035609622779671335,-0.020960992612127798,-0.011271947807219195,-0.09044314754387611,0.03145583948447372,-0.04198404566331659,0.013053964657167742,-0.024173177091244523,0.06430661019876913,-0.030370156564690574,-0.009474241600929901,-0.04685942041224716,0.039588318591298494,0.01881963153315522,0.030416415274459634,-0.13283316600746534,0.12340365731431145,0.05654716486645322,-0.1507021224456756,-0.07338646346005867,-0.07862441640600915,0.07194558475813106,0.03171879926126786,0.01933173416812951,0.04390162360647251,0.0440455564051131,0.0494459411008441,0.11826732933455729,-0.14428310365727448,-0.014574857960769154,-0.026162441600714535,0.02297356681251278,-0.07439299720078162,-0.07160193011300033,-0.03762996130288157,0.08884313538835303,-0.04008088136170149,-0.08637487721689732,-0.0024999070587314876,0.12445943509423707,-0.024059001723782225,-0.08187252663857397,0.063903524839884,-0.0013313007997040982,-0.048715034839894374,0.028469136193802026,-0.08867526333548356,-0.23533986514572736,-0.15553538657491717,-0.0863914147368392,0.09978802933623371,-0.08063915728651819,0.17401842830462735,0.049811904415401946,0.05709384153448169,0.07723734031592779,0.09031097782957939,0.10601201107047853,0.06329316620966235,0.024999715100590163,-0.0016054319810333633,-0.18863893151433195,0.08689888908615137,-0.05071930418309922,-0.04289839421674832,0.012119695569401394,-0.032003533163381406,0.004270996612936069,0.060126394003025954,0.1072419906000361,0.1608542291149449,-0.025228748370798425,0.1816284322025942,-0.16205094033598422,0.19365969438645628,-0.0196100175328226,-0.017615033006425654,-0.22497872995075618,-0.029738434708943395,-0.09194971449570243,0.0363050814162455,-0.03382149166214288,-0.030750621621198612,-0.14548185952177478,0.08835850938014446,0.07339546525396558,-0.024335707621127536,0.08731384437679632,-0.016194980297489954,-0.0029932413381896857,0.004810483342809848,-0.014585818001854088,0.02100431532831135,0.0747808305746967,0.026912089597619187,-0.018323753248346713,0.07238020643976446,-0.05923224788348587,0.03509879359947308,0.04162015008924556,-0.05887489593739656,-0.023463306375768524,-0.027714885031245706,-0.0024341468648713814,-0.02504528118350872,-0.015392420847848625,-0.0520509309545667,0.0026058501307046154,0.017199148842812678,-0.016299588565705864,0.0038767239977068125,0.005167751701078114,-0.005503589056161905,-0.012295637950216726,-0.003149307220607027,0.007608049026750277,-0.006465234003442845,0.014885448744805838,-0.018526605854626094,0.016131587700939323,0.004362345099430093,0.007064412173921829,-0.019486380670655605,0.006876825423420302,-0.00048818421555675497,-0.0013796738780947767,-0.002737230402111761,0.027888439677260277,-0.005586609869129562,-0.002608752254818992,-0.004338021549126516,-0.00048786465197831657,0.0025912008577390977,-0.003472961050980463,-0.004217458155053705,-0.0013712730533856575,0.000876808292331012,-0.0005877672653956964,2
118,0.3072505884054186,0.0793902060617801,-0.004382822597813006,0.06853574250735815,0.024569365196520063,0.02353311175678839,-0.02567042175669666,-0.0023718277594489837,-0.013011629938215773,0.02762659177604307,-0.043045078889285014,-0.005272043109481633,0.03859939574371131,-0.06820665244279916,-0.03956930982783983,0.10308276174300943,-0.0823994198203972,-0.0319981834810005,-0.12114614414435398,0.08598235975766574,-0.016810056612404835,-0.06137906770363813,-0.011759327819872826,-0.07139609070679181,0.128868419081922,0.026009315994159656,0.18004822730389689,0.09358822906580559,0.13367477667855185,-0.04908207539111047,0.13338221731381575,-0.05453255908760109,-0.04870482562609607,0.00674696211674318,0.03705720837151202,0.0831311936126172,-0.09532004996105613,-0.1577085456456555,-0.15641903219207298,0.0871392753494601,0.009624421078231951,0.020413137957547053,0.09449122920637608,-0.14541503436410996,-0.1529566644761502,0.22529783398867073,-0.021275453291953284,-0.08135991906823992,-0.03892317318310788,-0.0069103828856056605,-0.09549945610429961,0.021236616425883332,0.05889105480895311,-0.11849583070652989,-0.12920809580948503,0.0022372992770912973,0.16362158913788938,-0.011460687259855272,0.20573531375618112,0.08457809094926444,0.10843221799565685,0.183753720694887,-0.01738042214339987,0.02041475401501127,-0.12098699136757994,0.13691515330895132,0.10661534174632051,-0.04290277177487228,0.04503301381783838,0.0660385212349527,-0.0401845427114976,0.015290154309509826,-0.06313105342473237,0.025394369218324202,-0.07887110545671999,-0.1520287613270007,-0.0987783515427351,-0.014551469193570102,-0.04574841413491295,-0.008886559934662851,-0.02798864370555751,0.04650013971140196,0.035771417899185434,0.06073023003570838,0.059081072389269344,-0.015074743774411594,-0.1586044024333559,0.10617589409271695,-0.08405468653236334,0.033017712259862546,-0.14534801035811354,-0.05404248872828514,0.042464769485826226,0.0751188055798555,-0.17384235863839306,-0.07063682067209685,-0.016648378799991596,-0.14339892684262234,-0.06615371669497105,-0.10359348263389109,-0.1791462261447399,-0.040475372142596194,0.07430778147462988,0.02223205109434909,-0.04090280698701553,-0.07643872854294295,0.03884071725366887,0.01967253176700877,-0.059285297688258756,0.018798583837930403,0.12449320733401438,-0.011357285992360876,0.09833071153432427,0.1132580799305016,-0.053010739327111714,0.027588978198758808,0.0011535374496898666,-0.03420667381085951,0.0771202362516969,-0.032496322819851875,0.005581391855509312,-0.040163426818712246,-0.03992898461016169,-0.018410959853411995,-0.008619053130539867,0.03244605501037847,-0.019713463890519152,-0.027803905750177577,0.018179730275379457,-0.017357762639278775,-0.030535373934820004,-0.015055974566985942,0.007719399741645997,-0.010571671403785175,-0.005739277392302988,0.0035703961493540244,0.031681915190000624,-0.013242568837629348,0.03020004942427344,-0.0063620293836195415,0.009250234901453535,0.028641201548658863,-0.013120282103780396,-0.01969838307659336,0.01651495412882286,-0.039767992882168146,-0.009030122887515007,-0.006989974969069666,0.005296363605948367,0.00954880579659807,-0.00027779045363724017,0.007520225090052078,0.002465534910136953,0.008985753388241886,0.0025977193354142537,-0.0026056162356826525,0.0017595608173386192,-0.0023547123624932166,9.396630977521017e-06,0.00015362882114502725,2
71,0.1781176811674258,-0.05984358689932178,0.031796830582220534,-0.01674857452324904,0.024216406271970393,0.024939685255304718,0.0003888184853774831,0.021671147332986047,-0.017158734206525788,0.03573131395537012,0.027609482150302515,0.02685553236068738,0.014512740936002824,-0.020795640936809717,-0.009261271875775239,0.05637134209217759,-0.016082488726824416,-0.05901977394439974,-0.09104843547129499,-0.025704866804873727,-0.04436136681424043,0.03732569895619553,-0.11603516000516002,0.025149796974640082,-0.1560614630467913,0.11073220996004264,-0.06349000790483994,-0.0023497733505554964,-0.013168186543152023,0.029367089288934767,-0.056899785329196005,-0.033568941587677224,-0.09217241735439713,-0.10571553895702113,0.004318218094312425,-0.012525986003846827,-0.013620746630496446,-0.12119391653785444,0.001130627703383802,0.026916788071520523,-0.029359160881375093,0.04306922413483583,0.005112186500244799,-0.2854371535776114,0.09723336923722105,-0.032466511695800386,-0.12222543856808708,0.04042446557970788,-0.22843547191447044,-0.23016028692945495,-0.23495424749972757,0.1700923157341556,0.000266825223520929,-0.1593723072158565,-0.11977533104914365,-0.1529510424083414,-0.10128372164166541,-0.33168783673629465,-0.23427164188380953,0.17819606718575573,-0.2549869110163465,0.08600196689295998,0.0045090916768716505,0.22085514126910427,0.05771700464654164,-0.03592667342633343,-0.05783472304389104,0.08857941497050294,-0.06637699646080993,-0.12573142290151845,-0.03243561034168112,0.002958694429588767,-0.11296549510554162,0.0986344701337132,0.15476943780347618,0.01048651314366692,0.09326098156633146,0.02726402005450764,0.02446840465702097,-0.06698049657184475,-0.040968637035588645,0.012435023549532277,-0.04114590324731394,0.05783201057719062,0.01991819675811581,-0.044730018065259294,0.04039052079918342,0.013390612554609946,-0.006824502707698957,-0.007457430245575938,-0.022448583777878898,-0.14322187350540938,-0.019822514625180362,0.0002163698747170901,0.03783669031807081,-0.027731193852516836,-0.06880275377271959,0.03848057486927934,0.010367104109779958,-0.001670470938064157,-0.016884636193050633,0.018820207955811893,0.023404237938753198,0.003753848483511696,0.00836444274118263,0.020028577916429317,-0.0016539382302434263,0.0048296211027076714,-0.04208972048600584,0.022328332545075696,0.02556296815020938,0.00524091818694941,-0.001867570566825552,-0.005816245475792426,0.028806388550233222,-0.0037204590122554165,0.00048621897978307624,0.001611346019577298,0.025839119604898472,-0.0037730234866496103,-0.0005491057218385364,-0.016208450194357023,0.02496224106238984,0.019559876823496768,-0.02872392758876641,0.02819970747683405,0.025937964110739974,0.005375409296960743,-0.020070515705466214,-0.025979179381417666,0.006341609923070298,0.0057675339102470444,-0.00057781433140258,0.0062113114747215205,-0.00864923908998822,0.007981684532187713,0.005600885705815758,0.004229445621040262,0.0005899704261429089,0.002719154057512895,-0.006039430000379719,-0.009064178362866559,0.0005891563689867933,-0.008432992679355024,-0.00020876861979812582,0.0009854259455844912,0.016931080010723187,-0.0017692448109531962,0.002918186800402864,-0.012612681339248994,-0.005007883567305968,0.007827098798678205,-0.004162623607119896,0.00020980278018091389,-0.003450413094452591,-0.0034059554069638866,-0.0007515548113782966,-0.0023749608392753586,0.00027984314470315413,-0.00023911294602608612,1
188,0.24173325001446844,0.026951612759804493,0.0037656302336281384,0.049880329164049685,-0.10903687811039386,-0.06866855960426713,0.08881790742442261,-0.059428274991124595,-0.04470801262556167,-0.03509770190138494,0.026102226485419416,-0.05739455046234219,-0.08575758838645071,0.028484530504138808,-0.011387459982571877,-0.08162465864356458,-0.04965145643168967,-0.06747109660997375,0.070591587388037,0.048263865536347136,0.02856161245213942,-0.027512446615620776,-0.00483534641720651,-0.08404909385529459,0.09113526509911855,-0.02622790492596288,-0.08293549766744741,0.0033354827908324658,-0.12474869171402442,0.012996168562400384,-0.0016377333073885633,0.01787617487708994,-0.0001340263794300954,-0.09136417380834504,0.09155688942549063,-0.01829341587394224,-0.045404317319387655,-0.14752912421798134,-0.10109817865287599,-0.03335435524693443,0.35781417813502064,-0.08885131528787224,-0.11347302092978123,-0.05545564982716926,-0.018511631121090142,0.012242322548176589,0.27334882321509174,-0.0225428107614726,0.05833973681772643,-0.060383928960666106,-0.08621226228572208,-0.17564404491058394,-0.10116855866079093,-0.06187829757044179,-0.13605752889575567,-0.014848033980545612,-0.07874352814467847,0.060403756861492894,0.008328015691322289,-0.05319614106532429,-0.06616057889981475,0.03759335549318353,-0.11500357614725604,-0.07104856698011451,0.12063859129001073,0.0268393829042542,0.009836313102876465,0.04854513501905207,0.02990906708260361,0.016605089389942627,0.13750985224582327,0.028880718540572902,0.14205582881281725,0.31331114928698345,-0.02493760839396661,-0.011266231550592217,0.17738027988478094,0.09577562938155489,-0.29065728816210834,0.008463734262335994,0.04008822064769377,0.021584055436748774,-0.10313394918490479,0.20071843076741128,0.08381337426210551,-0.005081532709280009,0.08527586541598554,-0.09229118090949572,-0.04774093950275167,0.09838028213184129,0.009551639159560648,0.15161944925075882,0.08388417529486264,-0.015277451579661254,0.07953170926121632,-0.06071701941648226,-0.0236600331126275,-0.005223694721174916,-0.06707258425923696,-0.015531371610405784,-0.024956689073489014,-0.023182938053596114,-0.036323054616564925,-0.010455810056765893,-0.01827048793823963,0.009655602000576392,-0.04046253693538886,0.026061311083369176,-0.036290688958009465,0.00920858650645021,-0.03481006323301771,0.0004102792561349296,0.02757231781341973,0.012055622737612728,-0.006249328239555095,0.011037163362388691,-0.05368563360280131,-0.045711707214414914,-0.0006449193756274813,0.025641364590278104,0.025536351596257487,-0.017018276541412355,0.012078332088283891,0.0015173447319074284,0.009414306930035789,-0.040194575409247334,0.020543841569130365,-0.002064161983778046,0.0008885592054018671,-0.012903449132315312,-0.010193713376705441,0.006853155847314012,-0.017449350964170964,0.01251481766958944,0.0005330978014124231,0.03284174514595784,-0.01232860038770199,-0.009133927574658654,0.020132090909675653,-0.002289020304937873,0.020835041027238647,0.002046633545107184,-0.028198944627755743,0.0073830333509412,-0.007709618861127921,-0.0022858814659887537,0.0051227944681826055,-0.0034386321006174662,-0.004371246881940866,-0.005203756692221534,-0.010208471070703336,0.0025301722485401483,0.0061044620368355396,-0.00472307936831136,0.006619645362361657,-0.004665134989384026,-0.0014810678118531825,0.0028628122217755564,2.1254588745463145e-05,5.0633504119503535e-05,2
98,0.3232434151758639,-0.4287562114423334,-0.3855881138773382,-0.10230864541563978,-0.019599716305227832,-0.03837920362016287,-0.16847270569488157,0.0335187679668097,0.020516302291559905,-0.003039368200118805,-0.02709221852434723,-0.0388110964451289,0.00283829518121693,-0.0016475616224253824,0.0021322012507844295,0.02611720752556601,-0.0007106880043305333,0.014490604138164427,0.05408662859532159,0.0015031018106486348,-0.009335734767404468,-0.012185654768674468,0.016938459015544655,-0.04513107656811958,0.020249495312809118,0.014588579542541615,-0.017342206526291686,-0.02897894779345455,-0.006394471468971576,0.018882348288640445,0.015273687184239947,0.006684451343478565,-0.027479922448990227,-0.03550183005673223,-0.011627437051113926,-0.06746737039895229,0.05856584571225397,0.016727720836304222,-0.04555391152817468,0.05375692242631085,-0.04003035373520602,0.06569969688471308,0.029245532359801117,-0.001696567392653746,-0.048282627457998696,-0.03465727714556202,0.057454783593382484,-0.0274503515944527,-0.013815205538839448,0.024484058207540092,-0.016037336390417628,0.009321571294935905,-0.04615116686107053,-0.01456965717832418,-0.04433390019657579,0.048663228930357655,-0.033109132971341784,0.01671151104088023,-0.013503730987302079,-0.004162547754243193,0.07720540454568275,-0.0687647809135577,-0.04917223327249503,0.004207042530397033,-0.011276747777403036,0.04597816921813631,-0.028813578979760175,0.05311075753908591,-0.049032942933633805,-0.021494734932242094,-0.005417975046893549,-0.04273731667182201,-0.007792443734587781,-0.03164012414641418,-0.06642548942220909,0.007726239008380353,0.08909819314833965,0.05269648008882468,0.08831463604412126,-0.01890547640732876,-0.012333263467722507,-0.07902076005184724,0.08301763888880176,0.011988496405374282,-0.04375547457999397,-0.186985196451649,0.03179511128380898,-0.019662675651529505,-0.08613098154038039,-0.0396632918059203,-0.08595541837972374,0.07059810929269338,-0.039869889857132024,0.13782090483823525,0.030306749184293394,-0.10787673212004191,-0.08968309001306471,0.1295917327107989,0.0938941271615593,0.015304483356569878,0.02510970763056545,-0.055093955172947476,0.012510824839486493,0.016508285553582247,0.01689603352100537,-0.034590522333354475,-0.04276185187119657,0.038019643411113545,-0.0005428953525184513,-0.014912524991628047,0.08600602629453151,0.018863316178797437,-0.017678432502253583,0.12344108822667654,0.024110984111186222,0.006893518036664846,0.06143187059738465,0.07985719503420875,0.07366256786952687,0.05926160426790053,0.07312710680245114,-0.00435227808912261,0.1057313207310499,0.11079840865828307,0.13485997263092694,-0.032113512627736485,-0.044515366288626096,0.12607689307179304,0.04041255695674853,0.11436503010967879,-0.01331114488011123,-0.11245853025060937,-0.14732137051158672,0.007593833202240327,-0.019536641463143434,-0.07044032227350218,0.04334175322332735,0.06982196650328497,-0.0015191675367398937,-0.0439251391623315,0.1428902306715511,0.0623651943234888,-0.0662259080565984,0.012148470823711927,-0.006551499091320734,0.06261945848930853,-0.00833458371862059,-0.25045994700246754,-0.007674972476885288,0.05012042186747355,-0.006575151859910608,0.015443344884615287,-0.04583881615688925,0.004919812631996586,0.006658802421240565,-0.016351242033596846,0.008023619583441997,0.00041513104666766095,-0.0001140720659484389,0.00021568964437825282,1
120,0.2624785338251522,0.13494150295726184,-0.01754880481210982,-0.006302093059008814,-0.05359456928754686,-0.06369228715796395,0.018703061951290702,0.052528868310125744,-0.05091256239884669,0.01840937576486089,-0.21826808261464062,0.23213226338774332,-0.30635123002539555,-0.3826101216522098,0.06886959557378476,0.12932684323012392,0.15789596210243992,-0.0699232057758676,-0.11452815744517998,-0.11137701173675184,-0.10719374774009684,-0.08678222319040801,0.2937787096131715,-0.23004223740894122,0.06780863005142711,0.1031215159587711,0.11918355062139029,0.12937719614093227,-0.10023345267177464,0.027935330364781588,-0.06221404528100273,0.1074409319846996,-0.022705899889810293,-0.1502335704397731,-0.026076875070493406,0.005107218867102209,-0.044418514732767776,0.0053337554765780495,-0.00123221672787819,-0.11314456785110086,0.06399815293506594,0.020092580556973466,0.025990361894304558,0.023364397287240737,-0.04925921979470805,0.015320523221502054,-0.008099116558795872,0.01714747922052853,-0.029744779592636036,0.006831800675235974,0.011137454567451573,-0.010973919999327645,-0.020021944939536258,0.052866057920657884,0.0095629334254219,0.0208471788753636,-0.04098047803985753,-0.0571939281507979,-0.04851620138761191,-0.0036154269342733546,0.023756762235095055,-0.005222806705252648,0.06489498649480581,-0.034872004031382735,-0.001786315757898178,-0.027564638952260533,0.023044321638537393,0.05683021490830007,-0.037351612700758804,0.0019091580295626325,-0.08064328967043881,-0.03502436355238208,-0.024375282949522573,-0.002767357142804996,-0.06269740993889301,0.0046837412051983695,0.031069442839465337,0.06210683672840976,0.03890940146034485,0.005638602859144526,0.072542914484157,0.027433668420538383,-0.02282448555052833,-0.03307733002248652,-0.05083420061404373,-0.022176566816536666,-0.008142981411644061,-0.03988245962342141,0.0003464989761193312,-0.07140723413016019,0.021847330374921523,-0.02463268695230971,-0.031198517779454694,-0.04186283377295686,-0.013057486872196046,0.039813766288462865,0.04021272454735681,-0.02011610408922824,-0.027481843686018304,-0.01669477613126357,0.018507845747630734,0.00411860578442801,-0.006176228604397902,0.06947075300204265,0.0089049772912064,0.02639402890614242,-0.01851413054825961,-0.062004262084978085,-0.01860777073275403,-0.025200713200026963,-0.007282577994794727,0.015786387487843508,0.01807061144898601,0.03232192250744731,0.030817529485215954,-0.00500260283870632,-0.04118828294795909,-0.030700809647307373,0.01102062099968144,-0.021120717272909227,0.01062600038964044,0.04680089249741658,-0.004680701993419926,-0.019568514649270556,0.00586611161399498,0.006381889905456817,0.011956442971520506,0.007110993214688364,-0.00036579134024928206,-0.009556723119986643,0.012787669400093378,-0.03826536533490494,0.001326561187864113,0.015369969543866645,0.009032626727376258,0.010088510009932218,0.02117892971196411,-0.013186007526732322,-0.017209643964611963,-0.016688484692763385,-0.002447228968947006,-0.008133707236040587,0.0003785287023014483,-0.0019094299004265816,0.0010621882323655647,-0.011551151972173733,-0.008445545630043612,0.016141181040269112,-0.017395258246969164,0.010022334839678723,-0.020620703009241997,-0.05840109118248493,-0.037906098819619184,-0.19285023795963233,0.046280710627612395,-0.24166728305377433,-0.08145272264906211,0.013237984764693136,-0.0020401521371583233,7.547384431518217e-05,2
140,0.08858586243779451,0.020805653201239397,0.019952040387340317,-0.0002835484741313412,-0.051203267803731994,0.010638228228794643,0.0110647857722091,0.015676901420392297,0.024856789013349406,-0.07126277915928156,0.036424886873098944,0.02649615727226005,0.022552438941009792,-0.06625080833916763,-0.40479060208994866,-0.13895803619580874,0.4046504778108391,0.0037264348324125207,0.1551962504684356,-0.11344306990901579,0.03770279862014797,0.1597067814502735,-0.14910805075600922,-0.0033581849748325872,0.053223052817347745,0.04943995855647365,0.09373421089543332,0.020007341530786052,0.04940897640144537,-0.024316131875573473,0.03528534876906236,0.027692945234421222,-0.008403466625183816,-0.04796257128945361,0.03017372131683056,0.023340633793928565,-0.021389867640709853,-0.007027413192332162,0.004651502688034775,0.02755297395903355,-0.0014974167704847098,0.010033510495039914,0.031109799007115305,-0.022753670044178602,-0.000985609184340816,-0.02956570760176742,0.013889133239795013,0.01840606998773487,0.004452307033956713,-0.021071885607972532,0.0027222972821164286,0.005172207646736015,0.025378308698558998,-0.007660904984045091,-0.006169960474498571,0.04596127202453259,-0.002762618156334204,-0.02597322861928788,0.011944163682466846,0.0038267942586973896,-0.014772024141279202,0.012994430956097307,-0.05843230053036729,0.010507732316388045,-0.018876445159144037,0.10041217880351919,0.07921281206032588,0.05511412203864733,0.00496163430659485,-0.019325236748849037,0.014495339170666659,-0.07981344783604612,-0.0060453720173914306,-0.041954592565506967,-0.07924513855702786,-0.0838820461902375,0.009564652986057057,-0.07114207327249522,0.13929780884110943,0.0010108383841079811,-0.017623718086909327,-0.024597754003756602,-0.1602151000852743,-0.15153522394302676,0.006063919957394984,0.02686319026903535,0.3574158423838841,-0.0719864625075916,-0.18426578858557813,0.10945905038261067,-0.10619880549243182,0.06908269760490851,-0.04260004851491462,-0.10351636871839123,-0.061102410234530294,0.1619805710706695,0.09665103840531271,0.06341983483801289,-0.0942634128929603,-0.0758541645502871,-0.10246396111237893,0.11801162048958992,0.019128745346025475,-0.19885102857634115,-0.07022061388966286,0.036194992046531586,0.008979439740243164,0.07509275290563537,-0.027338877766649856,-0.043528514027360486,0.0005853473168480514,0.02003986050448017,0.01583642755934436,0.13725626447042136,0.07809105918425832,-0.01313611833799309,-0.017139237289599936,-0.03963473170895488,-0.02768542413687771,-0.005901367104575624,0.04303862902043093,-0.025244143228667495,0.050713797515855696,-0.0070257321086199505,-0.02468412899178562,0.020558864301589562,-0.050323913340538026,-0.015145498780985766,-0.010019033399079436,-0.010302257424106518,0.055189307206268357,0.03160477946933093,0.0035554694311809116,0.02725521887492254,-0.02060228582873462,-0.039217985774386656,-0.010261583651091914,0.01114875359753258,-0.0050572821277720765,-0.014596022273798841,-0.010578323410709823,0.008198369421205328,0.009309733899936183,0.004214751136295111,0.014983693364013465,0.0034644518003673647,0.015277322988171377,0.001248527729295846,-0.013507537582052274,-0.000313103516905589,0.0009441681968487877,-0.0018295395256901434,0.0005127796959086819,0.0025412573478672614,-0.005181474256672541,0.0031415529435542744,0.0027248944376878485,0.0019351060633888638,-1.985434437431196e-05,0.00048327412007535874,2
139,0.21693112436500195,0.12275317087070226,-0.030923800012365832,-0.0185081718923392,-0.06741596825202686,-0.07643665173528037,0.04087930894544955,0.005250740145414777,0.11123838973428342,0.013868871079729957,-0.033726910807044354,-0.008779923748931464,-0.025399815384342512,0.04668377928627026,-0.024072697148388562,-0.04829693141181039,-0.07858410423790045,-0.022025761965269796,-0.05098989505590965,-0.07950899492809682,-0.018329398985841905,0.08969388453950425,0.09634218184894013,-0.03363573265409045,0.0018582570090031987,0.13193607406622018,0.022531137608762065,0.022579925003342972,0.055510163941017536,0.005269062665874622,0.02857555651902027,0.06209025093101435,0.006476120328265241,-0.09670905090310432,-0.0006098260747494318,0.015021778868586064,-0.015155146328876368,-0.08348912369060808,0.19707767840387666,0.08357671560548577,-0.1655312768583884,-0.07464675678110387,-0.005530864264146116,-0.04298049762744746,-0.17195398595360512,-0.02120646627501131,0.021727373610336168,-0.27933295039665984,0.10495092821636832,0.09681114477338972,-0.1608123782165822,-0.0537682288666428,0.13033575712182227,0.09944253436734225,0.18780353105286735,-0.29054640394611325,-0.02086705791681073,0.2098458398104679,-0.08159380614649156,0.21484518263608154,-0.15570170581182577,-0.24280568940983602,0.01228271669394439,0.07737120591927597,-0.21676377476808836,0.16486630722211992,0.1053735051923035,-0.07766290333472672,-0.019468738029818206,0.04757001201719289,0.04800864203781217,0.10008819481283018,0.054677408197743235,0.1422634373442604,-0.05922952183869793,0.006530661794448386,0.0013978910392541217,-0.04519789974280844,-0.07854655530883564,-0.08146394029493854,-0.04333431561767497,0.04401171947701451,-0.04060868162065117,-0.07470433858723215,-0.047770544672334075,-0.041514560389004515,0.04907032786755929,-0.07068228608353817,0.0742260130493276,-0.05577333175213013,0.005503163134458808,-0.0038926172554764795,-0.062423797455492785,-0.03262959527987891,0.052010171008250075,-0.056637245034043396,0.014342613444877885,0.07512609535127915,-0.0003093989103034845,0.02827613097808461,-0.055991356623399866,0.05193136185061498,0.041246507819184805,0.0005659053510017602,-0.031081709157766136,-0.06346736896510607,0.006557708152117757,0.019623540056601243,-0.0071146318122756146,0.026449463691715504,0.03397378397688013,-0.0813606889106292,-0.005716999158326505,-0.05680427737097826,-0.035549658890385846,0.0288535896774666,0.016589392760054424,0.06254667768489336,0.03861195986016548,0.014581025477584329,0.04572558405129655,0.04965734238296936,-0.01718182044846052,0.015576964929762153,0.07356699013718651,-0.003608682616572729,0.06262854649059789,-0.06168748489046435,0.01480215571300205,-0.05032118717087225,0.06164363302937905,-0.01809557433993925,-0.008337985251261126,-0.0008056810013073331,-0.021785993265871037,0.011492767911655793,-0.013320448519976831,-0.0026533110497461987,0.012622540578700419,0.0026278171550823005,-0.0023630913463891625,-0.0006309980629343747,0.0015826786475593845,0.006613556002274605,-0.0065601400076438846,0.004198707568475369,0.0015989775331407413,0.002588021477833701,-0.0027185697551905317,-0.0034083425773212446,0.00041646658516009713,-0.009468132191978593,-0.0033378443704918754,-0.008525742293076568,0.013139790083845526,0.011815450869348047,-0.000654271588237698,-0.000301175995711313,-0.0003365374028395142,-0.00035697859809588227,2
136,0.3330806506644579,0.13199599208354068,-0.015332506011187515,0.26038157006040896,0.17614851681471694,0.13477535571796118,-0.0674451419863843,0.06523176716313835,0.17021789251173927,0.04577192720645995,-0.01916490418375846,-0.05790913044421223,0.11981980980116051,-0.05132438421395849,-0.24241383154736482,0.18257464123317876,-0.15447224340210558,0.08302136833060535,0.05712844526470145,0.2297027651668706,-0.0037412784868664306,-0.25118515351129617,0.06662102909697616,-0.03680634260126892,-0.03766935525071395,0.08647481577089629,0.13959194164914843,0.007286172111976014,-0.011631846472777048,0.01353247097507851,-0.04375960947072116,-0.008692878266350693,-0.011487862593219697,0.04232075258801495,0.019358839381719523,0.08831778020596719,0.009354538899031583,-0.042244515159038806,0.05052848514568999,0.08913987384219138,0.021848674224371263,0.07322012089417113,0.02556076379961999,-0.07063991219420147,-0.025776254021688535,0.09635498020976281,-0.03815493734712473,0.024696096838873256,0.07080548289671933,0.10019399204989919,0.0003113813021701204,-0.023979120546355405,0.006116900570309646,0.03655828194105614,-0.047158219560355805,0.019997015573867453,0.03269840520126647,-0.06235338389376799,0.05643875164559681,0.034794099733852814,-0.024039509772288577,-0.012813321944421693,0.02370056013854227,-0.03650943232022819,0.07121294907433474,0.00473726114867153,0.10906406751774055,-0.05175721586217863,0.033294225568118445,-0.07680266649554221,0.026503154953103437,-0.02127343263186911,-0.04573115288310081,-0.02630084027331606,-0.01277791580935711,0.035855870052374936,0.01719008897533171,0.08347693874549221,-0.06153227027985572,-0.04063647353796132,0.02257319539900631,-0.0430302286495969,-0.09217659365685965,0.013350392845315539,0.014437183046340311,0.022837680929306582,0.06916099769828238,0.005918057972193573,-0.015277922096129498,0.010495750316919879,-0.1617303549843969,-0.002134944551366273,-0.06640329645301729,-0.04702142575141082,0.06122942826015946,0.011138952977119367,0.005284252053858261,0.004190500978289581,0.00903313565330725,0.007583990064695942,0.11251668057281068,0.03358641807659271,0.005051101177045353,0.021863283353193513,0.03645516857672233,0.02497765546759015,-0.011711184913379389,0.003014518822104591,0.01693103763201396,0.03241097739865513,-0.06685189907065438,0.06521828190686592,-0.09241813553355575,-0.12989470647404514,0.017829394186085947,0.0273887981887475,-0.024211157264493202,0.017773699699721892,-0.04626459440370027,0.0067722264088753235,-0.03398078817624466,-0.05915859134520351,-0.05258378999682103,0.005936270200931531,-0.008545175629604083,-0.002123818750919795,0.018649390551407883,0.03337217347017396,0.045901045910612705,-0.01565601080097633,0.0054617528366552055,-0.04788442817008345,-0.020432955246774548,0.05153560090002785,0.027399862224516375,-0.06842006080799354,-0.0077262692470856965,0.08462352277607788,-0.0004274886553844873,0.07582720096015609,-0.1780470687665912,0.04601047967359424,0.04689627125583236,0.12396643879900789,-0.15417513710569963,0.24162742093707884,-0.07018149592426268,-0.017988618271130248,-0.028459146979765378,0.029991363018320283,-0.01442040239657604,-0.0645270231732398,-0.04562399740041036,0.027495229771816204,0.002588718765673957,-0.01063532928755724,0.002623410326853906,-0.013056010991684179,0.004364960672520195,0.00012809709857131927,2
131,0.312608537266913,0.4061772527694427,-0.2453761377562098,-0.3260603591040422,0.34444001261054263,0.08197222660473626,-0.031245596284294318,-0.14950726015841695,0.030566634135787415,-0.1487709502354055,0.1170138431003532,-0.0304061546056933,-0.10774883782704134,0.00605095960079808,0.027276563083951523,0.014329361091293034,0.013251204554957999,-0.07547520590878433,-0.09274306176769682,-0.00468670052913831,-0.0006548683908733995,0.0651486391762835,-0.04029913700541543,0.006912779193416104,0.02206229763126446,-0.05881447280577791,0.01059441009165482,-0.022027599285155144,0.1327720087365728,-0.021976401334439667,0.03169028513123865,-0.062420861509096856,0.001027084348052107,0.03740934160958545,-0.032766705960594666,0.044055023911409565,-0.02189595892972609,-0.008395045457759024,-0.12750836063194623,-0.08981320303096871,0.0029220146639493223,0.010711927695251523,-0.03271207852688714,-0.013708941851228763,0.13360334433077958,-0.043076372435547794,0.053304627079708775,0.042230145578791074,-0.026115132329295423,-0.05052645252581333,-0.004158676720952294,-0.09024119257308107,-0.05449045164276857,0.05281087165993549,0.07538884385404017,0.013757619490411767,-0.02522323265961291,0.005429755864976997,-0.03343143374937657,-0.02114784032460861,0.06614558395116851,-0.02187593899517443,0.07578181735856494,-0.0071621326794078215,-0.06655729293346785,0.04035391089940093,-0.04401452257497349,-0.06206494392319985,-0.04697032570800443,-0.11716340426237586,-0.0021421289776479666,-0.005822531015269435,-0.07557654353016074,0.07666679165320275,-0.0433427590812589,0.019409247184218076,-0.01041567885484723,-0.024281349843292815,-0.05322718143678035,-0.008314636738210823,-0.030958805456107796,-0.018268516911495225,0.01188419067926374,-0.032417194237156735,-0.05632921510966298,-0.005137405576962129,0.021086456580307427,-0.03643413791571817,0.020373777698534504,-0.006823594598843582,0.005939669355842068,-0.032148556334174114,-0.0240301080445125,-0.031712790340730976,-0.01994533552437435,-0.048596857241679364,-0.0005599605996055765,0.02029691132586859,0.0016869939204307166,-0.040500034552749926,-0.018032823882948898,0.025304655072424985,-0.031225867828946458,-0.017530500346207404,-0.007067711954435082,-0.03451035929491919,-0.016236911070719912,-0.039659502295827716,0.044010637997096216,0.009441621461859822,0.007872840915191304,-0.01692864029385408,-0.042706149027302805,0.005676927115050626,-0.048406697717299677,-0.013239575520021418,-0.04212384843480605,0.01108506994584608,-0.02507924571318521,-0.06296004352093393,0.014758660087802095,-0.13776243915633488,-0.02778937360282394,0.06772816289238263,-0.0745645182669763,-0.0037160478238833887,-0.017843775333234974,-0.02568959297448517,-0.024763261087596924,-0.05428266520048714,-0.04213344586746354,-0.11018866697994704,-0.006821594995245849,-0.04860342484779045,-0.03400928945536649,-0.030896840545095332,0.02757429343056274,-0.007025591737880803,-0.0188626780269722,-0.008395069456951471,0.007426274347616494,-0.017029522492977265,-0.011671987125203677,0.03179976351914811,-0.0010900824925080817,-0.004632671159623,0.0012940321152421189,0.005832986148888325,0.0029828304216852224,-0.0017528911806803384,0.011876708999231454,-0.10078031147005523,-0.0779760250318704,0.06486844759084816,-0.00532907771214032,0.0011366152142710843,-0.003006758904839381,0.2777320103193566,0.007309195912958131,0.0007127321336517214,2
191,0.3438164084174388,0.42467497765922685,-0.24969303148281227,-0.3075279016215584,0.3297334230582412,0.06779730165897287,-0.02566209156063627,-0.07079181899433426,-0.0468677824126901,-0.13331805533884422,0.04187446489238314,-0.004052719992352397,-0.04919234429831828,-0.01393356082890281,0.036776396045825374,0.0015842089598970346,-0.020333780146941257,0.03367936652926531,0.021792279199306777,-0.0034140191196147503,0.03536336513853706,0.01834733968777609,-0.015202463613094647,-0.0010330246571409408,0.020326844466798603,-0.007410039757439342,0.042855570262104827,0.021483052259720126,-0.007065031026848688,-0.011721247910043286,-0.005873006345551132,-0.028929256956207943,-0.0069838456860293425,0.06605065627802491,0.0031451653207335032,0.005096045973712166,0.03026149718681241,-0.010558479412531291,0.030939116467436488,0.03739576320768912,-0.0022325373174528615,0.027756293572222233,0.004877023886175012,-0.009565852869039174,0.004661731444722607,-0.007760699998361213,-0.022375509266651016,0.04165123634004491,-0.018533695472776873,-0.001498379587061939,0.002609906071606405,-0.004716247275079203,0.007718965194114693,-0.001733654587176557,-0.06466758433012978,-0.004274102770404443,0.05190979433721071,0.0073885421805515,0.023425248799249832,-0.03994905225460446,-0.007824850239075103,0.055963274795542806,-0.0004700023425168005,0.02203559699483562,0.07021277195620078,-0.0160505100228593,0.026377575477786748,-0.003653611194230625,0.034003620247781946,0.007756807739075981,0.02029015943225777,0.006842523202860279,0.009712599929478,-0.015103856821445556,0.023604109805980173,-0.00904263290544976,0.011069367510692324,0.006273302472342794,-0.0022175204844022784,0.028925160313782852,-0.03674019319231294,-0.026532798504455626,-0.007007242639331117,0.02181761901051433,0.014079489540795255,0.030824181483008986,-0.013233027968051207,0.01403434075299955,-0.03194127969547966,-0.010279690854069842,0.014336701812209267,0.022900273458833935,-0.0031372478164309507,0.02438686951038166,0.014200890470026938,0.02730842930489464,-0.029840412903911744,-0.02425171367914787,0.011979134560323134,0.05678094126348528,0.020972164060463636,0.006630186976142219,0.03733568856139234,0.0032672173503260006,0.005796174082922058,-0.04480856392764519,0.021146403720183032,0.015389609742375814,-0.03499683410344718,-0.0215186655767391,0.00966374851883793,-0.056423879070478036,0.06357991618571379,0.021395987790849603,-0.009355427601415105,-0.005764147674330124,0.03467224012722274,0.05179848720094674,0.007879171864312196,0.03235189838062187,0.031141986140694047,0.12351154493864007,0.06527396096727753,-0.09544734111404643,0.09167698519763096,0.04166704698766641,0.01780395493829127,-0.05708238005639212,0.038547227295749116,-0.12591869604847658,0.11185395336507899,0.01778594202777158,-0.08699582568284772,-0.009282810076559008,-0.029724858405886685,0.053528857421828724,-0.014220089832083076,0.011187216540346951,-0.24885722206240735,-0.20215954708934214,0.016005855208761834,-0.23274221901505637,-0.0016804433235778854,0.2275596580909229,-0.04887273224114034,0.03823820294059812,0.019512233468264428,0.018419145148967413,-0.021109147560046622,0.09236292106333208,-0.021069595686843755,0.10156255583944249,0.06927467402263007,-0.046643983291488035,-0.01874837192407582,0.020559536948726715,-0.0014916787478804622,-0.02284518200297567,0.0031793382980036507,-0.000426029223432206,2
62,0.2222050940646281,-0.00363629752008225,0.060604055568510104,0.02489337278376156,-0.04569526748889836,-0.04402576013219557,0.02243113436792596,0.032513954491277565,-0.10675016071635489,-0.029610795748114493,0.1981275266777178,-0.03073665424647532,-0.009278304194183837,-0.016467742933727793,-0.04078839442911503,0.058873974670029194,-0.005393579852049996,-0.11351006688559614,-0.015751312149051514,-0.10746475422751729,0.051574676300417004,-0.06432770485718017,-0.011061113013927454,-0.06024558699835167,-0.11584698443939216,-0.04850468915413848,0.08239873243207342,-0.05960389592534819,-0.11826680049858529,-0.0956762420354364,-0.006044348371797403,0.011873926348147216,-0.07033151589580253,-0.017833956394788054,-0.008194687319597611,-0.048939395637394884,-0.024106960240774675,0.07480225564135806,-0.012190317157241769,0.0957624360207798,-0.053807832941437074,-0.054333422805213916,-0.07318865717128382,-0.27977459095966717,0.09900135301753235,-0.13635609943586297,-0.13945817067263228,-0.10076119724255714,-0.05757982035162429,0.13598415941483866,-0.0641167800717958,0.014911175704806687,-0.05829602046591709,0.09003350484581187,0.26479597030824864,0.16602353135774822,0.18791138396072393,0.062314902017843204,-0.0650654218085968,-0.1228205410097405,0.0052409310297000695,-0.006241688307691272,0.09877800858571856,-0.05496988377441224,0.16912510938372183,-0.19391375159886093,0.1756696259681535,0.07037388037263557,0.0030392747229383357,0.050355988249028656,-0.06547159948231229,0.06209659496801306,-0.007026374356648818,-0.06667057758050965,0.04421560604544103,-0.2836419211557651,0.005009771539808281,-0.050698632498510185,-0.25784225754002943,-0.005310031892006368,-0.04101386885264492,-0.13525229859911533,0.08364897515335601,0.008590639307747946,-0.0744521657964376,-0.23600090297452436,0.08341103549563474,0.0024933591819190524,0.03236789168642993,0.06916796383246998,-0.007081763078988067,-0.053336278814954896,0.06104660023763935,-0.08111461573890466,0.050977536703322016,-0.03404313069936483,0.014070550317574017,0.001787991838396894,-0.0030407656607572817,-0.01235556983028421,-0.08678546625489887,-0.019973518849686515,0.015033119603699414,0.018111115229255768,-0.029866332609987098,-0.05966724523563119,-0.0013892868332185545,-0.040309087249025245,-0.01848481233473209,-0.04858493647327275,-0.003978008479257285,0.020906631728898718,0.08102930856264948,0.005465308784762546,0.005022500201662655,0.024481451781366285,0.01977143549119691,0.026125936785490283,-0.00386055316298639,0.01969315041995256,0.012215071037869002,-0.008833855992051574,0.025836844899442424,-0.008970066530675481,-0.018191715202087927,-0.015232081937728934,-0.002730098730278719,0.009822539445885039,-0.0053864929381282345,0.021450520058411277,-0.008362940691514826,0.016579588895936154,0.024545202302906875,-0.031149062003673067,0.029950164825533896,0.011133835325687617,-0.016543505922649405,0.014832588623556027,0.0038651595574741354,-0.0016088178623414454,-0.011073264474659766,0.02159094903690509,-0.010285496645287696,-0.0017651619316844786,-0.004983600939350249,-0.0024275630501966803,0.015200536615184359,0.006860731016972646,-0.001750560935968259,0.007896676203084811,0.01198265065748832,0.0020968080324070626,-0.0029354224465443415,-0.005560196241754988,-0.01756986696897877,-0.002316624112763189,0.000311551740577787,-0.0036982613973496744,9.036585304202983e-05,-0.00010784787810547624,1
43,0.23494149110106824,-0.03593021718793341,0.13283805903887616,-0.02860999052884812,0.017041024890643776,-0.02419730309392762,-0.009741902464819057,-0.01738807446860119,-0.012040047657067315,-0.014367432017129672,-0.040402300121281036,-0.0072499952086455995,-0.04814802989702724,0.003945343307911842,0.03746001961725629,-0.015497963671382106,-0.04696591978889976,-0.08145369434399176,-0.07335320437111754,0.0014896318709631882,-0.004079685167198338,0.00865368406333331,-0.11140852696818461,-0.019686721037273733,0.06812823638965088,0.04862741384941698,-0.02353216732570877,0.07655362323370621,-0.05482246972995229,0.08308695485805745,0.07900341691186856,0.0210793853557014,0.09716894001442208,-0.0009520124192043413,0.030067018245474267,-0.04537138073425487,-0.032653302055800824,0.026634354269349594,-0.09735487561489918,0.06620661386554032,0.08040489692273198,-0.020909694156254117,-0.06493310503596741,-0.0524544652546615,0.12493901860798799,0.33678374641400854,-0.04185085691861415,0.08027346623962647,-0.11268362362609023,-0.10225140179357187,-0.0581964247602764,0.1284856701923422,0.2639814128195214,0.1916280687910096,0.03435032448166124,0.16181843603177817,-0.06104629423893154,0.3778698485983045,0.14162771137081914,0.17958006403343132,0.05052933999365245,-0.16160482463302775,-0.13815217439796615,0.04247854462245209,0.11057963997073633,-0.17746480740794512,-0.1302078282464815,-0.07213264283997076,0.019004018190976062,-0.10359476457769626,-0.04366550405913621,-0.05299618088403133,-0.051221142422110504,-0.03114134469115766,0.0027104906783927503,-0.05360308712878257,0.11381553560909625,0.12191862698643971,0.13395842132114794,-0.1613336305925073,0.010962169726904811,-0.007813955994024752,-0.052072931041704545,0.09647896383951901,-0.11093727128801163,0.097126780351408,0.03666642528829766,0.0608069465385677,-0.02874730658701318,0.016130798693101207,0.02474297242329645,-0.06212445974867872,0.026721444162726524,-0.08217716294238601,0.057267964845744236,-0.023887182056990034,-0.013009075513576211,0.08406921452818103,0.02403628114656896,-0.02747031004859664,-0.05550900958175521,0.03297129559911945,0.03832955976142301,-0.016500760816206984,-0.008312688578748525,-0.041284619017758185,-0.025689578686122497,-0.03243620446518729,0.06159995920584935,-0.0216775479660493,-0.021534543758327505,-0.01743340048462073,0.0574546268187254,-0.03524112187488606,-0.022573667876406342,-0.021155199852756757,-0.04677368617988205,0.010648268442979354,0.013809116862459978,-0.004049637048067136,0.019612368777842247,0.028838618804268884,0.030280649815727003,0.0077992090626933745,-0.030410318528398827,0.03809078632481833,0.03115864721113232,0.031754426888932895,-0.02879651531759829,0.007109860564670228,0.009549907892269713,0.025712836989300308,-0.019037207568621192,-0.006261746263441975,0.008329430866257143,0.01401588004886436,-0.011363387357970512,-0.003069457733680562,0.0025633490405234916,-0.01292163781593104,0.0016504269230403065,0.005823663870046735,0.006691997993228673,-0.007820965591467657,-0.00854814696157227,0.0016876163862506602,-0.000337866643991429,-0.0064690670146428444,-0.0023210549768542393,-0.0015287586590940734,-0.0022256933171795426,0.0010945115518784625,0.004340084124230624,0.0019084416630603693,-0.002527687050607391,0.0012232883169023558,-0.00034204556240475555,-0.0027193388562851413,0.00022589450192350724,-3.361596589335691e-05,1
66,0.1692381877939885,0.025287104406260752,-0.0050636083254617294,0.07668302650076374,-0.017661292070620553,-0.02697986103668679,-0.011188583124000825,-0.06949437082648605,-0.1046953836212192,-0.11459743900835637,-0.051369687735857976,-0.006766835062135694,0.20416461742016748,-0.09165362900534865,-0.004624443049286978,0.0138367250758589,0.05927240072869654,0.009353307046331647,-0.002788225128226909,-0.12642725078501627,-0.15771686258538212,0.04619844080815808,0.0005251120119464466,0.05419796393020919,-0.11745985587783034,-0.03527064105322281,-0.02735662062370305,0.0169926746409941,0.008865287065791982,0.00986748602784911,-0.06676062504364406,0.08487339306909342,0.02255400690478415,-0.05533655190158182,-0.01840657106420246,0.08264547326088015,0.07128678493944951,-0.032592957400693234,0.0013346680366581368,0.02076531260692075,-0.05184787294793193,-0.0026148426652439077,-0.026548630003167217,0.04665897883531474,0.07768407195670379,0.20066458637394077,-0.0551949510398541,-0.011372177731001125,0.21358751506543946,-0.022604095359128454,-0.0006599398668048562,-0.3502641677139585,0.011244037926166418,0.13538143199780436,0.0656525537037995,0.11393319118266135,0.048879334826247185,-0.05760862490685821,0.28276462583110656,-0.052071047411237074,-0.3276813997986194,0.12765765902306564,0.1162129984624654,0.19597976909324066,-0.010156540202229933,-0.07088883587241165,-0.1430831881287654,0.22313658112728993,-0.06373262613586907,0.0838106375662241,-0.09509855621757632,-0.11692192509337433,0.1295608210647663,0.10588679982272424,-0.06432012843519634,0.11173253752467133,-0.06035081878270859,0.001727579679706203,0.03144006632285659,-0.06830018555606004,-0.1441870956664497,-0.13782507357390786,0.0768627611285626,0.030676699479545905,0.048094887278832564,-0.02803950253197442,0.028755985025868118,0.01733768932620492,0.0007086539023933802,-0.011854169618596368,-0.03659095330774864,-0.07601017727379515,-0.07487048560167689,0.01808240085835622,0.04714450565612405,-0.054286603951772115,0.019655709439773118,0.015059864244469246,-0.028772233709167958,0.02656371819456821,0.011614722661816804,-0.02846614696691253,-0.03150467330765431,0.012629627764499359,0.017005330912902912,-0.00996858235134749,0.01581209817020089,-0.0019764257306078077,0.043035992334465575,0.00679088009835503,0.06288543175670439,0.014118667839028301,0.029462206242040174,0.0029947675186294985,0.010175277354758806,0.0039544204701127805,0.03004186329604619,-0.008700564870585573,0.004099159735947306,-0.06869320212347346,0.0053433007709489735,-0.02596295405615531,0.04752564138376929,-0.035361919139305274,0.0017351009966004006,0.02512887447328974,0.004677949117082709,2.056557015479133e-06,0.035352520248938604,-0.01291440257034133,-0.00027187997391543066,0.0012422841397882463,-0.013929014208272628,0.001211257345147531,-0.018925534459653105,0.018721582504475625,-0.0005052494733427833,-0.007220790676023913,-0.00018106213815066973,0.0229318270784344,0.007026064108962346,0.008259782328604916,-0.008155122621076342,-0.005706386702773484,0.04309195122714022,-0.0002501210350145237,-0.05848560171356835,0.007219234606912136,-0.0014298481023255628,0.005956680552635972,-0.0018192665939974315,0.001130100320509612,0.0020458170436572724,0.0006341744539231189,-0.002136935446526638,0.006938894700406467,-0.001032058342888639,0.0017195683125574368,0.00033927493422380105,0.000310041180820728,1
185,0.29668430204947294,0.19230919613659844,-0.04115582099337287,-0.1042018775922958,-0.06782698843489587,0.07272390451486338,-0.017060897781369388,0.31607843126898016,-0.08614095606217079,0.21090761418897483,-0.07370829898036163,0.021039572210406584,0.18874113824005895,0.04406369201636543,0.032542585084066926,-0.1290239466596833,0.026411521020027015,0.002286555216427152,0.09188036746770976,0.0014556765229248288,0.00890524708161973,-0.04442503142148787,0.03334754986571988,0.09039241865684589,-0.042463820461674975,-0.00885913603195113,-0.06056584811065685,0.01653640539002378,-0.1682503056686774,-0.032166377130528924,0.02724351304820698,-0.05746357951192983,0.04884903791700225,-0.12984192308925344,-0.09198940218506328,0.10323606357391986,-0.022203251349538888,0.09238560454311194,-0.12369241563665918,-0.17609971992916357,-0.008308250032610319,-0.0015516645081707853,0.15954048191185222,0.0207128798675472,-0.006001803528896628,-0.00013262104261345305,0.01756174878401098,-0.04861098066712938,-0.09795511958514536,0.03811045786832032,-0.0548338408954033,0.037784735424053674,0.002829274531253918,-0.0381893182976659,0.05254216312466502,-0.07650205181691648,0.02806931304916528,0.060171945650726505,-0.0013135057728270408,0.012247264881771963,0.028080607108129315,-0.005902996764770479,0.02009481291678563,-0.03707939655064262,-0.05732034919237617,-0.04643210796936018,-0.008360580275675062,0.10557247975732781,0.029851835658709126,-0.010181266445504777,0.013294910487343376,-0.05699187448590444,0.02793180352807586,-0.04227131234205216,-0.011799909947348346,-0.008957989032644133,0.11771195758000007,-0.07966659151333556,0.0022342476219202336,0.04419863673309032,-0.01844308890698038,-0.01672717771567436,0.007524738685882166,0.0015845755427788613,-0.0051300388702405315,-0.013393765029525854,-0.08869970475043942,0.01413821138164316,-0.1258332761464574,-0.09114349554634342,-0.00730413798254323,-0.0494254174420844,0.010313814421084058,0.032688758623856305,0.010021287857420345,-0.05853421310394194,0.08771099210101069,-0.005563918357257447,-0.05498089467283135,-0.04188088193908044,-0.06995204335468329,-0.002225988598714223,-0.01872582792691624,-0.0411600892135889,-0.019322982965359704,-0.06753956818659679,0.03428750574364753,0.0516752153859217,0.08479381733302269,0.1157875311235146,0.006404463162784261,-0.03838639543306501,-0.13745434642393858,-0.10988562406112817,-0.06281069385145031,0.10234712035482421,-0.20926888580235475,-0.05060078322065887,-0.13397528238784379,0.10663917804079252,-0.07704064868647441,-0.1971492338220881,0.2787107713862019,-0.08229556869252523,0.051743304257084344,0.01682397467990274,0.07012677367991774,-0.0674221188911379,0.08674372305003036,0.027202889192583617,-0.017505711348763713,-0.0008738552125581948,0.041276057234095456,0.06843409631535251,0.036772764843658115,-0.028213351312486194,0.024903875744517787,0.013037911711063305,0.005072835804436578,-0.06050171230837896,-0.0034213096697561377,-0.006487875116107862,0.004419044324317889,0.03370903962721916,0.023741923579499342,0.002155710314197778,0.002053182941464465,-0.002060322195015352,0.027011031182762584,-0.023470486097164487,0.0010542562248092651,0.012623899985513824,0.007860829347046946,-0.014684402350717355,0.0038762420178978818,-0.002569081964792827,-0.00277786439076488,-0.0034395349163947103,0.0015227138640677002,-0.0001364812284739207,2
130,0.3309318150079547,0.3352947790538608,-0.2151924152249702,-0.23311763415736028,0.2609456407229426,0.00017457134463328317,0.00849190722878928,-0.1903348741158453,0.11777116156991646,-0.12730151723088287,0.050047056657353456,-0.007597178965807587,-0.01912010196388785,0.04358281738680711,-0.03572893955221755,-0.008375780018054193,0.009692915745051196,0.06243901050801599,0.05048986381594883,0.03964145199145948,-0.010130072393752925,-0.010787981739166928,0.04124481550607958,-0.03213411276343746,-0.027369480709853046,0.10212197955358453,-0.07809595047427859,0.011234850522131704,-0.12501953344853303,0.05325813819902658,-0.04725943926338583,0.0718000422587422,0.00934342823840715,-0.08200342877623888,0.022641965417888984,-0.05086190174220787,0.04253022665660543,-0.0014014027385204231,0.20968681380180232,0.10559800252676596,-0.03828998172506162,-0.04922126121158104,-0.0214493633824565,0.04325234581581853,-0.14654744402801742,0.017260519639249617,0.004746931212089726,-0.05069537379664965,-0.01769626074312612,0.07831796650169932,0.008570430632984585,0.10844695229989498,0.043391446009034676,-0.009491451332018105,-0.08692324025213015,-0.06685724002841446,0.05057297693558236,-0.00032795226561365255,0.06596961857156604,0.06629350870683996,-0.08925709931821023,-0.016510046343893796,-0.07102055543043603,-0.012319559346085068,0.05700123694564845,-0.08259187177699398,0.06371821525890144,0.05957608123191561,0.021545376361333187,0.12341670234292906,0.03294086883501698,0.0026818703765486953,0.06311580442998932,-0.07684465419682586,0.05182992629102397,-0.03223872619987299,-0.047550191605901834,0.03457198569007323,0.09368014210814656,-0.0002631698721114635,0.04283730125266555,0.015137526006844992,-0.0003476480883400682,0.12226929610325535,0.039834248568493165,-0.04369631701783308,-0.006635443908216156,0.017503452702524975,0.05438351416393782,-0.002638258763818517,-0.03195382646552596,0.023251744963969905,0.034303034561441285,-0.0020190943648584537,0.008621271576894851,0.030175346422389147,0.029581536438187474,0.033089663044795735,-0.03996704567577743,0.01634045829230932,0.016205531246827515,-0.019502952795863473,-0.019238828984597698,0.032352631854506035,-0.022222020471702908,0.004773006759545544,-0.03736576028729876,-0.03354696243198245,-0.006291205738969664,0.02098746553702147,-0.008741925652670115,0.0075846399823553574,-0.00940359346772246,0.042653700725661874,0.06833999239512595,0.04228549696300253,-0.06471816278615669,-0.05835783339790063,-0.057635407626067406,-0.08236708882721645,0.001868986928850217,-0.14925388478361984,-0.03469602386239565,0.03989697691020875,-0.07521369190880155,-0.06769244708062583,-0.06325547779725,0.09319896750017445,-0.030511624389589646,0.09577755583218803,-0.1357683347346276,0.06405776120626124,0.05575044425861922,0.040575485339926304,0.05313326646967142,0.01586226715443912,0.06894127913603541,-0.014414644140541676,-0.10348871466617919,-0.06324800721498447,0.07308819690907535,-0.0748847056017194,-0.012413614654002307,0.006015464086557261,0.08380687449628121,-0.1007686525451396,0.013123720392541128,0.0315819411921179,0.009767590737803413,0.012020172672701307,0.016901968264097955,-0.1743556524123776,-0.13779687961102133,0.10271675624136671,-0.027583297943275888,-0.014528978531946691,0.008134508149357834,-0.07326815867050993,-0.0038632125445098925,-0.0005000264664447181,2
69,0.1444179228763042,-0.15676355478797108,-0.0845701636240281,-0.028123556009231145,0.01532903957986101,0.15741926305361692,0.4309288974089537,-0.029414469602852305,-0.01866480839539932,-0.000844428504402544,-0.03420860898002105,-0.016127571015918298,0.00589656826596665,-0.002297852263845327,-0.007821402733361392,0.020277666958350857,0.00852482786294121,0.02064639798565946,-0.013995292769800119,0.02061764612250742,-0.013080589348758593,-0.02012104550495957,0.0044567782338917235,0.008452258491211808,0.019936548514827793,-0.0049662968326351035,-0.03783472731525102,-0.003228325423570146,0.004630960830671635,0.0494067294391397,-0.011456147981238049,-0.03851586066810786,-0.24242835450503358,0.012321368279689753,0.426057080516554,0.27006705941481324,0.04914495071588767,0.13690678766709347,0.07105616664059863,-0.1258445795571049,0.008835713795740429,-0.13685472529980108,0.007781875846296778,0.024094128276154928,0.03338622360169616,-0.036001389960615506,-0.06824102592624075,-0.00996506788896016,0.037499977167238616,-0.020226793960294316,0.07190085166897699,0.01740191746101958,0.04177117554841801,0.08667832878103494,-0.029456424042108513,0.035798123608054684,-0.02738540866205428,-0.02278823277706308,0.008318163817780192,0.01979115847470076,0.014563399778829,-0.014260714936867957,-0.03767494167116955,-0.027839616162482806,0.0254656415556419,0.0015777992687620714,-0.030381550287886236,-0.02623402358059006,0.032084689003479,-0.03380258889755719,0.024566590635486565,-0.00508506237867979,0.044086431128109185,0.0593648816747019,0.014819814117344059,-0.009071990271861556,0.03597640366743816,-0.0863761405967967,0.03740629183201301,-0.12852332035966593,-0.06500584338983348,0.027234072392839814,0.07363821445503059,0.029003162330779337,0.050347823003266685,-0.08026681715395395,0.014810061959573366,-0.08653882856536652,-0.0009706859452657309,-0.05908589641840034,0.06365880184621393,-0.0681140490889074,0.0799070468681627,0.007306054742979853,-0.04553262047099217,-0.007993688808062534,0.06339206459270473,-0.13723110510118777,0.03524658590551718,-0.0018732450490912115,-0.003966356924410134,0.09387098579833648,0.0713352640304899,0.04471214619389251,-0.010605053796975503,-0.03758276940533579,-0.026673318839065225,0.023483662294311397,-0.03324151461699536,-0.08323127975689464,-0.015085688211297056,0.05411890758357168,-0.03329517614463077,0.035992523151763815,0.05997153202428562,0.08248015216502647,-0.02480640759147742,0.04127133913121336,0.029008329274227224,0.08252326981954945,0.025914616388213546,-0.09661728553362062,-0.08291100643704617,0.07085595572760042,0.18587046334302157,0.23339581723449834,-0.01831598471633061,-0.0031001327979949945,-0.06914150648861543,0.07694124187883856,-0.02670596547690769,0.014352806947779486,-0.03679283053603933,-0.0293430734201225,0.019895175425174504,-0.055763757301512444,0.034856334177166284,-0.003252671563424824,-0.008423060031600276,0.00552491777356836,0.05651665430926219,0.010234304915568856,0.05804195704516532,0.02255156338833266,-0.010418047651505275,0.029033358062480537,0.01026574195119284,0.08277665863612386,-0.01079931777900119,-0.03357679394206713,-0.1020896398950781,-0.0015746239494489743,0.006459595460156549,0.0004953593537219126,-0.01314308809988578,0.0060417859602458586,-0.007562877712344267,0.0016965792207750347,-0.00014293388374446214,-0.00013865017869443266,1
18,0.20827026876882876,-0.0725272979080788,0.06256165874960698,-0.027374092191275727,0.01375028191426408,-0.0006332208568671789,-0.007070780596533532,-0.0008936620223302034,-0.03241469324774699,-0.009566018335071123,0.12763121303338265,0.12327255866992985,0.06243667029254473,-0.01766638320731358,0.03871717760412202,-0.00798108997707193,-0.039575284192420464,-0.035454469177639114,-0.10170287294637279,-0.002022079251682806,-0.06992290713268143,0.013135830756588633,-0.15636747529421907,0.041191717604045684,-0.23463131516249586,0.06232454113963755,0.07000838848877303,0.336432903215272,-0.010923179450554252,-0.16903282332210345,-0.14620600972028241,-0.1426780729640798,0.03421912166704005,-0.023181698280404398,0.15307629930756206,-0.18926403627628421,-0.18951689908255948,0.05635943302841065,0.0764425266384595,-0.14323135734946613,-0.12456200495680149,0.025398487397473492,0.03137009743191984,-0.048258615178582126,-0.012698148709933889,-0.06342769917005021,0.07893280866098468,0.07367444529447657,0.05917254349671272,0.040844555717574595,-0.0550981678143981,-0.06823610796427558,-0.018841999597785267,0.07370546300966983,-0.0814982345743906,0.06894805841982293,0.01151049183852294,0.01955773794127787,-0.015195851641101495,-0.04669188096169485,-0.0001290773624355795,-0.022327565350781682,0.041637919838801295,0.011093867215497785,-0.1043215120310425,-0.07274024269333888,0.0325575251376919,-0.010513080807927393,-0.004962549331448574,-0.010627831189573674,0.025325501069005926,-0.09042971036937221,-0.019735248834778747,0.009861399294894171,-0.026582708314577083,-0.11329769275481107,-0.0037688418777667024,0.03779508762634416,-0.04599336551182428,-0.16687097931293698,0.0403424831032025,0.1877783339269154,-0.031937425780707504,0.008180289856020475,0.07645417071592835,0.01838898463645786,-0.13285379068649814,0.038808650927507085,-0.05833835709119372,0.18440551740752453,-0.030526248810677642,0.11558442741614426,0.012178841889435443,0.21526065928048288,-0.0202935173586201,0.09980123536277226,0.20616030694783774,0.2222852569609704,0.06713559816880808,0.03354044384072579,0.14465010447216448,0.11399726124847873,-0.03571832446464309,0.09293141412400097,0.019633456394628122,0.014086613434475134,0.12394633718500386,0.019146920431110638,-0.02035155567202662,-0.01666389278698751,-0.002987578341823699,-0.03887918865396082,0.06579249089754281,-0.004189602153098104,-0.02092577946508529,-0.049370265661455616,-0.022971733241983174,0.005500300964399909,0.006496019994628029,0.026510008841790594,-0.0022661406453676294,-0.033189116998857494,0.021429032760466735,0.004388969318965227,0.0258755311089598,0.03592724011715893,0.0039284418755643315,-0.0005480756772665118,-0.02106001387326493,-0.03445966772547978,-0.004013073949517083,0.0032283206039936795,0.002583825849693547,-0.00026848121917509517,-0.024702012316299485,0.0026201070778946217,-0.015539621999178849,-0.0044709741042603165,0.0032642909900111178,0.01251416368530003,-0.004441030544993953,0.007640246837486443,-0.009572831510036149,-0.006510573577280205,0.0005042271776749801,-0.008680532731441079,-0.0014255309773735106,-0.004274124913430642,0.013225001247355296,-0.000772053298748463,0.009461893673517368,-0.011274909562275354,-0.011668525609089365,0.003855399517557677,-0.00037793920802189473,0.003202397783934702,0.0018446571159344732,0.00176281340760533,0.0005179397958562535,0.00020955030817540379,1
168,0.135611714350126,0.031214265391398495,0.007349598259972493,-0.007123904236534034,-0.21647951709798133,0.10422583753198505,0.05582437573320751,0.31037167337921956,0.42126698892796693,-0.34379722139080926,0.07836573151549639,-0.07475091975656264,0.005570495004585788,0.008154941692212645,-0.01191506514074569,-0.03291361043752477,-0.1320005569979554,0.2049513785264159,-0.28135931730088115,-0.24092265506013394,0.045573464836071505,0.22496347011949738,0.10707167461595028,-0.09692555034613339,-0.024633092456663494,-0.06199431705832689,0.0669379910766105,-0.04509853667410225,-0.1040932719512342,-0.044623569043264824,0.03062963247728892,-0.03188181604668671,0.05265934285758429,0.05318182252820097,0.011203296774784204,0.052116596573993444,0.01952073038896631,0.009665950995857944,-0.005802007456743091,0.028103205429421286,0.03933673828667479,0.0016373705713755094,0.04050687364746842,-0.039835889946128286,0.0451762507475474,-0.03605956821545922,0.06379335380596397,0.028924380135385185,0.0010054761292306446,0.024795960121937594,-0.016912508852613306,-0.01366481184361498,0.024985419734042693,-0.06290581919041141,-0.019151665315923536,0.04470646890807585,0.00042921587688408546,-0.054773898711022076,0.05790247444180941,-0.017629739207414327,0.014253689409371455,0.016102385730649944,-0.044013888979017764,0.019146872302124838,0.043135476255370314,-0.042038184858902136,0.034506378062404024,0.007623195809308695,0.018554016292810605,-0.009585536950676786,-0.01951562069552868,0.0070973788271204985,-0.01798259363783693,0.0056533575257531835,-0.0053734534685512024,-0.006062221981473778,0.02078587627338908,0.017128483667411366,0.028461503619176577,-0.001207403075580858,0.035701612840390085,0.0016543671609965042,0.006466451018044451,0.003030667740883112,0.018738739164629144,0.007895444142838796,0.013081537053594992,0.03847058230830583,0.007600285724774012,-0.008414463468332908,-0.012498454788326743,0.01623304162755722,0.010977252875650906,0.030500313736132132,-0.049913396277386377,0.050002433918702766,-0.020711623431785304,0.018721419531395552,-0.005600126801362073,0.004602926401845784,-0.013431586687601403,0.008840677783779512,0.012191672878353066,-0.01633707068579095,0.011798763322044527,0.016677273112615028,0.026741373878333117,-0.027119464455879896,0.0781357549196196,0.05468632971215438,-0.00023840191795991916,0.020245921409385144,-0.031175753689114134,-0.07279167613979297,0.030857006528602286,0.08550949264683778,-0.008157640826357324,-0.008940358634834276,0.03675150783266401,0.024175479949502587,0.03342293591088967,0.034728091442682886,-0.003856089698415364,0.017166704472433025,-0.028074702666251207,0.01250159526298978,-0.030170988697143655,0.006985473666893563,0.0005871330610627435,-0.006569916703264629,-0.016935209506987157,-0.03373997655346739,-0.02278427143185333,-0.013598209058207113,0.014943253040995365,-6.393509743375506e-05,-0.0061400095387574944,0.002967044673800082,-0.0005525452062428402,0.0038984127477296156,0.014568832351688933,-0.01669896090830432,-0.0002098227994417762,0.000944547605602709,0.010780025441048363,-0.02575461295367315,-0.005636433275416835,0.0006448473854438568,0.006187640936493124,0.0023429329165272116,-0.0191622818583046,-0.048074693691020305,-0.09045091572868233,-0.14231694577131196,0.16634203146454649,0.21652475986553388,-0.13135904231613107,-0.00624001303590397,0.0002137620256884034,-0.0009303160571268948,2
182,0.3161290486352578,0.0897070289899428,0.02680807136273527,0.016310659868279613,-0.09605711000363482,-0.07595714025235298,0.024194758363142728,-0.011580945730235333,-0.03162170072639685,0.06664063726562648,-0.032957594999832515,0.05111913669674155,-0.09750937872340971,-0.024481507121617528,-0.04999666362219881,0.03209214567542927,0.049547734189459486,-0.08201800692928204,-0.21571668087288015,0.051593834204295294,-0.045019848163549196,-0.010789902905313023,-0.0833206364536136,0.14547101604053622,-0.07496859131018119,-0.009982779225792448,-0.18728359847863874,-0.07242299399563329,0.0865753747779429,-0.0577492284913505,0.06720115763598622,-0.19201129421392882,0.0868953096468416,0.09788790051924266,0.037321698283400304,0.05653662564578912,-0.05933406475525968,-0.00957645069833396,-0.07200246912969122,0.1086135875043738,0.037314151642744174,0.028639274784908124,0.07071281468737169,-0.23833800203372763,-0.07070116893635695,0.01625687857743545,-0.03233949466288841,-0.0072630764794502055,-0.08884011918166614,0.09983095023894116,0.11754675819418026,-0.02843680981438348,0.05434926644018853,0.09070254827859445,-0.004617686031581247,-0.09870033370755539,-0.1031763957371112,0.026650665380864497,-0.030324853477079774,-0.07379666371550236,0.0015630351420811146,-0.0843383578206447,-0.01577256846273821,-0.09164449526664775,-0.07536330816948399,-0.0007715033764142008,0.002146601888079963,0.10345305006615646,0.07141385116184881,0.082698136162805,-0.1875153437367199,-0.009995505115575383,-0.04244637859694908,-0.04366005429167555,-0.013643250903684241,0.138920367184192,-0.028318052425296968,0.15094389493745264,0.004039753577579851,0.0419404905419008,0.022203178764179914,-0.10100374775672717,-0.08919539672198477,0.017455410763860927,-0.06528238737700197,0.01103074480704388,0.1020748594537759,-0.1446732223466355,-0.02278108127719585,-0.004943993987115487,0.007359728504395858,0.007400502042902098,0.03861361038354609,0.1434400311287008,0.08553148548189185,0.039234498060304025,0.04113006208080897,-0.22096484131903454,-0.09085678672094041,0.35099787448820685,0.1286144616498326,-0.009042287149543133,0.025598185658505607,-0.0456891137912169,-0.030035449801850616,-0.04523876277099192,0.12974408431181764,-0.03546724258360305,0.009661121861872863,0.08131095185526764,0.03904505434134767,0.04109282759906835,0.05246655122292363,0.06466390565795319,-0.04592838564664548,-0.0034088902824874322,-0.048987503409228604,-0.07685508769716669,0.05523288671347704,0.07631811789149048,0.04737408669871746,-0.0079958780029149,-0.02009195289160911,-0.0011307800375164965,-0.027404896262398958,-0.0038562550941069356,-0.041006224074021325,-0.01594746555892132,-0.0010548603601190703,0.018574682801363054,-0.0068981432176131174,0.012842572061101086,0.0069277083944091055,0.010508918180230345,0.0019033451622704335,-0.027309321369189427,0.008854408599596337,-0.0017116017595763546,-0.008196283757831444,0.011078286089415617,0.02012244826028397,0.012719511138159112,-0.004795363899608277,-0.017172063394935846,-0.003492990822182546,-0.01823007203936467,0.005836519038811614,0.003711254634611169,-0.011708379679527701,0.0173588796867261,0.002240316283499578,-0.006453129940349696,0.0010259778024253718,0.010704954137637931,0.008478909460612288,0.002565717167862825,0.0007674118077743266,0.001633867249644014,0.0009565127924032404,-3.5042694185201395e-05,2
152,0.2093405355859594,0.03718602563439771,0.02797039522083402,0.015921215949810573,-0.11822686342511689,-0.03558098394747769,0.020098537536795958,0.07665431664580478,0.04259774918385121,-0.05833554266437475,-0.04041030111781023,-0.018861325321481527,-0.01949421694625923,-0.012801923259251181,-0.017813954393137047,-0.049365240772851905,-0.08440170048187745,-0.03423389924738357,-0.027711858064128812,0.013128114942033892,-0.008719999633325384,-0.011754681204876377,-0.1505076918877551,-0.05859106226853513,0.060806990017070586,-0.09572526464725108,-0.02709534187935926,0.025328464196524764,0.12185399979202549,0.014566859288785724,-0.025862444246327627,0.042100793540421656,-0.12548508975126305,-0.10056950506604023,-0.08510128837642199,-0.11127968972896135,-0.026938430291349683,0.031168515596056597,0.006205529756595807,-0.007247648037124806,-0.028342897802062228,0.16090224409845805,-0.29799749139660514,0.1901631005333491,0.1596776537597471,-0.13628964163539012,-0.11216426708387343,-0.20715545676211905,-0.17119714669850636,-0.19671801406501457,0.2371573941524102,-0.0016521294863174644,0.03382569305228676,0.14458441307812822,-0.11332537430114324,-0.025438690767176052,0.18494140609797444,0.0007501409632912774,-0.004903640176199474,0.24761322524567797,0.003019169195220185,0.10433874252041944,-0.09151723173846148,-0.1244788912366891,0.01810103111799978,0.03607408010954535,0.18488408580496613,0.1672329446941337,0.006492864521155565,-0.021607530951838278,-0.015480025978248364,-0.022874217263029652,0.01896563906837744,0.08358148947649538,-0.027067483789246893,0.1735265750826668,-0.019151917956027997,0.02900615604348848,0.030711309568555396,-0.020552270656604865,-0.016814236097202246,-0.008879905428375882,0.07743551097134836,-0.03253792118251277,-0.113849640283003,-0.058508447183459926,-0.021787080506862542,-0.03510143453116657,0.0021049264795416083,0.1924065649634124,-0.11586015810087985,0.051385848264279256,0.044590091118628876,-0.005953413143355205,-0.08504138383703291,0.011742162055315728,0.06542899476165047,-0.007553118993995224,-0.04935546649110176,0.03533056122920991,-0.002870589850152666,-0.05393471857206667,0.004794111875542781,0.1308081678944956,-0.03767253911161293,-0.05720914369244515,0.0450278493233919,0.03822739778389446,0.06558382405308769,0.01753371259337955,-0.057446453574988184,-0.006121585221301042,-0.07661057477848555,-0.08780105129431107,-0.021246288819784267,0.060073329220024535,0.007216482143536874,-0.023921598331690597,-0.004828611735607792,0.02910426920097475,0.03051855973695869,0.03941539343262096,0.004519355873264777,-0.04519902483102644,-0.021836069794908895,0.016430510406568677,0.004355118061980147,-0.01818548652196042,-0.01368264131097511,0.0007103431947580426,-0.00046626874608836827,-0.00205098327959123,-0.040093320050762105,-0.009932326593705392,-0.0006197017412804418,0.02025345154986645,0.006136657175215411,0.0128286087160075,0.015903767770625556,-0.0010028940932777165,0.00360732021588936,0.0006077872447766398,-0.0023610446081218034,0.008917092849162124,-0.006077187142070341,-0.002153581555478112,0.0017744866452659674,-0.002307118076930569,0.0007904019266954684,-0.0027809723463243976,-0.0053369181284514,0.0011722011927939799,0.002923002628002193,0.001322160186250942,0.002251447206487577,-0.008952614093642283,0.005456924830330283,-0.0007350814972482425,0.0007862478022281846,-9.620600703624457e-05,2
106,0.2165559391026445,0.07365110285473797,-0.0007020337490293502,0.004675298178123737,-0.15157766648795445,-0.12864541824399695,0.06774291819831008,-0.028306147963743394,0.051718310831647143,0.03142511740437938,-0.04760449304286556,-0.046104539455376146,0.07395661985030619,0.05848733217512944,0.03599105430999024,-0.060033505283685805,-0.1333554520392945,-0.031942402201679015,0.058940132726607475,-0.11038260711167083,-0.032685825704766275,-0.025900724873632257,-0.035341603913108345,-0.0034599385504467117,0.15958983253413175,0.04918184703177478,0.0071612624500587575,0.14001095028228458,0.2955321739138839,0.01658261209718146,0.09440056984747759,0.04728359998042044,-0.1278350510092339,0.13602859817202556,-0.02351552483457937,-0.10230926692055564,0.06240031486184713,-0.019477409104796523,-0.11475581167558907,-0.12900689995149248,0.08186552666768328,-0.11127729864888547,-0.12937031091964848,0.017669550605373993,-0.18630598467308473,0.012922337802119458,-0.2100106692776492,0.041420269457173,-0.05960488987521637,0.22076058475447694,-0.08215476702066284,-0.047524076744602836,-0.035147007128644006,0.015612812755870993,-0.10060402016581083,0.0948031511626109,-0.013450344306210817,-0.09297489708416647,-0.023454284875619007,-0.06181761602459319,-0.15645435461936252,-0.19618546926261107,0.05055527317555103,0.11663568824048139,0.02773863682628834,0.003136014668637825,-0.014840226265303662,-0.10829252748697517,-0.21671466028313738,-0.009415872546968001,0.013886736227132882,0.09592923196859143,-0.03741470485438537,-0.061729492549031574,0.0374289267393017,0.013628705343275399,-0.02182524183114888,0.08601369098068307,0.04775240928867586,0.03798608728955143,0.03829080243202703,-0.04934833048296315,0.046409896120690415,0.05877828500922242,-0.07215892313722035,-0.06965066267881283,0.02427526471916543,0.007125928790784775,-0.19006981783785437,0.04301985315305143,0.06757023599502535,0.043282741752372414,0.1571034967487352,-0.06290018566976399,-0.14147766962528477,0.055193322982096456,0.10955727765754658,-0.028029204233461995,-0.05947440108707289,-0.0031700598993250843,0.029423591113084083,-0.08547443846060267,-0.05690631992165639,-0.009533362758077178,0.10430538331215941,0.07350829937717138,0.03700850609746074,-0.020266845249612316,0.09328899605096133,0.04420058466752132,-0.027508803794264125,0.05404236087425597,-0.010103408022070357,0.004090544151539257,0.04353561124289221,0.04132825602534292,-0.014096505803933769,0.020040318849460847,-0.041427994803045085,-0.051113572530090176,0.008287727911837956,-0.010957653124178852,0.020024721301540885,0.08930147937273553,0.06949866732277554,-0.05222601069249381,0.15754521773797173,-0.05112412448354941,0.055419328465974416,-0.012632350154342869,0.0007257012966334389,0.041311304145024604,0.00034158579321053544,0.01283909963433127,0.009852485393986823,0.017016544124660263,-0.01240118573040068,-0.0043310544223253995,0.022253291910292076,-0.01909147973634038,0.010920183803890508,-0.03432180625504146,0.00655939785861383,0.00971098574879095,-0.02405202640152903,-0.001987187114967919,0.020735125054988222,-0.0014887517922606052,0.02063265749566562,0.0040305680410079574,-0.0024290078995055035,-0.004437755501544581,-0.01293802835350082,0.004292526937551907,0.00793920979914405,0.01011017178072946,-0.0005287953859449399,0.0032188112288380594,0.0022670587868113697,0.0003244408008845302,2
