ID,PC1,PC2,PC3,PC4,PC5,PC6,PC7,PC8,PC9,PC10,PC11,PC12,PC13,PC14,PC15,PC16,PC17,PC18,PC19,PC20,PC21,PC22,PC23,PC24,PC25,PC26,PC27,PC28,PC29,PC30,PC31,PC32,PC33,PC34,PC35,PC36,PC37,PC38,PC39,PC40,PC41,PC42,PC43,PC44,PC45,PC46,PC47,PC48,PC49,PC50,PC51,PC52,PC53,PC54,PC55,PC56,PC57,PC58,PC59,PC60,PC61,PC62,PC63,PC64,PC65,PC66,PC67,PC68,PC69,PC70,PC71,PC72,PC73,PC74,PC75,PC76,PC77,PC78,PC79,PC80,PC81,PC82,PC83,PC84,PC85,PC86,PC87,PC88,PC89,PC90,PC91,PC92,PC93,PC94,PC95,PC96,PC97,PC98,PC99,PC100,PC101,PC102,PC103,PC104,PC105,PC106,PC107,PC108,PC109,PC110,PC111,PC112,PC113,PC114,PC115,PC116,PC117,PC118,PC119,PC120,PC121,PC122,PC123,PC124,PC125,PC126,PC127,PC128,PC129,PC130,PC131,PC132,PC133,PC134,PC135,PC136,PC137,PC138,PC139,PC140,PC141,PC142,PC143,PC144,PC145,PC146,PC147,PC148,PC149,PC150,PC151,PC152,PC153,PC154,PC155,PC156,PC157,PC158,PC159,PC160,Label
55,-0.05168024423556711,-0.008777424924747989,0.3539720665065435,0.10772408696317283,0.0728450700966934,0.09019159017606224,0.04486196789457727,0.10734038404639344,0.010787755836544191,0.10798404808787415,0.03450741136637324,-0.1283472371029829,0.0454592817969921,0.030071070551945613,0.10259842166624918,0.03523108917415961,0.004190732121417646,0.03513251528304713,-0.09986729517164973,0.01606117062192933,0.09785932160944215,-0.07012198384176868,0.040747645170579064,-0.07402532760340068,-0.02529784115518956,-0.09387234431157943,-0.022967581905493594,0.03453857845762729,0.020772342428900147,0.0137242691700314,0.06003995656322996,-0.022960449401901832,0.011955668604170506,-0.03856385966960073,-0.003626658768956407,0.059448647646298716,-0.051243565387683265,0.03396568755388523,0.14624934112464183,-0.018846929239307957,0.2108278388703021,0.0883252997504929,-0.03294267303573316,-0.03511104167180376,0.0006042967728651737,-0.027462280023411865,-0.06997055033136078,0.11571203284786855,-0.0635606126976845,0.16632454240764816,0.1437667275164213,0.13304444495797899,0.03289250022320794,0.0034466433857037997,0.09939917434168812,0.06936028190048792,0.0028609757004968896,0.04563793924778188,0.026091173763012745,0.0271101309550992,-0.029845741073351858,-0.02617882130300715,0.07968403770750146,-0.04687046911922384,0.10085659911634054,0.021888406018951496,-0.05359548251515068,0.07246978462015165,-0.06876976677560062,-0.0022545617970838447,-0.046845990271126535,0.02702194528622541,-0.2143719862703016,0.16077067680899212,-0.05188226542737984,-0.010992785254908672,0.0024549650113137385,-0.02973186645706564,-0.056011313873362195,-0.06830267720366001,0.07341694475731618,0.05139051392135613,-0.12625836496769632,-0.08210650427967582,-0.03680587243987516,0.04989625590912104,0.03125660511058274,0.00045866394238834097,0.0019218340187455655,-0.02383168249046545,-0.041022088665905586,-0.00437340630680536,0.019112019106174907,-0.022379153272574448,0.08092563432732668,0.06042340407116389,-0.038758934039260354,-0.013820774305341123,-0.08917831211118321,0.023817501541173562,-0.12509250142499886,-0.005648443367973406,-0.034985740466834656,0.16386068220815944,-0.09820845327695593,0.02554539812783243,0.09409796602098054,0.037410536402955163,0.14334232693353086,-0.1294033986655879,-0.1747131374307959,-0.01729009176876716,-0.0057895374090265106,0.062350787250987263,0.02518251526593602,0.06299673630932301,0.06093645792744759,0.17383090968231457,-0.05242116177808151,0.0076200664994574875,-0.03963840619897713,0.16809085491121337,-0.1443951073906355,0.09257368951386248,0.002667965979796875,0.01940764668698614,0.033305846333162914,-0.038273361041433265,0.011118793340143126,-0.11655038225702437,-0.09415872105476458,-0.06557587729447951,0.08482730928856697,-0.046989832290039335,-0.022875819925043544,-0.008950391110226623,-0.009720023823174604,-0.015445565489258992,0.02794640303159043,0.024274257545407532,0.011546148303875748,-0.007895419554453947,-0.010406969665113366,0.011250895766421956,0.007228867083718849,0.025401928176990534,-0.0038919045431556757,0.0035227465830880086,0.017093506938407863,-0.0035175670061016466,0.01125709853931333,0.009839949168025738,-0.006363851885910998,0.012683489967485907,-0.006264157969636573,-0.006368601046284442,-0.00022967159664709995,-0.0006272280913855601,-0.00012199754607217583,-9.34569047799395e-17,1
176,0.06427392000597369,0.010491226708999936,-0.042287262701830086,-0.12906400857398165,-0.0845423592897785,-0.02824982628175641,-0.00813504280402245,0.020264375746609387,0.018098783298738368,-0.0525885534179814,0.008103607470033043,-0.0933936211532431,0.06205507222571826,0.01751805731218526,0.05786273229068,-0.18449794219071722,-0.2667240952555631,0.06694222218721152,0.35543260060941173,-0.1585088266556409,0.33511980615507786,-0.13830219317138942,-0.06348548604618158,-0.2106195144846098,-0.08960613887158086,0.16906777896445158,0.24206440123519715,0.08874313001139918,0.0014835254400699619,-0.05368435458448994,0.043980556833094014,0.027908398992185317,0.10378190205342301,0.1142157622811882,-0.12966091013794098,-0.03789964519781097,-0.02732238244532896,0.03814669350433077,0.02665904546256724,0.04678515429108897,-0.022819009335634168,0.001920160150304478,0.051441714125000745,-0.00915112731490727,-0.0021431258226696477,-0.004086688349502752,-0.008627671864440847,-0.05122585435078058,0.008694813215855074,-0.04251453218444516,0.004427490862583699,0.023531039043847884,0.03897218075951508,-0.0020225234533654806,0.005499898342273217,0.0293422019551751,0.03325587171319042,0.04836167055480622,0.021346827548571583,-0.03077860580854195,-0.014098403237435471,-0.043740202281347555,0.010617387162040694,0.025582792967661448,-0.00044623774629413526,-0.0353356055047991,0.04179868098428523,0.06876156254405294,-0.02757393546994952,0.00752769789440513,0.018200448355106487,-0.019355444511691213,-0.0015463005674633949,0.006557251489034921,-0.022364091337170725,0.01963244389198975,0.0009258539976369598,-0.01360369981581891,-0.015992770661555588,0.016593615327081285,-0.003583031169022449,0.06149937873082595,0.019904509845048816,0.02431942041460796,0.012632921190142235,-0.01785250329162937,-0.03158669109566233,0.015250363981029734,-0.01557049586833289,0.03206573167530784,0.026404607939283384,0.01654626998113074,-0.006922816017731323,-0.02324065158283617,-0.028057797643517724,0.009347237459607706,-0.002060608334900372,0.007048307226862047,-0.01423563254075648,0.0026303074328705885,-0.02713714985018881,0.01618951034888564,0.05700433435565085,0.022065567087203697,-0.012124222567156432,-0.030257008480124293,-0.008019924606231882,0.004324804400041201,0.03648070626975503,-0.004746987337083515,-0.00868843493715852,0.002638023130393224,-0.008338405513989823,-0.03422690961201936,0.0086266159555889,0.02042151945842947,-0.010348425866698745,-0.012720708744906693,0.012471895150309574,0.04988675337554011,0.028979634236779916,-0.027773572049374994,-0.005601770008176693,0.020127856876351123,-0.06671393196316237,-0.04453931331801703,0.015264549871960135,0.004763588038383729,0.0631154551253074,-0.0713982453647293,0.17713733769355636,0.0788423090609079,-0.051734821201041496,-0.21415424659928886,-0.34153999616144837,-0.08609716016802928,0.010752334434419274,-0.029745352594201493,-0.01630487039451186,-0.03391303289325769,-0.02029906496543288,0.019372132083463972,0.02053385821238727,-0.0021597144165015573,-0.03990740471098612,-0.0035297945178966623,0.001125629031774131,-0.022111198456234216,0.001873441150763982,-0.0009954545757600271,-0.007073229449319504,-0.008808697413051786,-0.007335819978460824,0.011247176528466185,-0.0188012544019657,-0.020455620063606902,0.0038844951381734527,7.100906794115896e-05,0.00020202044008857086,-9.3456904779939e-17,2
79,-0.12094868665204146,0.23765423714900946,-0.10196644263848693,0.1506895927166443,-0.013539760325387968,0.0642242719962716,0.05122261172392775,0.07076963428446617,0.044527798942191034,-0.05821857573014414,-0.059177639666631254,0.001454632927393985,0.0020505162224751976,0.008269454583949235,-0.030517585786962908,0.03030483608190116,-0.051058870982259655,0.00531985804283241,-0.0063559224965237466,-0.0008235260166215927,0.01736566506718299,0.20633890668198007,-0.14076037372533814,-0.20371479774070725,0.09484005876157796,0.01778519976179778,0.03533671006049295,-0.08598417801715795,-0.07518392434901647,0.07131172857916354,0.009007807941767846,-0.15957466677889787,0.026919211615909,-0.14494848717836706,0.03331439495683937,-0.04285698015155733,0.2873873436160481,0.1125111321574207,-0.2688467199047703,0.12817271515119052,-0.024113260223427458,0.19414962231251034,0.049724629503144525,0.026655512281329806,0.11334568499752946,0.0035511256748375067,0.05569421474211169,-0.0004987957216640166,-0.019711784185451258,0.029680436007191353,-0.005430026594492028,0.10814671159779134,-0.08152046620071612,0.007277760306427522,0.039676300717588237,-0.051014444597547406,-0.006013168875668512,-0.04517509569550114,0.01679113281270178,-0.05772011225738563,0.014206916291362667,-0.010872503943582771,0.05616071059771173,-0.03856803940007023,-0.08202338496779339,0.014164978055416857,0.005004020261930466,0.05068601705494772,-0.049021445716691814,-0.05323828935348003,0.055571567666881046,-0.06638787954198479,0.05201703699897925,-0.03321170749467967,0.007242574449215781,-0.04685926500423562,-0.021818477893179068,0.037030990632522104,-0.010735490245730719,-0.004744700847780794,-0.045433591384883155,-0.03596429570245095,-0.11340095616077882,-0.07470099003377796,0.04827247145102126,0.024329209129895838,0.01764619753381982,0.05741384609383211,-0.014111357990108838,-0.0684300108319964,-0.03954091105294575,0.030142253666539342,0.01144301979483392,-0.009879610664385068,0.014328259761967523,-0.1338391746810549,0.03637706925122013,0.0599608929626752,-0.060463509513635445,-0.0450206755956165,-0.0353653783729994,0.06284272508575164,0.07284845181655827,0.046554029737053144,0.05802448343313219,0.043893247658118646,-0.08593752039394732,0.06489872161347898,-0.03239844905904415,-0.11735470615330644,-0.10132272929597794,-0.07116286698049219,0.019716686337747435,0.010569463272122903,0.030860949810091496,-0.26114864443342195,-0.0020704091259079994,0.03097065984491813,-0.029063581648667822,-0.07455434314053837,0.10334365858879495,0.06765353875852376,0.0710900106985123,-0.008961091976682278,-0.006310359810998271,-0.03844908099551258,-0.06207945782311509,0.017791213642172073,0.04759005313248278,-0.06824136973016152,0.017047865497545306,0.06589573894519034,0.0485282872075772,0.10331951519781286,0.0039143104243656544,-0.19794492181045167,0.020401461028597866,-0.06909370220661289,-0.011322261024856112,0.0638297063105197,0.01924331053726544,-0.006669015253048193,-0.021916412510821888,0.02680549275854919,0.023297277848633547,-0.0038435151488321034,0.003491331498573653,-0.02603939791591343,-0.010553252406437608,-0.003047716489064879,0.016221524618678852,-0.007431465471513717,-0.015639716095976208,-0.012314938043558462,-0.010115260984689288,0.002855125906537094,-0.004436470176343753,0.0006723811479608129,-0.0004127285503343568,-9.345690477993953e-17,1
101,3.9087073626100876e-05,-0.027002249229235352,-0.08954214413407958,-0.22060442621335696,0.07839763709271634,0.04471623568012219,0.2708712631252472,0.04559585157584,-0.4447055632411111,-0.029155780409038205,-0.04669926633613813,0.009590371806888064,-0.0627105403101931,-0.35285651643730975,0.21222892878735017,0.4524661980075805,-0.22371153582380016,0.22091608574919766,0.1263244603792139,0.015007297384735635,-0.06237747281740119,0.04343744340096299,0.09114743087845131,0.05682284165760329,-0.013065330014889546,-0.029264931881191704,-0.006963465175004005,0.03738386671757623,-0.0006687694466640737,-0.0053857513508914585,-0.05037891417350008,-0.012696538169269387,0.02291138502443614,0.02115651459241312,-0.01727498095869256,-0.002777199617161528,-0.030989010169428982,-0.0076637304445684356,-0.0465152226527683,-0.028568832680003507,-0.0023634306238637212,-0.018805803204429462,0.006030341718181766,-0.03160529814507824,-0.016955002236478528,0.02141356194075347,-0.07056181289154208,-0.001750273688502128,0.012950822314437118,0.004381161577159032,-0.014296140007711972,0.014100585807663855,-0.03576409948314305,-0.011614035038217037,0.024482433379316767,-0.03793173419787643,-0.037368090183584377,0.015303568438276228,0.01854159580059932,0.004230534206618018,0.0023140780948466932,-0.006927967718721283,-0.019900169439484975,-0.015759596532192947,-0.01842158448345899,0.0029706505897892465,0.0007109969703006325,-0.008795250050523984,0.0021008664192593268,0.02152422832765038,0.017468419656242656,0.014860712909241071,-0.007956384363520525,0.002979939528607369,-0.011980727808280444,-0.02687503213927219,-0.00650550988518552,-0.009564628742467714,-0.003455252000038308,-0.02634833226478078,4.310922728389877e-06,-0.0014467393564079549,0.0011493693189689469,-0.0006076755913428381,0.0145719312466144,0.012941987585881928,0.015017393270750993,0.002649529227200685,0.0010390275349691,-0.014028291707833693,0.003748767733233418,-0.003233347034195436,0.016421659288521236,0.00043061233221855613,0.006115792589302658,-0.0002322040766113253,-0.009130574217681429,-0.01181386968790295,-0.0008183975853604216,0.008649252536757315,-0.0004145849853514243,0.0021906643195098233,-0.0036113479395221137,-0.01060584180989241,-0.00414167911002744,0.0041915322251532714,6.0905247740963046e-05,-0.009353607599387834,-0.013192147431770666,-0.01784812452645524,-0.008846482976590147,-0.005782904368047212,-0.000540436974270012,0.0028184445825767393,-0.0018380243563622734,-0.006424255144149652,-0.008821002103934989,-0.009392101864515006,-0.007562165088693132,-0.017139520409770237,0.007769758901730727,0.008503225534118782,-0.0028156546516658913,-0.02017363795843359,0.006456553813063534,-0.005240935485350053,-0.010461819975164925,0.025454786442006952,-0.009077737126217914,0.0009420933524689473,0.0006790498627465827,0.01937172167808953,-0.005623062847997689,-0.004725443607434609,0.027746903086875652,-0.009653838955209356,-0.0038355779633279857,-0.004565006438303004,0.011620394910338587,-0.002094167253354788,0.009921674479896074,0.01359210369630202,0.001422738035329179,0.003069531785600817,0.019800234197042053,-0.0029405489487462745,-0.006013749425996237,0.008833576173312145,-0.0009948092000304917,0.022635919466024355,0.025727270776088527,0.06183758471246615,0.14177908651593976,-0.06541474244729246,-0.04212846681406615,-0.2899603036538195,-0.011394471817980513,-0.0009964265709317421,0.00024661374204346364,-9.34569047799394e-17,2
159,0.035646446727293155,0.0034371119107594454,-0.044850156598849285,-0.1008916266336653,-0.02278668212158256,-0.008671330854934461,0.0469269423628124,0.03781333768601051,-0.05415786038475235,0.03438442400978597,0.019726025830482195,0.01600579726331071,0.04177447803285711,-0.061717269415352036,-0.012068456812275636,-0.029841175575227648,-0.07177976895346175,0.08135353685412512,0.13409590569356566,-0.0021018908345491996,-0.08794384741472183,0.03299866429892816,-0.001122366108767519,0.10599019328107313,0.035768345776050266,-0.11718339089814218,-0.0003622118247878511,0.032916504024374404,-0.06916171764087824,0.0009221178360882281,0.01071058639205141,-0.006449849734757306,-0.1592942719296239,-0.0500235154435905,0.11448022055048707,-0.0904713105399191,-0.02939561894009627,0.10874455048022463,0.028620336271335898,0.050004584367671266,-0.04379041056105067,-0.02906767652754181,-0.08500851665738655,-0.16752850131976335,0.16202214246538932,-0.17127468168197513,0.2093837327928178,0.21967564085518715,0.01522835600037356,-0.03468365679053088,0.024695281552243,-0.13285100354731597,0.132199847055909,0.12368489751182628,0.030049441041662607,0.22611231313265606,0.03330525083318567,-0.13047974577926674,-0.1193819266181911,0.054797050861313173,-0.11520031021267205,-0.005708927976558881,0.14886911134751685,-0.002533332179652129,0.24647761408977661,-0.016748621145977766,-0.1312682431493134,0.057594116142772024,-0.12474326350200045,0.015982947911057584,-0.2831890078285242,-0.10261853744363213,0.09629864625892959,-0.14342423986611724,0.09204557069918716,0.12489549102534683,-0.05809662297375463,0.10307434478224821,0.05313450933535133,0.10610168049041238,-0.0985189174149772,0.05216975230473817,-0.11891438573207182,0.029180182291003203,-0.06210689814768636,0.09214567465041858,-0.1758488221151932,0.04542459642500741,-0.10201029681022525,0.11529408306831752,0.11652021220137686,0.06699253148502815,-0.00973270040208501,-0.020515112291996762,0.019369377053390365,-0.0015148194099897244,-0.045837821449097954,-0.014750638319776282,0.03311929976863578,-0.02491370118602554,-0.008824021034232781,0.016935393245383883,-0.02210308155231097,-0.013239417444172442,0.01271830716398691,0.04432136224743322,-0.019421803878595524,0.011704515786925059,0.034088492238998,-0.014527904280331913,0.03834662206252476,0.04315573366923076,-0.022485517631283085,-0.02384400480098913,0.008937831902096231,-0.052256898188573826,-0.03266487444137981,0.040993843659700546,0.0006006719451442303,0.02652117962452332,0.01789172958273925,-0.014669818959405695,-0.00882010312866898,0.01789881175529549,0.008116630364898576,0.024315467918538763,-0.025215780770848604,-0.015484397188248152,0.014048222741383823,-0.016824739885168704,0.024550306501558115,0.01322439214963253,-0.0025606894170390497,-0.013853958605725953,0.013092096281724891,0.006706222280131311,0.006382573743987559,-0.003109459594404266,0.0018739452506374636,0.005286517978074406,0.010145000242669728,-0.008583306374905295,-0.003793190192426794,0.010906201344532263,-0.002497309849861329,0.00042623466263110314,-0.012679521481611288,-0.006869921946946404,0.0020450885548106874,0.0014176063297343426,0.005902430497364026,0.00674288069161018,0.004927639915439885,0.003407783462940336,-0.006503168137592382,0.0007733582321928849,-0.0003799016485492575,-0.001553789283410328,0.00015235090604954945,-9.345690477993895e-17,2
186,0.2008322202540544,-0.0665196481163759,-0.11316428328775495,0.003328249931253536,-0.0027771455428461313,-0.009677746854581542,0.20401353739064237,0.12463365844795682,0.2800477482888255,-0.036519121517658855,0.027871827419257332,0.16051023430608613,0.018914084755771613,-0.028819577690485584,0.17099126444896603,-0.04373553562463492,0.00737829041905742,0.09550088396874022,-0.08472046181654516,0.047688527502537326,0.059484894448808924,-0.04988269080156783,0.06673643961759591,0.05768396045113705,-0.02307544240570108,-0.04391259415562242,0.01695191209788051,-0.07436193169825214,0.03601750012385425,-0.03794592296162467,-0.06224505069152981,0.13889121856862652,0.036389336299403836,0.13436414915268374,-0.029137100238717913,0.03171407750140816,-0.08226490521752194,-0.05626777007330634,-0.1185485191826448,-0.009959175812669708,0.08753996562258784,-0.04480013556131802,0.07553595831490897,0.10920614150276413,0.0024454963735094436,-0.014792283308139727,0.01393191922900743,-0.027776430771035872,-0.07398075627434245,-0.061578663407451974,0.018787598169380953,0.16903110436607494,0.11280484894773514,0.03257806965595498,-0.05964915999374181,0.014670818434598991,0.07054048760320326,-0.01531548297245616,0.03195730170875009,0.052175102073274277,-0.013409405956661697,0.016353153244432404,0.037682600194095736,0.02833099331437607,-0.08743108996305202,0.199682468789076,-0.1837412685902264,-0.13811271765599026,-0.05800982868732231,-0.009699029384046702,0.11001756646930064,-0.05819005381610471,0.06243753088997235,0.0026230517884730494,-0.07851716425705088,0.11126383807504721,0.2540534317927979,0.05179184979844196,-0.09048803057091043,0.14522400799573376,0.0580053162870752,0.0023772948896646656,-0.06399888433701996,-0.05575921332747349,-0.05206352943277549,0.047486184882085954,0.015251006255576308,0.14905480441361815,-0.025937429158154012,0.05584315108532461,0.14650884152623528,0.014772423376452837,0.03165877754553354,0.04502916855614124,0.03913159179141838,0.012252012703846562,-0.0214576204008895,0.07297473764692729,0.03618272400630898,-0.032056905469536504,0.02710138200402211,0.04379138745173774,-0.0032030855821413413,-0.02307580404213893,0.02176832398541721,-0.007244525403626998,-0.006362322189686922,-0.005479020427647303,0.0628170658051239,0.017312789553910995,0.04093055028091362,-0.045283107699998035,0.09829360340730516,0.06150608691061429,0.023466565511685487,-0.05687251996800444,-0.007823442242711708,-0.08488712180455577,-0.19325306885407922,-0.17372116625491757,0.1162556238133615,-0.0784160223148297,-0.1712576167958076,-0.021487214289047783,0.08913689404754806,-0.0635109352558284,0.016345875179087355,0.01818455658258652,0.02659835300488569,0.03160753306826648,-0.028129052747060672,-0.07039852750810387,-0.02979142321893905,-0.030387066215461427,-0.013060396490073381,-0.007798290691456813,-0.016027772172996925,0.020958022245323286,0.015970189997338888,-0.0011896984290966756,0.04226001546815669,0.0027950279002547144,-0.010433673715900276,0.022538955131793176,-0.0008857120563644024,-0.009303839865183643,-0.005509504915851108,0.004585436757685692,0.006115459094420422,0.0013976490381037944,0.0013585679456083234,0.014633774488161382,-0.013611796888364438,-0.00647293506299822,0.00024655587607922563,0.004286057460039012,0.0014933147455953478,-0.003460633140097188,-8.354099911676442e-05,-9.34569047799391e-17,2
17,-0.05722696882687463,-0.029472917739569404,0.08352799302023639,-0.01367574522210783,0.022174320323953882,-0.028121302467307964,-0.0343919034846732,-0.01625420177087215,-0.003729555835757904,0.004104845689922752,0.0001315140520959879,-0.09169810717499913,0.008351460153900881,-0.055069567064148506,0.2888325884961852,-0.13555511680636279,-0.026337244299320522,-0.2577639645211478,-0.023318517849427938,-0.1513448009958763,-0.17443574808244686,0.14319355232092293,0.26226193734073733,0.21812000608587162,0.19612538470049032,0.20083062470048935,0.32335010552870297,-0.11213035053994456,-0.02869757539540203,-0.13957625748053676,0.09388952190984383,0.005808354388119353,0.015432140518433456,-0.09472342152930914,0.04695564566747222,0.026346137851238703,0.03665863573397828,-0.07839521969551812,0.03848372842309014,-0.014937675059407707,0.029025340724325544,0.0937466086773393,-0.04295995901115598,0.00026760190897111925,0.014948600556052002,-0.015723803252855526,0.00688573409959959,-0.01638215287988692,-0.006580641615451311,0.03781720201227935,-0.01951065331608405,-0.00277087007689495,-0.012963155659248824,-0.013536292048612055,-0.017844223389207495,0.03683233627188557,-0.044875032076096374,-0.045339550626817424,0.012423764482355104,-0.02935195740790657,-0.008528949997257115,0.018413661019681962,0.03150895351533646,-0.020099913283949226,0.008127415955461681,-0.013119909754860461,-0.02025861580896678,-0.04497321592801432,-0.06230648476237977,0.011750007754746878,0.02169689698106244,-0.008048241930469074,0.005392052205853284,-0.0017401113473961454,-0.010743126423095054,-0.024917560542018866,-0.020775126557084602,0.025575283923074968,0.04474250789195884,0.02946163981558996,0.03594466700466327,0.007243551828888381,-0.0371899802561244,-0.01934266190427733,0.007187860330053522,0.013340446787941046,-0.011934935663763106,0.01641870368945991,-0.0012197055810702518,-0.05327501801793196,0.00899577472949482,-0.006741381861772364,0.0635679258748386,-0.020473422830045086,-0.026819446847168395,-0.041965029072292985,-0.0398771625470584,-0.011941245733155352,0.023876211673071475,-0.0033543999597106674,0.0326632934008809,0.005661845114880956,0.027122466843534226,-0.03783073880377812,0.09073973232178967,-0.005201319768918743,0.056101791554625524,-0.011897584703670088,0.042377146537149565,-0.00844509533994998,0.042319961272776194,-7.875654186311519e-05,-0.0074497600469526,-0.015822409768871067,-0.05743325513711368,0.01371709042981853,0.03356068552557156,-0.07305470335425579,0.03603769771423324,-0.03270378925937648,-0.027264910975085467,0.0824600961945972,0.0513279787925661,0.029393037048910237,0.003016880777133928,-0.1261593188236913,0.3290191573538894,0.14650679809364683,-0.1552628384590365,-0.17499568408256638,0.031720826759563614,-0.007497072623432497,-0.04520969745390644,0.07063738897099708,-0.024788730394295383,0.011452030071697105,0.009412593906668165,0.05050734333320426,-0.031035079008733125,0.027779271102555285,0.0010975782415918655,-0.008211820338049194,-0.03747873824643495,0.013232180784352834,-0.023536602246179244,0.015072887657759736,0.02547651734239256,0.0032547508065055575,0.021306579142352965,0.011739061110685726,-0.0032636804161765443,0.0033555414719008228,0.00646878482761295,-0.00537399712085453,0.00668379518133466,-0.0018312940105647026,-0.002202302637101237,0.00038614223069795067,0.000224681883395484,-9.345690477993933e-17,1
44,-0.22317684543288024,0.42845619015663744,-0.2574802392076855,0.21254266985218737,0.024063512905912465,0.046132514648050384,-0.024909513674967288,0.013756807486135957,-0.07977894193773877,-0.049469725941199486,-0.10528158768144472,0.005433073145464086,-0.04316691078184418,0.05317379599735396,0.04228818552267998,0.013182341814963987,0.1043256697744122,0.02753151878016163,0.011423129390173158,0.0008241786533698561,-0.021576124903955052,-0.1931929607106684,0.07403822142562651,0.05661949782219204,-0.031199566664780343,0.029981301019877463,0.004097670513040086,0.07227996354240367,-0.07234289710700961,-0.022069123054104738,-0.02177493264735536,-0.04668698939828001,0.015014423883599661,0.006712367665441055,-0.001169090951777017,-0.0078028759174532634,0.044563619718012884,-0.03934683767035241,-0.009535719842072644,0.0014573665588897171,0.04653495531880807,-0.031685897416169104,0.008797368051249563,0.05787244242784611,0.04628489058934822,-0.010477156034770816,-0.025267406927441734,-0.016470884212624385,0.02486624806206156,0.011206957329124106,0.03178721063249269,0.13469238932111038,-0.013553325867573131,0.0017395516623150938,-0.02713554494197567,0.0627353443144371,-0.03914553753805297,0.029502492613928687,-0.11174688601174082,0.02828212615478024,0.022588382977537,0.02994664810953792,0.0401111623970913,0.09586918646311163,-0.03880461250714007,-0.032968835995446796,-0.0020850798853332938,0.05147440589533322,0.015763620496632616,-0.0222905708716559,-0.043610093596590876,0.054028513559805195,0.04075252460375352,0.03555978096048299,0.01468858145754761,0.013318564179977252,0.024254828347542855,-0.003034957743873401,0.016864200139301892,-0.007620924996507283,0.0033713418269882937,-0.005433646550979388,-0.005427064543162968,-0.059379000443404086,0.017861066376328432,-0.018063926520787088,-0.02411704397408787,0.010950418497189711,0.017643849902090968,0.011349200417627464,-0.02553715493544191,0.009496626326075385,-0.00652617105202578,-0.003401730801394655,0.0488961279752204,0.013183919070393716,0.08027366618248591,-0.006324579280264491,-0.014748868059062047,0.017307922744252188,0.039306189809646314,0.015410506985908309,-0.03208912374848125,-0.018454735938508448,0.04651827773986203,-0.043929176387075046,-0.019515773976434447,-0.011081767778744884,0.032564044500959385,0.03416223254017987,0.09348371309816995,0.012561370946156765,0.11236229376203268,-0.027340116723118917,-0.10946777936771061,0.007325766100295298,-0.040433319054112064,0.38232871358400183,0.0935677056468647,-0.21402585218221665,0.12441995732605399,-0.012527785120848449,0.06567457833482422,-0.022056081997653732,-0.09573014582580365,-0.016942409865119704,-0.08720623464003187,0.18390736100035704,-0.06913447596721353,0.027707105824014967,0.09022042763371393,-0.021184603421918236,0.07357370479551231,-0.04224414619776589,-0.048473903747402625,0.19796790878447182,-0.07423803547500143,0.023113745784972297,-0.049594715063658035,0.034465957179658196,-0.033993100037365026,-0.0026823104557505435,-0.03989574390340768,-0.04586646001875336,0.047849524289032754,-0.0007271396089086227,0.019976734103147945,0.011721031565735078,0.015880455900669808,-0.00474246800374065,-0.009956687039875718,0.0054464996938315535,0.007866716910662297,-0.0020303957511577306,0.0027007439656839935,0.005923246977260128,-0.0035392743119297076,-0.0010053452455129302,0.0003824684197165941,-9.345690477993911e-17,1
74,-0.46744946232261486,-0.4167956681386268,-0.11428889302836728,0.08761672842787811,-0.13910680165122122,0.03642577111752504,0.02669235739291833,0.018205882384352393,0.02044264051514567,-0.03229855525070817,-0.04201985287376657,0.014533139342240561,-0.012245686294654036,0.03363810352929235,-0.09155579589786252,-0.009561874055225126,0.021559017039322427,0.006393135082817391,-0.004720105448939652,0.024106684801234284,0.01287432349326462,-0.015268063148356706,-0.050524998373070035,-0.018661346440842906,0.019776689483810894,-0.012934454220153305,0.018838566788085803,-0.010017812528342458,0.03663807894803187,-0.010209894191392082,0.0015322961871770077,-0.06636672404324492,-0.05224216059605452,0.012924014736533361,-0.027928989345444938,0.08053585023793214,-0.03945205121351351,0.11048480169944791,-0.052851481662607516,-0.02319843123808009,-0.012668856566912228,-0.06693351772006376,0.03153331483680418,-0.025324605094262154,0.059954225665728694,-0.0640709114305063,0.013231614803038189,0.01611203642312475,0.04685386210540859,-0.0056456563892034435,-0.014383743145626118,0.04430830274511864,-0.013605380560795322,-0.06965541405569796,-0.02312585553387336,-0.00628978782519402,-0.06095842472879049,-0.029881302523313325,-2.7750091849588238e-05,0.05664912547422463,0.07982226281125705,-0.042791590145210764,0.0009046416032407335,0.0016080454039063966,0.0019889519764267746,0.006484940146520706,0.021659862309239088,0.010274840467108297,-0.005926674533511553,-0.022265919219079274,-0.037324611153706076,-0.02394029887995232,0.024318807815054026,-0.03986709721031236,0.001813392850704485,-0.02682619936245186,0.017586435068087894,0.0724064400659021,-0.07699393104136831,-0.006543312742881717,0.019121375053819303,0.0678876617599352,0.03779059045817192,0.019891637999782295,-0.09508142133948301,0.012842866990532522,0.014914162823463509,-0.07500082549519849,-0.035100955766535054,-0.06876571059994903,0.044758477358531945,-0.07457241170906488,0.0681601932633561,0.06250757576340854,-0.037834213854165216,0.0753592704672828,0.013249357378349662,-0.06921616013794327,0.06854219870876005,-0.04334666308348863,-0.11860757607152685,-0.048584161573348474,-0.0038483502286458214,0.01651525636032456,0.002226433552988218,-0.0012710474649766405,0.011060199677033136,0.022850283245070723,0.02058287286214979,0.027284620661135087,-0.01650710486265236,0.03101994360369334,-0.0018344067874022164,0.03028331089397546,0.027939995124065906,-0.03458596954776006,0.06530379201120665,-0.02437587921779041,0.004780742475598229,-0.04110650153949842,-0.02088784589028191,-0.0010646114829328175,-0.042503212163261805,-0.0592432391684425,-0.08973212223783726,0.016864163187660347,-0.014296875282557126,-0.021754742500910203,-0.11756021669623247,0.004580668692838213,-0.015526480995614069,0.010835418813093902,-0.011010919252195295,-0.0015225383288890045,-0.002394051039389497,-0.04694628538982455,-0.01484090199197151,0.04654595493167542,-0.01272447874610202,0.06320732273350206,-0.040832998980080214,0.3999746705722143,-0.039659603730610234,-0.025834114035128232,-0.0015333240138462475,0.010330732832619833,0.24012462958059919,0.046986486440154324,0.03657474526267356,0.008285999694148692,-0.0030550090958254444,0.03390435523689814,-0.0016115745383189274,-0.022334938892128096,0.0027899328359911177,0.0024631929212924333,0.007900414602329202,0.0009883520234273073,-0.00042485528464114146,-9.345690477993884e-17,1
58,-0.20612916396506237,-0.11420589372129827,-0.09377814837088402,-0.11537238921563356,0.6483739466709485,-0.16778719709732046,-0.2353941133392871,0.12429214920013813,0.12912153894948034,-0.0912634652154256,-0.033414845531680205,0.029405254691134777,-0.019174261674948408,-0.04849393487334979,-0.12476195218657783,0.021916318464760973,-0.043124675601517365,0.006864413235330367,0.026044462486678428,0.032697122723449455,0.024487001102915983,-0.0235308704429034,0.015434240416244473,0.003534140660228213,0.006010626492412113,-0.008100397043380007,0.006800139104857628,-0.01972579325794139,-0.07721243892196744,-0.006777612469004938,0.02396209898550211,0.13740187162512024,0.02351756022911834,-0.15395401215276422,-0.0824241444878835,-0.03617139268749465,-0.027680734367121762,-0.008513584464939859,-0.020946025840099847,-0.0070571324154332735,0.0005588792645370489,-0.00323942192670329,0.014546515285095306,-0.00805047907873716,-0.0007104441194584526,-0.014855695845452125,-0.013400916148726847,-0.008938380000873178,0.010892408348712057,0.01357865645821248,-0.0036458106703355212,-0.005232875096856016,-0.019809904833120215,0.011323365819410267,0.011287789046983637,0.014583542846303222,0.0037109289043567102,-0.017293299047181406,0.013511107446632921,0.009890622812642379,0.016044393487815032,0.002303798799542245,-0.022722913156364277,-0.0027042909251261214,-0.0009029220821583895,0.009674579708070735,-0.02582374272372626,-0.0010534546419793955,-0.0062787766591100155,-0.025637210170310037,0.00993099927301315,-0.002821438833223163,-0.019313619936545907,-0.022487182848269834,0.007884286557112862,-0.010570685996554986,-0.003836106182306909,0.02465802381875969,-0.025723774399555987,0.005924838521343565,0.0037470455132844103,0.019184311680993996,0.002708341177113828,0.0156788987310126,-0.010774570868879788,0.0031370767053855242,-0.005025227786548923,-0.005549665349509334,0.013585641346465832,-0.019558414106008892,0.001441922618664039,-0.020017016653493893,0.004253977483701088,0.016234146585952056,-0.0096542442447351,-0.014292219193644541,-0.0065594627994125625,-0.01319712572354173,0.0067642614894198585,-0.009104816354290082,-0.041365354696705034,-0.009321645058115152,-0.022424253398275,0.006947012946934109,0.001480565806166127,0.02986540027209609,-0.01382481555636903,0.004838681576767603,0.0022488515491996164,-0.012339341001581747,-0.03775599496778369,0.03948695437656393,-0.008090051879325658,-0.023689803848850468,-0.034268907199407825,-0.010213607098867665,0.015332595241114634,-0.030853042476793144,-0.026780843954271334,0.013541492326154755,0.016367849666015014,-0.04629453095607485,-0.034966812787504235,-0.04340192705696077,-0.1262260294774808,0.009232135793447178,0.01999454355477087,0.014450183180927327,-0.03850420820296144,-0.0008187318660157236,-0.028791936220915915,-0.0048794319387340575,-0.004397591716876024,-0.008945574981717597,0.02294500960439077,-0.022294801862193302,-0.06629263269547517,-0.031002149617835012,-0.01245684773711065,-0.0712658354974519,-0.11228876092686577,0.000244467083293028,-0.11262497889905004,0.02799985585868388,0.0048697087642335,-0.009784229444206937,-0.11630879554466164,-0.018838237017126887,0.07004199318051871,-0.38254251299940306,-0.023268436907971386,0.013798820656997415,0.016255112005915145,-0.04949452318203537,0.008913248424548164,-0.006911821446655368,0.003326954599905559,0.001395960384607351,-8.774972748030908e-06,-9.345690477993935e-17,1
76,-0.02716450696631529,0.16243826088635088,-0.05037285694216937,0.06565690497382537,-0.05676579536693838,-0.03408429469192658,-0.010837317608227863,-0.06402898259859983,-0.038116275131832564,-0.12001410655476369,-0.0549401030917684,0.02489440317875273,-0.01662254344975017,0.005443072910322311,-0.010922724035936486,-0.05557922566586293,0.06208398891736416,0.027244600730985228,0.06919220724881169,0.07245644440520037,-0.0915457932201885,-0.20894271747214083,0.026981268860088788,0.10381260489956873,-0.04445951331037032,-0.01377057829525914,-0.0730253796078518,-0.005001373193479092,-0.04374887555391016,0.0744874026861954,0.0837049252824392,0.011498002366394255,-0.017859020126040126,-0.032799286491249566,-0.10492189642593802,0.03321057067317985,0.13035806468394426,0.08439666871541017,0.05298073111040429,-0.0692638523539296,0.06559940218785647,0.0707496931919838,-0.06235558470417849,-0.07793009254885444,-0.012084581248713306,-0.04479192866602735,0.07174556598687964,0.04390832159487005,-0.15574733200265484,-0.06997320375477292,-0.02541085628016136,-0.028142297453552446,0.0933014371083008,-0.05553874319459779,-0.02139604293007662,-0.283730492595886,-0.10746252402850887,-0.07353198686508955,0.12461021710585565,-0.14398612994325183,-0.12731939978404866,-0.18481035695072642,0.03377245193317565,-0.16831748839388125,0.058841408760655384,0.22379606876210884,0.02448711827383032,0.16414270143959978,-0.08978136877852007,-0.07581290245887806,0.13215059162005927,-0.02344044339382247,0.12839064801093078,0.20980733620044442,-0.14033181920709342,0.06129289735470108,-0.05317831482903932,0.13181942429186283,0.14651061316117145,-0.10821458887660905,-0.07880664236237717,0.04738676027848305,0.02618925742042081,-0.02850240360531328,-0.04032944126650019,-0.029785677176788476,-0.04666395699486511,0.029728370701736263,-0.07580733443383934,-0.06346417797587105,0.05338270478238414,-0.09170068558900916,-0.017607633511492707,-0.004252521317620869,0.06976685603116341,-0.022521685926268572,0.0696328258013206,0.04587964343908452,0.03239568708639703,0.05678871766504861,-0.0328206262930831,-0.0003182811296906264,-0.020093630458371786,-0.04699705100887877,-0.03591400632649912,0.009090266062103065,-0.08239124274111567,-0.019783238233825145,-0.0033141826618071648,0.0006965046381578069,-0.019148158914104978,0.04000437018752907,0.0019374147055198228,-0.0510139696021034,0.05276066653218202,0.04243216587498214,0.006249960574650935,0.020042459700910176,0.06660077223985948,-0.016661882979530196,0.011236645791974167,-0.0015192998066106463,-0.03824218988404673,0.1025327763107065,-0.04742405803441049,-0.008638293653327462,0.06949091663240686,0.01992827018837194,-0.04044396139046129,0.13153813734589345,0.00010935801210187818,0.018311828721909697,-0.1399447035596497,-0.029827143204499952,0.033099977629874267,-0.014859802538552213,0.05328616694023376,0.0030504453402040166,0.058919051681627074,-0.05251445449097446,-0.012837163887827992,-0.003301083084180182,0.022469263854192557,0.03144244689937682,0.009233924504607133,0.021704019286024296,-0.005153580459068168,-0.007463106834539999,0.004238682061357529,0.007074519218785365,-0.000804674788671106,0.01359666502604977,0.004810597826879037,-0.005087804410158326,-0.01033118970813489,0.004562739658487592,0.009990746198969388,0.00012752074869069435,-0.0003971517778851824,-9.345690477993921e-17,1
28,-0.06119566424409225,0.05169539735337871,0.27480190638184454,0.1023032909722588,0.0613628890854694,0.08936482798587321,0.02618730871620228,0.07721590925073035,0.011749754525714584,0.06298513850641575,-0.02056837086639954,-0.05442072125036633,0.030715092686188033,0.014849158855460428,0.15833512749841683,-0.04921805375839546,0.024035441028890294,-0.019898406214712647,-0.011559807111749221,-0.018534261097903976,-0.06188674287069598,0.046831378855958034,-0.14906872564629198,-0.1613732199579483,-0.03741430895047916,-0.07998889130589375,-0.04250322024497838,-0.007256305410699486,-0.023606588112830576,0.010149173110196252,-0.029127622765613485,-0.02860208877163346,0.0409014284303376,-0.03324009037061306,0.04213261695699154,-0.07428865795367029,-0.05152440223833368,-0.05654586052289768,-0.007457205798239447,0.02133295891745523,-0.036509181279760695,-0.055232669036135384,0.020438836657513816,-0.03725086161007578,-0.07880714479675674,0.0180838306290308,-0.04975515543638647,0.0033994982288547888,0.03489651756743284,0.021079425322693787,0.021820544390948746,-0.039478886509807916,-0.03659903098788407,0.05717680123302953,0.04002114319547176,-0.06752952645140528,0.0369990162434327,-0.11141587121174257,0.11439202508743083,-0.11257592018214331,-0.02844866372298719,0.019765686165721243,-0.04216360075075845,-0.03972133952470299,0.09585327398070635,0.10678165408846486,-0.032016261249190804,-0.07287832036461535,-0.02626567523408203,-0.15181761436428487,-0.0058062160080636594,0.09108740629351972,-0.052178673036868226,-0.023677172332651358,0.058675490491368915,-0.015688950312022845,-0.16263993286719428,0.08079916218181431,-0.09357033281402995,-0.047287493163293934,0.19642868498466257,0.2850989294950038,-0.08239932385887168,-0.17876840488894608,0.28328336334144255,0.09266732321323642,0.18966159545909558,-0.006358873367412188,-0.028399314471604785,0.05786325973724965,0.2676711698782424,0.01789138412061816,-0.07397812475329242,-0.06912616838999924,-0.14644976244266786,0.0714393213743904,-0.0461249494978227,-0.009266305054615174,-0.03801086498862466,-0.053497932433102406,-0.05268296301469665,0.05467661949765865,0.03629678051160154,-0.0946750808325444,0.026839192700568365,-0.09426827122322504,-0.02259381137999958,0.013278539033873826,-0.05126035483890619,0.1318210256237624,0.08064327396944351,0.07057466955400359,-0.023561724078719815,-0.04083005668206163,-0.03706929324024646,0.020652079663190118,-0.03647127379295812,0.017018425660752533,0.027937956322061117,-0.020755735607358678,0.016164674718572986,-0.06427033488837236,0.02434968841810609,-0.05507861725344162,-0.03701960573642008,0.02745014229440765,0.01978649319594577,-0.004639322649397632,-0.037269598100432615,0.027702304481980803,0.017587237896775618,-0.007115041037151768,0.0505123088721832,0.014532894572906602,-0.0055102126777618375,0.0033007553391328167,0.040592615231652,-0.020700457203802803,0.029083491759076402,0.012482176352114512,0.008881072577030885,-0.004346307079940093,0.0105946361113334,0.01703221614895613,0.037919752519056056,-0.0011834583800442709,0.007073048901346611,0.011157965324766083,-0.007717550770423582,0.0036076220028186078,-0.003501228209801509,-0.003871030840898544,-0.0016233181639002715,-0.0012931215993827445,0.0037189909384940786,-0.0020652733771385477,0.0025020380488298246,0.00023301310016728762,-0.00015734843453703377,-9.345690477993926e-17,1
102,0.08464453317379803,-0.021098469025945414,-0.015885130285875244,-0.08394395088274602,-0.0365223053004873,-0.10642338421839964,-0.024247231047438176,-0.18923669992164213,0.03491987508891761,-0.23464015254472906,0.1708429629568944,-0.2522572274630888,-0.08403942897870352,-0.03701339114607535,0.010578424997007677,0.0005797517095360648,0.3868335666393748,0.328521819627952,-0.050792636049283496,0.13542300597709092,-0.023927422037330674,0.09673014600239345,0.13281442284619197,-0.17253210596425445,0.06565694760856446,0.0463215454552593,0.16063542749982368,0.008401606272979789,-0.08626026713754266,0.06919689323303375,-0.05949285015106777,0.04085733695405528,0.06828546466191734,0.03763272258649338,-0.017370839124072092,0.058400153718086906,0.004294086934947982,0.01833564504831929,0.009245933767657788,0.052410743991250855,-0.00396656762260428,-0.031587105108346496,0.05578808272498992,0.023566534660310945,-0.07289233638932913,-0.017002457319043273,0.015215751791480093,0.022359307228279248,-0.007095238433219394,-0.015255638079969335,-0.03975972654107602,-0.09451205599609856,-0.025682384805377205,-0.015963948248343247,0.012106309088213982,0.08235084368811607,-0.02596718756160077,-0.007996063995001381,-0.008469295268703745,0.0002477375185294309,-0.0025483794439922305,-0.004444497772054895,-0.03113696974465731,-0.05415546880702657,-0.006686879571989935,-0.006694359223437931,0.0023474875619782314,-0.010353349814415085,-0.021715008982935716,-0.01281233503361599,-0.057117129243776335,0.018606031726971145,-0.0431957865729133,-0.006531057810152652,0.015301784876546622,0.030447471444728667,-0.0207642877414836,0.023576345855850556,-0.010996980259442651,0.03595650915837835,0.02165711564698095,-0.021607350214109766,-0.009565074200943883,0.006896418065687077,-0.039838032970660714,-0.053556935021230496,0.08040813959027135,0.051104161597896026,0.007553465807923791,0.020619432683678936,-0.02514403496564116,0.025775694649260772,-0.044505615578560746,-0.010792276467863496,-0.05057468284233501,0.017261125828039136,-0.019942298874482525,-0.024573652852115473,-0.026137565368510186,0.03860453893682082,-0.029147080241536005,-0.021492377951434955,-0.012532272129265661,-0.02765994482610108,-0.015490120317560413,-0.01117209243960529,0.026342421092176348,-0.01602503698544497,0.02390550952151233,-0.013342809731778886,-0.09325983230797291,0.009696350802234946,-0.011900163554765747,0.012793568785217277,0.025548484197305606,0.007266959778653897,0.022883418906573066,-0.011951603547032768,0.006707665880292778,0.0769734984455484,0.07987657881577405,0.07931193914215673,0.039750793686074405,-0.0381544268186516,-0.049310998274750856,-0.051210551835775324,-0.07472200068485295,0.08127435364062073,0.0034381658256886225,-0.001065877218565283,0.27299756150367493,-0.2977928368616074,-0.08066650186120786,-0.05046944171924183,0.14795329466860782,-0.07046344243317323,0.05622812520393404,0.0477929856586095,0.03389709876827288,-0.03897750710164109,0.03626976108346833,0.014982691281993542,-0.009782216648762467,0.015402420133640233,0.029381341392927977,-0.025128365859473298,-0.0003988391891726254,-0.0069829892374787894,0.03138469692072681,0.00910290549415118,-0.027127239218164352,-0.021314825771220923,-0.02511039959670387,0.002710219212292484,-0.022076018823023034,-0.0077355001807475595,0.008358082770729214,0.0009726925157910359,0.00032062669334602964,-9.345690477993924e-17,2
132,0.206422232540934,-0.06387656585006804,-0.06098318766374485,0.04521827326494404,-0.05113217963394946,-0.02357527923456787,0.1131352033986023,0.14417789255765673,0.19997255260565727,-0.10523908084277611,0.13321147465250427,-0.09830708786518702,-0.17569497284231259,-0.06008308981662406,0.009041030493431735,0.05121416828772198,-0.02679502850047147,-0.04711058092195407,-0.09257419258794433,-0.039912148039696484,0.00636940937345411,-0.13590772453471855,-0.043881801162303294,0.02631645548167592,0.03864152661484438,0.10451294848510254,-0.01144581088308244,0.0010666394527885825,-0.013381149655973262,-0.021484838403288624,-0.019106828149708478,0.0002791129333295944,0.014300317946795219,0.022246556613240747,-0.006075742773331423,-0.011682181464646843,0.033950443822830766,-0.07520319965753522,-0.1237842633036285,-0.03629576048396976,-0.021015829037008087,-0.062077759936639394,-0.08203073139167426,0.13438057363837683,-0.04488091379410876,-0.058425447805595034,0.06584385476212233,0.07230160703854442,0.09039367504816086,0.08472865146972995,0.05122069391932179,-0.08688129361355001,-0.0111500224248596,-0.0798874877776046,0.047264182735987544,-0.050207044388266724,-0.010239796884745165,0.03890000663225285,-0.00654127613675334,0.012070114384476175,0.026886716667445784,0.0024792915842456495,0.11744297607880903,0.09097208216110575,-0.027231712332403197,-0.1256747295337081,-0.1005603695196851,0.04625182230179805,-0.0353577325590073,0.15373021310166815,0.10098652922824014,-0.05414322600363674,-0.0053788983095508,0.16806652274409184,0.015691148988155615,0.16271325728729907,-0.03945353696755524,-0.07904423230920443,-0.018551456801445813,-0.19662530626574856,-0.24258986773446142,0.11468991059334539,-0.03433999787849711,0.14824686595176842,0.10823378178577903,-0.002799693741966271,0.04792511462803183,-0.05727216482000907,0.14920204378430382,-0.03334940348529159,0.1522558960465501,0.09017503668503656,-0.039709465322418716,-0.05171646314741859,-0.0031872984031043705,0.13808780374890503,0.0007451664352433587,-0.037285400817237656,0.14229784598909034,-0.015803784155697033,-0.005389873390558412,0.1289908076621132,-0.1592309724823742,-0.06870214296703844,0.017527109017226452,0.10001581882024894,0.22802758438311,0.03909315958193836,-0.018488979054745083,0.013857336780136186,-0.10058537517919225,-0.023694282617426395,-0.04932472043393549,-0.046535539865167265,0.01599240448193978,-0.08243346664224967,-0.043185584227933733,-0.030281174769422346,0.03629956397840246,-0.011271762353222218,0.060567613507227946,0.04148759774681115,0.0478806351876099,-0.03745011806965266,-0.005395423010932134,0.004170643573996121,0.0032494372531000387,0.009817904975937212,0.030672250310938592,0.031442447228277014,0.001368223935178777,0.06284004741084076,0.03368111530039904,0.029265476496152684,0.002619937342743415,0.03121271936614741,0.01143726157799205,0.013492408786032879,0.03099039392606861,-0.011316682163394043,0.0235727695989196,0.016446232761266794,-0.02410746875060551,0.024083841845285,-0.014102536568115756,-0.0023245662634153418,0.00029403393382568103,0.010008516062415011,0.016067718073731155,-0.008194956901668745,0.00016443925417021125,-0.009507831765336192,-0.030141134158224975,0.005575241515351346,-0.03771112841692873,-0.0015613194140472267,0.0036312990762449463,-0.0006656591146388715,9.041455797068439e-06,-9.34569047799393e-17,2
164,0.0676911009016896,0.00019208757394490524,-0.009070481324955889,-0.09757340556696087,-0.04491899469498015,-0.06862495081553109,-0.010920866017936515,-0.061187601903706715,0.009399203855173524,-0.09450189496329153,0.01577988424725631,-0.07142590724126047,0.004159957164040449,0.0032980337637346815,-0.0208987803975244,-0.11716839250284646,0.05896394174145917,0.09227096554371389,0.08342468801556503,0.007595859701511243,-0.033004370680667555,0.06912906580634233,-0.010315886804073944,0.03939173045655392,0.03098390161387804,-0.06218707125285333,-0.053659473474462795,0.04106657558503438,-0.04219463239543688,0.04896553717843723,-0.1348138984938524,0.029856262350865623,0.025846539622643622,0.03445668995306096,-0.06467227808925705,0.06408640721259957,-0.050489275702321916,0.12252563577937334,0.029282013074995644,0.07571204618546844,-0.009375768799346942,0.07928410544095876,-0.1574930851643113,-0.16744685871244272,0.14400636508187467,-0.10337145117825951,0.019821562483717452,0.031304800724432105,0.03480930503362323,-0.11527519201772249,-0.08032280923246564,0.019523953914266246,0.06480012704273604,0.12922274412023793,0.07512833693479373,-0.12930931143813126,0.06612525227548179,0.04188839152910069,0.035770956787782124,0.39574135704589775,-0.08694827212485057,0.23319649118786878,0.2676500698870599,0.20502373112027672,0.05289003244082678,-0.09255248801589064,0.16104580924910095,-0.03434000489179086,-0.05549146359978119,-0.045810808313839387,0.2940514562842794,0.19421142306318337,-0.12633412412107708,-0.007758374980523979,-0.04019692393060932,0.008706431703079118,-0.08446088860176076,0.05269974027248136,0.01262350190148575,0.061989979868296595,0.09614971920832922,0.06531968047565008,0.05759623041789308,0.019362933265570488,0.07057180221862396,0.04345262449288432,0.07556748518054415,0.08800811656456078,-0.011345613816988882,-0.1360708749667286,-0.07184207484880811,-0.11930843554402609,0.053414210289425036,0.027540315725092884,0.04285923944742261,-0.04621603974117117,0.02118985044052316,-0.024055392101478685,0.03882993701022762,0.002508577209039145,0.06124601590035763,0.031450070014010775,-0.019023225291563976,-0.02854256573431495,0.0023198587768814482,0.014680515021795503,0.017067186205506835,0.03470967067578522,-0.018212490304949473,0.014112752715882795,-0.0014882746661353547,-0.0270953077246632,-0.008785486986313353,-0.026014187824515367,0.0014974934277492927,-0.011805085426877684,-0.019089410522541095,-0.005433915083577607,0.008133771629193957,-0.010784643993253788,-0.01988089120917071,0.008235521380502625,0.0007520105650207226,-0.01719159301358092,0.008132764092680708,-0.012043880579020493,0.0109427634736803,0.001530739289666101,0.006386757496862478,0.01646051357037108,-0.021333104616884348,0.002139612310468903,0.005240609566031467,-0.00038622574940333287,-0.0074064514252808735,0.003027467468843246,-0.0056106010802789335,0.003030580657516212,-0.002505836461776884,-0.002928202108313334,0.003821369494746107,-0.006483288544631657,-0.0006759867390162458,0.0017263087528857262,-0.004573578195753853,0.010108836917759165,-0.004917858607806593,0.009721076949489212,-0.011470737761524904,-0.0004394914606393391,0.0034127024983775867,0.00786925663528137,-0.0013091375830708804,-0.002401789934270874,-0.003809913496103048,0.0016845908717923665,0.0018042925093086737,-0.0008879550974969655,-0.0002374011882667431,-9.345690477993915e-17,2
8,-0.03937696518893656,-0.009310032924038238,0.32681347427782576,0.11357181440213245,0.06352551012642126,0.08998422188811234,0.04053719789169637,0.08550614816690619,-0.0141263799656843,0.02646733572968922,0.03364589708254834,-0.10936968592576615,-0.00984485414364858,0.021182236976868545,0.03480711251119238,0.042925755314382634,-0.024097967433397392,0.022641255847241214,-0.07305596534101413,0.03428664818197305,0.10193393517619133,-0.019116560534212047,-0.013297033009196001,-0.05023061901695299,0.0010261901384010306,-0.06810028020303514,-0.024287837384060155,-0.021694217583157205,0.0017175258072921833,0.019440983148765162,0.049789736963491774,0.015525746631460885,-0.01827249726637539,-0.0033635993428117804,-0.02354235272809727,0.06538489287395115,-0.12166944770730276,0.046894302095058876,0.24450998795919066,0.001634378346605048,0.17899561138031714,0.1426431801290878,0.008327868339583893,-0.08434449908390998,0.004650258389705292,-0.023933247257643796,-0.06827268310252918,0.1554938072595514,-0.06910916760580985,0.18215954754715863,0.11979551345603423,0.11752405915443974,-0.024637502257277708,-0.00022773150279803225,0.14657455808292835,0.07973154600761641,-0.021957558635214227,0.04097393162623336,0.01582907829252256,0.05442597434740871,-0.05375236946580521,-0.16193511907419533,0.0881130168584111,0.09011486582670092,-0.07643277080695383,0.04077810134442547,-0.049154724045277626,-0.04015785657523902,0.014559755409215254,0.015000256143316909,-0.11205447756099098,-0.03619430172075815,-0.020261262818327797,0.1017174346302971,-0.06404550877622726,0.03191746265907758,0.04601674468128837,0.028490256866081518,0.14539533494279414,0.05789592782659469,-0.007288384670167042,-0.08548232902129979,0.0015205760673704543,-0.027357880936111117,0.009998572368426922,-0.0857915029134035,0.046803312831133446,-0.14580510602726793,0.06548748099599026,0.06911289287830655,-0.11672598514063477,-0.09089711527523628,0.02240749337791184,0.0347147879804736,-0.13317231829294718,0.06786836434100753,0.05978224738384497,-0.04518534665655914,0.06608408870865282,-0.02939725035357896,0.13338869596741795,0.07138162581270618,0.07042422320346235,0.035353017430209736,0.1548019938636039,0.15486269822821408,-0.09511858012785399,0.06388193112507419,-0.1843879788609273,0.10618591080338988,0.12263442782794451,-0.09143555753737295,-0.025305523294764334,0.02907874828776793,-0.06668216965069246,-0.12589833466417644,-0.051514856478141656,-0.09397890873881051,0.03875775100302378,-0.02758224760607604,-4.941762678817966e-05,-0.07059725975886727,0.033118506794404624,-0.10170652340009775,-0.0077365415156075605,0.013543468337784371,0.0047466520612221615,0.008381922914109153,-0.008011574080128548,0.07627099770142277,0.09129108275214519,0.024264197688229277,-0.06812470883323567,0.02439979289436386,-0.0047732419061936844,-0.03891088393681722,0.0036482983669243268,0.011311290941662657,-0.0163748624454062,-0.03845193124556221,-0.0021389158583576175,-0.0025996064654449642,0.019979084409549795,0.008696340019077571,-0.004693820757990844,-0.014195966057125246,0.009861433680409737,0.004160180313137773,-0.007325630976836118,-0.0028107657736192652,-0.012600742775385582,-0.008929896608200151,0.0081546593797687,-0.007653793906092207,0.004789667651664467,0.0034077663218364117,-0.004475284042682798,0.001329272186809795,0.00018441016007424802,-9.345690477993896e-17,1
14,0.033813576942404534,-0.0015606705384875546,0.42058339956780044,0.13842683884106738,0.020890217494164018,0.095391885376871,0.04374460350505921,0.07695811182763285,-0.0047320414937429365,-0.03215940069817558,0.0004473977536793611,-0.005948020166218764,0.015745823074100225,0.02812175001426769,-0.20244930401112804,0.08211349696851264,0.006881273137329133,0.1194755343429983,0.006066986753170846,0.0579677012018849,0.14555199428634893,-0.010640236783411713,0.12381493520026153,0.15413147548338382,-0.022811652563676704,0.02192329241317525,0.023388905108621575,0.031071791073130586,0.04310159528172311,-0.04732914410328348,0.05173886470740492,0.05431143110837429,-0.002709815193283856,0.043179048416176286,-0.019162386781960302,0.01621201101391615,0.169122497686217,-0.05884609731765632,-0.02353931386769943,-0.009483764471947596,-0.05452831756906233,-0.04104229661838542,-0.002526553896547055,0.017976070705607923,0.004196507619119191,-0.07125764239655237,0.04614551085907625,-0.003923674206538075,0.07869304794997829,-0.05666186913572946,-0.04959946968998349,0.0802387936416333,0.07595628724080968,0.03889695698213537,-0.04169317507243285,-0.07668808070374697,-0.008259348512208407,-0.018565593204975327,-0.06318519734331851,-0.005234845566914917,-0.06074158044677908,-0.041639473376172374,-0.0652275142717713,0.010561897695523766,0.02486055241880214,-0.04300299014799691,0.01620710470139087,-0.018986252389804788,-0.020383322660853336,0.05357930057372556,0.04045455116129545,0.01551535513469062,0.04614327673973157,0.05820955255014891,0.043382128638198646,-0.002586315596041283,-0.016592047172980146,0.02547010747696576,0.005845061758407105,0.014886857609838855,0.030941319322229658,0.010271928300971714,-0.007042749688593174,-0.036777893059550364,0.047777177255113934,-0.02155617706236439,0.01809128731726093,-0.035030507051530324,0.03329215234967119,-0.05217193471986035,-0.03377136467902427,0.025042215184749268,-0.013409829717564286,-0.0026133940397884874,0.09009133781869276,0.10713119743631105,-0.022649142994116488,-0.029716464334813366,-0.057581629655275454,0.04152324805478218,0.052420640120623425,-0.0032980657608829692,0.08270351322751338,0.10854301743608204,0.1070240932319799,-0.12182174839530806,-0.11100187229823626,-0.05337764538206804,0.24448378949132168,0.09258625950633037,0.04104180206480227,0.09569690917651395,-0.024606071830755135,0.12536775043280268,0.050513305561115274,-0.07929704474435398,-0.17899366457231564,-0.0712849066254278,0.08047370615980962,0.2649394587852965,0.0775736926186279,0.032368563837312715,-0.1302867478326896,-0.06381355263537478,0.0552135356604305,-0.051007659445892785,-0.046251213960253015,0.1505837385616634,-0.021366734143235717,0.04286238297819221,0.031100958789178304,0.10177989473674469,0.12212875655554067,0.07934551567554303,0.024932630300706696,-0.009650796191084117,-0.022720887870594224,0.016366158742472957,-0.028882379523971224,0.001631611962356065,0.016544780042886925,0.002931363454212725,-0.06077917230105074,-0.006143699544419392,-0.05205865952011163,0.013334630391785871,-0.0037727798612608387,0.03334091750114247,0.03337840460218698,0.0011552557725435818,0.01755607535192142,0.018529098332225942,-0.009179171459590796,0.014221572880631654,-0.0010706360009001587,0.00302165933895786,0.012438608090447273,0.00035749549278034625,5.990172345868878e-05,-9.345690477993936e-17,1
95,-0.12643722120247375,0.057295338082016825,0.05910555896144006,0.03549454974623105,0.0002989219662176514,-0.009533928842967235,-0.055984309825559575,-0.05521536838237521,-0.022271284149775382,0.023544496534703335,0.000775833156997989,-0.00028427106020929496,0.008234843579909746,-0.04156347365629788,0.08415459285236074,-0.06191259877905814,-0.0015869525159344165,-0.06703093751528248,-0.015271374076338494,-0.045088065952537136,0.0287451638858804,0.026273024415310323,0.1826923609703997,-0.0710216607685696,-0.02768909446454621,0.065791005882295,-0.20474460860354746,-0.08812515893055767,-0.04764063640314633,-0.12134414447141705,-0.05195782010878432,-0.032221672539795285,-0.004294549157465253,0.06329920940023656,-0.1179318809558921,0.07977546714635743,-0.19336108655150056,0.11977662171000422,-0.019457296587087117,0.11840482279022117,-0.16239083865483475,0.06508556938617321,-0.007611023790888923,0.04783500914573929,-0.07869393123045086,0.2279602559852801,0.07361934119209176,-0.006729929923913007,0.10561122025714806,0.09943470485022399,0.09159409812445302,-0.20070151234687386,-0.055295146868155155,0.17459311526224694,0.13541409850697503,-0.012916543144929052,0.13919083493647239,0.028151796592684023,0.02093416379953261,0.003915534850399003,-0.03319528418212657,0.05903796918079065,-0.17717893041548338,0.05645024336709521,-0.016801362288815264,0.13932542644102444,-0.08597182557399126,-0.0023255682398980525,-0.002320531828271855,-0.16643824656442105,0.10272147785688826,0.06498236142364684,0.16502904564804113,-0.0964336975697045,0.00951367233047421,-0.03310041438410291,-0.023277215688374445,0.021114141066598164,0.165527994606353,0.06966928088319538,-0.2428482827823891,0.06678447037037134,-0.027616145028436515,-0.0441531866278022,-0.10315027098309641,0.06173482066592406,0.0443263688078808,-0.08376497877046284,0.0018698810874297608,0.016701657812826454,-0.039806575448638935,-0.020130850503387535,0.09161541695499087,-0.04384935857065917,-0.019270737022739994,0.11775497232803812,0.19307683773755374,-0.05213541608451115,-0.017168120703392444,0.05230715545633527,0.032423599910700075,0.11776243003361267,0.005173988709649288,0.060972029153950204,-0.11209356730601454,-0.06378085440365337,-0.005375248361481017,-0.042363054234598164,0.1257225494280669,-0.0243667136347114,-0.03604673164295299,-0.0331291696218232,0.02185156809125276,-0.0009872492231317207,-0.0012613157537023916,-0.05044148813244195,0.037790549175241585,0.0034837452999104753,0.00025596814012596706,-0.025294276589906354,-0.012553490622206835,0.08605800975159002,-0.04005014730987414,-0.024907606121822728,0.04954500611562573,0.015259395608146766,-0.01818125040712174,-0.05158440601098372,-0.03765355288561536,-0.03292716069501153,0.05813933315992708,0.03859512843711917,-0.0021478499433416212,0.0064764659081340435,0.012562720208748367,0.03109040064789296,-0.016551894419420555,0.018564698681486774,-0.017268557936268962,0.006680678735215658,-0.015355094785241306,-0.015076487370648154,-0.0032166851648448933,0.0025504138858310293,-0.013290179009762839,0.016308745745636306,0.010356487162760854,0.016642370793937926,0.005804155840696916,-0.00708617500020803,0.0006976637798914216,9.04986159037516e-05,-0.004288942785574587,-0.0014939883788678825,0.0011892451691775466,-0.004120589636056682,0.00046305874888421145,-0.00026453341135517416,0.00014500811536086457,-9.345690477993904e-17,1
9,-0.006415854671203546,0.03141033602572828,0.3922979567198664,0.13151942179463522,-0.0036131364016900192,0.07172726525152176,0.003152652272892631,0.06741435634014407,0.03337837288769198,-0.015202028338211559,0.027901152745295754,-0.03160268389158397,0.03345276517187517,-0.01931874912306075,-0.1885807110719128,0.08705527509114146,-0.05139180056911786,0.03102939851308343,-0.030296522463823892,0.02042070593294567,0.20005994359152351,0.00046786450005422537,0.1978093428153654,0.14828126820971987,-0.01638898776594606,0.024317334119009982,0.003719303975851129,-0.01981801190168901,0.005405063394791803,-0.016631043386381324,0.04047641111059294,0.06429271238141578,-0.017036790532220354,0.06365839392188756,0.014246791029905274,0.010564135988276553,0.2014441994133967,0.0195495076757287,-0.048356728303686945,0.014191410513477611,-0.10276363667456176,-0.0011929862365588774,-0.07135339052414734,0.023967253782471526,0.06316897372199974,-0.029094189594989106,0.015604809563739372,-0.08240210823394209,0.008993513214058363,-0.05261429678578811,-0.0961070207523759,-0.07330695101751085,-0.048031789172414005,0.07996953450277838,0.006784306232325149,-0.02637478830152543,0.032919937219181156,-0.056621529287703753,-0.03619459313004199,-0.026491048694918844,0.011639355170103782,-0.017890481364190063,-0.005955817160865724,-0.008690908361934528,-0.045460015819989485,-0.020694136879331176,0.038821443750334333,-0.011269538815430592,0.11296808239045164,-0.07799830010749868,-0.08365778389773762,-0.013967992279533657,0.04061814358102916,-0.028698388078277327,-0.03638547699127542,0.023179863206019093,-0.059943301341780275,-0.015145976393939236,0.009762644543586134,0.05339598357316919,0.0248732307347799,0.06550882725700594,-0.03616849254356853,-0.002192545431597397,0.001371816610647409,0.02725089501432835,-0.018511587340890878,0.002577961542369,0.007085091480340051,0.05133288858715882,-0.015007722546680518,0.04647212802422362,0.05587342745456804,0.017279911833516723,-0.015901652226048578,-0.063047434428762,0.02518075978860401,0.007853595881943043,0.006175225153834757,-0.04955828053793578,-0.029307159349964657,-0.008703097151657797,-0.05477125460224457,-0.020066904753839553,-0.07498983618917929,0.005421784857675517,0.08535688995304579,-0.0140351666168453,-0.1416034636117525,-0.051465373273113374,-0.07786105888947774,-0.04332036494010676,0.02750215340470735,0.02595968586275919,0.00626075607751229,-0.06480579290739678,0.13395608066565856,0.0597679570312587,0.0005993825454287004,-0.0424443411230801,-0.14691466225103275,0.010623846217377067,-0.022139838698552575,-0.1804062169795246,0.08743248063096935,0.180225020590426,0.16777246057197165,0.18056801527028712,0.08862059035690299,0.20726877851944722,-0.07974066171386376,-0.16971635214809933,0.006677759384864749,-0.06228983968910545,-0.12837967330154937,-0.02722697433085864,-0.008453025660173965,-0.021915510189807887,-0.020827939733857298,-0.0059051838381175715,-0.040103770110275855,-0.010371153456740912,0.018643426800430758,0.029481342495896443,0.03766735482703349,-0.015019363527569447,0.02626745498798686,0.0029800257069931635,-0.012499225732652565,0.009247566830752103,0.007419516563337287,-0.017882086317745936,0.010807484218239231,0.0015903240501336157,-0.0016997610955922986,-0.004768155486077104,-0.009282002430725163,0.0007785296964017967,-0.0004153380174087538,-9.345690477993889e-17,1
125,0.011388389022982918,0.01609451151947188,-0.04715335464490062,-0.11762998305806924,0.07989485243916461,-0.0215796428573281,0.03770709636222364,-0.09207797771092276,-0.08138370903653415,0.047482541004101576,0.030959430097398145,0.016350601569200426,-0.10705526581990801,0.4398525266270816,0.15777988047301258,0.12671442029876004,-0.010982322629102108,-0.04077833725179234,-0.037847148985441455,0.1322050348711439,0.11670483170831096,0.05023493909502898,-0.025508850612302736,0.11354994309184821,0.051807929399590766,0.07305427925446065,-0.025918316179989784,-0.0054049126725122295,-0.051270896830735255,0.03477336618974148,-0.004475984390108737,-0.0036723778100018383,-0.08959360964224101,0.05135004754815661,0.016094835305296422,-0.10772204846317399,-0.05455711411349284,0.026537771746302733,-0.048172116776939146,0.01616099442506005,-0.015064283020265268,-0.01203432652749754,0.012775735484182994,-0.07243501156777679,0.011928057700404952,0.10786956382322596,-0.0005939668789809687,0.028510606094684334,-0.012660690123761982,-0.10908139122246381,-0.0066861598741655565,0.022692709054125987,-0.005397047937891118,-0.040291682350085845,0.14373520807974421,0.07574568666916279,-0.02981558683043876,-0.048261266964131445,0.1962951614989099,0.07558770860236999,0.10645862943682631,-0.04045079528796355,-0.022668709800753566,-0.05396327445180277,0.003455599579024382,-0.047127155822287006,0.03910443221362359,-0.11258009642129976,0.07795755558473332,0.08062637029929182,-0.016485023834337618,-0.08153757887133146,0.07461050116086439,0.3183756414443589,0.24437643867571163,-0.08924793143733699,-0.10077565983695105,-0.18965132468492094,-0.11092545835108483,0.2716066531064964,-0.1311239399517001,0.23668135550370256,0.06011701016173799,-0.14196035968187246,0.009253531460704649,-0.12545913669899078,-0.1012623073113654,0.1355235358668522,-0.08272482176892823,-0.026047658203266422,-0.027897381677577996,-0.04436659398683774,-0.0171637165075242,0.03193271384767687,0.01415909673527847,-0.03217948079176913,0.039409327742036045,0.01269690599186585,0.06987549510427889,0.03797822719449325,0.0023023117949254462,0.016742792494139257,-0.005256325919103944,0.034458040195273376,-0.017466715301089127,0.018202416408277976,-0.006550621476735278,0.01110376133440367,-0.002504442596411056,-0.0214619275876639,-0.013674735901829545,0.006723538268640763,-0.02145935254132625,0.02765084069761326,-0.01151650458575402,0.012166115119636948,0.004220493544670466,-0.005975716349052187,0.011262363836991057,0.0035635429147723493,0.013009729020068552,-0.019506075525504624,0.0022918989346418315,0.01635920795885141,-0.006745420610196201,-0.0016323697472237664,-0.00500593219824634,0.0062963914700441504,-0.017597395732653856,0.003293290763282311,-0.0036297594774197654,-0.0008441443891149873,-0.016092790944849614,0.007856470265759342,0.0024359231948469524,-0.004039454363268996,0.0037578801420158126,0.0004739914973876892,0.007163259299400876,8.522511938910144e-05,4.4199918287342555e-07,-0.005458850662260548,-0.0010229477781114706,0.001558088953228715,0.0056334611616668945,-0.0012763717700136274,6.603040282583518e-05,0.0017126556680742244,0.0038887509310887433,0.0005956122538983869,0.003576390167194851,0.0032716052861115957,-0.0009336248117764125,0.0009693728263245786,0.005857357471416507,0.0018965756320664321,-1.6090958400803638e-05,-8.788501653815269e-05,0.00015973810290259306,-9.345690477993919e-17,2
91,0.03704042405944569,0.006513855959473572,0.13372531997977127,-0.0024407284390019855,-0.03840254960315281,-0.04304222692808381,-0.03823721460737464,-0.07889324898235298,0.020236260595858712,-0.06359060506855199,-0.03723605306878612,0.07697180562323294,-0.03152429262945029,-0.05197421951748687,-0.043944556326665316,-0.012160783331124525,-0.0014237023469037867,0.020413551532401576,0.0003409985844118333,-0.07239595702737069,-0.029222996299410352,0.0038182193796359063,-0.09581605887751095,0.11482459971872745,0.03305258196268919,0.087180558035336,-0.07350394251605942,-0.026894013146544462,-0.05018093916842238,0.08428101876647588,-0.1278162869320687,0.07459606935018133,-0.07713914787653292,0.05988481948967556,0.017038366057264824,0.021794445294593505,-0.19798606780263517,0.050451076694614794,-0.10874057082575145,-0.03901920009820152,0.05359654704682331,0.1974335568951494,0.05240740341856482,0.056080983237391704,-0.13951321332685482,-0.169349304056684,0.023824925545831852,-0.17155501343867663,-0.20899189863376125,-0.16658914341596598,0.026256505219628176,0.1356202756680228,-0.15246624117368313,0.0930196386673266,0.025395723869607256,-0.03322258265277514,0.0708529001883568,0.036807680967783106,0.07072821064716117,-0.015933938703558737,0.2444533519726627,-0.2110165948517518,0.07717582962332052,-0.17692251781626428,0.16211475768702355,-0.05079740052748799,-0.0007292774207083439,0.10474878989305485,0.0843166224031704,-0.07991251316924342,-0.08930171143685693,0.18677123332019616,-0.08978871217644292,-0.17872124631567737,0.06530858644845733,0.11810561591218455,0.08063071335598672,-0.09165658319561054,0.06315723891368712,0.01936010737108805,-0.033119990394267045,0.13409506165235371,-0.03363714521317756,0.11908598034572143,0.06471923443167404,0.06251299110243447,-0.08111175216147956,-0.06640785557633094,0.05215513182124905,-0.09293601548611853,-0.039492488488580085,0.03312446395969673,-0.06483513703333264,0.06578018035749882,0.05505243811309798,0.0469337244510769,0.03926371410035001,0.08039627030211695,-0.07188697979057986,0.1655758554336986,0.01702491767425388,0.04282853380297834,-0.04047140864641688,0.03138449576383336,0.14470596007114975,-0.02587928100473758,0.019480055686232338,-0.04795403630884316,0.00935227767931183,-0.04325870171966958,0.04640822312665074,-0.04146231026128864,-0.013602928194737471,0.004455898595183158,-0.027320924643691857,0.00020586152775181775,-0.0214308521357932,-0.04830089475904881,0.025917496779627465,-0.03158256210464989,-0.005001823580720709,0.00513766193897915,0.013454316140166313,-0.013740980462833736,0.0014659843359847507,0.020788686027276373,-0.002517892881146715,-0.0004011800719202903,-0.019938622530371004,-0.0333071505153258,0.007315378071119871,-0.021070318001170978,0.008363812728297601,-0.016719865053487184,0.0065758814199664,-0.004795586205286194,-0.004444848931768956,-0.003864113760236989,0.01473808775878106,0.0309843753507349,0.005209376409075019,-0.005637333608713911,-0.015382260626581408,0.018081755012150234,-0.011487902045148844,-0.007604141513956663,0.009471171023357228,0.008009698699326086,-0.003243173929604126,0.003672964897266738,0.004582671792131451,-0.00442574660323192,-0.007987060909270743,-0.0007828687269733662,-0.0034335124948868677,-0.0014236281890901354,0.004286923339492533,-1.304905393737445e-05,-0.0002549051714727461,-9.345690477993943e-17,1
65,-0.1831669143977699,-0.1275275673582595,-0.09200045978580063,-0.1303939701068772,0.6227628803846693,-0.16941690015360159,-0.23155226550524668,0.12125185508335021,0.11443008193358055,-0.09741917027302284,-0.05356508340857385,0.0356867576736609,-0.01786765728943593,-0.04893819594694579,-0.1003699992241528,0.02808022598613115,-0.02713831803611534,0.020346353149815997,0.016451413068301637,0.024646008409516414,0.0231350196212888,-0.021129573787123726,0.005334333911236105,0.020228084784619925,0.0009982581091215424,-0.0023693621462340764,0.001696352140663797,-0.013698489104246984,-0.09368864780999113,0.00046958523354344745,0.02623243239579246,0.17119405592713788,0.028310220496199356,-0.2295903248034881,-0.11747772651679722,-0.056330079467586974,-0.040714340589665346,-0.006419232072460105,-0.00971974400275733,0.013158789933729145,0.010454419916720524,-0.012370324586449863,0.0007452008148002252,0.018857922483966748,0.020803591270400313,0.019103371640188143,0.01016930510031033,0.012836074135888475,0.011246695770389722,0.0195855110066921,0.017108732642204427,0.03335291142932632,-0.027490382594509265,-0.012252460022721028,0.011154233281447701,0.0035201969363825615,-0.015953911002356394,-0.006081379980700559,0.00011780579106399618,-0.007218095363891185,0.0050288207724859205,-0.0015475518900406448,0.00399105973066739,0.02350925726679662,-0.006606226968072143,-0.009840652468895855,0.0018987627683214354,-0.011996820231885691,0.004442976247693815,-0.00679717460764286,-0.019181195333911914,0.0134563274343068,0.022258891525691955,0.009829057238250283,-0.01053604255282848,-0.005334194508840198,-0.023386462904219196,0.009444592575414754,-0.02339821352521229,-0.011531730295295025,0.009270815320997538,0.031908575286490035,0.007695810743268738,0.011894568451808552,-0.013990367091391783,0.0045469035853624214,0.029316522143277048,-0.004209800987382082,-0.0019114156985612254,0.014753244030230983,-0.0014918515014445408,-0.004264084297670307,-0.02613788559622777,0.011073714875663571,-0.013795798749790186,-0.011193432666415976,-0.021227302483553707,0.0202499801419226,0.02530009751608055,-0.017308447734644614,0.011855666455814585,0.008794968074135705,0.020429631905133857,-0.014223119818233267,0.025495268608837034,-0.020893680075614512,0.011294384622815123,-0.00925255319740009,-0.010182927550413702,-0.006031188311782801,0.03915144575781082,-0.03279673314806273,0.027532119795146318,0.013202469619321219,0.01815051269010114,0.021485175023307247,-0.01567177169469125,0.005827902484954604,0.02561256840343666,-0.016970072411363408,0.019527489551454367,0.08632922995305412,0.01269907101700007,0.03546763501438256,0.1597991045746631,0.004502414054830438,-0.03748702081259725,-0.04798818097109169,-0.006106442869166614,-0.0006278212674414469,0.0054335453586088385,-0.018797789310611726,0.0035918640361849836,-0.0024872780302319215,-0.022188832910749707,0.009370377391666287,0.06378884299307486,-0.034035618648832214,0.008585008336642018,-0.06619753819102492,-0.1886052322986887,0.09370317891510752,-0.1701055155777251,0.005419107028560508,0.00018319240041594475,0.009019756831742833,-0.11095590536563874,-0.028988168402538008,-0.08044173759871483,0.3101749517145398,0.0016560971932138848,-0.0019107651604784793,-0.01387610953117575,0.03087134464203064,-0.0032528407765399013,0.005482252840174579,-0.0036968259627852347,-0.0010035778001605633,8.469959842324192e-05,-9.345690477993926e-17,1
194,0.06505605206645843,-0.0009688491371910916,-0.0028999149227588706,-0.07480586024556767,-0.0572662795452515,-0.05409438422550172,0.005377902838626208,-0.006374556794001172,0.012506429833395574,-0.14367581230789303,0.11428139206022656,-0.18118413460621444,-0.12252999870524053,0.06252673621041573,-0.06217215176584257,-0.0433271591028624,-0.0873008505534946,-0.20753697305480578,0.049233870884842955,-0.09860482161617974,-0.09804864275547176,0.0003569467444972837,0.08259218368487499,0.010438440682179988,-0.08778920783780286,-0.3002684760860176,-0.05457203459456632,0.06710686219668911,0.020563658678529717,-0.0012674191065296333,-0.1271802187545047,0.08867399040471387,0.1938068120028453,0.014818045725664423,-0.07279837326608897,0.14157176805812244,0.050980279875193685,0.045616058796832185,-0.14585002664018998,0.016491162099983612,-0.053162014292954765,0.007605878437503262,0.04247015064001984,-0.005039184271858183,-0.06883174640754385,-0.013998556615761196,-0.04487737075978681,0.09344800499451651,0.012611829325287403,-0.06672930582240179,0.07937813362849763,-0.025980652861026843,-0.07065295311940445,-0.03296443429089819,-0.11320108727035004,0.15314351331676562,0.03819160205962354,0.10757043567331044,0.020680603680682353,-0.1079119946783813,-0.0005238469987665741,-0.0836919230099072,-0.007297521070188607,0.005315942127599536,-0.031295267113621024,0.049460580543053995,-0.06397116353121439,-0.037879137383092384,-0.05432243126206459,0.19700679494751958,0.0494548633626766,0.06428013703003915,0.03244622586015924,0.05835927896914987,0.021797487791552512,-0.02064714490828969,-0.12493802558681417,-0.033790499092143676,0.08613144423890876,-0.05529330167981746,0.10934615987482474,0.09329014157884916,-0.010764741282730153,-0.06858540397868365,0.031090674558439974,0.10732891459913825,-0.18915826217568737,0.002055911153839244,0.026583145421216613,-0.09395253585911775,-0.021624775612813785,0.04919188429199456,0.3033439587313866,0.01487838887315847,-0.09077361957130066,-0.021644483131474112,0.02134713962332226,0.013596323664702559,-0.06953318172582981,-0.13219243763265895,0.11998500492990835,-0.1994586861206372,-0.15409795156713055,0.11166054777726055,0.03333693804557336,-0.05332651250077623,-0.07391636492615135,-0.010787013132774848,-0.053723968852365224,-0.06201266766589507,0.07292875019056617,-0.003952378307303283,-0.0491813128649229,-0.024759045553193384,-0.0011329479278088883,-0.006355957580039626,-0.033056255750768676,-0.004105451017130315,-0.026233855523583018,-0.007422486273904366,0.01625977558620216,-0.011040387105768814,-0.008525610663148902,0.022549575299308518,0.00207169332868918,0.011263246132863948,-0.019127730964136894,-0.018699060559158143,0.0014885325538214935,0.008729071204031748,0.013573422708361876,-0.027104357626597502,0.013169465022449622,-0.018799022671701682,0.02525680834488262,-0.004479216421457679,-0.000564127547495074,0.003731558633404761,-0.0023625210845731556,-0.0026707383099136258,-0.0009170197215805271,0.007155371022433123,0.0012244637599531454,-0.012239482116304878,0.006342648878367999,0.008241039560514645,0.0049937180007573745,-0.016817331844630294,0.0008310565745632775,0.001051702028348268,-0.016898155177514158,-0.01079590160407393,-0.05620798861465747,0.012466493215831095,-0.052354514383827246,-0.01459734603966406,0.0031167844286104436,0.0018196449656444384,-9.76463397999524e-05,-9.34569047799393e-17,2
160,0.044534345803848574,0.005264258246126682,-0.050895343341349694,-0.14005504498192178,-0.012770452326803424,0.07196368059281866,-0.018921399996635446,-0.01638870750808718,-0.024726745877141194,0.011821688235705197,0.009964461869689635,-0.028328288494720445,0.028543783581340357,-0.04611626452630146,0.01744583625585684,0.01047741297496077,-0.0019768123031888955,0.06967626611192583,0.09211932303914784,-0.007520240179056811,0.02010134484107218,0.051083141487715034,-0.022567336375017368,0.04706541350888297,-0.02957213743862116,-0.018667589726721855,0.008250527028766554,0.026112622653997032,0.021441645568941115,-0.03408791591936463,0.07948636565222565,-0.00583358990459111,-0.1384326493909015,-0.02046761802031649,0.1563219699440295,-0.15406300818197097,-0.0531121056654795,0.06269002533652968,-0.00017063553799204727,-0.10110945304277047,0.10717381327826442,-0.03728314807939453,-0.09421584385069598,0.008607333346533417,0.17338887581207027,-0.13037963326433089,0.4627603426433989,0.03243192676266777,0.05421890461089028,-0.01194796075427838,0.3046701282488374,-0.12677258570994485,0.01709224071959776,0.1013981212862528,-0.2012416383099831,0.27702242357135903,0.08274130323377836,0.022209003902798376,0.00914941266543265,-0.13796952885505914,0.09634218520224101,-0.09443133821749258,0.032417099674342406,-0.06250124526080766,-0.16738035860416905,0.03269916648762137,0.0459626400033492,-0.07877812281274053,0.06483281771769356,-0.1803931806208492,0.20227937814345817,0.1278683501897219,-0.008314434438686255,0.11550976176597759,0.0034250690882610467,-0.03745680018663686,0.050425479233671563,-0.0611255225934186,-0.09296202221413055,-0.11901709117800575,0.030698497407915096,-0.05853499434917521,0.11528190791102627,-0.03041581472715645,0.05080593981101762,-0.09715115156859933,0.11948454339245276,-0.0425656437438424,0.020992703574798724,-0.040197728733255465,-0.02062636483591924,-0.023443355376243098,0.02956360272744107,-0.00026759870469381954,0.0073662787023529965,0.02885458413973597,0.021071172606609706,0.051604977354040314,-0.026886806385105096,-0.0064450843665490596,0.029932937993267822,-0.014301106034207122,0.037922976973964,0.01913941879009534,-0.017498940201949312,-0.029792572322916072,-0.024972624194857105,-0.028201747834277653,-0.035559450620984714,-0.02331880196183583,-0.033268474103019245,-0.03957380042672277,0.027811620825294567,-0.0030887992207966884,0.0010035825965304362,0.03006278001295388,0.03665224038261313,-0.008448633490225167,0.017352387305800937,0.017837691304921324,-0.000610095940206058,-0.02964779096574487,0.0020830505570218474,-0.015631249432404137,7.806848271013876e-05,-0.005055347494776718,0.0060231872434119435,0.01211643088502811,-0.009094939387345971,0.0008874480443205113,-0.00026369182876342966,-0.012339774066433903,0.02509517937821411,0.016193942674927915,0.0003145066424575318,0.00072411610450178,0.004368979562233273,0.0009005420267756152,-0.0011120024404210533,-0.00963896347583349,-0.0035056460586076624,0.009193263383923908,0.012128936854343329,-4.912927624675815e-05,-0.011350745464482073,-0.001730984822112119,-0.003183306724552866,-0.014550723294496064,0.004222620774746677,-0.0037867878921831956,-0.0021838701428154718,-0.0019336087493945716,0.0025980562060892516,-0.0003673701257023864,-0.0007372508726927081,0.0010644314897234376,0.0031240756431111833,-0.00030457919603235536,8.589369322269809e-05,-9.345690477993926e-17,2
192,0.0557353285757611,0.0020371264005510565,0.0009758498775323028,-0.10935143917084082,-0.09043562963446089,-0.1251352828377037,-0.04815377618078073,-0.0703364638702595,-0.000555075023528664,-0.09395764682325954,-0.00563356285785422,-0.09834232049875719,0.0860052353241715,0.04798200692368013,0.06165102491831683,-0.15113214507475015,-0.15139784179496363,0.12199620022370156,0.24399727868882778,-0.10922284015756022,0.2784424005638465,-0.11299707794006768,-0.019487309871257977,0.010928655225540426,0.05002785209738437,0.05893051701662396,-0.07248707181546539,-0.14329157713771692,-0.08937536666810622,0.05300356944380486,-0.22002158117985435,-0.03941935844029135,-0.01334956248665522,-0.172815086235474,0.21118851317378803,0.1315980060927228,0.04729743763390863,-0.08473815892480792,-0.020304145344864848,-0.14250995531531305,-0.01493380446047777,-0.04874013890410211,-0.09693034922047881,-0.05948328479060621,-0.10356307064554872,0.08930192500211376,-0.016637026492828385,0.06090716937517702,-0.020593187944303547,0.11827713901489575,-0.06594759074632706,-0.0035178682907322746,-0.037786147662941444,-0.08204681114788558,-0.12005601091738409,-0.054100630870647676,0.039860260760412894,-0.05296173396971648,-0.06976524805608765,0.059839014444682,0.005494261708199786,-0.04329007392869809,-0.03439864582746519,-0.021051748478899426,-0.023032379491003053,-0.021349745188224346,-0.04403332709903175,-0.0010705875205427738,0.05863852521646691,-0.029747210256589267,0.040359652545240945,0.010446332437864643,-0.03204738422240256,0.011324727121971015,-0.038549346887343246,-0.025887134174000882,0.01891457611830749,-0.0018586874693336045,-0.05316727111080844,0.005298499496394243,0.018238821825694747,-0.016202122467956423,-0.007031581181163455,-0.019797536536217734,0.003933925421342388,-0.06502278126698725,0.0032596232368990933,0.039951482510523016,-0.0017170855486886864,0.018152240803828275,-0.010523305395108472,-0.03609863899188555,-0.03713255978079541,0.020224972213901567,0.01805927239607065,0.1120034268591049,0.02841787328283571,-0.03507099631865248,-0.018746768057124674,-0.02321513805546479,0.047354391381362305,0.009462760177234677,0.035816892554920716,-0.07398667789542053,0.031927908925695,0.05465073091365626,0.016443088317753877,0.002176360664038247,0.07709119784751471,-0.1521272710858427,0.23563332042271903,0.08143184086037798,-0.23010589757477792,0.007932896870768256,-0.03969921000662755,-0.14000514072650946,0.24238468032987157,0.06880381632046034,-0.08772215056599224,0.05991481303547015,0.07542643844661234,-0.01742823790201409,-0.003272807069665676,0.0639425965572166,0.036938896993510516,0.0880627518693466,0.007618194481100402,0.0015358984503517224,-0.02462385424899333,0.01640287601281455,-0.0323674802610405,-0.01280477832539715,0.0031328723806232093,0.008524205421590665,0.09763760000894911,0.024138877506977994,0.013292784158219413,-0.002458932202150951,-0.016648701104648635,0.018005918286352302,-0.0026487580200388852,-0.00988344583451118,-0.0009240269538381844,-0.004282277673488747,0.010994787764429212,0.00015181494313993343,-0.002555254780284115,0.006207929582237717,-0.0003262885773407965,0.005687969956301307,-0.0035233046505965685,0.0017397593037127251,0.005028684936964257,-0.0028924962872720413,0.011845950330117724,0.0051318909544954315,0.0018403701696316868,0.0003815882247258462,-0.0003343287324857581,-9.345690477993916e-17,2
16,-0.19347757893603948,0.3884043001349457,-0.16105427097699915,0.22255611976036663,-0.022995016179001883,0.03763106223490429,-0.048170768720623404,0.04193249323196017,-0.01982903859639234,-0.08443576926436772,-0.10154435530009093,-0.018018752438338514,-0.03933240001363702,0.011524681719183203,0.04949976570049171,0.004641239666235337,0.07699305028000183,0.001302477303258389,-0.009305546997523086,0.0054752201381735805,0.0306754921279592,-0.21863325434454145,0.19226144575052287,0.03431292501744596,-0.02540286805957462,-0.05021441212869129,-0.03058643660231568,0.09719177769336332,-0.09515221586502477,-0.07740983111469792,-0.1104900115582485,-0.15089534265601645,0.03823800973827877,-0.06351527299481331,0.03343325006614881,-0.06340101276208962,-0.18256274945474246,-0.08674515996880483,0.002855558822554108,0.06431770180566182,-0.016706754698675927,-0.006527207616169194,0.0065996866356348325,0.05180649657695322,0.0666760850225618,0.008731342915525398,0.00346974472760287,-0.049400493371993724,0.02820949497281595,-0.034705192480496506,-0.017997786442115814,0.049682541455560336,0.002876475670764941,0.045569659893202094,-0.04831773438377979,0.08899690904529589,-0.0290906903996615,0.03888570149625586,-0.039458992001570846,0.03630052135170837,0.05456496101077303,0.03364830462241271,-0.012470635817171338,0.023892161084277663,0.008877781961436576,0.003871827631663752,0.042288206484064735,0.017502518253759328,0.006028607328393688,-0.006820152986045651,-0.05663487220469947,-0.02700261472193185,-0.03795456069056394,0.04493987160415248,-0.009000472050156737,0.01782919366976395,0.014445326369704374,0.019418867662334683,-0.0025058606241285496,0.0027801812347996893,0.035425524877853436,-0.008662073038249122,-0.04537637204226948,0.049979357403605935,-0.006156735260339787,0.029385368094351296,-0.014144219877059406,0.005492998471618879,0.007865274568989136,-0.002063529867394091,-0.046992943041122164,0.008317266078088447,-0.041360580604931474,-0.04898470291085045,-0.015392974567854219,0.008728420933494642,0.0554673264681304,0.07136802473029566,0.07004908979496366,-0.06455638707678571,0.025870337065430984,-0.10273156416439684,0.04666089066499643,-0.018856818774274337,-0.04547872795636925,-0.02032242997732211,0.1601564238503357,-0.06310624489804385,0.08772115933064838,0.09597668061900766,0.013709688973591858,-0.07333721756584038,-0.06512177174400367,0.040138469406567893,0.06121921408477668,0.0625825282839702,-0.033288948384242456,-0.0038661554497363255,0.02488987269363149,0.05511964911392591,0.013231780950495554,-0.09338276568859448,0.025200739026804867,0.009539780588998972,-0.0011809613238861717,0.030988746989693134,0.12140013237671231,-0.1482877892467152,-0.11457810081833186,0.11757408332716608,-0.013226009758775983,0.018086615017876718,-0.025694954897460896,0.033542102086482534,0.027506648223797153,-0.29127085726645896,-0.04540957904172315,-0.18611375589837195,0.012146509773073575,-0.01034076694711822,0.0828782389808773,-0.07595348593632364,-0.10535513319918166,-0.08051650665564913,0.03946794465614785,-0.04281193124558562,0.048211359451916,0.017816233064031788,0.019394967499710404,0.019875743589328674,0.004002043457420883,-0.012648035284292211,-0.011960207779906352,-0.012206123150396006,-0.002040292685418514,-0.006837234873899841,0.0024796789301531424,0.0006004041957489902,-0.0007324300777391577,-9.34569047799391e-17,1
80,-0.05429010461198191,0.001619457652149026,0.3360865354186348,0.04930642894576323,0.1230868391142286,0.043368144360090656,-0.020582017442880535,0.05358274729171846,-0.028914341451662728,0.07097454238863585,-0.010150472129009557,-0.17207804001231822,0.12178117197047221,-0.015449670737007733,0.4371818300127413,-0.12629841684386411,0.10704692858740804,0.013951070809869723,-0.060224236600502544,-0.036403952042766974,-0.11097354519251892,-0.09454711244980381,-0.26248315065004035,-0.021552000905444423,-0.17031732134705146,-0.10332730443679787,0.02193364147283167,0.0942609912848376,0.07348232627345772,0.09191695447257318,-0.05717468676939138,-0.03775209609774869,0.004641313785933407,-0.029307809165521496,-0.035521373029381985,-0.09679722950729588,0.07693704250125409,-0.022753770743900184,-0.05623740879985039,-0.02496423808734231,-0.10096626420199001,-0.15567391355975446,-0.004730661126893843,0.01736193941125663,0.01645475267181024,0.03858919550501906,0.03339200923634206,-0.014412332426751245,0.026030465986958143,-0.03494244488523726,-0.08485817768875159,0.010132437869358336,-0.026578698236961625,0.03710325938126593,-0.03998978533965975,-0.016176317260520916,0.001238889127145917,0.020600192931087995,-0.03321892850575417,-0.03732400274640264,0.01975236875606829,0.005625520658790211,0.01448791424044435,-0.02439775119561721,0.0036670164309283507,-0.030921033480806444,0.0064731544148598375,-0.01677699802815749,0.034929702325024126,-0.038242241768026666,-0.0357947438391133,-0.03946875800807624,0.041285834772389854,0.009028088015459665,-0.008108769914423105,0.018774766615827238,0.029419064064631663,0.023913607265273508,-0.03183273669969606,0.03575098351043802,-0.007130004229210378,0.03565368055149292,0.019167896479747638,0.11154497501446387,-0.030473775955993442,0.005379466181624419,-0.008794469562592678,-0.03252100313447074,-0.00988982015031881,-0.046337693715192786,-0.049948318001608885,-0.03796500914116757,0.008475007778596767,0.012487159284985299,0.0209030859339764,-0.018939755219173623,-0.016308918936115965,0.04030627937935333,0.010841364389243236,0.04405859029430441,0.0525092337719051,0.041894145371109755,-0.038534911974584626,-0.013835664724660144,0.008912812551742371,0.009717467487197786,0.03844095875956589,-0.02463434625676416,-0.007917234473438329,-0.05527511858325146,0.0327316180003663,-0.04068106772218869,0.04429694923622016,-0.007378792947568834,0.003978068981269425,-0.00551896618203006,-0.035384932625255286,0.029652674374816397,0.017471707801989936,-0.008491025943917603,-0.010360341283217429,0.12122943171224304,-0.04102641071470679,0.036116868445836454,-0.009248273059118099,-0.008569719218968623,0.018483683379654427,-0.02436677821866432,0.04648615153848023,0.05720853296497548,-0.024948374057874763,0.040044397334125556,-0.04465210176250567,-0.031407317692232435,0.07651705199913277,-0.13048130082820666,-0.08409152017274182,0.20038301454134222,-0.32671690827188155,-0.10382656302756672,-0.0197336060017649,0.02151829000000808,0.035540064734731966,-0.05609551808753625,-0.03387711568364406,-0.03702434288656839,-0.03354142232453477,-0.01314007035765565,-0.005531410455198405,-0.0031239028582044086,-0.004174499361260341,-0.012941819308355411,0.009040662926846747,0.006936719907690956,-0.004036457328154461,-0.005115526789801482,-0.006681026618811163,5.863262885270293e-05,0.000664128706164884,-9.345690477993924e-17,1
1,-0.4227752536854827,-0.3694476785877314,-0.10400522870052381,0.07549815554383826,-0.16851223778577193,0.06213656564344186,0.0523665832361237,-0.005998935873654411,0.007286487196548488,-0.010783978379050619,-0.008034384276620102,0.008463410349964813,-0.0071255163807007905,0.05219030265234349,-0.04400471514997262,-0.006121481480677607,0.025333720312274956,0.021000069328072152,0.0029863770116133584,0.009809724297791526,0.0017879101914602936,-0.0235612625736689,-0.059395768047258844,-0.0032411388701232414,-0.0034178911870909367,-0.026859011974827852,-0.0008017811278980813,0.01868200927042478,-0.031665067142615834,0.03866013429370082,-0.029722512332493834,0.02295858145242003,0.02644686370375791,-0.015079538097751857,0.015406381813586343,-0.07948028801467764,0.0649316060741986,-0.09714223176346432,0.028947877508268785,0.010328660884252666,0.02548660502514933,0.010432182435510813,0.00016345359122639822,0.01924267401749931,-0.00473841449600999,-0.009263553525934288,-0.01483267269620245,0.003949900188556157,-0.028923110162788604,-0.011544869308802039,0.0034812756566258408,0.004628297282106131,0.024080325724568013,0.00740380962029427,0.00117088030163977,0.024664917890995803,0.032436801824401396,0.014776665884083193,-0.01885464477888206,-0.01066669390205051,-0.01601235923752949,0.020097421538884466,0.018929580732443937,0.005548821781249166,-0.007591546847382785,-0.04274334579485094,0.02340779183529952,-0.036000384075004395,-0.009261102208907477,0.04914061989707164,-0.0068564499527479115,0.04709021586828566,-0.03292077959874037,0.008359205712326859,0.029577589271097434,-0.02694250106113607,0.024040634193058054,-0.008834793660921113,-0.0005679358360283985,-0.02829358554697757,-0.02497211615659313,-0.06614352602877889,0.025288174079672463,-0.03980950968587783,0.007629839790013571,0.00035508520198501524,-0.0335672895004064,0.039930560448746724,-0.018794168927892364,0.05378753723515897,0.041188920584936964,0.028378554006728007,-0.04736969727846051,-0.041562043722968206,0.019889713880766866,0.026774959622186043,0.026593589425882354,0.02214862827682742,-0.031094263777318453,0.07533516586372187,0.1261497043239382,0.029976712830091515,-0.015147011196884372,0.05957110676922533,-0.017256832206107783,-0.10134303921078161,-0.0162278464272273,0.10398751220471196,-0.09667360913692388,0.05562535718805452,0.05492029213785352,0.14274224794916987,-0.06407093706025026,0.10019284765967894,0.45460883547945413,-0.01236683427834295,0.10675197151257157,-0.04983020499124121,0.10759099776677064,-0.22536980168235735,-0.09159985353052406,0.1323699782301082,-0.0260266813402872,-0.10490394757494256,0.02304768052688592,0.03545927205957029,0.04588818743636798,-0.004930576323573457,-0.07817503126599427,-0.06818536360647862,0.08334969322378334,0.08740993852192491,0.013193087676064641,-0.10963287976511174,0.06916851867535563,0.012154231222371872,-0.03110998899462133,-0.03173674524863569,0.012845537589117079,-0.020870960593630097,0.008969755921491587,-0.07188301870405525,-0.0014367140715461433,-0.018604130612457807,-0.005877653482974216,-0.010691453914051692,-0.0686932072721615,-0.006761429380694412,-0.011112884617264038,-0.02456095298904107,-0.00447454236371143,-0.0038949469015536736,0.007250052184154598,-0.006430490013031227,-0.0026120108434658377,-0.0028178449095249336,-0.0040026821092199755,-0.0003890273119557392,-0.00036673943574241246,-9.345690477993921e-17,1
156,0.06642246069317706,-0.0026722986741638663,0.0098083336091752,-0.05154719107361314,-0.049946496682934965,-0.08619747766417457,-0.021836104518657022,-0.16095994859332052,0.02520031077420538,-0.17171540051441028,0.12244626957170246,-0.1949119789940535,-0.040081374888497216,-0.03313489414599935,-0.011415942951416435,0.018426492195141298,0.1600453513401977,0.17148282452982921,-0.007117312642529065,0.06774620799071068,0.024132772002065296,0.08732372025845707,0.02189850247966693,0.10815704117542424,-0.13828900821238044,-0.025754919790463744,-0.050140454589159784,-0.17883840932859116,0.07211745361296328,-0.10959542045648918,0.10409252956123187,-0.09862380643211284,0.20458606842517119,-0.07965549416049511,0.04137610030679107,-0.06811108361677581,-0.0009287710311827054,0.007516558450388408,-0.002893761642136814,0.05860238197408598,-0.028687397060515086,-0.047459382790967855,0.2611682179175879,-0.04788283744206844,-0.06303608014950933,-0.028521364785789715,0.004087840915438539,0.0448936690332889,0.004050374870299141,-0.0713161233124517,0.010325246512307314,-0.04664769202133957,0.13510106464675972,-0.06638292543882615,0.06061074566913908,0.05659797203149407,-0.09040787451189405,-0.03725026790650223,-0.03016302167246562,-0.040462176351777,-0.09010696755962773,-0.06046765248655399,0.13936264699715578,0.0170368229947301,-0.013584710557520589,-0.049740799685179554,-0.10717195512733237,0.0022375721193506016,0.1870771341830025,-0.05072226166682427,0.009210244966098364,0.038803539896484815,0.05069647049963787,0.002178305590186121,-0.026570634779135988,-0.08465029480021584,0.05124362889265247,-0.04195723292974507,0.020583879990615884,0.047574453543970295,0.11352567605041722,-0.02688959066120544,0.11057762269077702,-0.04127263022956216,-0.04323983857046928,0.18044920022141786,-0.08935898049131841,0.0900413894364938,0.2183952550112521,0.09096754102722315,-0.08031176412321034,-0.12747744217211235,-0.006642001296310787,-0.17847164992112477,-0.11780491120844737,9.783062336276985e-05,0.059916978865853746,0.08985802868314098,-0.02822540510593172,0.16804675511384656,-0.21173705002789733,0.05067365291162159,-0.062457867370230374,-0.06550022523866957,0.058613890204947804,0.007549689732552108,0.0177747387906078,-6.036644347864324e-05,0.033156913256966396,0.02965184414296119,-0.0063289711873256195,-0.008402595026400301,-0.058682719661751113,-0.07304488327911313,0.024013141158183413,-0.010314160287970608,0.021617822525168473,-0.010203588994791263,0.01625219433191519,-0.019014210478574906,0.023649992904026067,-0.0017450936468990255,0.02928872903459726,-0.009224944844242898,0.02565878173756773,0.009425652205796607,0.00024069943106562792,-0.021378001011193092,0.007698811119966546,-0.017982870572592152,-0.11509622251834027,0.11596268220959287,0.012470526361807148,0.03407854327390905,-0.07040600716448468,0.026296925434730143,-0.03128586918291701,-0.0075726392956975185,-0.006741910869471049,0.014019573307742127,-0.001160559132357701,0.007258672896321734,-0.005317858718125762,-0.004905281755612774,-0.0025684140113620673,0.007076849163055271,-0.00019443111058913538,0.004580993400814044,0.008572698001670266,0.004728873388548772,0.0032469878686760727,-0.0004524641871123296,0.016753871201853295,0.0015537764633827558,0.009084474733028838,0.009522874142379572,0.0054516453820805345,-0.0009825814066415236,-0.00046882504735806736,-9.34569047799393e-17,2
167,0.019589833789768786,-0.03172397899256158,-0.09754260984974614,-0.23018733191930413,0.07660134381212341,0.051574418073003524,0.27892718032866215,0.05231425161596763,-0.4413646897886112,-0.04240978568261567,-0.0349311438641443,0.004590369306827579,-0.08498526129234213,-0.3438376058373154,0.2006055549172133,0.46158880263299673,-0.22923880232554816,0.19647377098156568,0.12417605583276088,0.011961146626436185,-0.08377737763021076,0.02640397177213816,0.07471242831575994,0.0494120863817495,0.0010289749620728944,-0.030288443432406192,-0.014149399949781894,0.02242724873259329,-0.001890810952379798,0.0034482286580357654,-0.04314153005549392,-0.01130257300246537,0.013731671451445906,0.020168004562864376,-0.010873195575054286,-0.004889880416488542,-0.01057044849455508,-0.0013794248429539425,-0.041247152815993546,-0.02490446055037163,-0.006434763810922679,-0.015526514000114452,-0.0006085840286893292,-0.026953622971360527,-0.0034901546434627537,0.028786655440556103,-0.05752849439072628,-0.0015702294937492962,0.005771202719279974,0.008891040751770959,-0.025930946155881995,0.013234275776874197,-0.03331710738434601,0.001349054800082137,0.011909981948797752,-0.04363964160104578,-0.02569188286800681,-0.010977253573939466,0.026843510985664343,0.007034672720378523,-0.0012835746503382674,-0.004366412231795591,-0.021952918007409297,-0.0053358938407839255,-0.016353760217652256,0.0036134304354435006,0.010640186943073731,-0.004003883099550855,-0.004303349060511978,0.005964062204112154,0.0058887011678375074,-0.0010093309784057335,-0.012642693114803247,-0.001962511066305264,-0.019839221587917864,-0.00909950630006173,-0.004271718878540872,-0.008365295215403067,-0.00817181670385948,-0.017537872265799136,0.01055735861211381,-0.003022155004055483,-0.005883249868692848,-0.007416564160275076,0.010297450328155081,0.004633088921858,0.0206327591425999,0.004119571458694335,-0.0007889987378302373,-0.009348569784273255,-0.014516079626303467,-0.0028565163712184313,0.008864435306438654,0.013631780054137458,-0.007132291504576245,-0.006267829149692814,-0.010540921499416966,-0.008081500862515387,-0.0029953596363761657,5.7290545587102164e-05,-0.018236655123960627,0.0029278759950486168,-0.003976947670819686,0.006531983246180531,0.009001565995127437,-0.022369985633791493,0.011648184927142763,-0.0004034558575349514,-0.003859505372484582,0.004462981722435075,-0.007094473852863728,-0.007544398101439427,-0.0036897919067495877,-0.0024272467865712076,-0.023464954270930576,0.011154504851044363,0.013850825470148266,-0.008540588642342532,0.0011449048578362905,-0.018395039390474915,-0.024440672875415206,0.0335248087204892,-0.018795529496087756,-0.008518157971729778,0.013166718630313129,0.0046642781889716526,0.013555896792309386,-0.0011593492690619423,-0.011895013652337845,0.005821743295822692,0.036869847462627406,0.030031828104838246,-0.0050115989848161305,-0.0415502949270585,0.005138460766216825,-0.013326040006423024,-0.012920187561882634,-0.015505840984958356,-0.0026416500553307536,0.00020556034033973649,-0.009233947232381357,0.010509279192032542,0.004568580326811094,-0.010183055820746604,-0.008166480263863091,0.001879365126841527,0.008988732832731413,0.0019859354862116494,0.005924663814771884,-0.0266271989335055,-0.028275475211608156,-0.06361399335020677,-0.13112340959351135,0.06129202520356776,0.05464706927846271,0.2927640031030309,0.007855812411523085,0.0008750338379070077,-0.0007568815217299121,-9.345690477993933e-17,2
119,0.31900123023399424,-0.1914979103352093,-0.13478472708230058,0.3281218070775024,0.08724078274150436,0.037543516701525316,-0.04230465003555048,-0.08729888908462712,-0.06654784857046327,0.08111189838554453,-0.02713368047033304,-0.05521583880236736,-0.028623617448757285,-0.0233594268332421,-0.017975278842367402,0.02737507099167721,-0.09061455250502404,-0.0759637662195656,-0.08210581638825647,-0.04885427797966084,0.04377196711593301,0.06210045419506983,0.002115348045303455,0.0352251634276296,-0.032290650269046935,0.09506102289638288,-0.039728659730211224,0.2537996517648947,-0.05973810252359467,0.07040966889459475,-0.07354937278281996,0.00038914153537826805,0.12248584723990892,-0.028602026540438374,0.07236220649386088,-0.0013849948941114464,0.006277587230618116,0.19162057210003325,0.20577215167090596,-0.004812118728026865,0.06011337081898159,-0.06385576370281547,0.03352298161414725,0.11601078108965897,0.00025262078892279813,-0.010841796786873045,0.017551588134490193,0.06920222306876252,-0.08371358675994475,-0.017587372044597604,-0.08183449568997081,0.06842643592618657,0.023698093403808903,0.10139444720892676,-0.04771023141770575,-0.0715985648840563,0.0046320288482981945,-0.06376600173722018,-0.05007010809658912,-0.013396816847580977,0.050356647999985994,0.06307358981797218,0.023105419832402906,-0.04786353986606753,-0.10412078905910374,0.05206325800191352,-0.0839228535040528,-0.03387978593149204,-0.06486483671774584,0.0314141421691554,-0.04084947792652979,-0.051332986499975905,0.05224629700688471,-0.081495279412002,0.02669028994965082,-0.0015957256032150993,-0.02035863009974922,-0.05176248498137657,-0.08440620603483909,0.018745517631509792,0.02948433979960554,-0.0018603200967924885,0.092318573535855,-0.02836687768336386,-0.010796992486801053,0.027436209489412815,-0.019376575982571736,0.06581199608262642,0.004345461516795722,-0.07315971267322026,-0.025796215572815875,-0.0413503704796558,-0.030952921618375952,-0.0012144711850007289,-0.07240563656892379,0.06025868742282213,0.07537739649706116,0.009125230287668804,-0.03236668482060954,0.02295248103443415,-0.003955675553174146,0.0036116546681400647,-0.014614716886664377,-0.031505258901003176,0.005140875360738865,0.004469073084994269,0.019322219570757124,-0.028034569991883165,0.02433456459160641,-0.052700980095322994,0.0365321679475801,-0.02551150005220561,0.05993105199591307,-0.09394959009332347,0.028321979077613198,0.027551836381409015,0.08933091092396708,-0.007444134252791846,0.05524207091840448,0.0055768390187565745,-0.06619458081852864,0.012516330262048254,-0.0748411722212798,0.04071666453465241,-0.11553874515407542,-0.037994408808318586,0.13128287665654753,-0.06559069407095011,0.21069365805250923,0.0773221141931832,0.18830077313897525,0.052604482920033974,0.13688532024663574,0.1376978262588467,0.040847550612502254,0.050863611299759734,0.035923618111749905,-0.050760237242899825,0.016005418958170137,-0.0182251090938435,0.019938922562709824,0.040076091016291816,-0.04682880616498778,0.029688205432600947,-0.010638073177272759,-0.0012668317873624365,-0.0011822286891924173,0.00684319131341243,-0.015128605641069891,-0.006084633390171855,0.0590865537197101,0.03385280081526227,-0.015862900732742758,0.00823945781465281,-0.0049921158665997886,-0.00047070184977919684,-0.12328439977382742,-0.00622165080250895,-0.0001961012912233896,-9.345690477993916e-17,2
114,0.058970083947144626,0.002001028758276594,0.01500752184199315,-0.044308448468421226,-0.034235127968165774,-0.03130027051040602,-0.0024161973291230775,-0.02542399566480639,0.018326782703926615,-0.06427513938113814,0.009485986087522194,0.007365755455315996,0.02233713946087983,0.01032233385669188,-0.03747635052850953,-0.021169487785907166,-0.02790195061531784,0.03178139003500232,0.02572792104766512,-0.021358098924279853,0.032700927645592716,0.11369966725845697,-0.01956559329530002,0.07066003757018448,-0.11216907332131544,0.0637336929488101,-0.01951823740951219,0.19549139277391825,-0.012400766881492328,0.11837173388371852,0.05374514755263899,-0.0761430655926287,-0.22514565150860757,-0.05746073434259828,-0.1088562099936339,0.3120574159052253,0.024315250350144483,-0.3665395790750817,-0.08439514922049052,0.05627282476410454,0.06868021083961698,-0.024992141260174728,0.25851927229832194,0.010112601401221596,0.04975964582041647,0.04516111857751275,0.1284906889302469,0.0019334555418591417,-0.104030382829547,0.07356338394086416,0.03256533445682096,-0.010900410192407124,-0.06467073707728552,0.18871660268708082,-0.003891140159417721,0.02531174131110529,-0.0658700742129604,-0.047990485219741516,0.07131297017805333,0.06320565999316545,-0.13007597082645092,0.04075273708816173,0.010583305092561973,0.017040344630385725,0.03313029349724232,0.054076095097089494,0.07121847451542972,0.08400967710378993,-0.04916480431027712,0.09419128841764973,0.07730409518552771,-0.05261160600390696,0.07708074304698205,0.0066196989140950525,-0.00025243699041511064,0.027599872793722148,0.09702028840260382,-0.055506094515902264,-0.050155842942971735,0.03975143412586424,0.06165572484671741,0.02590183833733716,0.0958294279168002,0.013057254080680215,0.08162720253301849,0.05966322295983452,0.056119244693898965,-0.18993026848589717,-0.19568064175158084,-0.008124436021513734,-0.10357039063892952,0.15417348898907166,-0.07268990674467257,-0.20297152538402946,-0.11349360347823342,-0.057371394463350725,0.02700472451971994,-0.10071368186947481,0.16025227714038245,0.08967371035194328,-0.06417046852793273,-0.06470401661088632,-0.04246997968494797,0.08038719680351827,0.04118552302655196,-0.01893498929698218,0.00569843043313857,-0.02178011909292819,-0.029012595007361437,-0.05618719433419403,0.03544963518047901,0.03693696931414701,0.0013948246152580802,-0.035337708635838086,-0.007094540209936621,0.0026095199107809544,0.020496233507364167,0.01045718433589698,-0.05033272560599966,-0.026934730568604612,-0.027052316536897197,-0.0035078938933120417,-0.0007520627277170033,0.009216910823012138,-0.0013539314752230435,0.01525698954493416,0.0038224437261467565,-0.00493797441810328,0.012253259879724478,-0.007051291987587388,-0.009486284951867206,-0.00811178159916449,0.006023980413687519,0.014323697031543339,0.005691711898692655,0.004379763476554695,-0.006210110163793261,0.009647134835630683,0.004239967508670754,0.008146336795102039,0.0009682950932347463,-0.00949456646118968,-0.01620485268697459,-0.002122261791668194,0.009957210449036089,0.006252725379674907,0.002252023973711911,-0.02131781982846514,0.006667093744036083,0.0016668536598092654,0.00418416854233259,0.0019666338131290838,0.0035648871454302075,-0.002886859883565462,-0.0020913275198808238,0.0013020542370024966,0.0022729305415977712,0.001452246871496922,0.00011199105336128451,-9.345690477993926e-17,2
170,0.05442242653527458,0.009960707149072047,-0.08787311034298434,-0.18069078387568072,0.09449835942905359,0.03276547197268654,0.12722124290400585,-0.051157865201439764,-0.16193153973494917,0.016208703935440678,0.04815768046775253,0.007247415579161941,-0.1794159135558945,0.5453879530371346,0.10521955553842062,0.07869725196320465,-0.015293999771314837,-0.0780017738764462,0.02523805467810149,0.11136384701044962,0.02311354920953273,0.006007126830029477,-0.02034539544980468,0.07763922152752073,-0.018535634730432914,0.0031171122012614624,-0.014661176631191054,-0.024316674590830666,-0.007507412964435191,0.022537781360931125,-0.006221597064957169,0.019780803754883447,0.03477496413712171,0.0016237818394776772,-0.0666620173030461,0.019158899164004085,0.0007434991702164473,0.057981361475766414,0.010155394796102479,-0.007289769135133974,-0.08699001502996029,0.057055248723481805,-0.04999224421537451,0.013607089087508772,-0.013670848826591264,-0.03589983701323868,0.003581548648033981,-0.016803511642869265,-0.034054462446551255,0.019679379512044067,-0.0626327157573384,-0.06985541692008457,-0.0653601261553869,-0.0017316055216773703,-0.00946226992037441,-0.017365422914132598,-0.04251979680702179,0.011443839559863798,-0.03908838233639688,0.031072868359864097,-0.021343416335037016,0.043319431846096546,0.07956941513284681,-0.08945272583962192,-0.003433566572517992,-0.05659128532765831,-0.02514608165887509,0.029971331476437317,0.038530885296900075,-0.04806273513587935,-0.005701909290487116,-0.005202104299417587,-0.05250502508855076,-0.014846218264367246,-0.15872309282684044,0.14806139538662005,-0.008280688481194589,0.03434568455301344,-0.0517700584390576,0.022174260828089223,-0.001022608113116975,-0.11832894783030498,0.009491116649969497,0.08891373201507384,-0.018849096168425627,-0.003198416055693332,0.13011745713135917,-0.06645547633699557,0.040079955528013196,0.07921427671880699,-0.011344691086506733,0.25125291853899967,0.15336947915368013,0.0765208448076103,-0.09719517207783568,0.18080686473733776,-0.0812315072928854,0.1396873879627644,0.03551392259130383,0.025202938637869557,-0.07241324787451305,-0.06805013506114264,0.25889893781806794,-0.0019807217272160864,-0.010935804771947624,-0.08249454855690005,-0.10872346596606924,0.035653347233943505,0.06835406400982631,0.04047261780993049,-0.04239793618451471,-0.0037272421907593696,-0.04842295787291225,-0.24512031600659864,0.03927012005699412,-0.03764863105391785,-0.06835602295448051,0.014984729116580766,-0.046648223070402214,-0.06494185447630112,-0.039874044109161275,0.05474204426182199,-0.001299191299631175,0.02058583284911895,-0.0004507760595479075,0.02459572735250417,0.035830025251411136,0.003855840494172314,0.007549408232205377,0.012860470964105466,-0.028460046109042812,-0.0077944138436559516,0.010324238502296012,-2.6830671118743656e-05,0.01899269691322832,0.02234881848678009,-0.025606087475055574,-0.018925152896382247,-0.011036550576345066,0.017409909500681255,-0.014408402210116186,-0.005142791849982433,-0.0012042280969228017,-0.021431139685052485,0.005003397568515221,-0.01877628303406691,-0.0073149366832789674,0.012098624953566247,-0.004888549891461173,-0.004884791067171487,-0.004179454347808673,0.007049168754919262,-0.0023896452327784065,-0.006434820070615614,-0.017243172281855366,-0.004921132069154388,-0.0024187346996586362,-0.00023527867783396136,0.00016064732236942055,-9.345690477993936e-17,2
27,-0.07091678659013076,0.010041732374455362,0.3969841305618173,0.09075333244648463,0.12842112919857157,0.08429823559478093,-0.0028077860788377476,0.08650381151615778,-0.0219156759406033,0.05748278836854405,-0.01238544868396781,-0.12176972259529392,0.08737464503664952,-0.018514152105251206,0.28104645833751324,-0.06043317867070226,0.07497437460931433,0.022872996109664374,-0.04391619666303177,0.03321372808654171,-0.05630808736972051,-0.1008365583781667,-0.16865003468333184,-0.0604910800177344,-0.08419540460550862,-0.10892052204185801,0.027728152597379537,0.08917729560519613,0.0335146162723986,0.01882461128811678,-0.02900621724153995,0.039479555355854054,-0.025301068470898802,-0.12185037550956707,-0.05173830112213754,-0.03532610654808693,-0.030134261624367296,-0.014658057846937859,2.1805692917085494e-05,-0.06264758401276473,0.021036411768648337,-0.0019987952977970455,0.008222998571394191,-0.02847062287964188,-0.024510016417945445,-0.0386403818411847,0.017136920230596125,0.029463424529395283,0.03408499485257404,-0.04469020745948964,-0.06255939826376306,0.03886312491967267,0.06807898798213328,-0.055349569675331285,-0.01902298418196063,0.0003883204287564489,-1.6552343586138338e-05,-0.020713145421561423,-0.02440355601162075,0.054130452473183814,0.08454623108522041,0.008950494683363543,-0.11586267967908889,0.03404466954935392,-0.008596886521614925,-0.035100574414160694,-0.0684558883741654,0.06289430778363704,-0.038436184102487704,0.014441321076970012,0.0057188138148242884,0.04605252841961335,0.05947712452357933,-0.003586920960399448,0.03147100346638928,-0.006023188693944653,-0.07112171151768164,0.015027207685535915,-0.08261757411126686,-0.006096097443290761,-0.014942560003396416,-0.030002537944206445,-0.03910900802754041,0.09111982240838497,-0.11392392238931619,0.03552894501337322,-0.0023769303885855125,-0.043128684136325764,-0.044150713012997556,-0.1174143072041159,-0.10855339262572228,0.042692068513853855,0.0653434456491852,-0.05472081665316619,0.04374097584083718,-0.0394957546298387,0.002681844907906044,0.07653178085134454,-0.037632639556010164,0.03914151973117178,0.015463983298674459,0.013450477983822885,0.020294196911893287,0.017080390004329107,-0.0437709889860906,-0.04453820386795424,0.03307921977640869,-0.003231569486526313,0.06948636625858233,-0.050528700720519126,-0.14089429833789208,0.057027563737966074,-0.05680652337012758,0.005111441987997032,0.06439557536583002,-0.028316257218154495,0.08414918276858313,-0.01583293866133725,-0.13253480481125218,-0.010624725610086105,-0.08071495732665314,-0.2703174542968021,0.16963868830810028,-0.10767854534445379,0.11446467078239805,-0.10149721837415852,-0.027362680740048932,0.10688480531717295,0.029964243468871794,0.008381162218022086,0.08131832567199024,0.08893038177597049,-0.1463453491965178,0.07515016242594934,-0.017259328066978514,0.1460082567443224,0.015667354229392166,-0.08091536641302076,0.13283779170112373,0.03691450203965458,-0.008254983885911699,0.0035922304191081567,-0.009214053236127772,-0.013845534600655534,0.031116255830641936,-0.0063937714164152915,0.019974092832953972,0.005836978075177283,-0.014446232618509879,0.002766367898556549,-0.0013533886062799478,-0.0022750819159036632,-0.011613614261424998,-0.008957017399470477,-0.004355731188417439,0.009340203048153252,0.002560910997880378,0.0005498388881541704,-0.0005322583483129237,-9.345690477993926e-17,1
177,0.06877259198567648,0.023100724864519057,-0.006140018847078009,-0.0970681037202845,-0.057074993303057174,-0.04049031325284367,0.02000290321194567,0.0023026755355856294,0.009185073964799761,-0.07605247851495356,0.07899635012273595,-0.13828974630134883,-0.08889095305855932,0.089549572328542,-0.09249215175997706,-0.06974368744140634,-0.1336775385840408,-0.18539601198601466,0.02413725674467914,-0.07646213318672726,-0.07624784924665617,0.06487569441096082,0.09693098634681922,0.03347313318042451,-0.20426120229868877,-0.2575164871527456,-0.011000930389515358,0.13221527790337975,0.05500763778714801,-0.016753658614697853,-0.0955271232731492,0.11350755880617037,0.08576652145120578,0.04909912736569488,-0.001494242820320868,0.10436202184964817,0.001203035591817464,-0.02444882841266586,-0.1355100208434653,-0.05164359818899528,-0.04930617967597069,0.10493324975386276,0.023173511760361486,0.04971880096399628,0.10281801102235397,-0.024039852880622922,-0.04142736390363456,0.055384344032370504,0.06055721969271949,-0.06488877742704957,-0.03509207404918828,-0.009841882775530407,-0.22677135503660076,-0.05163738689319201,-0.1405154568490882,0.12364563062102196,-0.006410009515734256,0.018259222698285026,0.04773374185286969,-0.008700503373156527,-0.05850459765073388,-0.06119914438499624,0.023899914403267542,0.017198517611550973,-0.035926086430712836,0.06235804312511996,-0.06422410841274881,-0.08761297368731333,-0.141256080366928,0.10252727012923077,-0.053653209707561815,0.043128589306717126,-0.012508506245625333,-0.07263378209767199,-0.09446139697265431,-0.1025666538241413,-0.08714188230614504,-0.05037093601755124,-0.05414073216204771,-0.028889630305047587,-0.05535593776624863,-0.01666629066018154,-0.06031164624589847,-0.07876897544619282,0.009418621559003271,-0.06856297259256025,-0.005228672956429547,-0.09996931993129522,-0.06917509447908454,0.08663842524752162,-0.07202043194538131,-0.17206839837928425,-0.22591253747878295,0.06856890859526665,0.14609033864199594,-0.038010470264910924,-0.0014555310681650423,-0.002095643113676644,0.03810035035256347,0.18895510585214068,-0.0998391561813512,0.16511666142372516,0.22588488734738835,-0.18984161959394005,-0.0409345041659282,0.04932576980772704,0.05296166157903511,0.050427755704983306,0.054347661009069126,0.07891533417519224,-0.06400820961286942,-0.011002855275581787,0.031201875421107344,0.04696792951201997,-0.008347170773361513,0.018159949723717837,0.029714695953111492,0.008193065869557857,0.03009885655713806,-0.0011314290008707748,-0.009259837541168858,0.00015266864301718267,-0.012807951882504904,-0.02198532533269701,-0.006643906758929179,0.014655193857729705,-0.0041938044541783796,0.014413522168033287,0.0015470861426827502,-0.002284933011563755,-0.018960121789983454,-0.0011006856882545511,-0.023762662178618346,-0.002127926799208644,0.00420658214961911,0.012680433974754332,-0.006203508959492831,0.010704106157132982,-0.0017563795235914156,0.010341320106765872,0.011901538295742342,-0.0005817371627532147,-0.007665010735862242,0.013389305390101133,-0.0037066143503985153,0.0016352744552863075,-0.0022139612950309384,0.013145814525690263,-0.008272384880082627,-0.0034368841218337235,-0.003315496455018648,0.00035558513868127084,-0.0033084146377111903,0.002524049042568639,-0.011545673589769599,6.179005907805483e-05,-0.0005875227695632423,-0.0018351779215796406,0.00020650221208514855,-9.345690477993915e-17,2
100,-0.07112624070909566,-0.025020805807147616,0.1261304341198104,-0.026987373516165137,0.02264211567177278,0.03169767114560306,-0.04208432976865673,-0.08621370198800662,-0.004736388301767469,0.012648758300855845,0.0077566553023752025,0.06681485037228241,-0.006525545601952499,-0.012430357575682411,0.17035924737107833,0.003089120545237194,0.04655776595322572,-0.04164370939098771,-0.055524581772510594,0.003464301064346956,-0.04280803634888989,-0.027639079660446715,0.08155640868513113,-0.26466888325952403,-0.1406119301604151,0.16656394050487747,-0.2525988423161564,0.15283698435415344,0.008355502152287931,-0.2127655423104294,0.13528456709737394,0.168050044364057,-0.039477409597082305,-0.06649317412524086,0.23939226386176032,0.12322898653924269,-0.06237016696631344,0.10212429184805653,-0.11728656338171725,0.11112559514912654,0.05439647177808899,0.07355610017257382,-0.09992976101012917,-0.07907120496561437,-0.10508570928465694,-0.09554898753916521,0.03127868762014471,0.011936309622529808,0.024877857829282212,-0.08711302836474567,-0.044031318819386336,0.0007509160880823922,0.002007803343135753,0.02381045390935123,0.0005976100265217494,0.03755701111353617,0.014414745681631804,0.049368558339746224,-0.08743467401942712,0.03111407200453802,-0.00341511616980648,-0.025735001767699977,-0.1486813486120106,0.021980729474641674,-0.08142744035294058,-0.053232060697452656,-0.029441979270180933,0.16251476984534907,-0.008674288510063641,0.06627843685110257,0.0667346503497165,-0.11690564791845404,-0.00035653162849491154,0.0096983845480558,0.05404627021652363,0.0046334903731710606,-0.014431039870525424,-0.015786332466286628,0.029657848678568622,0.08770807260809779,0.0668227511714499,-0.0832621572744879,-0.007242859451092534,0.033549870210662934,0.06672119033698541,-0.011309554252986588,0.036568894698479376,0.08556345670845732,-0.0312644691026251,-0.07265512043018527,-0.06806408687506772,0.10847757686001415,0.05217767765274482,0.03093825936935086,0.17007621113462873,0.05645443802224435,0.07990871106762287,-0.035120150702727886,-0.0011258516555586091,-0.07363519961465395,-0.2926517802165762,-0.051316829732372816,-0.0254227273172162,-0.12183212978706194,0.09355729222451943,0.015377236888406622,0.006828169011135581,0.12610711505537828,-0.14350993822096816,0.1034987407805004,0.08695094333297225,0.08758630544860475,0.024476717010508867,0.041710597584331474,0.0023595064062651035,0.043455778885923266,-0.0025439740475157297,-0.03872922732409403,0.025688505071624262,-0.008373759589612216,0.02378399580625558,0.043668957078273105,-0.04129057085783759,0.043583210603665164,0.03598223828135452,-0.0012705596112246441,0.007402798038278579,0.019572493278802686,-0.01412309524050025,0.011027492826686197,-0.010613955198221956,0.012391189669647286,0.0006338420095873641,-0.02251542569174971,-0.007365232994381534,-0.015073961772513496,0.02406469174001448,0.008123218488316682,-0.01311736312091102,0.004359692579014669,0.0035534579505414493,-0.02173349452278591,0.006068918335454881,0.0022965662957797226,-0.01100364699506281,-0.0036437944336175938,-0.010624387153793168,-0.05948054433830614,0.017295093082003114,0.005182384714439166,0.0006942843287655813,-0.004037936003387985,0.003695346312967616,-0.0006225339911146801,3.4188755272281422e-06,-0.00290836945568792,-0.002832501386080659,-0.0011689901045879405,0.00047675993005686295,-9.345690477993944e-17,1
7,-0.02095536589866551,0.15513919611180324,-0.07783227179584398,0.03334203754425016,-0.03508288086987604,-0.03130010144933328,-0.023307166370138868,-0.09618323919392859,-0.01893961007675339,-0.008539776680047025,-0.09751591791505547,0.017056068595306582,0.009812226957204507,-0.017017732659450363,-0.007823234545299403,-0.05984460930688175,-0.032399525833613184,0.008828541054070962,0.09946079399016974,0.1274648379640172,-0.14155040146422515,-0.16208106814450673,0.013117759927329792,0.051921609498869384,-0.08670875486744924,0.03904446595151983,-0.01853945851471974,-0.08067216533826066,0.022533950821603192,0.12763517729065382,0.11276468052645158,0.020101506559211498,-0.08577720916679699,0.06251295585127102,-0.18692764290662997,0.058286894685143385,0.25376500420798215,0.15028892990251208,-0.06879057813935072,-0.18365135343554684,0.2431629096452784,0.02262141079047007,-0.054263637372094324,0.0028227302181810087,-0.20425612513279565,-0.03662244700395522,-0.09077114488279586,0.18224458061464766,-0.00599644343842703,0.06871593794001973,0.08218400685805591,-0.1446416098474745,-0.10133437068779343,-0.0056307613598657325,0.05857437283089656,-0.0014866844043721025,0.020395356611294352,0.028658985329360016,0.09906521304379938,-0.05632976728978864,0.03458028735787313,0.04491781460838005,0.013454110932711597,0.018319519361101703,-0.05168649428503581,-0.1383977283595429,0.05033311848790918,-0.06459473548187243,-0.07592672567107892,-0.12897436018973646,0.0504277954358979,-0.037792922578276454,0.08929356231938913,-0.12960567447696555,0.12759266530172503,0.05146071057086288,-0.003879492066047151,-0.020526857418353715,-0.09364047033915283,0.15021017885223337,0.12453353966353696,-0.08321721062286722,-0.09990879017407242,0.041211796922090455,0.05073386403582003,0.008863057637858576,-0.05602173320964089,0.0033168292942227333,0.016678593450683055,-0.001563652905281167,0.015496608710283126,-0.013235271115133368,-0.04424767924773748,-0.07911849483332709,-0.048082179544860215,0.008889613431019298,0.10743873554373164,0.09409217160646802,0.05998379728559932,-0.07216118503883787,-0.00792508363351558,-0.12368390113716024,0.07599930459669112,-0.028207504097889247,-0.08418504256261232,0.04097151873827162,0.16982113739535348,-0.03881094664527377,0.07995534868306657,0.09237344665619401,0.08871288899911019,-0.15932283302504652,-0.0632874900104418,0.12343116609081936,0.0534981299778928,0.025454796577908362,-0.04587923017769482,-0.032638195517999125,-0.003874987480652514,0.011208005649266628,-0.049270347415078235,0.0201065529782956,-0.027428793130223433,-0.025887246108217177,-0.033813609232811466,0.00967820170232664,-0.04860570648575974,0.028954363195034163,0.043075667643851304,-0.0776062620053239,-0.0029352654413145967,0.00999599528380372,-4.0771524596902464e-05,0.031162790058445154,-0.004770948418294454,0.032378302943349986,-0.006709042976590331,-0.009519266958993708,-0.01643156940401583,-0.002051445903159869,-0.035554633416750185,0.010711782602351274,0.03966314996954723,0.023906213199253595,-0.002182701369529452,0.014243862056931886,-0.010945890564800836,-0.005168582415434068,-0.002560115840526732,-0.006846702595927378,-0.00020720157706933685,-0.0041244786121692415,0.003935359930093405,-0.0008921896350321854,0.004457482708021604,-0.002984303370696351,0.007270949966892077,-7.663515002159088e-06,-0.00012400956924815327,-9.34569047799394e-17,1
127,0.4142497811642834,-0.23447633898762354,-0.22276793870271996,0.3548069285391536,0.14184932405915962,0.14101960756907897,0.0882533193963662,-0.0344471465350937,0.00938936404312919,0.023321908616205787,-0.017230757766879806,0.07695619532739231,0.024644075861076843,0.012780555635314076,0.05912847805385366,-0.04217086654612795,-0.002026261189803023,0.038186795436838075,-0.0027525673131623195,0.05013554037410321,-0.04213883600873437,-0.026874256714756732,0.014413473293446681,-0.030549709590817316,0.02860266201240855,-0.028744771717766158,-0.004996330161598115,-0.09131568577560938,0.004458121517077215,-0.008478810599225456,0.017544345124762516,-0.0021162296123562042,0.004766328307861756,-0.003638722967833353,-0.008627828816114154,0.014648245063803675,0.020472701462707035,0.011514182777650797,-0.02399574816895704,0.03239911008066998,-0.07207751176796531,3.366883404790266e-05,0.030433797687519207,-0.09378860940657016,-0.01291258268238251,0.031561299083650074,-0.03500360723269666,-0.00012952430501274317,-0.05389911791830579,-0.0035269721444099963,0.014331536966857912,-0.053550499229955716,-0.056418362100788814,-0.01983982594953324,-0.07258827651112161,-0.011511058573647088,0.011091319484936345,-0.003035491773263074,0.0009222996009702742,-0.02829244514191929,-0.04779863841028643,-0.028057657836259388,-0.008826648119982544,0.09102423669985302,-0.040908674828604275,0.0028690600785314098,0.06704591601254957,0.022202389312044428,0.06924428213656018,-0.01532399473021482,-0.00685260884876423,0.06628843233580858,-0.06295970011294752,0.021412158466626006,0.013283702091628645,-0.08785052239738589,0.021927305013351956,0.004885708881252243,0.021543743958574373,0.031476861866904224,-0.000190289636284797,0.011732602300536212,0.008545451047029399,0.056814763613380656,0.03157472956248107,-0.01208114992149984,-0.033032874139735685,-0.04794848979811242,0.0029751874656480204,0.01715867332884608,0.011276485781018416,0.014168591485880571,0.024307756355532815,-0.008010604387898197,0.06252990223634673,-0.008808280660817827,-0.02379555583166992,0.06813644041493754,0.014153045448458,-0.017568551954623455,-0.024409070601264626,0.0466404017439281,-0.0018972681025432976,0.028398804335569357,-0.03947142099405563,0.060583905029418655,0.03980767625955555,-0.03695448556878595,-0.029210249021789498,-0.001973568639469806,0.021299005262512244,0.05438822314182764,0.04479957616789001,-0.05118744300215885,0.014036168686628584,-0.11072575147773925,-0.05442710578568862,0.08991267186988286,0.13572170994803412,-0.007333591801745045,-0.19132492431153575,-0.2269130757676638,-0.14578631828569574,0.15137839130039635,0.08657997440757459,0.11261951428904092,0.010066361214221642,0.03966301015490017,0.055228901870155535,-0.14608462247637213,0.09687766620833747,0.0002584760805065052,0.03745008373170816,0.03153698772743039,0.019938312455726397,-0.07098134898739249,-0.01019448185260955,0.13457659113699563,0.07888661245026754,-0.015870181692297706,0.07426670526380018,0.016265060066371757,-0.13657548945250172,0.005295163423028228,0.01001464405612752,-0.006951922542338815,0.0026954621291956286,0.011411957245107953,0.04174696627099756,0.008826858805222862,-0.1419767455715733,-0.09440345433400936,0.0759150632153092,0.005729600032197537,-0.012171659387556816,0.0027935522360279497,0.07511328506625593,0.002674754931622629,-0.00012825365020169448,-9.345690477993924e-17,2
12,-0.05125754967251177,0.05966082660594448,0.1998447194972524,0.08014933100714436,0.03922282890954561,0.09956883404607933,0.08787923976593602,0.11463722623371589,0.014410405415007654,0.08232906739683117,0.028285596832766727,-0.018396998590228773,-0.010527901404745061,0.06733411076018159,-0.11821113203344855,0.03009325329292503,-0.04320148728444641,0.06835704409525166,0.03709531913438427,-4.7684715830528194e-05,-0.00906425411419992,0.14853370241773936,-0.12471253671440816,-0.1560554870937059,0.09076484913882688,-0.014044599070626608,0.018530019540294963,-0.10674264628390627,-0.07933898202500707,-0.09841259090426772,0.013845852929453029,-0.08193633513703455,0.06182378718886778,-0.034576620808348967,0.027101030552186153,0.04719129389650986,-0.03267299861029538,-0.0704521635253217,0.10243438623478203,-0.0056856811812378266,0.09971529795187539,0.018080849270071225,-0.050787813422665494,-0.08100025683144015,-0.03434567302910849,-0.09082302369471826,-0.08223194846255573,0.06396749971479308,0.01693178496504415,-0.013508387602457346,0.051107658755304236,0.08994970956295227,-0.11471749764499253,0.0880309743212097,-0.009399087362005216,0.0003691292607195264,-0.0750504230168469,-0.01098037781162017,0.0767543222209785,0.02797988217838568,0.04157317553842055,-0.25216766047153216,-0.011470972607332692,0.05970133740973656,-0.10311609096980268,-0.13552584737580348,0.06270373070198725,-0.22933982865419783,-0.05295638829801036,0.06587026067559124,0.04270297071831096,-0.023924619414284816,0.2233339243923793,-0.1489480442660905,-0.06312784424216861,0.09526186632077133,0.09124856753209269,0.22970030879806902,0.11510332753972458,0.027031186585194017,-0.17950023911730686,0.07548200788870028,0.15657888677629278,-0.014631686414439474,0.16315580841932167,-0.09490488985271078,-0.01487619968914099,0.08712075497695006,0.07264101581646157,0.056078458226080034,-0.09225618515494796,0.03731207329406935,0.07097234185629353,-0.0423165297111351,0.07800174264436954,-0.0809920812278747,-0.07738981886467369,-0.037589588273427454,0.02161359533784162,-0.015741113138330588,-0.011761036318676626,-0.05051301832681849,-0.05494591512713174,-0.14750420581295154,-0.060761233024146016,-0.1156154128751105,0.0655898017693157,-0.09995396471977551,0.07518556858579521,-0.011305465808915924,-0.06594597877064712,0.07474330014021142,-0.027170275324300046,-0.05014590102276531,0.042851022797428646,0.1160678537210016,0.02918077143800507,0.04913702061941274,-0.050785983488069494,-0.02315504452698695,-0.03413216516777794,-0.012115654578907831,-0.01015311456778236,0.06348215565646068,-0.01142092453160578,-0.018586783394108755,-0.014055437416317365,-0.030456398645248097,0.0127353174671284,-0.00489811828640025,-0.02264117147438982,-0.029895688945553694,0.03906966336892722,0.008498608278671221,0.007503350394687411,-0.0010232078878771105,-0.023085742802923626,-0.011701205080261502,-0.02335713187835178,-0.00863749152594904,0.007759533846783543,0.002853038998486307,0.0027847383113232165,-0.03468999787260162,0.012570535952191281,-0.014637135599073108,-0.008090985601358007,0.008825728471697252,0.003925882236970039,0.004838980541473672,0.0006342953533667595,-0.0002413229234526459,0.003615700749887931,-0.0063879570236319155,0.006712356588992977,0.001720455894034201,0.0003845459624052072,-6.7100572376209e-05,-2.1489423943171357e-05,-9.345690477993924e-17,1
20,0.02286597855499124,0.013979820869788539,0.07475358519305121,-0.06888568904897699,0.005425563490153188,-0.013863390035613142,-0.030827862304286264,-0.1745687020921187,0.005135419302334716,-0.01685130736751308,-0.012043871380908375,0.13521163501724281,-0.027074560583035638,0.01780502090672182,0.03953040220710776,0.06457609011606263,0.0636195824909901,-0.04390212297873194,-0.028483939895995704,-0.08039660441220915,-0.03453581441457392,-0.017826161221811444,0.009879058006030648,-0.10108240118453365,-0.003899151134256103,0.02640108227392464,-0.045311729232533675,0.09380872007828651,-0.07983231965923886,0.014465679806368677,-0.10412910605593455,0.13198602042063046,0.022231186245709186,0.06584490340096863,0.06130477194943237,0.06323337167328265,0.052124691692626304,0.039833177777590545,-0.029169598143425863,0.005476123055525395,0.01940205810564641,-0.12659314743349528,0.1088040684547976,0.003352033029671789,0.3264308352585899,-0.06827976259104326,-0.21094296523727163,-0.19536833103783907,-0.14698793754132103,0.3363523040553571,0.1238373761769622,-0.08520465765972383,0.2663232063543745,-0.15227103591758,0.03741472261598649,0.07506235885736275,-0.06816921796677397,-0.19365425391559138,-0.07049859465725397,-0.17945335440747717,0.1557051939873581,0.026999031079729455,0.028062109151959808,-0.0017564434152058494,0.08325974558980706,-0.151028053123876,0.01867505685455992,-0.14534086027291232,-0.09403968057142338,0.002307700506853005,0.15443769192411305,0.0566106620504045,0.010659817514508596,0.03579304635283708,-0.07968332567269487,0.011247776222326191,-0.03537391470209345,-0.026842007401089205,0.1387591825241118,0.15088450644908735,-0.04153313351219462,0.003173086917778659,-0.021555431493095717,0.13782124859326056,0.08441368367427628,0.04610484566791475,-0.08964851843046115,-0.07274391704170852,-0.07595095409807537,-0.053808390023539855,-0.043454546859281636,-0.03779729285851388,-0.04526398084413667,-0.013627278287588139,-0.023806103000768377,0.026367874472469254,0.02657243951859783,0.013738233740225992,-0.10705748313156839,-0.021248151894594922,-0.013302153332687368,0.04237272595701024,0.04206319651335323,-0.05038129216815574,-0.041641754709491094,-0.07918010435352854,0.002757010432828013,-0.014114268674266513,-0.0022899008235609773,0.023840276866228038,0.006018822708411614,0.017142112720046388,0.008060602687218204,-0.005372257397081275,-0.014030752037049602,-0.04572364591318855,0.007925699491480252,-0.019728463659572773,-0.009677762350456086,0.014459742367634573,0.0025658981214935006,0.004075491870392448,-0.0194308431130383,0.007922277103208182,0.01695707050267715,0.020951823225499246,-0.0170958024156025,-0.007455031768462044,-0.006068234794108225,0.02216508822649802,-0.022737252144450704,-0.010424245453431675,0.006013042256508693,-0.013079140694500188,-0.0007939852096584914,-0.0028908357735466664,-0.0006889679311440899,0.0012342389426207312,0.014526578740934675,-0.0017384655557060587,0.001655802829582546,0.007494066480042824,-0.003440523114689191,0.00013460757316477475,0.004593606192678982,-0.007683380903508924,0.012880476719878152,-0.032184621784987814,-0.01424254146889355,-0.0058772058242848434,0.0038735200822728444,-0.00129433671775508,0.0034890555522369485,-0.006480520449214225,0.004437091581608627,0.0010657513406000132,-0.0013808634926219287,-0.0013470055929730026,0.000521360854633197,-9.345690477993896e-17,1
154,0.05217682192562067,0.0023888233659335486,-0.03192486257202221,-0.09678140313670736,-0.03151213619034756,-0.08510176763848709,-9.125380866280534e-05,-0.018803211308221383,-0.004888693643999502,0.008046314217925763,-0.03709067319047043,-0.03500294208363962,0.18228214571565168,0.07658983949062088,0.029530042873227334,-0.055791874483200186,-0.07689768594523118,0.15016099713558637,-0.10577861700806565,-0.06817933264900007,-0.004684737161291282,-0.08686032381335995,0.0179617958022459,-0.006722931987071403,0.45354941985601516,-0.14087566710505595,-0.20029242586508894,0.1736895724218048,0.14413334687743715,-0.09836071319355542,0.1613734596997906,0.02897346789864551,0.16093970105157565,0.028562084640781225,0.017952614062396413,-0.06828233400643628,0.010209811423620945,-0.010244404219737227,-0.06399045830386603,-0.07047755413023536,0.0923282844503399,-0.04403510024587524,0.14384171992144676,0.2047559909070472,-0.05854439652573096,-0.06117951626073531,0.059227351196064405,-0.10329592794939,-0.0035378783745829553,0.15168468610960528,0.007081708746785158,-0.04129349843572789,-0.10346855490198616,0.027213702331846067,-0.05140353765119769,0.056102751175557734,-0.048641172284418055,-0.0873947378852085,0.14802689556338416,0.12323652396215261,-0.1252727885372489,0.029953038947133828,-0.05859166815480967,-0.01544348764174422,0.013436992503722331,-0.03560335641817798,0.0523316539762223,0.056904786855413815,-0.0024524579185623303,-0.037313253557246934,-0.08159451462883593,0.03358306118576663,0.0036271724126545526,0.019887030792653693,0.004575704333264145,-0.028800491295840325,-0.003124643058693371,0.02253674555238602,0.04214259617699193,0.023232089950005478,0.03039852116647078,-0.00016268599564122653,-0.03133998723887751,0.01685883480666335,0.003385042224934635,0.019844493077444382,-0.01646420681788768,0.1110545885031169,-0.006195551861506385,-0.059988683183567856,-0.0006465712338965834,-0.046400066705767004,0.03364352894660986,0.03988268060848854,0.02830037556287365,0.040757878179509544,-0.006061650571273753,-0.05889565920195029,0.04336351070505922,-0.005399759281311442,0.07040498526211786,0.014231194745814206,-0.00270330447283697,-0.059926048842684335,0.0880198558790303,-0.004778105172556988,-0.04877903302360224,-0.023694636630104755,0.027812790662994417,0.07757713297578482,-0.049760381569941114,-0.0685623675891555,0.11556002437810287,-0.02460117772677851,0.10958044714658867,-0.0034594570891999356,0.015821203671509368,-0.008153483577769294,-0.15081428477994963,0.06720753453697206,-0.026153336366124123,0.02396681084540701,0.15003878872033102,0.12726511601464188,-0.029089326178633183,0.23286381526317806,-0.000492661429706412,0.0620449389265256,-0.011762076067716978,-0.002632447859362293,0.040411021403542066,0.06813263753335445,0.0004904458335485108,-0.001448913096819026,-0.020465015231472254,0.004471511699387867,0.002502474868841196,0.032561974134552356,0.0027318283903063427,-0.014406664737433943,-0.009330439930289225,0.008232089878011595,0.008882923190248667,-0.007519271699781985,-0.009138371903026722,0.01032527277270747,-0.007900173245567169,0.01251037588239757,0.020205143708421924,-0.00350399511014294,0.01632060628437956,0.016286120962118397,-0.006597000335939568,0.002668715851007564,-2.5941581440025668e-05,-0.0018946724179358578,0.004560599889404863,0.0001728406551915315,9.828869063016163e-05,-9.345690477993935e-17,2
158,0.03474691559780439,-0.01315981231105702,-0.016267773775397315,-0.10849242034650762,-0.024651722714289035,-0.07518069016499099,0.01961942277034672,-0.05627575190031343,-0.06839647687854805,-0.025894590733138496,0.002099819385055903,-0.0394617433979803,0.04223522953137448,-0.008046211599993693,-0.015938142613646577,-0.1248182990522339,0.05964269140450096,0.011315143811211981,-0.044633975632593734,-0.012306725421609177,0.06796233682450425,-0.05222656085161403,-0.0011341280918451052,0.04660408464242935,0.15856837666812354,-0.046762514503704715,-0.07861803614659409,-0.0188298888560922,0.03011382614428058,0.019751194190594703,-0.04205121280159314,0.014899457835724854,-0.027061744009122878,0.023002734466274672,0.03035708604203848,-0.0021838558351775306,-0.00939925724117413,-0.029670665170068274,-0.07514441717600276,-0.10417215912329228,-0.05168544957471003,0.02637637568443707,-0.0926578770290371,-0.15307998939599138,0.038333873866640264,0.07590700050660523,-0.012105445345441277,0.012465190132666053,-0.15283304148734947,-0.3421047136866649,0.3167076079698018,0.21416463694205634,0.11049034287802965,0.11030629575692033,0.19745085548945635,-0.03854022969212637,-0.22286510756069172,-0.15235897169977078,-0.007915015748797416,-0.17389658832758353,-0.16772133722486487,0.22269611778565834,-0.20457173853061192,0.05204901333950019,-0.261737786509552,-0.0729518038985556,-0.004234643654849553,-0.041590962708849134,-0.007117891071610615,0.037727164470652566,-0.0709299995938728,-0.03651671961340088,-0.10322052095415711,-0.1226451101664889,-0.085217357313493,-0.03306009704480625,0.012480872805942933,-0.07175943928885611,-0.05267364974949048,-0.040452272848695396,-0.08840699757449502,0.05606589318679393,-0.0964820901275056,0.07248299625969118,0.06011014866936685,0.020150668066158794,-0.03599888862463644,-0.12460797492085811,0.01524055658718607,0.009803704818170438,0.0015076306927254664,-0.08322319078964688,0.017874809690239458,-0.02905145182013462,0.03323705057949736,0.08905841430312068,-0.04201648903560533,0.025068717660793584,0.020364563702834362,-0.0345847989735372,0.011349273182931854,-0.08018849526713838,-0.0037426376844275763,-0.0351844705201167,0.013825830380706831,0.022927566028466493,-0.026025512288262546,0.02092276281123813,0.019712587430161993,-0.021494386611288534,-0.01905077995847727,-0.026284427317586075,-0.009571328555574935,-0.05325812440444953,0.01733738619016351,0.011792158886341036,0.0262274513825067,0.0028912313622208295,0.020513683607530572,0.017182502154294444,0.0029450574206081872,0.028531954066855474,0.02235546852218481,-0.029146693670639823,-0.018351676443620936,-0.01868863751313862,-0.009202668281920038,-0.004875011802809055,0.0033978253640539477,-0.004946025824637057,0.004137132459272691,-0.010045898746265589,-0.018621725528481445,-0.009696508414125908,-0.011521042781872966,-0.005897359206717629,0.005391823363922578,0.023563215841787718,0.003011398350269863,-0.003362994537041502,-0.005306849148363246,-0.006506299594872325,-0.0047991371054910545,-0.0034492925144102037,0.01376022383354985,0.009810064801673323,-0.003665686002389598,0.004334880064410552,0.005406964306982121,-0.0007372309349723745,0.008794234457814746,0.006570371770685854,-0.002223612966868315,0.008614169412181254,0.016296940284257357,-0.0010596346626959518,0.00035892597410779736,0.000646991361515475,3.7573617098979366e-05,-9.345690477993925e-17,2
121,0.1626413092837095,-0.046012278459305334,-0.12078752388795914,-0.062153283746891594,0.02756770796621474,0.057293098528628864,0.24987385827201727,0.10081622000732762,0.13826414254151848,-0.08067109679090707,-0.008386781832484905,0.17402761857360477,0.24667490715469628,0.07123431657095394,0.06785842944400979,0.0033282893011981137,0.03170248091633146,0.02904489657443976,0.02925621023418964,0.038948964231311896,-0.15055552311438233,-0.10529745593624244,0.07819231006966523,-0.05841022616460934,0.03518773840324499,-0.10765983622766868,0.014535139769911944,-0.14327971130972975,0.020499275340424103,-0.04466153063470714,0.048311803014585555,0.06940579371145927,-0.10576811798385398,0.015555367094744784,-0.07209104243442126,-0.023185648410179734,0.0754649082825003,0.10188599723034415,0.16103673982627323,0.19030360520991318,-0.0987704072494053,0.0012899428403475822,0.14946764212526314,-0.05211829267236715,-0.06975428885491167,0.07034448624392114,-0.08422316410077463,0.0003277233529553318,-0.09903877001136917,-0.011340969046201185,0.06573821874116278,0.045268053917349775,-0.02748074025658039,0.0901296442063216,-0.19225484868874618,0.04234072422267975,0.05800019896068245,-0.015350115010643884,-0.1832282275189908,0.05409023289518883,0.011981861959108359,-0.009041766103787695,0.056896721108770844,-0.1902187254189401,-0.02310962602644137,-0.11435005585661127,0.005257557863652745,0.03061336820588784,0.1137824588990495,0.09338053145006765,0.11158277087238627,-0.018065813404815934,0.006648025262238989,0.02108401563208055,0.0030483817613076274,-0.017366250128166554,-0.040642049907223456,-0.05192087177508046,-0.06749189340474494,-0.032052122597185186,-0.09198465315349727,0.06531206253344628,-0.028892727765571016,-0.06140617755022336,0.020114164836550322,-0.03279938395113084,0.09123154373237251,-0.1154147792714359,0.0007767268963971873,0.052375033953637684,0.03885012860530205,-0.06236860489122334,0.0004552298737705895,0.02573721777737693,0.016615902062571526,-0.09395728889290358,0.08750204684518943,-0.04880324572125668,-0.04954012823431176,-0.00226116021990761,-0.003832666846181877,-0.026538482141268294,-0.0683379744521521,-0.0798345059258737,0.11264370757552676,0.09121326211631121,0.031018604396866392,-0.007145529555858403,0.10617363800900506,0.04872640023358906,0.08894391395914615,0.029792942528280925,0.05762015603831514,-0.012763236940411577,0.06260628471052478,-0.07656517449748876,-0.04352285196549958,0.08645868288864512,-0.12285142573127657,0.11472479713112294,-0.1857407495853177,0.1058489633079501,0.06720912500461657,-0.06239373644465302,-0.05532981181901568,-0.11197928823706627,0.017328455109980507,-0.06025184764484727,-0.027551055621800602,0.044630197702203264,-0.004872402087654475,-0.02559354294987878,-0.02078564815980183,-0.024048195439903212,-0.009502167785885954,0.014807594182362363,0.009367123761489593,-0.05797359103531747,0.01879032187874616,-0.0022513956680063948,-0.016621026680873896,0.00048534904953698036,0.02100186622630384,-0.021674620386275996,0.018822803753392237,0.012161752887495348,0.02179144286348839,-0.062331575026411776,-0.08450148048242388,-0.017904498244033288,-0.006399089884962108,-0.004969364607528215,0.005309641454768188,-0.005000538227141028,0.0038401856395682468,-0.0036644477400359743,-0.0042194793911258755,8.409165580179399e-05,0.00013770888691376886,-9.34569047799394e-17,2
113,0.03201203433301645,0.023627620420809427,0.02468906182559983,-0.035207952145271525,-0.0480170590437836,-0.05281146285998957,-0.018894117147954602,-0.09384812244173628,0.055284745501316485,-0.04653901073840394,0.02137251515368579,0.018772019895772287,0.07920682091245282,-0.011692024182599297,0.005586475591859093,0.02186819009462191,-0.06544806683821854,-0.09734169756985411,-0.02397917958341776,0.1665950714489671,0.07052111400418075,-0.01929754072701015,-0.015622338962907614,0.06854237412562036,0.09266690431747233,-0.04939841246302965,0.015519686038849541,0.03924101855318386,0.057378837367648816,-0.10927798069321115,-0.03327629044298681,0.007822866892613491,-0.042619074178633864,-0.005002734174918467,0.03232565248231889,-0.009135946935940881,0.09000494243067296,-0.020418742546705226,-0.03156283037714799,-0.007197107878434374,-0.018378393997285997,-0.165634714512275,-0.06800852965045052,-0.030142009928989588,-0.03434068317802274,0.23469956135556896,0.029756781605693724,0.03678708847799593,-0.1672880754530045,-0.11257737754052696,-0.030932360457789743,0.16981263013016726,-0.0046667364957680025,0.024207472969520027,0.1839790683894419,0.23076708155710787,0.08112183819289372,-0.06794350920811701,0.25923246818628487,0.06740105685411221,0.3274776165408135,0.011509986987893494,-0.002323353522087598,0.059416127659676146,0.19580604111509595,0.057082415625169025,0.012051317332929827,-0.01017271048174973,-0.015866165025921634,0.06863146824761301,0.1673374787993252,-0.10330706194041184,0.038632763819968316,-0.033147072165814175,0.048707495350695636,-0.053036676200369184,-0.12778514632720078,0.14738036428273957,0.11317526783476799,-0.23952373341016947,0.11298454372191033,-0.2041515686975174,-0.0586312289808985,0.12259043238138008,-0.0482323786141025,-0.06563443099133183,0.04497890916434412,0.01729276867875018,0.033656214348217875,0.14851759782654814,0.017037701048055083,-0.007555487727504315,0.02610459985201279,-0.03615280193523187,-0.013574122066069347,-0.0022581431080578008,0.013893303179316068,-0.07592897483840969,-0.02949632600945759,0.05824191229419325,-0.08905381530852141,0.027156307951351336,0.0024786000945894765,-0.011747708554969519,0.029763875791925878,-0.036022270334260496,-0.0009988190500434318,-0.04285421596388824,0.01045656815502095,0.01773446308930506,0.04006006114675372,-0.04767153261800777,0.02845841781968838,-0.06183064481014503,0.029970345652369168,-0.054635116160953776,0.004951214854047379,0.040954209011689655,0.034054523372273895,0.02067335482723483,-0.014305765063804038,-0.004429326471930836,-0.023656792494728494,-0.017057327678544003,-0.012915528050025445,-0.006046355126187084,0.004274176902582693,0.00190372501630031,0.039556888483452776,0.01431832592288595,0.008938849269530836,-0.006180480706655318,0.005132652089591066,-0.013673303026441095,-0.0038708522809193283,6.746578652855816e-05,0.004526687898172132,0.01687915958144744,0.0010616000665821903,-0.010832813562864724,0.013902994795058174,0.0034388227764208766,-0.013126985586511309,-0.0008230333378001319,0.001471220578030523,0.02286908580899196,-0.008060156374218279,0.0036409069844668684,0.003550853984565323,0.003272107978833932,-0.0014944375779293697,-0.004618776986513991,0.007050848988341594,-0.005080644933432981,0.002980956419195528,0.0010015857130290272,-0.002207024928041801,0.0006733994649400814,-2.5059496735631982e-05,-9.345690477993933e-17,2
40,0.04274987351347909,0.019110904966372463,0.0003777596644510672,-0.042729644008336516,-0.06691643915695977,-0.059431792500195965,-0.042154083467112566,-0.12355730075008352,0.037466177317192366,-0.09870596580590693,0.037890192424277984,-0.060459261945357556,0.06583387824961852,-0.037596531304129314,-0.05678787394230471,0.010400569458178925,0.05962307001736708,0.0742647238245357,0.018760375519859294,0.08243217901860155,0.03133282354775437,0.11407690950992785,-0.03264011738412179,0.14544543510504912,-0.27115431139516083,0.051103718539058894,-0.10404157522866948,-0.0975099951520296,0.110173153117317,-0.2030662477398095,0.2144552821716099,-0.12734918931195757,0.1762813351241094,-0.09109199939659487,0.0776551082531002,-0.13606442318219336,-0.05866385467205698,-0.03618023227468025,-0.01647060941368248,-0.11912700227526771,0.07334729580716988,-0.019550427542586322,0.1624493313403222,-0.13770433166389795,-0.014193230557133958,0.019828714533949174,-0.045283852220394466,-0.0015701244246437386,-0.059570811734387996,0.03255932615920004,-0.01213458793428665,0.04922888849918262,0.03498644956358417,0.02421754832402014,-0.0030818822044061914,-0.10534139962686956,0.037364047746266685,-0.0394879603657776,0.007353278105550336,-2.68244614465936e-05,0.08217997335553083,0.034306933157016654,0.06792578895625791,0.06924080758110578,0.04264201234872977,-0.05230668842426298,-0.07167326454024817,0.12445521723419582,0.039005206977256617,0.057911557935420334,0.058179749930340294,-0.062334797900455104,0.0024550567142664023,-0.07450951898428519,0.1300061481711838,-0.07201754596429454,0.014178785771175146,-0.009430228500629117,0.119332064053697,-0.0432723734498853,0.0493369703936774,0.10215482618391726,0.10828992045083445,-0.0774216115915436,-0.025102031198385458,-0.011694937996331877,-0.06449356764223103,-0.18734765820752014,-0.11010831014804376,-0.08324968561442764,0.08581367900040099,0.16773084762691776,0.03906642633687469,0.14232567925615267,0.08183084504107277,0.05508171721925406,-0.04085304137919497,-0.026234909174101626,0.012252027120878072,-0.09977128145171005,0.2457119614226397,-0.02099407363561823,0.20837777460496856,-0.15119228267120213,-0.07978901818978872,0.04037892196576285,0.05735652708166868,0.06111637484392508,-0.023708938803849364,-0.047397158014302165,-0.08838026915982006,-0.06476543447239398,0.07530535138022167,0.030691036380271236,0.012004655963059985,0.003932948594582485,0.03783345999312294,0.04847229526929576,-0.042796063812565746,0.011698445532571761,0.021568344895658665,0.03311743491446145,-0.028758484726080884,-0.029657887849468184,-0.027554031354286034,-0.025152689103225892,0.0003490531540003852,-0.037282051655310226,-0.016619929781601532,-0.0019570110083448793,0.037709834598851286,-0.030258586069796117,0.010884625976039121,-0.001482231381798081,0.00684956652782561,-0.0063282202625626754,0.01102439863701954,0.019827142087777118,0.013560836108308596,-0.014220287572863907,0.016558557988006508,-0.010527434781687526,-0.01313399753679242,0.011466221521579058,0.005151431255293823,-0.007026825521352872,-0.00820616184645862,-0.021774521779913018,0.003873494698517291,-0.006048569899909319,0.0006485160141307317,-0.0003670215958402221,-0.0010977970717478346,-0.002431762060212713,0.0028363852449322254,0.00855331626398717,0.007437001289890778,0.0002752960261034723,-2.4179091206376724e-05,-9.345690477993928e-17,1
10,-0.017659363694360632,0.07928090541009049,0.07139047834946662,0.006212523090537797,-0.017365474862624262,-0.0012508207575571357,0.01414033118841554,-0.08096060809435436,0.08169825669655285,0.04522629758459677,-0.05297430602579831,0.092532588297919,-0.025219448432929545,-0.07636597251331781,-0.007638963313885851,0.012695035702748757,-0.1507099264558987,-0.07715125382660598,-0.06177701137672829,0.3041595633557936,0.011875400439314303,0.025407261961986248,-0.14528954261303217,-0.10231647067282093,0.08958200394569864,-0.09897083347753889,0.17728938114704965,0.05355662194512708,0.030673875416933657,-0.15954782511599974,-0.1928434250208092,-0.12379707966907329,0.018257936766109404,-0.11119513879720559,-0.049635961944316694,0.001568264045531849,-0.09574116811521408,-0.12368535289341175,0.044923254954045165,-0.08675407110729241,0.03915391907510322,0.1875227114489015,0.07918427871883327,0.014401239702833859,0.019453449334389934,-0.06522769782642224,0.03760422307306369,-0.01084653377359284,0.0493122106278981,-0.10000712519876906,-0.05806246611571597,-0.14819147759160486,0.21456501270668857,-0.10601385950447433,-0.13862812865984345,-0.050812750353964514,0.04066950560039962,-0.01706597641244352,0.05852330959491457,0.11551234169113721,0.022459130944689598,0.03455968840258928,-0.08774723632921076,-0.11248003608003687,-0.13213111528544444,-0.011281753604872463,0.08934041822902913,0.0013896461091348969,-0.0019404843290414312,0.014362581653416218,0.02443251165698885,0.0012315111934214414,-0.02555923818914937,-0.03164787096305045,0.09045918884853907,0.11559322396150783,-0.022598617846067263,-0.03125577991457257,0.09138281669586204,0.08053598769033264,0.010472622145068979,-0.016625600636639246,-0.196869504527854,-0.10549638149356103,-0.005641528310549075,0.03966245135987749,-0.031868529198242034,-0.12969861893944612,0.08677787998134301,0.06585573957666419,-0.08527242155715978,-0.026098930665158195,-0.0067585216426727796,0.08108859600226662,-0.09955124620349994,0.06669646574401036,0.03653723742856042,-0.002047688185670594,0.04118162057499221,0.012917223194450681,-0.04752552930218329,0.02872497559817807,-0.015689864146609656,-0.010614837439479179,-0.11374821917508628,0.06120559180889644,0.058994920356427435,-0.11085764271246626,-0.16489206767137737,-0.09116102346257787,0.09148608722674727,0.01997684159341375,0.12244567791470465,-0.095375494667584,0.11555434812731487,0.02958415085453963,-0.019132101381818357,0.058950643902114644,-0.011274295051072398,0.10900206545625574,0.08521739426059953,0.05862458948100844,-0.08387971848424614,0.020540060605277605,-0.018268381982629794,-0.03691937547420954,-0.017733085499486274,0.09880305224970949,-0.03094964708731615,-0.002491475942547697,-0.03537201973249401,0.032356306197699386,0.014994369141634378,-0.01538586459802095,-0.0001796262567045531,0.018236844740007207,0.009828042861666062,-0.001637449914010318,0.005615495082548128,-0.000888477738532761,0.009594085673715379,0.010276573706294114,-0.0022001153338255335,0.010790113437885952,-0.011145777718033552,0.013743386229944437,-0.00948295390780934,0.015827056771778356,-0.005524518606003309,0.007502920650596955,-1.764831718188167e-05,0.002231852865246533,-0.005204978549005324,-0.005158712306335674,4.6079595777918736e-05,0.005223007280135161,-5.218298785799518e-06,-0.0004627257060416713,-8.154290036761597e-05,-9.345690477993906e-17,1
200,0.07244804285851843,0.00945816953418391,-0.04610441812245558,-0.12903036230233264,-0.05718335946099563,0.006128783373679968,-0.003787095234863142,0.004169976102518476,-0.011992956262701821,-0.03761330651438105,0.007168881132690143,-0.0642060635977727,0.08812661455703334,0.026087742149539926,0.0762789888328755,-0.15813651100407983,-0.23304463741386733,0.061448960084319756,0.3557475341239514,-0.14183134026156263,0.3110535916835241,-0.1645800691611674,-0.009777360420786722,-0.24718384896120743,-0.051750569984044426,0.16417164774907766,0.2774581361949015,0.10660033308750728,0.0015472029751359717,-0.049428299411273816,0.09426243713431284,0.021727043594802247,0.10216405475500223,0.10952053773459923,-0.12441723351720455,-0.07489868352077526,0.00566854482258008,0.04718861920337721,0.03655605051259711,0.08522324309507556,-0.028798431137789047,0.006778679389294205,0.09247976513484088,-0.030883432572318025,-0.037693210111608554,-0.023032026623580854,0.02385574407334782,-0.062146550081896804,0.011396293352260122,-0.07245624039586272,0.06100988329021973,0.015052411368249632,0.04134720080848337,-0.01085897376289126,0.047312757249438654,0.02329960730752433,-0.021902969447313986,0.016227148436714082,0.051704538850512856,-0.04507127690657398,-0.007967119492868623,0.0009607286193282787,0.011458155721908201,0.02120835656410398,0.0362853466761463,0.0009345254705624439,0.010673318836334902,0.029114785438249288,-0.009263963968647586,0.007794199057482209,-0.06856599371097262,-0.008397981370257632,-0.02137524517548747,0.003475427909960695,0.022170850431104873,0.012759266828211135,-0.01870391864080928,0.024277909090560032,0.031943010411878095,0.01599920923613847,0.0025912469699534073,-0.017382860235650863,0.00420703167851579,0.0015543760277277813,-0.02443442419422558,0.028469748115610413,-0.00737384584997568,-0.028592008299562315,-0.014879848425353755,-0.001172222868165467,0.0011562349162363339,-0.02559275047089223,0.01683795125567105,0.035815797094720395,0.012718100577133847,-0.04969788784832658,0.026670236170001183,-0.005028505362556068,0.0024869649127977514,0.00032351722142441054,0.00014894374440585482,0.0005778617509022993,-0.025529988507648965,0.0011889880860444417,0.0168109146448508,-0.011023871502140677,0.02015566151550255,-0.008692030157563658,-0.05747949765502855,0.06424937722718792,-0.07660526872276138,-0.03987803058248977,0.07615953468136231,0.008628925665951503,0.014177030723889239,0.019466516113283896,-0.06924351730104342,-0.016153690982523117,0.025175488864555347,-0.07216818597165135,-0.05471355140054323,0.025174679270611816,0.00033193463190491293,-0.02868184310958523,0.0507815264206979,0.02911371939662961,-0.011176656248706483,-0.005458835303053504,-0.05126655666816137,0.05554796289831019,-0.1677495057910099,-0.06416170318153795,0.05005116000761397,0.2183069808040433,0.3085880535427513,0.09611245787081783,-0.012178761131233553,0.021050178757239933,0.02980804113521694,0.03361466854153353,0.014390653846401997,-0.009893517639616921,-0.019835304728044224,-0.0020292475769098923,0.0416956081443283,0.0023200109834633264,0.0009751202139600421,-0.005017952232311521,0.005051768000334842,0.002313705131209177,-0.004821993024920841,-0.003571417617931922,0.0035588597992276217,-0.01053303646190234,0.014705814974359958,0.020562307698022208,-0.009236856161081664,0.0007773321844545317,0.0002562616673293514,-9.345690477993926e-17,2
150,0.09786516043213396,-0.00742958859669155,-0.04709579142472307,-0.12436834832828217,-0.0930726181290809,-0.1427837795981877,-0.013286826005276732,0.07632139248067372,-0.05400562009704611,0.008174828443537703,-0.056187214491880806,-0.03947670500062633,0.1954334875979507,0.06384706847554907,-0.007556367856180452,-0.13610507949639378,-0.08939361198745557,0.18565136111086789,-0.1098466194310815,-0.08030026832349538,-0.035294849584576654,-0.1178242289830105,0.007583372869340591,0.009839657590705842,0.4463648295359595,-0.11855201721035881,-0.19212688680743134,0.15556865366866496,0.10639868651066012,-0.04842059689993375,0.17052608353120172,0.008402279299653028,0.11487670776278133,-0.00818601439866824,0.007597077085316333,-0.08397238353687347,0.0012855525148055748,0.008051814450602624,-0.052818622041464716,-0.07247245287611082,0.010015803112592198,0.03587133552208532,0.07439849718630098,0.055143200898058124,-0.04360373341364117,-0.05820235940617622,-0.02800517839429687,-0.05086668732275638,0.07086928670094166,0.07284734904773946,-0.1067187966819299,-0.042186127920583634,-0.05659885868481237,0.027070575260927248,-0.03808594164609745,0.00920887976610749,-0.03364959845612218,-0.018032947798082316,0.021208579269468862,0.010206470101839603,-0.0221172727397382,0.01708777635457607,0.03380445107709626,-0.02214285091770581,-0.0042450533144177014,-0.018031957456833714,0.021254901362654875,-0.0034163521582334703,-0.032732217610898576,-0.017183071363503933,0.00822226799388523,-0.024457971371050193,0.06753776820459302,-0.005261314934377824,0.011216187963761223,-0.020796136861132308,-0.020230563480661497,-0.03629545657974845,0.02907665816418794,0.008665091312386441,-0.004480983380096941,0.014321421219816053,0.06093836261719202,0.02824999827945968,0.008483356045006905,-0.03167550436994425,0.006312390140210203,-0.06097519709373924,-0.012535922735230898,0.04027317793873729,-0.021557121049859355,0.05085662020681789,-0.004828934994681454,0.005757459335321163,-0.013567864586265582,-0.025774549116953822,-0.004411690108330976,0.047774865839343886,-0.04902491589962804,0.016849589904022126,-0.049787667718049766,0.028020834626746337,0.022110494123986992,0.08106597962743052,-0.0935513310222423,0.010453236818977583,0.02273730766776241,0.0318791578257028,-0.0541832828517038,-0.08167245300153071,0.05479712075480116,0.05138012419521469,-0.1479961823905176,-0.020544075590707124,-0.10742625019971205,-0.0017036626279399423,-0.017563842139317023,0.02850739764807264,0.20645226335942155,-0.06662329905907058,0.015144603680616549,-0.04330930757984249,-0.17193471245779898,-0.17052238621533494,0.040473803176242024,-0.302136029500184,-0.014363065526768934,-0.09123770386806837,0.01836662398863819,0.004715983779140255,-0.06300775621913698,-0.07688189916447587,-0.026772170686794654,-0.010968375949209623,-0.00010331228536279106,-0.003782301703938675,-0.005126287504545174,-0.0347398028297749,-0.006479372102358104,0.005480248856337162,0.002319290807656521,-0.00550127409947517,0.0026982777121912554,0.006392948800007144,0.011236458499380826,-0.006142192345197217,0.0094700271780358,-0.004399593558677379,0.001128621657895798,0.008379675909992458,0.000858943845756866,-0.020251395302603687,0.01395924842912582,-0.0010724654704445066,-0.0025706852926328416,0.003154297106126653,-0.0060809689825774,0.002450659703306383,-0.0004342865017663511,-9.345690477993916e-17,2
96,-0.21501847990469858,0.42285553724589026,-0.22042684316013014,0.24209185421879273,-0.00983360672436549,0.06503403340588432,-0.04025705158237964,0.013009725584414046,-0.03700484937474229,-0.08739852971651065,-0.1273996610799816,0.0011239949227779533,-0.02556831463995332,0.004829652015395592,0.029919231233433985,-0.015017470341498924,0.07775362621762888,0.0076067701241700056,0.011637398435437384,0.017742749029498378,-0.05486166923012444,-0.19976316436537206,0.07983695882575294,0.03590053132695753,-0.039224182133464756,-0.00035396389309877527,0.004129630671180426,0.06298779116553718,-0.04643751189027559,-0.013504461135405073,-0.019532336294810045,0.006047134075829716,-0.019037862558753005,-0.005895656948973777,-0.022946520470119542,-0.03569642982280577,-0.004934979860521627,-0.029124461146187882,0.05305164908298235,-0.07045436809715189,0.06510759109985238,-0.015354809250671493,-0.004107354875561667,-0.05329849949764953,0.011201441074773024,-0.07747710764446315,0.036790094047608975,0.000117608518879361,-0.01718637811336396,-0.0462986178438926,-0.06951138482235074,-0.01697165520779006,0.08762710173228817,-0.04762360712068,-0.0033804523419222743,-0.07061909791070874,0.016117136667172304,-0.04839906312987886,0.10310427898322894,-0.0015587809849603466,-0.054812773010067144,-0.04457506450344362,-0.04315363183933556,-0.10915015126387641,0.010114053507262615,0.07493011755049869,0.002351063629059297,0.042433749636182884,-0.012473918410101212,0.030266785592249774,0.035767031679433944,-0.0018918971107581529,-2.9044601970538732e-05,0.04536106155659422,-0.08415410080562762,-0.03387639149964137,-0.013684193190980286,0.005702204346161329,0.0348058145379915,-0.038137864544009976,-0.05826962861007709,0.05269769045816201,-0.0202479932086621,-0.017826486571787564,-0.023802335360393827,-0.049306983952274175,-0.008759397993539446,0.03652378386413357,-0.00872451930798975,0.026528512095148227,-0.033379508402302735,-0.017496157504133473,0.0373812658533531,0.025318756175008537,-0.035969164856235615,-0.05646582544193207,-0.061039358639511807,-0.06721735178215552,0.008652928935943188,0.017046388551052408,-0.03496024821651659,0.002332834323012765,-0.004994556932819476,-0.08712526355481515,0.002051584689818289,-0.009142483006410289,-0.024144353362759226,0.06460625007473818,-0.08054657227022062,-0.02806251141056108,-0.003998160456587548,-0.012590401330506148,-0.026454370893497777,-0.02694967188208508,-0.04303213866424965,-0.0616721521960718,-0.0017056091085603379,-0.1789509019214469,-0.09978202137855481,0.08621465110360021,-0.052865844599236725,0.009863765004562495,0.04586023601526215,-0.20074536109540167,0.11065059605107107,0.06208818982924093,-0.025976668399378254,-0.13456296958030206,0.09258420831423786,-0.2303643416368581,0.03650814458124666,-0.10619046073253044,0.23312158502970176,-0.029147325055870137,-0.03419201307106841,0.10027258417560296,-0.0653465221798749,0.04477753145987736,-0.07927371490531873,0.06017682564219382,0.02297038605408518,0.0037684242748556784,-0.04150747273405784,-0.16264776604806655,-0.04152041023613272,-0.07613993751978734,0.0010016051371266167,0.011895753552833066,0.010151644456817552,-0.0077168930647873975,-0.0017516070080562877,-0.010728382658368629,0.007539038003006387,0.007105224895333548,0.012804157675072762,-0.006714798581085596,-0.008757131312857254,-0.0006122204886611907,0.0003767512126934202,-9.345690477993935e-17,1
161,0.010468038212414604,0.022936302883767103,-0.017172482623240767,-0.08829259066441147,-0.034555514723696716,-0.04614667006925497,-0.011163630273612227,0.009528137168982324,0.005496744543433252,0.047643346606347954,-0.05580045593796103,-0.0746495985312533,0.03667785143347269,0.012670467540281755,-0.054778557466085245,-0.0635231573056599,-0.10120448368588299,0.017497711453050777,0.013603870329213506,-0.0035902739680731956,-0.06275992288021756,0.02762983335350614,0.04135908079893152,0.019060191101377348,0.05063823922994908,-0.12903985908369386,-0.01807979395075374,-0.053277246417561826,0.01771658646127922,0.049439026101422125,0.03679079318202334,-0.0381110708995041,-0.15340117614298826,0.0471796937027469,0.00545584049039009,-0.11140080731003933,-0.0957590281090778,0.048284152170240575,0.022088658018972605,0.18399477472313164,-0.03581092287810478,0.02346941660906056,0.05080255528723127,0.013919166855716857,0.03763246210444086,-0.08669768003587118,0.076272557816172,0.06986792350339,-0.24326395932929126,0.05069539235287907,-0.3543613510708852,-0.1072098373594821,-0.06381893491229257,-0.14774163304801674,0.08318320380074458,0.021560588001458672,-0.07915174726163372,-0.014289690215051797,-0.04107557831604897,-0.21755633949907724,0.06752491321351523,0.018908043444899363,-0.25228580540522594,0.25344445511079605,0.02350563329280234,-0.009766785217890019,-0.04699348521309395,-0.008636678945801491,0.037528448368790095,-0.028827088464666206,0.10401583176526928,-0.05579874613955467,-0.26039942096077984,-0.014770909187195338,0.0073328838324638965,0.30512458517686025,0.0699164843960693,0.048335302652766185,-0.11618919496990185,-0.09827489111420337,0.002842927096916198,0.06470774027015783,0.13933451667254385,-0.17911208346692858,0.013619011464460653,-0.030160259121058918,-0.08153077020621581,0.0012210774503814711,-0.027247279489680486,0.013471157724419919,-0.11726438019282413,-0.06783481550500864,0.05810894582902829,-0.06588113871361674,0.04568917390300109,-0.004995118746571089,0.0479733379393081,-0.03600426104369804,0.018259809943576264,-0.029807506442106165,0.022560068335095152,0.03168297024736279,0.017605850398378663,0.00425099912577749,0.010549657361230137,-0.0018799023393936281,0.028625791219896522,-0.005651191185896738,0.027250737668837805,0.007832957953463582,0.025001384729289894,-0.05771696366287616,0.019023470018736006,0.004069546993003047,0.03001161419181503,-0.012347862957257935,-0.03462240465505164,0.008069627243012967,-0.015260225957207314,0.0013749896041748604,0.01315372934547197,0.021870428912425136,-0.004464127762402827,-0.004823517352586125,0.001998817398915616,-0.007244545549417026,0.000503426566689095,0.02515785528019267,0.010857018910246085,-0.019018174417550927,-0.007468936026330555,-0.002232600961705826,0.006679822633055647,0.003780253213465281,-0.0035858933731382396,0.012692813508314658,0.004668819019123041,0.008695014822805025,0.0046062711413573125,0.005552297973850228,-0.015305688643858338,-0.0029819020590712538,0.005098313889902653,-0.017822551177127548,0.006089540443416477,-0.0008493631875648679,-0.005364242134758458,0.004468536558330545,-0.008931008697023401,-0.0026977817759282117,0.009837330622461997,0.0037783966747808287,0.010932487595914931,0.005949094965327065,-0.003158324319098858,0.000352652446561086,0.0020352069033967323,0.0015095594792242147,-0.00036940941938557224,-9.345690477993926e-17,2
63,-0.4660740629599793,-0.41800306669694437,-0.09457998363152938,0.08914888453116905,-0.1864563395068594,0.054870694337367076,0.04246012443547828,0.006294953072624347,0.014775813043728762,-0.025167415612490925,-0.03385675186979983,-0.024909689565222694,-0.014220653493915457,0.03671625636503379,-0.04728894078128235,-0.004178286206304399,0.0094514908989469,-0.015201869373778435,-0.006122556151226961,0.010476437235348728,0.014615467073762238,0.003514920707208586,-0.027846277451893636,0.005893413306127561,-0.003837984340566214,-0.030746182740911693,0.029603399351284195,-0.003279530915749473,0.026638896994983355,0.008687961169601733,-0.005924095812950329,0.030091481160087898,0.035254003421891555,-0.0013791812937899019,0.011394749707248068,0.0025040191345495834,0.0006546706671325018,-0.005901024413526209,0.012050039252816941,-0.0039930089285316805,-0.011095733836314002,-0.02375091094420379,0.031143286101599416,-0.005383711446617056,0.006691292042795183,0.016030747948666952,0.01631945552403733,0.0009437534967855965,0.024791572116370852,0.005641514888816489,-0.001443097035930567,-0.013541580729437513,0.012260365936722301,-0.016435694000910946,-0.020943848736409712,0.00101114627524109,-0.03320056207575101,-0.020164307480747764,0.009844691542650415,-0.0006072737049973981,0.03092998795767928,0.018259273417558248,-3.303891157184736e-05,0.006912488058043394,0.022409839534381894,0.010733190828471594,-0.03003627886330654,0.005563087597613637,0.02933001967669359,-0.04647811100272119,0.0009754884218255831,-0.0196669930059703,0.08417655724522825,0.0021861968080875093,-0.05355121172351942,0.03881847319638982,-0.015990726164114302,0.007171017099202687,-0.02257543561601502,0.021446263177413823,0.026203546712577592,0.05361313544798312,0.03998977073718118,0.06884582195927749,0.04077301352794406,-0.0015614471024684297,0.016465447707234276,0.004265452907212941,0.06361752071768317,0.005204552006700622,-0.03537000357994551,-0.054749799888361025,-0.05752915700967033,0.06708388320472256,-0.007058064098442667,-0.05481122865958322,-0.056413992174552,-0.011088660278279107,0.029380851956414655,-0.04802207312334907,-0.05146828300657692,-0.07365284359193827,0.011885286782365086,0.03317665559235343,0.01705984520175961,0.046883720039507436,0.014751393988765288,-0.003860939657725391,0.03932248700857828,-0.06942951102607979,0.0002915496998982065,-0.1398827782602328,0.023610913801316222,-0.02148081422595156,-0.14410386744123935,0.06668309629016692,-0.04461578748842649,0.043487251758717434,-0.05208383268837725,-0.030628817867983996,-0.07830199335974376,0.04874709795038415,-0.052816215280819416,-0.039902041100029324,0.12266849960436958,0.014672685965044813,-0.05949247719367043,0.049773960900706675,-0.04367258304636065,0.02459498576734488,0.057477634333073985,0.13702376007933353,0.011578939312810725,-0.10191352035526693,0.06764571488730894,0.025927727967926497,0.41733224889592857,-0.018329501630459002,-0.06875634377939396,0.05038966770180082,0.033397496264603276,-0.17022490794039416,-0.09620002388440764,-0.05455270995861562,-0.027525092777119325,-0.020838638311338985,0.0349350335249696,0.008636581730596185,0.03161470242169307,-0.06091001908797306,-0.010416424360101083,0.006566413471930486,0.0029668830725742596,-0.01228203475355278,0.005686028116975476,-0.009604949581860629,-0.001489751048478132,0.00022592115589088366,0.0004518897652862623,-9.345690477993936e-17,1
147,0.06096978014254916,-0.005490021940911845,-0.03204852571026086,-0.06157394467420457,0.007426137175251982,-0.008804596820056215,0.033083616553586166,-0.026514919441877293,-0.0011221140401139172,0.006535878683089037,-0.023832760759242646,-0.020080434034010906,0.02399742695008952,0.04117083585538485,-0.006715912056295741,-0.039126668658005036,-0.04764822125250609,0.00017957273187069436,-0.019113493600960343,-0.08273199646184239,-0.02296489994952569,0.08101905687823502,-0.04293692525901816,0.017642072637982467,-0.024110020577559794,0.13958919823325366,-0.007801107751487518,0.1891785776566222,-0.028749367351429297,0.00922897653809685,0.03495559414734073,-0.03543288402451954,0.028102989384669517,-0.03421133857873,0.0705686564183885,0.013515301431986369,-0.013679366423588154,0.05013654026484438,0.029709276937839733,0.026194376003356955,0.07333059459757373,-0.05384708395964539,0.08843478808919955,0.4322764955301796,0.1547479118532639,0.024258548129853903,-0.2370229376793208,0.48292351313868387,-0.02113840013787676,-0.25942449041201876,0.14583617334339774,-0.11724779514873461,-0.029931287260009532,0.02881955734746517,-0.02058005262298927,-0.14680043805124038,0.07754586847818047,-0.19807411558978358,-0.0996106552574769,0.05581449466332708,0.029051795026157415,-0.04563938135041447,-0.09461011987916879,0.0174636513536793,0.13356075439247253,0.008836924470597094,0.043008398537998795,0.0025907741952868575,0.2463011634531428,-0.05024873160704655,0.05250441653419887,0.05726692504715303,-0.08645097638970575,0.05157219142793932,-0.02608546510442131,-0.042793366342198845,0.043539607533547665,0.0894527524274082,0.025160303070316324,0.00842730605160445,-0.0390572899120157,-0.049857206717256256,-0.055107490222482416,0.010384774236185187,0.008992041003252028,-0.03763982916293621,-0.013454930243591836,-0.05971805737391484,0.004688068369818953,0.01649252782093588,0.015596635597986108,0.027274123209723788,0.05953691719524595,0.045101361230484735,0.016189800094074863,-0.10784513676376181,-0.04885212724085943,-0.007429417686064462,0.0007849212161356503,-0.009402407958047674,-0.0007972416600613149,0.01849072409485743,-0.0023384750614324945,0.0365140163336301,-0.04314752383988056,-0.010803643806328962,0.003432643410912242,-0.009458411979449764,-0.011884307606925848,0.03051886740257462,-0.007742275865063218,0.016548889308069196,-0.051830048067485056,0.027979056607926104,-0.03451322263558294,0.0026292431754054643,-0.02253908317086541,-0.033229125318650854,-0.014906670576447937,-0.017036263217181453,0.04733125587819187,-0.005138563464848586,0.0102741831001875,0.00013604156076671363,0.01973643217319991,0.0024944190730530015,-0.00691678585277336,0.019895185653294737,-0.04187838049333673,-0.012822002318744646,-0.01569918389869703,-0.006285629696099416,-0.01669989384411664,-0.027620585701875703,-0.0013162758613689454,-0.01129223820464621,-0.007487063501209012,0.004225170856978958,-0.003154603780576815,0.00789183678700466,-0.010723381187729678,-0.010022934740865798,0.0003780876766292992,-0.005877275037622684,0.006898947728815864,-0.00048063939235150967,0.004155853853549488,-0.007879264676219673,0.008418496512894154,0.0015742330163014031,0.0038531752010398323,-0.003978332150021332,0.006260551611360937,-0.0031494445427495635,0.0004598716855160196,0.0016816205142691292,0.007758248767840379,0.000722850688661658,-3.065494072179774e-05,-9.345690477993921e-17,2
46,-0.12402227291100255,0.13816074989662394,-0.07813279837844017,0.04059049517174446,0.022701552688029914,-0.025512865576639093,0.018801648689767393,-0.040066823779976064,-0.054337308397702816,0.2879619125114295,0.3784526585450188,0.06017001318066889,0.04100230029570661,-0.06339299090218802,-0.04899201487342044,-0.00581013911570664,0.036127814758802064,0.038054941814401846,0.04652545752714042,-0.009337440100229156,-0.0017117757180476793,-0.054242015739191934,-0.06181147159770798,0.07579398315302757,0.04321545669718076,-0.09371592775650603,0.05934019530805895,0.02093485553285226,-0.19360409599892744,-0.05186490493919325,0.06102579734230119,-0.06683737098384225,-0.009372739411397293,-0.002527380896063479,0.06436359204354704,0.05957687088363094,-0.09079991657963296,0.014089294397797688,-0.053993411729911296,0.04972673274970417,-0.01656610217669031,-0.011138417587509372,0.05587845732073941,0.03379096450904295,-0.03413616658056176,0.04485821259567285,-0.07768772530482554,-0.020259112852340475,0.015350932573271102,-0.023880195034266267,0.004372059098995874,0.09028955158116665,-0.051525256598126234,-0.02777451398630235,-0.026151691259227453,0.028021721049259048,-0.029139452272760855,0.03753616603383573,-0.07102211475285909,0.02041461476897158,0.1042250788785093,0.06451387445520465,0.042999778433636636,0.1149788858155752,-0.07702755034409386,-0.06305503633610487,0.09578030467821383,0.06293374017392014,-0.014532127316976381,-0.08186117181061439,-0.05920726766179192,0.07019268485148866,0.14972048893497394,0.10538991290688089,-0.007969172947119392,0.14368525623469489,-0.06383844884680867,0.03839175589927501,0.0189057286688393,-0.026268609391804143,0.154089946540591,-0.08848035167819714,-0.05165513093409094,-0.10602642780111167,-0.0488690929396882,-0.0747906781549923,-0.10861432988931696,-0.15402108304862513,-0.026583000801459547,-0.03239631389386854,0.14697457119036283,-0.03826880845180387,-0.0763754107817123,-0.007206383156416377,0.025605861610095797,0.04678490531863513,0.13721027914693576,0.1648110654890022,0.13823482812401233,-0.07147335266271912,-0.014525669786167502,0.12595127899368933,-0.09197711122665718,-0.030621728198069232,-0.011122935015135095,-0.02588344941801881,-0.16215058209343308,0.040229235800628,0.0366154850592601,-0.03358844613258543,-0.07535446361780294,0.06513290945310858,-0.07243629917184795,-0.02113513712255147,-0.03802296419233613,0.04766462979598656,0.06805819137862786,-0.18940664642038418,-0.051198934889157055,0.021949297658430532,-0.13001573193649718,0.05828032158827497,0.028112113977533833,0.08452113328688005,-0.00014363939423909163,-0.07558427621869544,-0.050766160981379,0.04676896959249573,0.032293506677313726,0.006779767682378432,-0.02756102802563663,-0.05211899845813453,0.11494992763780278,-0.03587733342199018,-0.020404704293499446,-0.011748832686856395,0.007200250692166004,0.0448621729127734,-0.03344614544673935,-0.005786743575791064,-0.011417904140599284,-0.05855743990356044,-0.0379355271334643,0.02848966842566916,0.04958728276623471,0.02169995862565969,0.02423205476748188,0.013578159764350582,0.0030410465015719866,0.0023385079754281576,0.004283927973695728,-0.012573426817444219,-0.004246085026453812,-0.008840180685745394,0.007332065627685132,-0.004171875686057496,0.0030174774814109764,0.00016922818438914187,-0.0002073679497552759,-9.345690477993916e-17,1
190,0.05837306440298079,0.006631982794244799,0.0033028613931454396,-0.10241423541236455,-0.0974669821939886,-0.14712426446392352,-0.07145655235450743,-0.04325571506525991,-0.0032683850403369507,-0.05869642824280195,-0.019450032578073814,-0.05593744375237894,0.061202809537908666,0.04592899397099514,0.05437822543985566,-0.1258698211903049,-0.08199813924620633,0.1150446728966706,0.13732216506477005,-0.06143225810341202,0.16265909046909488,-0.06356043972888577,-0.003576496070423029,0.09328654049410592,0.05924305181782337,0.0013661728174786105,-0.17705606159576232,-0.20412178937525452,-0.09228869867323385,0.08911106906967582,-0.25942144151045476,-0.05086875841904311,-0.06325169633076326,-0.2398509146392255,0.28827386640901864,0.1958499992044493,0.05815535936189204,-0.07322444118535765,0.028634707018417815,-0.12042962146420316,-0.045530762803699706,-0.052868787906675034,-0.1410785137585249,-0.03504883594270851,-0.07950558932988303,0.0733578946126019,-0.028085198878629283,0.04782473556876781,-0.03368071082414398,0.11750543723881114,-0.08476555309788959,0.018611853234431857,-0.01998980512968039,-0.07724968949670588,-0.1060308170895655,0.0009712020727335057,0.0345100344312737,-0.06772331387797485,-0.07441609799295072,0.048699185596106656,-0.03201308708285127,-0.022409327063966405,-0.02006262686406892,-0.0011010905211657227,0.026088136265501168,0.016490822969132363,-0.09507248794761188,-0.066323343370925,0.03184849215619496,-0.03193375625540302,-0.028906889986959956,-0.01866888517198305,-0.0077077743451542955,0.031005301150305725,0.040511271279859706,-0.03794507399326376,0.05840264842314868,-0.021921138949115525,0.022778280987903934,0.009956868186762448,-0.011648037045376784,-0.010724007419933632,-0.05730014943222107,-0.024354452440233355,0.023423657372236235,0.012672409066968766,-0.008268748005975296,-0.02740815423291586,0.002957782883395156,-0.04120354608247295,-0.0028290659573770487,0.010724643487521727,0.028947233326524924,0.009124647053499427,-0.048510629347823686,-0.06384945871053327,0.004432340802121496,0.025538858092457244,-0.00024349335763771136,0.05349846556349901,-0.03129698253892157,-0.04060672535206016,-0.04509493298817233,0.04573521756406862,-0.037840614956335755,-0.05349854023036796,-0.031803070481054005,-0.026221656414684845,-0.08145742621017625,0.12987249799209577,-0.2228645325078396,-0.06478423032491537,0.2564136450770779,0.035568356091447796,0.027738059891631493,0.10950509292565995,-0.22399215517259832,-0.06916562806440918,0.051402301318802295,-0.04944927291949679,-0.09751816263673116,0.030712416982351016,0.02154173265079683,-0.05228002852221691,-0.04964338490432407,-0.09521320125547689,-0.024084147729568156,-0.012924801059414397,0.016294390236295923,-0.007154440241712199,0.018223275093714658,0.013951114086194167,0.01423904524649329,0.015451943194975608,-0.06132386685256655,-0.0168515634040321,-0.0009071270203153326,0.0242650530215601,0.03418578774053889,0.006459935070514747,-0.01302763531814573,0.010043630026768474,-0.0038631994379268926,-0.011990263974878427,-0.008761086169153727,0.0010998002489521262,0.0014625625154149734,-0.01303717485548582,0.003083593135911472,-0.0034294192298852705,0.012716721815539721,-0.0016929248304739647,0.001517228872370624,-0.0029569170638586027,0.001763788959305181,-0.0015812942499756366,-0.0014671784599214605,0.00024281264379970275,0.0004692270784948468,-9.345690477993935e-17,2
59,-0.12112386828329194,0.2319030454828504,-0.09679022079857746,0.1171935079230028,-0.008053870246259627,0.017253413339745904,-0.005592039745798942,0.015957288435701485,-0.015836430410707567,0.022780108538673086,-0.013556711157219337,-0.023941843006921724,-0.015250509785419324,-0.011278169326178492,0.019659190825047787,0.03585074993875667,-0.013334889528031095,-0.06836638729372334,-0.04885597420906736,-0.018436911014132015,0.012942100127196252,-0.003763086952758724,0.047202211884893444,-0.08573385039662741,0.02436079723636967,0.003232953403939456,0.004558237622381861,0.005417196375956603,-0.04116824253172339,-0.013856268109867235,-0.04674213170575939,-0.0916091142214258,-0.045883249870995645,-0.054202954230470855,-0.06509902988361631,-0.023010174863354882,0.05939635598701834,0.13319968611897873,-0.10470423286332912,-0.09705102674738038,0.2261227075957616,0.09217632491216204,0.05857081979037973,0.00971434062144985,-0.007031359149180937,0.17414976649045283,0.10380318250043906,-0.15388850763226433,-0.011744955247848583,-0.07305294912039234,-0.10788571013004723,-0.05384303946265614,0.21782815908060757,0.028814278301035143,-0.014354748427851569,0.0340195010239602,0.11296981774303749,-0.0664047614189386,-0.12174606008895306,0.09767637961215163,-0.07610303190580542,-0.07302902298784195,-0.12814187677979041,0.07201808962200065,0.08958042481627193,-0.036211468699013274,-0.11426618241034657,-0.1693691128792555,0.16865153970369073,0.2905136965008554,-0.20019295145648244,0.20501537283059226,0.01639831839386251,-0.010303363021997851,-0.08111144319409758,0.040819686728234016,-0.05294386898696831,0.00025529304562601894,0.11825586216222857,-0.06685912735971593,0.0287905528910262,0.02244122532979324,0.20884651615491168,0.04428918516688504,0.07668733470191753,-0.03440188934599564,0.1932015123443084,0.006498156372735027,-0.11238953279954783,-0.023829894125045475,0.128573871196518,-0.06508724454417267,3.648486156696609e-05,-0.02096074227121849,0.044384150172532846,-8.25929485847169e-05,0.013598536182250666,0.1208039387481782,0.06123942502238925,-0.007146763126822957,-0.05755544119878445,-0.05403532998634973,0.03869571584443079,0.06829476962628772,-0.013341216284002875,0.003974636095596183,0.020204276822616763,0.0048839427564417205,0.005410459203723934,-0.004051551892358892,0.015258372792285917,-0.10720993063619495,-0.059789367993629494,0.04203332617685472,-0.004375558625509364,-0.03214252181497617,-6.207220198476237e-05,-0.013279597088903765,-0.009328918591966377,-0.0027581885193592483,-0.03347060083396355,0.05193154920895341,-0.03290205421821789,0.03028189655066456,-0.06163913471822553,-0.006184219791981174,-0.026517813381699482,0.046628864667355656,0.04574644228758799,-0.04568469251051648,-0.044405343798837635,0.0026957361092483888,-0.061649785482795545,0.012660961219086745,-0.0058648607971722,0.002810033048121458,0.0166369734956246,0.02376631035356568,0.022547775119244103,-0.030580790442477794,-0.01565354386735626,0.02008388078007404,0.03385069954658172,0.037668859216818756,-0.019205139965044974,0.008690582855227617,-0.021784606880775926,-0.002550758032491511,-0.008888904313604751,-0.010550985675792103,0.0006401631702589151,-0.006698407574687492,-0.0005379481544320702,-0.0002528830308531349,0.005981687933644516,0.0004366699078131134,0.0022302594752860463,0.0003001459898098367,0.0002646775945950242,-9.34569047799393e-17,1
45,-0.14509415111488191,0.2967329946724761,-0.13318912606056085,0.1685226516048673,-0.01019154983117177,0.05224473301425358,0.010469058662238937,0.04438424970950113,-0.014151640324232778,-0.0665272772285106,-0.07951892737593784,-0.032025432034252295,-0.004044241016012364,0.017250869427035142,-0.012462313213057,0.029282645993299786,-0.04408007985286084,0.03487785128938637,-0.032692408367783136,-0.04501209783742578,0.024498373345079275,0.17626849179490217,-0.18455097825195518,0.0012376411926880498,0.05298672900464061,-0.03650066358741961,0.05614585246144731,-0.044891188300179394,0.0644882414049692,-0.0026289134744654145,0.08572191895066432,0.205378547460283,0.021852469611197023,0.04423316422559874,0.0930263875530568,0.10503013618937326,-0.03614896051371338,-0.02939188033958499,0.1043971095895776,0.05988714135140787,-0.05695812323013917,-0.09013817923343427,-0.07641981470644517,0.014130229491086789,-0.02782428785991632,0.03729188300661468,-0.028712996360755725,-0.02509712914272161,0.012608236342824269,0.018361153831342694,0.02909941426467854,-0.034434994932539126,0.030164422739442604,0.11063540948862771,-0.07671667997602222,-0.11582289784685092,-0.058779939089939226,-0.006505014477037446,0.030112579506796352,-0.0008474465178370732,-0.08329005342288213,-0.22800735289260926,0.017978135267632235,0.0690963770353929,-0.10786591475751175,0.03282341997743615,0.04401797706240038,-0.1377947508499464,0.03160474411392289,0.038414893954289056,0.024107004040581463,-0.11661409607667118,-0.190246192345275,-0.06620216356866739,0.14389460242569274,0.10263087642349168,-0.1558608331818454,-0.15071679069888952,0.09800744426451699,-0.023304115196994733,0.10730952874537693,-0.04167653066433829,0.0031744247055253143,0.158760242143693,-0.19878692386023292,-0.0026119227703781654,-0.012515617175963912,0.035197492530873925,-0.12332116556361981,-0.04878059926398692,0.061165443243550485,-0.03174199606999568,0.007771206094684962,-0.07477663789627616,0.0016020363040255598,-0.005483760893696938,0.07989330168053042,0.11874158136809196,0.03051640178897764,0.03279691131543227,-0.03492176829081203,0.023687007094248824,0.04195613700210962,0.021688004233896125,-0.048998044646573057,0.07442219095405873,0.01069249327356537,-0.05867187422924374,0.07524490183620113,-0.01780747949456964,-0.01897337921797732,0.05644541747151833,-0.004108265334625955,-0.026769208575313626,0.0024267911237044453,0.01239116896517667,-0.05373746435952663,0.06259366448317027,-0.05958919696995521,-0.03899376438764224,0.057255979912307846,-0.029967069320480228,0.07022327676416545,-0.08569010336307228,0.08559326239521273,0.014805965066917363,0.0323171961214184,-0.07555405370198864,-0.14965314243364658,0.02106524624051293,0.03385713228902975,-0.00031983963689984285,0.15958770552517723,-0.027624697254675073,0.001368909341301458,-0.031162481049427468,0.05034831407611805,0.06357664470005955,0.007944790779042109,-0.03391015172089639,-0.013036790967961258,0.015954530981511412,0.07533626490288615,0.10125859480999888,-0.025444077349341364,0.043867051593132374,-0.016222046389807326,-0.021176026607559986,-0.017746269660924564,-0.014804555900095927,0.010184164914749645,0.0015627846948852843,0.002864571006296145,-0.002816856301256831,-0.006104478416581193,0.0030998775534792785,-0.00013633425235078022,0.00017477207820290562,0.0002518484780931285,-9.3456904779939e-17,1
111,0.11451894539236608,0.007446612711833601,-0.14140830342370214,-0.3689245767082152,-0.08750843182110407,0.6956713852955462,-0.43620104142273436,0.05481444793720529,0.054540821641776545,0.06562478066225093,0.002113679208238171,-0.01332989770473716,-0.009132972029515955,-0.03847775527825983,-0.002466432700384351,0.02077228354902839,0.009776437558513052,0.03484822979433959,-0.08303060809090868,0.02073536613543924,0.011801759637700443,-0.0067996097769580195,-0.017984351611701258,0.043222693136324826,0.02510042022762536,-0.01185755988943355,0.0018271156508330897,-0.03412508030704456,-0.00027772653548929646,0.01723225614987339,-0.03343276946678027,-0.007026860298583391,0.025861263737647855,0.0050019492306742595,-0.03320644103753319,0.014057992011786253,0.007338554112706931,0.002846853693430907,0.02076708672911544,-0.0073762462801571,-0.015809167136227927,0.008563775959417739,-0.0035015038090178753,0.00033889348743236703,-0.009728241017572126,0.015075656867777332,-0.04058286652005644,-0.013516063147839036,0.0027909954019194384,9.774692895437224e-05,-0.014938641451192567,0.011904846596658806,-0.014265042614237888,0.003531836137183677,0.003406772103523707,-0.015151622040326052,0.007152837111989059,0.003929397811733997,0.0007076741357261697,0.015785196268350003,-0.011566252093321818,0.005369042087000125,0.0009044628303654491,0.005321498771460937,0.01281579587111183,0.018754555683731567,-0.019289700011384383,-0.006306248193204371,-0.010294910362620419,0.009244298428413435,-0.006343872495213758,-0.0037265697200687046,-0.0052011497223098035,-0.0053267809522128074,-0.014208633764479527,0.006718326252028878,-0.007982582132631233,0.008018387560157105,-0.016119171251314388,-0.00965001296133299,-0.015156584161980674,0.007051759548277391,-0.006041580524590498,0.006526087677486473,0.012944492195877497,-0.007387462411061515,-0.011047262386321387,0.006203439482068848,0.006870758314100858,0.00909378975956839,0.009397569247708586,-0.006983188573226665,0.0038236827144514695,0.0011220996402304076,-0.013221805486671612,0.003363167274502663,0.0056295676440709305,0.01107857922222292,0.018114360044289256,0.02356891924660648,0.0060928759849027195,-0.0014915633244446177,-0.0035213200210163103,-0.004515130332388434,-0.004904380691549375,0.002714450574827009,-0.012518885897720461,0.00710183547698617,0.012945240338752438,-0.011751142457051424,0.007005385591863114,-0.0073562477434328645,0.00529482438453456,0.007778902577950944,0.004220933996904883,0.005226689219054054,0.010299517190942437,-0.009722973489053221,0.00494191197671536,0.01980960289850883,0.00025438940380350544,-0.00932339346892103,-0.00838535099868734,-0.003044656425421834,-0.008124337006933838,0.006183659275498651,-0.003591699240908228,0.01327259682955375,-0.012548315261744481,0.003266638388691074,-0.0029259678416032687,0.011152919726242091,0.0031649593331604478,0.003246798569817736,0.0016959091890570372,0.018825712554201672,-0.007792045813357194,-0.014867970194203344,-0.017547653384587136,0.011114916238726067,0.005795721556249598,0.0028984782556891343,-0.00011351235050685788,0.020228882706285842,0.014001438464372771,-0.02820156207920475,0.02069917823472131,-0.19945149391391023,0.10358504655566352,0.024850248620048643,0.00746689044296098,-0.006189807340523107,0.004817177129721089,-0.003139543036650355,0.001493650079553483,-0.0005576537873080509,-0.0012044843871909436,-0.00563121852733093,-0.1065342885734484,-9.345690477993956e-17,2
82,0.04721909841258911,-0.006749719695071052,0.09527017617272171,-0.06725955877414269,-0.018658150116798642,-0.07852022643207966,-0.06972294717486784,-0.3198440025864836,-0.030437526113610093,-0.10837181328576244,-0.03963024479063838,0.3657007979581936,-0.1502790764653447,0.009176404535574719,-0.017198841556955207,0.06648636382273805,0.06685282662114392,0.11150653885920163,-0.18511350377756272,-0.44063840255475556,0.08095480623798301,-0.050857143996783365,-0.026576978752643567,-0.03169498581020028,-0.04200753802289001,-0.2270462102775809,0.17021099818127752,-0.006442812809608206,0.06357563172874652,-0.024558619105385412,0.055708459604681716,-0.10752294406159764,0.0006591744411290774,-0.06121426041943922,-0.07098898545397371,-0.04788713650718682,0.0913827150046876,-0.019684075515366977,0.06945850667528096,0.04615968562835307,0.05404584392674703,-0.030319277283865673,-0.10565730064627606,-0.03836421362216336,-0.02931346585916849,0.023116013871781717,0.049070085874727616,0.03622284681618554,0.0374924637898813,-0.019775114195065967,0.03407222096477007,-0.05295925425833305,-0.0712444209382902,-0.030135881716184976,0.055662955989939096,-0.013048947402834795,-0.02392254267408526,-0.03493001180139441,-0.03307477303057171,0.1441147803222665,0.07389849940665984,0.008508795735430659,-0.07056776671447704,0.0005047886376339986,-0.04486079542684948,0.06668242233053354,-0.07926863210031733,0.034379722509668836,-0.03224226452982391,0.025335944229148654,0.041496101776190064,-0.061312762071787284,-0.02379593357344866,-0.0004866227984465886,-0.018270941239043437,-0.010782529690860188,0.008122692098426126,-0.014621208221592349,0.01953808926191305,0.02233351573852892,0.028720787489932287,0.007745927033598251,0.0007311463180937164,-0.020973428023255216,0.017260683324377083,-0.004748737667098573,-0.003971238301826825,-0.005635560684248999,0.01021882901954514,-0.00032216034582809293,0.008281046552325535,0.02662778880230255,-0.022344877906727113,-0.00808540733249081,0.015151477865819312,0.007946946818986937,0.02430330305916598,0.03206766131915235,-0.008005581860403873,0.019399530763120978,0.019691817441037398,-0.0029410399419812303,-0.03194788166526323,-0.009857938740595163,0.02000066321846583,-0.012035973802580913,-0.015787717081140195,-0.03648737129675242,0.017603715665391415,-0.011956384514673998,0.0031221072479875583,-0.0013989154815431605,-0.014471855140452952,-0.015227679442410541,0.008319825366160181,0.027883489028325922,-0.02999034327464048,0.006502217739802571,0.03185783181385862,0.014778477126296376,-0.01656030123897305,0.008152563743462203,-0.018771320136493262,0.02005500785757895,-0.0003812201621588673,0.024245542771716415,-0.00974730119656473,-0.0017407268149403786,-0.02833178450966536,-0.026504837292817305,-0.014985580928763067,0.00977183966352073,-0.005780082341784916,-0.0003536670774973869,-0.022367144935796553,0.006068952883112219,0.0010076998563685088,0.021933053088172148,0.009434815983886246,0.05131754522396397,-0.033832024387622034,-0.0028702813892064155,-0.0029293137878843886,0.15211743074372538,0.009211652226130754,-0.35217131030500953,0.03432911515364485,0.02106611663617278,-0.09244244619333802,-0.015243598356034152,0.011446373425748736,-0.0014462990807503741,0.007858215663833042,-0.0017787260355708017,0.0018483613860992836,0.006209312148421329,-0.0004027672392475772,-0.0025700465319307996,1.1007833026914657e-06,-9.345690477993933e-17,1
97,0.0052666020935187,0.022808839093238796,0.0922783780709717,-0.06544451964915192,-0.02623804014039264,-0.029858478702428543,-0.05849206119535233,-0.16635845627857146,0.02661648180822339,0.04097077471089029,-0.03764038692784168,0.12866049968399643,-0.022222865376918265,-0.052578633550387534,0.09744176871791467,0.01422989139103713,0.006200846734402056,-0.09316903238087088,0.0010601071071460256,0.107587420267096,-0.06852434801310209,-0.05494898771703541,0.06855608420285673,-0.2241493847587295,-0.14482012997981844,0.11705483550906064,-0.19325115044701724,0.16509567706629955,0.004307635190330207,-0.1484355861814746,0.15298680618362714,0.19249929212130204,-0.09744401268419019,-0.04504960197873175,0.23851801998308836,0.09672362797042683,0.05249510912344682,0.01728788910431816,-0.13686651219082732,0.07702846800428657,0.04040168860229662,0.05699292235851618,-0.06433030241640038,-0.0472286538434447,-0.01696620315941665,-0.05797540829277049,-0.01968529217677911,-0.02924031349499498,-0.00464949413026452,-0.09236964723635853,-0.07884776717381461,-0.008196924892216408,-0.03053090023230569,-0.15328493133392937,-0.017311540297364543,0.05355049878871399,-0.04886359555680041,0.019900218618442943,-0.02310921798032146,0.12232416406071689,0.012598324043472432,-0.07020136348466273,0.01583920263243273,0.014041897639807873,-0.12301062982416049,-0.06032803564724263,0.11084903200561148,0.05021739026649829,-0.007396998042543333,-0.02796577142533597,-0.0020887797857115464,-0.10724432901564009,-0.06077931404133211,-0.03858213378890904,-0.1587691756499874,-0.05767509737506876,0.002860327386112062,0.045762836505166465,0.010651270679128742,0.008300874478634193,-0.023886874850324417,0.07519893106247527,0.06793548677692325,-0.0627812791658861,-0.04625010271282959,0.026685210078541497,-0.021151133974954536,0.017763784861798144,0.041559403351438574,0.11749074385833512,0.19712302979988824,-0.10398722895283005,-0.08170418550789893,-0.04912420823825315,-0.2248798004758938,-0.04888505587482705,-0.14361937756355367,0.011237849587566311,0.023278646375487183,0.09265608549058689,0.2551356288702863,0.029822610224846002,-0.005311231465955105,0.17872498580937937,-0.010801825154805727,0.004223227263763848,-5.7598849499834294e-05,-0.12526265273903958,0.12214374308194666,-0.09612373839286886,-0.046190800754289114,-0.07709446639563597,-0.030879231717169112,-0.04919227322882935,0.011565362192271791,-0.01128393901894786,-0.031241993497893524,0.009583527094108868,0.015679862644567513,-0.006030317613802565,-0.03578923564768506,0.002267398114707465,0.01332711123010886,-0.025955162172299373,-0.03551999057268579,0.008615408684057323,-0.004889292993528302,0.004639528772770437,-0.0008410668253569524,0.0013694245385962008,-0.014298533983146441,0.0019600589200848666,0.0014952635609334142,0.003315333898749823,0.021260648213822897,0.02372238747697105,-0.017439631738291272,-0.017931046423297164,-0.00017434233978073032,0.010144654456804132,0.00877993566860621,0.013484774943939582,-0.008282096258347743,0.01381155878603802,0.004978220838893878,0.010571467467773635,0.0010658233363851706,-0.0023453525667495507,0.01664780104128001,0.005181271435192418,-0.0015557450128917995,-0.004285357519191719,-0.0013208457737788756,-0.004369275588234022,0.004127860193880143,0.0020057368759934567,0.0002860330499991259,0.0005338230950358545,-0.00022339821165334882,-9.345690477993916e-17,1
49,0.03787654962086215,0.02572273119470789,0.19529050053951258,0.04172179525688504,-0.031404674106600784,0.0064273776034254855,-0.016575208467667437,-0.045243855199240554,0.05837908834444031,-0.0499193950676421,-0.053355692119369656,0.13691375639131628,-0.03734587349705067,-0.04302277886924747,-0.11549444317325866,0.04310437436183476,-0.0715333490663454,-0.015500402916737054,-0.014645633851633488,-0.03981166182421758,0.028077222947182633,0.005180240886922801,-0.058387939371098124,0.06552417464504849,0.015721317404788326,0.0238037994783121,0.07839427761371338,0.04593602559040606,-0.004941061188397163,0.09176079567930932,-0.07896407873721449,0.028503742707006268,-0.06624922068808889,0.07990888658373063,0.04240357168163783,-0.07792192525619977,-0.15345864646114665,0.037779295580370326,0.0031530310416741803,-0.07672638096485193,-0.024356663239172432,0.08633079680546517,0.1452227207440913,0.005972173118473025,-0.0010737490777525237,-0.10792448734845364,-0.004449189438449617,-0.013739868194514875,-0.0587396096965112,0.03486809288340075,-0.10870802669131722,0.08870239771733764,-0.08426140307465245,0.1524791767835598,-0.0722016325770271,0.049202167913453,-0.04927366400565165,0.19110761394665168,-0.09469503503633957,-0.1437143342039715,-0.16165791886679642,0.04751697593852296,-0.11962065645456837,0.011353001328216972,0.18383673543114482,-0.10444155598566447,-0.07646978842905021,-0.04450416473989653,0.025579589307073776,0.01736196843502458,0.17036446536938252,-0.12104514172914883,-0.040161661600531924,0.051410140529743006,0.0024444535603200587,-0.2528778014297442,-0.14975636311456322,0.23487008695741976,0.024106420735073936,0.17279873186928255,-0.01910268867126407,-0.06815097811577865,-0.05046165085071238,-0.01218019487299974,-0.08776962402172601,-0.14572363829339396,0.05910585019692946,0.013310994639820129,0.13900978157646332,-0.08247603057655957,0.13309114449091375,-0.005936980767950925,-0.06801357387370177,-0.10580412241545388,0.0038772041602575438,0.11322982950873926,-0.041164518401489505,0.13288643657344767,0.09815846495107422,0.0914071538459589,0.04042155815205789,-0.15129839520653104,-0.09659812610140013,-0.03717957155694852,-0.07239647238790695,0.015906872314464245,-0.014250309222483635,-0.0198890522449135,-0.11604257862959254,0.0129006015178731,-0.04976092287581187,-0.055037202192880996,0.009183509529573952,-0.034179158213949484,-0.0395634034205712,-0.061666829775629615,0.0592023725889358,0.055127930157596504,-0.027179493224763988,-0.006453938447309843,0.014351614776032537,0.029059813224148714,0.009532159727085921,0.011690597548817978,0.018640984630479817,-0.03097498842624622,-0.021018156875484792,-0.00875232568698219,-0.017064742335312418,-0.02850851977952429,0.0014221298994439408,0.021477799142205767,0.009822135368921481,-0.015511522663251202,0.007464993697496958,0.009297875384119494,-0.0008005294520540489,0.011152851636669745,0.0023258463900007664,0.015392193311411864,-0.008737717972771106,0.008199848579208583,0.005641483536588393,-0.0027245131642967073,-0.007639315044540182,-0.0005840955489112024,6.0253015894688574e-05,0.015553423177021521,-0.004511867927503041,0.0018887334254010849,-3.7138344784134974e-05,-0.002459949842694936,-0.008120570916292669,-0.0011338028701361445,-0.008697287580803223,0.004741899902078244,-0.00279917414324968,-0.0024461626281871633,-4.828976466180534e-05,-9.345690477993906e-17,1
145,0.10049542537389186,-0.031103770189912876,-0.04252380096422651,-0.008196875951963487,-0.007375432959487061,-0.07146519554662062,-0.05379170853961375,-0.09489982115693363,-0.026560766739584823,-0.016057485656718672,-0.02991140561338959,-0.051883315968678095,0.03976340458013393,0.017343388915754435,0.040115667158156045,-0.07706773240745081,0.01220061294056167,0.08773805801552943,0.08250715163782286,0.0469952880243467,-0.001889606620075968,0.051566068553049495,-0.054042325855288786,0.07756870916563514,-0.04958728153182627,-0.07413244251250055,-0.038159499909457766,-0.1728241386657102,0.04121020249263963,-0.06309104628176768,-0.015305449003995148,0.003660230428684462,-0.07354819251420885,0.10628477675544873,-0.06964355122826663,0.01596884242583506,-0.0691168313868165,-0.11531922030810308,-0.16140442244616865,0.2607765378933801,0.24037918985928688,-0.017094081094407264,-0.15814832035567483,0.14210289895548095,0.1441801361124598,-0.08559957204493429,-0.05244088875436807,-0.06947865070934496,0.185016005090358,0.02001315651953399,0.11814814510250601,0.15020108840037885,0.031373727073334134,-0.07400597652389503,-0.015782537768333157,-0.1401698232313632,0.176156437273543,0.11600120793195973,0.07977215605361593,0.04727618208439195,-0.09391703922659637,0.11368336786243358,-0.1417819147025032,-0.27297422950649847,0.13223314501132066,-0.19870518584483157,-0.1610778860896987,-0.12362623676945445,0.03330727443806793,-0.12838714864796694,-0.07273536904373053,-0.24090602720062515,-0.0018435754235189474,-0.017066474886386445,-0.08143731417249388,0.0322584080426516,-0.166552248796655,-0.01640105495446193,0.030569433114551008,-0.11177317476680507,0.022579470605043155,-0.08185171380422518,0.16673079058633458,-0.07213610853451716,0.01292959497155784,-0.008225905820967185,-0.07127017269414572,-0.054976120036167114,-0.046882423977568345,0.004304609311601898,-0.06716329663129555,-0.0342465514093621,0.02085564808983268,-0.02620524243844677,-0.021288766480337028,-0.004218303425709279,0.030775198170078993,0.0061005023316452285,-0.009441405733742275,-0.013311446660818836,0.011631536174259782,0.03031192816768654,-0.04022770762847007,0.005766522434637463,0.02918798573287069,0.002274804012403,0.03260529688460037,0.04629328585970759,-0.005755610440626382,-0.02594891169372595,0.024011183554460646,0.007477881755076338,0.015947675915339788,-0.034431470438597615,0.005318185059406163,0.004826862662139653,-0.010422683595213991,-0.007154246761005192,0.04581770391130911,-0.006519005815977361,-0.0257730827661047,-0.059237760537897595,-0.01777227207706945,0.03191271308853041,-0.011987899529104888,0.01616107427244316,0.014226219073440264,0.019487090600029126,0.018868563664500498,0.0028947317369658536,0.03903835329262037,-0.022051882034184452,0.012265205247002685,0.011462740589612974,0.004999442264669529,-0.0056402023820167554,0.016922765015486837,0.0011636565245680258,0.013907470163642086,0.000588201447436703,-0.004269015039268732,0.006390305196208357,-0.015638303467191934,-0.012466776528011788,0.013519502943206488,0.0054343879280238875,0.0005754030023326438,0.008743331729319716,0.006108509695173594,0.0016673912595432767,-0.006993646706428553,0.006764812921903843,0.006602992175498157,-0.0018851690012952804,0.000909739000083172,0.004090048797608084,-0.008460362301088339,-0.00019292850251653203,-0.00015925697350147665,-9.345690477993925e-17,2
180,0.05308088812436405,0.018993922891122995,-0.049541059088091324,-0.12415296291637291,-0.035070812094060246,-0.1521081187470654,0.06293239440204232,-0.05826360557269818,0.13737846021325428,0.4406779006311479,-0.3116711271417965,-0.2557156455606411,0.010383218532611874,0.0878323073027116,-0.15584927697719694,0.02806023622308409,-0.19948987164113846,0.23881433732652674,-0.29685080621844245,-0.0784190835238914,-0.1987179362901744,-0.1212335616592609,0.061292543554125306,-0.030149779385757185,-0.1113517673344366,0.10108461415240122,0.08202021589000061,-0.04047973603387096,-0.009224859286211782,-0.004456839322292688,-0.060919034885478326,0.022245954559696732,0.06428319160198032,-0.008094608523077357,0.029722988556906926,0.05057172500103984,-0.0006387475623591173,-0.010484417853975482,-0.009396666822780562,-0.004042791192075189,-0.1149801657683345,3.188309146250981e-05,0.03247154930710081,-0.052984592191617205,0.04581532080895265,0.03907245336861567,0.0656577056075032,-0.005694360315686863,-0.049630464774237736,-0.01720562032584742,0.05486731436051348,0.0019991059643427165,0.013269510811833442,-0.04663781322932592,0.055243822750462766,-0.024121791898755403,0.05357925121346188,0.07696721419238747,-0.011696167546145166,0.011579735429095486,-0.009642607915260655,-0.015720348169294157,0.006894086896938709,-0.029745787853492155,3.615603168718166e-05,-0.00015114658619662011,0.010181266094980863,0.0006287930584658554,-0.0002471007516357729,-0.013313887777141212,-0.015421806492418907,0.0019608411771128475,0.011815863363163202,0.015611425973196966,0.02961988815110262,-0.011628245416901434,-0.005157321076591417,0.02918022934738154,-0.0001408040944159714,-0.006486130361292577,0.029786053309482544,-0.02018924774776575,0.0042775385746032435,0.018028725491129938,0.01856916832516195,-0.015931619724028956,-0.01316125453499226,-0.0006486102566925945,-0.025316665437159856,0.0035173179633304834,0.0126253921185776,0.004962053556157217,0.0007600131326385915,-0.01584747568577106,0.00676808795394118,-0.00747588725094137,0.008954996661707734,-0.0022338153618626008,-0.002232991196669424,-0.0036928955108250674,-0.0012411778934816593,-0.010106919856285541,0.0028184817249734687,0.004001009771318931,0.012995972682505878,0.0009944347793316183,0.0026956300745100176,-0.0035689100368266054,0.0014753495531949854,-0.004552281224678502,-0.01500199342273102,0.005645032852382241,-0.020804289081245594,0.000797646598830376,-0.00998480486896279,-0.0005966128141865894,0.0032573966200786257,-0.0022522025727688584,0.01150400711862522,0.007679436813472543,-0.011597113023117186,0.008354628921583245,0.020348839769010574,-0.0024290295448339163,-0.0014290033639515062,0.006581029387671262,0.010407689762494563,0.005178695227750016,0.012829977793016905,0.02115642530136917,0.0026175824365980735,0.006421793091419163,0.020943201524973715,0.005409575331409399,-0.0217036486787947,0.0013469539586602054,-0.005097998785407354,0.010388082372131463,-1.73101083875658e-05,0.01920784616842691,0.03668015858739368,0.0014464459498831695,0.024776783235139058,0.004009224781343691,-0.014293110340600195,-0.018058061780466726,-0.0447502047929281,-0.014314069393342873,-0.0166322425224704,0.037524210331920826,-0.19296188025881558,0.16147640963783647,-0.12882384411122214,-0.21971569045318137,0.09213374680234196,-0.005295901782383869,0.005855077804292965,-0.0015582565532884097,0.00013963939671693862,-9.345690477993874e-17,2
29,-0.13765658290405552,0.1521772734774863,-0.08821001419007932,0.04862071116580041,0.04328675860282646,-0.0255887068738377,0.029466739557750463,-0.028727616828774647,-0.03633943691439236,0.3869601785482174,0.5286989614525678,0.09018947542930505,0.0601236235029201,-0.0795577298424018,-0.08403189709072055,-0.053756012882644,0.023832756210457766,0.04618169722895809,0.03770640448832369,-0.03163873663485919,-0.008363025223953649,-0.05217526322961959,-0.08805585881828798,0.11104891962093406,-0.00547805292454388,-0.06415390930488159,0.07435519659575716,0.05638636420772472,-0.149959146668484,-0.006857066307782992,0.08042562822939961,0.01793846991983952,0.013520334455764504,0.010379082314732294,0.056520756733258036,0.06226939184117447,-0.02942759082840949,0.049695468625547336,-0.031239824063264286,-0.014853409634001077,-0.03875366762113068,-0.003625031918323679,0.0009821363427122325,-0.001318167938244089,0.0044992420640163466,0.017775154727422835,0.0208053953847785,-0.032682772690181126,0.003785638799889371,0.03173470615980332,-0.013109868150107533,-0.017192904670448855,0.03402351107852213,-0.027399593005374805,-0.0059131295329324,-0.07270813953534072,-0.008589687416224026,0.03780708835778598,0.014050848745169393,0.00354868058416102,-0.021017909808792336,-0.01826584107477175,-0.01943294473276206,-0.06972498899411002,-0.0049365363232751185,0.027810629782499294,-0.03168824446809318,-0.00953090850708086,0.019284447251812244,0.026717104993318492,0.04781364110991626,-0.020505843858754924,-0.033837177500205866,0.0003441432147367156,0.006113896246868638,-0.027000070219627893,0.01304294054396651,-0.017820482869100738,-0.023023062617257752,0.015225029281628765,-0.034343194669263714,-0.005124081684161961,0.04639046694932326,0.04456845954662744,0.025781889384439906,-0.027421366943190535,0.05115950302938617,0.06259601801982631,0.011022167829146107,-0.01030657697458382,-0.05953195502733948,0.009538328771898218,0.049079312099389254,0.013738045672687318,-0.0023070752251996645,-0.012004965336575966,-0.09777476936950003,-0.06773667055088808,-0.07897504874616634,0.05451836134718258,-0.0062846238113565735,-0.0754673739636216,0.0229249484151314,-0.0014375061422470122,-0.0044453223431737575,0.03143471354161698,0.06488900364385092,-0.031513182197101496,-0.011839272856259242,0.03691551978611545,0.04861655947848605,-0.016950873449086027,0.04352864269883556,0.014902161628137168,0.04254205097631213,-0.024412942718134534,-0.07630730569353429,0.02788475662527956,0.0011673347999554544,0.04910329886904507,0.07944209638830535,0.0002233464732420846,-0.051494054018481554,-0.12617679006537094,-0.024038073254121453,0.1042579447945988,0.04895794670901486,-0.10816400317956544,0.026796140431942186,-0.08011156309386419,0.04084722633577639,0.06675732418052034,-0.1310382383741012,0.0002099928583629472,-0.004100109196474171,0.029283201280588405,-0.017221144444467776,0.04067163569424713,-0.06967504187392252,0.10788178066217335,-0.04710928748430904,-0.058349240120392096,-0.059843145641951236,0.14700956807469204,0.3003538010814933,0.08951398843312855,0.041039008400733025,0.028918142328469728,-0.0016622907719187903,0.017602382688404958,-0.006975694476131211,-0.003602216564062787,-0.034144878950335675,-0.01279088778499551,0.004074548107152661,-0.0027986161945127356,-0.004926800446606224,-0.0003264809464272338,-0.00023493919147017571,-9.34569047799392e-17,1
51,-0.008100580488128834,0.02083049694650565,0.40028705453689817,0.16455133455526297,0.006372557592153871,0.08382977572165846,0.016956385768090814,0.11961228080093891,0.019151017331437703,0.035243045410779814,0.02829729416181993,-0.07034707065951129,0.006037649500374749,-0.04162951366378801,-0.09777900783966442,0.049995045978323535,-0.044892486207431484,-0.004351639448291373,-0.04587897770786898,0.02316483185799633,0.16918453806067463,0.00420860785100658,0.19235078847172035,0.08357545928821876,0.005323304314553415,-0.02567688921727443,-0.04237432943721553,0.024513132107032324,-0.007885219122228644,0.028691631306907918,0.040747349190704794,0.0051106475255332535,-0.016041505042693482,0.031960058369220785,-0.01814475170006297,0.01058238379574513,0.056608749341669,0.051077683606132955,0.050536941709158685,0.04923875419933782,0.03637542943088357,0.06059324148046412,-0.08303393074864744,0.05540832869956574,-0.010589561969401915,0.05012713730764275,-0.026872141326569503,-0.008355751508906188,-0.04067368225597016,0.03649702392071007,0.02074402444647429,-0.01252516771665158,-0.027105730314801266,-0.007771458612970806,0.009509648312568453,0.027089686320538806,-0.0018769517566177459,0.06476252519343877,0.004310244953897704,-0.001530438731769485,0.006494216258936191,0.0863828097813962,0.12726977410329515,-0.07632852551746452,-0.007943038935754109,-0.00805206489669248,0.023307864691689044,0.026260552427176335,0.035154718536378714,0.021951373977678823,-0.04377107493255193,-0.02018188451309229,-0.11236366947947955,0.011406830329276451,-0.04036834374173359,-0.014041590258069338,0.08090378045423745,-0.032890984210542616,-0.04496363506983858,0.0207925901786213,0.045630609427517455,0.01243499148297915,0.09137147435961512,-0.020160656871873264,0.0221820581150407,0.003998185853891338,-0.06156668279126718,-0.0037302638940538446,-0.08961053112482373,-0.01842579507762078,0.12228659436524968,0.001423361246779454,0.061496768634296324,0.0634789334368665,0.01703484125978465,-0.061714066581235405,-0.035836708751237296,0.009319157084703768,0.052842372497864366,-0.07520340430233705,-0.15489273484665572,-0.03146049523189083,-0.002055514484469965,-0.0880043364290784,-0.13681385894559697,-0.07319836295139841,0.05157823792431363,-0.20701624378239386,0.07235564414227924,-0.06006421642666514,0.10444524913795658,0.019992962910851963,0.22950709726644083,-0.11793141860957028,0.015807022788624475,-0.13497471230267888,0.14167572123126648,-0.16347583746217445,0.17410721534174484,-0.020683118635955323,0.07322959322002001,-0.03182857527579958,0.17572556438250672,0.019190751676374976,0.0036819978099506983,-0.06914704916280008,-0.1638085325834673,-0.08372437185893875,-0.09151267889963932,-0.043990477757708014,0.00200221124814986,0.07067347547085315,-0.06167510795411337,-0.04901608011334925,0.058130222440991156,0.038425919582353564,0.00412433080255194,0.027165674787563522,-0.022134612458380717,1.7894682383542493e-05,0.02175306710593326,-0.028889692050165224,0.01774387652131502,-0.025381760175421757,-0.007708559401638837,-0.027550705233899353,-0.03264526189825986,-0.005660964368954277,-0.023784890726093327,-0.012408139828272298,-0.020244497810330924,-0.011490421705885955,-0.008200103409835532,-0.0031599406897678535,-0.010000490257969648,0.0009935941021048202,0.0055819351516247,8.099350943288504e-05,-8.62976235821958e-05,-9.345690477993928e-17,1
41,-0.1170415101057991,0.12823702450380825,-0.11688479365916075,0.009112302097103595,0.09608592143641416,-0.013900555668525723,0.018592290595416287,-0.04127078168073146,-0.040873440562194205,0.18689535401033147,0.3159188765008786,0.06568371848266354,0.03068059684754341,-0.0017941147381043447,-0.026849010481781076,0.013427733017226714,0.04580879033551667,0.024258333228920365,0.009822975415283678,-0.06365387268760386,0.0018873444932173112,0.007415074267052393,0.07256485962559096,-0.03994154005777692,-0.004311025590593037,0.1941677013144827,-0.03500259445484659,-0.015753108557332512,0.5652218972136279,0.19870798726381098,-0.20020691385536774,0.06262618982350171,0.00856306944565002,-0.07911515066368913,0.007442751708251378,-0.06742440587173491,-0.010972390011535115,-0.07756919055847401,0.030001898613504566,0.07845970761505185,0.023432751266668852,0.059208925807892825,-0.0368947179640458,-0.02057627038095515,0.011402528397068947,-0.06239809116912103,-0.05658232092449686,0.048371706569666696,0.01239395242884163,0.031723178807018894,0.018510004855877935,0.04614503955105221,-0.010947906413601913,-0.025015965753168393,-0.04104578026189253,0.03802582063273028,0.019081394057876826,-0.022065561157437318,-0.006452228527544516,0.00011491003691674091,0.040203266417269,0.03865054370976543,0.004564698264403871,0.00017929096569835345,-0.02018189618461922,0.004596391718027739,0.07613668108601647,0.04897968590146734,0.011159128645434377,0.028145880563753112,-0.014744475681627747,0.057228480539054834,0.0689192365375644,0.02864771735978683,0.019255305520824224,0.046904488613956165,-0.020036006737725258,0.039728993439001256,0.054191989498465785,-0.007013636051170465,0.03336715232540419,0.004309882728909888,0.028383017996037353,-0.051485770657742055,-0.03537686976606086,-0.049601761163037834,-0.04183270197065181,-0.0479557866527408,0.003493663213568409,-0.004433862281415569,0.04922203216233705,-0.036412903119368754,-0.013731527191343877,-0.006790925673439764,0.024834630809057363,0.04599606871231089,0.05917151444148997,0.030559158930173816,0.08137211743671778,-0.03844023539757687,0.013759608051305477,-0.007155148247001194,-0.05882943915468873,-0.03975789147796428,-0.012847345550490396,-0.044443102924070305,-0.058503604527354994,-0.04661112970627379,0.09459959165420645,0.025591818033944898,0.028385082408856295,0.10352534383371267,0.054604007794124026,-0.04592081183580702,-0.04325765272940508,0.04576240980028777,-0.034886312049899705,0.09392062067686409,0.029093904527568656,-0.032808394766150516,0.07864644600870048,0.045341302972290456,0.011657940475898847,-0.16675113213252019,0.06106633498603634,0.1148759653562855,0.06869841197694558,-0.022024049882664345,0.15648383603378613,-0.1444850097813019,-0.04096047624705702,-0.0038295625309170286,-0.12913091183933045,0.07624246198338167,0.024338518135559428,-0.09419792753814536,0.07650708229961586,-0.05325251489055953,0.03754429721890959,-0.005657492658133564,0.008819730501697208,0.05705186576431453,0.05348402544317402,-0.027289702633697933,-0.07651594720447326,-0.011074334502185241,-0.038564388329189014,-0.025925305125960467,0.009990008234157542,-0.020048001701200805,0.002515397312952559,-0.001470539221516912,0.006751033358833298,-0.004441235523438802,-0.002295839937256584,0.005350370718840125,0.00010186201751400729,-0.00037184356847398323,0.00015187115883938252,-9.345690477993933e-17,1
33,-0.3833227715752862,-0.35768915948748337,-0.08403367861213375,0.055540471538860166,-0.19703675393736414,0.04849850924100394,0.04582795618152095,-0.002843376894078917,-0.0066898887014639405,0.00432139265840039,-0.025494965262128313,0.0264325620521588,-0.012021995493957457,-0.010364093115656383,0.005153940365587075,0.016948724209781687,0.001922290552402589,0.03782018023284821,0.04508852128525973,0.01234532957596039,-0.05153238662513239,-0.04538017569537205,-0.05702040779704748,0.03050209741193696,-0.04903350747851282,0.0003579615875187169,-0.029974473375073876,0.04817932946997856,-0.12100431563833634,0.08946808221475497,-0.019740301450563144,0.11032693873993804,0.10449153265453452,-0.030299427693627586,0.07534269743185053,-0.1990508247503326,0.13033122265392527,-0.2028613462979557,0.0411820969670848,0.0948497113824291,0.07286123530220451,0.14131186696779002,-0.04852844429924543,0.02403761878899222,-0.029329199084258708,0.04600448810317857,-0.024364685303345422,-0.03641187688690582,-0.06181768215060182,-0.019511288351071913,0.0054149372671651866,-0.0367866803189672,-0.017741948127670912,0.04844230191943695,0.03165567754853959,0.0352308583369305,0.07269175816256311,0.034972332454411295,0.01904064996713736,0.0005013902744509617,-0.009436983996941383,0.021504508529135356,0.02491282626590345,-0.005869765223737238,-0.044428224609139935,-0.026572631066632896,0.04117227586523815,-0.014261003842606989,-0.02603775701289441,0.03989120141406593,-0.014206049792958244,0.046779702433868586,-0.06524630256874706,-0.023016145767731738,-0.008348520501144529,-0.04877958970959414,0.040472672125271114,-0.010873168697163467,0.047243829641825275,0.0274159241352239,-0.09640834070784197,-0.07710175254182595,-0.03255407223633513,-0.13160237924587093,-0.04025096263850272,0.029804575586839275,0.00019255619299017628,0.031356015247473966,-0.06441203121204372,-0.02394807175630697,0.03541430176838109,0.06815064819508888,0.10574173293692427,-0.10953930367120972,0.015513071047898473,0.0577034398482334,0.027500247378476023,-0.0029582768937853818,-0.056916381031242476,0.057227303535891914,-0.01084703669997873,0.04442480266000062,0.026019262485809738,-0.023314056342857114,-0.013210632120482237,0.0028625748025274756,0.0453995316846828,-0.028814500707818238,-0.0020386212305459,0.05667899517885759,0.0016958303409827305,-0.00734092954667979,0.008058542360389932,-0.017732299656985473,-0.06556566185426314,-0.029579846850723467,-0.04781035383563059,0.011024366998611392,-0.02017208108708429,0.094297055228951,0.08175635730227714,-0.08999774280263304,0.06708847415019993,0.035986536361043334,-0.019714400059937878,-0.039348017511357955,0.03811802124319832,-0.027420529678267434,0.14375941882076182,-0.024713055303186543,-0.10305003019647768,-0.05394208189360561,0.015401259579483408,-0.02263490749690768,0.03340156231035045,0.008761855154349352,0.016092182801754597,0.03997257949035536,0.021464663331783894,-0.2148636810480912,-0.1757622362029711,-0.10375526205066674,-0.028915196852898645,0.03969072980313863,-0.049449760108329646,0.005895445559165266,0.24135965468352405,0.012586571798419429,0.036616832287698936,0.012874209254576921,-0.022752325734992026,0.04974478029994169,-0.004231447910057159,-0.00431579538746511,0.01447237943317852,0.0050715160703392655,0.0007754672951082756,0.0001724430752608838,0.0002620846075578081,-9.345690477993941e-17,1
178,0.12597707293857172,-0.020622797342273548,-0.058248658400844575,0.06818521209238834,-0.017777151694021158,-0.001034076179292102,0.16641741247486247,0.13449143917463952,0.21852042651004555,-0.04689527946481321,0.02948268233168887,0.1399506688304208,-0.025857323488649137,-0.07149139608855973,0.02469993089888487,-0.04272212270038867,-0.04503838112151743,0.050448125451146096,-0.13504447057878372,0.01596211325619408,0.03760654718876993,0.1125012714690879,-0.07035305578183623,0.060880099002170215,-0.01880837963455927,0.11244948827877205,-0.02120839147615488,0.056940288676635094,-0.062218745962259965,-4.2487462430867424e-05,0.04269285497425392,-0.11735122539569355,0.10019971871814091,-0.060491695612628814,-0.05228958652449951,-0.048570744511124975,0.03807245877306904,0.0695183074964516,-0.041712198006485186,-0.04692414582723577,-0.09960880491887052,0.01657247595817773,-0.20400660907497686,-0.1218495897633666,0.03135384449106282,-0.0960033256263968,-0.12266549816122288,-0.015132354849512501,0.005330848483500605,-0.03146880656245165,0.04135150855716248,-0.022969153708810235,-0.0022817931421988216,-0.08761706016284825,-0.07835335488910392,0.05027618056619667,-0.035035303366197104,0.028898914489966582,0.0964361706995276,-0.06437381274755204,-0.07653144267203855,-0.061376759248097004,-0.11259370285104418,0.027156803122291216,0.20345556633610345,0.07697625571157628,0.10779691314083377,0.1290500008528819,-0.017218674832077337,0.0376807101744405,-0.022834854387500256,0.022291855464978156,0.06659894691887945,-0.05657313102151085,-0.03199937031346733,-0.05035681218826722,0.05198875114615108,-0.1027827338211083,-0.10184815411622489,0.06489748235271911,0.08818943405864671,-0.11664156700859044,0.14836786701921081,0.028123189530418116,0.1321781398237791,-0.051044891297454896,0.01977219802360357,-0.022766348001616817,-0.18213804654229265,0.18336235211137447,-0.10188880314829092,-0.09293853160474669,0.13346562130820838,0.07698448720872715,-0.058497598965083185,0.2126252951659122,-0.015073852032003105,0.070258613701732,-0.04171040648335031,0.0987606970413373,0.06572140149436996,0.07754036371764556,-0.21157467443962108,0.025428520334847528,-0.1600998939489264,0.030743706956716785,0.03782296979688656,0.08430872198103186,0.051136867385012594,0.07077224613863635,0.040156890644188786,-0.021732493184684586,0.031034798919286944,0.022251767719158218,-0.049376356453116,-0.004596451052487534,-0.012002154758436863,0.016546668129030762,-0.09897317622412814,-0.00747811030436865,0.002710185644871278,0.07147932407364056,0.11506709305446261,-0.01096619866988203,0.014075495819790427,-0.05119073944691894,0.002217256118758268,0.01583691823982809,-0.034290082215395784,0.02408099623741443,0.024036797733722526,-0.007306440795059614,0.03070047112644478,0.0422316241006544,-0.012421486469332053,-0.0357220951113213,0.003927964347784323,-0.03446329454930988,-0.0007437011519253906,0.005599947248125716,0.0049934857554880625,-0.015507571224382977,-0.032734163146319974,0.018821314875299665,-0.019136101778109614,-0.004841654347718934,-0.0014634808666278503,-0.000834801765884486,-0.0014730576548820707,-0.009574561355774548,0.012490291906288854,0.007418165055987577,0.008627263735155676,-0.004548980457457239,-0.010020535129403214,0.006683752913475013,0.007937096180279362,0.0007263343963267551,4.6324427359186626e-05,-9.345690477993914e-17,2
25,0.025337742392733807,0.05553666820689927,0.07471074194857129,-0.08931289771105787,-0.0812570543923588,-0.1327023785626877,-0.06881216894756022,-0.24000901766014354,0.06367134940008681,0.023064379843919784,-0.08457448088380946,0.13805950834337805,-0.03404225903253018,-0.12299629646899639,-0.014026998070189298,-0.055564346189811105,-0.11612573109543887,-0.11779622160041216,0.037721005543702085,0.3896829691741537,-0.04572997898038536,-0.023172975965318355,-0.08809726542941536,-0.002176782166946651,0.04674754526944137,-0.020210327739142803,0.07164541988112542,0.06390963288009571,0.08942260925432786,-0.13539156046877085,-0.07120163481872835,-0.026259448817028182,0.024225574243740625,0.00884891473052633,0.007045568930417164,-0.005045703657418672,0.06875737442664981,-0.022520323346869986,0.06113089766790172,0.08046875138928242,-0.015866722222305233,-0.07442037282251343,-0.06078460890445585,0.009634256258885823,0.013429677467839019,0.08701069614218268,-0.019498279351233175,0.0180675098274196,0.10580038502751504,0.10172378902151509,0.0648347588646107,0.05010925536237146,-0.09264162916418783,-0.026091982674828353,0.052012247831651225,-0.05183460708079307,-0.028410268003201036,0.029597485737959155,-0.12668469882025254,0.001511459509750474,-0.04861897825824308,-0.03440255304014641,0.06485271384958406,-0.012391449845942874,-0.006166591765662137,0.035832084257034234,-0.05389923723440752,-0.008623615217023088,-0.033728652114025384,-0.011725806395529115,-0.03088154821590838,0.06472159301727799,-0.045741701731276146,-0.011401830038756866,-0.010051604182515588,0.03361786330133459,0.07596205033069198,-0.04204410404346787,-0.09658040466853303,-0.01151338521922944,-0.0018730084708515782,0.12140303225051033,0.12113272779838961,0.04559335611354168,0.03689634685935173,0.01642559528717913,-0.08098509164421833,-0.019031424079989853,-0.04798246652371504,-0.028973172174816274,0.030814854734357012,0.08906848510386657,-0.047095607128593196,0.0808297496215814,0.12716618846463912,-0.036596991308216455,0.04828529184937081,-0.02997668102169456,-0.017258691286518576,0.05229944735273745,-0.07003549846796933,-0.033440599745535246,-0.10255524228290087,0.05667491914722258,-0.017606964036434324,0.021377512096360088,-0.20831118435317583,-0.1434582118227624,-0.07009936754697803,0.2853906521915787,-0.09514555819382423,-0.19763968257657455,-0.15147583888080127,-0.05552038719235695,0.03056902579155465,-0.04633368293139021,0.16819418027346852,0.07940409719897934,-0.02917131816906089,0.05321029744234149,0.05134140825355552,-0.02305988931946622,-0.014954961865693726,-0.02608220974048314,0.08315394555687809,-0.059108189478414994,0.06977926919268718,-0.012084747965605148,0.0029549708281771197,-0.062222352771296896,0.03922773503072875,-0.01459247399552608,0.005224364781113126,0.014509958590239845,0.020351701937594075,-0.013138672551421718,-0.00894173353060243,0.012761534076595136,-0.023968630095913778,0.00068716978754032,-0.021687453485617448,-0.014435697226150908,0.00014811219272879396,-0.01608658438946415,0.007751886557248538,-0.008268931768839229,-0.008935618286686133,-0.003685584753475056,0.011059031923542925,0.0011127143337405867,-0.00018653926951041713,-0.001975593270624345,0.0014300821376269793,-0.0012584032560232676,0.0029282077826984195,-0.0016874390681257795,0.0021619861598843305,-0.0010386856769049563,-0.0001023211234959892,-9.345690477993933e-17,1
163,0.0701746839617641,0.03072767547480105,-0.005151295348618968,-0.05191373737765186,-0.034167115560463854,0.05480429307205124,0.03669925213757609,0.08168088676224174,-0.008581604451025734,-0.03970500688018691,-0.019928744500246075,0.03050722248594061,-0.004984326991074712,0.02557213348326338,-0.11843238993606996,-0.06459396846000509,-0.0551318916694242,-0.02904142860555006,0.06250294982219785,-0.015276949732722743,-0.10623814749636487,0.18260199464267188,-0.0050595432335216114,-0.08043071338770423,0.03710007914137274,0.04130948450365136,0.026815288270183205,0.053230279640529655,-0.02264504408411538,-0.003071630408719378,0.035988346516043594,-0.1421429488251569,-0.19793271877825133,-0.11407621691355863,0.020107259167732792,-0.17520138631388033,0.05383713944495144,-0.024956890080978036,-0.0801136122622721,0.03449040317847094,-0.14496304829763634,-0.1592196304969564,0.000826083546285981,0.04321711427175969,-0.12338824359668042,-0.15873719523226726,-0.12960319410919086,0.08915173031608138,-0.16758534722122717,0.015658284525639575,-0.0047368285892373605,-0.05155410285101912,0.07874217666498706,-0.017216932825470176,-0.04424188949290348,-0.09210529882215311,0.10022439683395631,0.23785729236660344,0.20230105081676036,0.029168503690275828,0.11170925798811224,0.052250022253376154,0.006423850316920938,0.03571449818829635,-0.1772761779916176,-0.08532722016990081,-0.26692066346169563,-0.004227351232462947,-0.08897205154489073,-0.10900346038414535,-0.10867938165870486,0.1771826989363033,-0.045720455973847725,0.1601239796981834,-0.14927261400162034,-0.08327917391634768,0.0029592071620724754,-0.08944039380377819,0.18472772432596507,0.09841959458550041,0.0445784836159336,0.04639047217305719,-0.011409425554511179,0.10712117434957619,-0.11381423812550018,0.05730909651655881,0.09302760198129378,-0.010212868836806988,-0.1026824333973643,0.1527919059751575,-0.0050130536897563,-0.04504350151797263,-0.009661313212388592,-0.06892363032608818,0.12491104850698252,0.029176878124825553,-0.03465881297326229,-0.09769137018454123,0.06941423979539513,-0.01093209999776038,0.0038112177562473443,-0.13444477685984832,-0.014950615012664883,-0.020393602194536876,0.036515881797092704,0.01271926620247371,-0.05862241673916421,-0.026869427202262618,0.022788383759611175,-0.0006636654132810135,-0.0011780797095094285,0.017162512325330403,0.01894751339079354,0.011242391276614003,-0.0013254051121824111,0.027559747738120904,0.023951209017848116,0.010391771233321688,0.02321582120393431,0.003539764825992493,-0.005894918302918765,0.0007931637441270554,0.0019830084144983142,-0.018103308150917565,-0.008249059534855259,-0.0269933278874678,-9.455127789199405e-05,0.0075418100762084505,0.018687931868200575,0.028555139537004268,0.01171685696328222,0.0019753563654767567,0.020521552466625216,0.009936354370114912,-0.014397304537829581,-0.008950150532388708,-0.007532279691983104,-0.026794987649365096,-0.020902712272038364,0.01099688648753498,0.0006181345501709962,-0.0029755773459716893,-0.00792990634683242,0.01293554168917445,0.005397616979369167,0.0031045776744160355,0.0018929699450065333,0.008683872638309057,2.8889429081490073e-05,0.001046755462974798,0.011887657741264164,0.006001273950979175,-0.004780786508250115,0.000959115736160688,0.0009404634115972898,0.002191313267157339,-0.00129637274134125,0.0010393796734453015,0.00014583060083897675,-9.345690477993914e-17,2
73,0.03939368634295067,0.02768823380702746,0.1566763410853041,-0.02743714224454173,-0.08753210455367863,-0.08380027280850139,-0.10490439456925776,-0.27338095475097546,0.038803171890723104,-0.05172828670810633,-0.0737569729720342,0.25333377725346745,-0.1027088752297837,-0.11969534705871387,-0.05218040438301991,-0.014630177484042184,-0.06773769231394265,-0.07969250652223024,-0.001436966148645005,0.20625934178440017,-0.028565942011684102,-0.06862839012917508,-0.08888880193524125,0.042556958617480274,0.058041429245161175,0.03949510333803516,0.0806978015495418,-0.013036012836546918,0.01377444613210477,0.0054561849053130496,-0.11523859508672843,-0.013034452538675313,0.07514283964497641,-0.035257456210440775,0.009796322038398092,-0.022496501586086706,-0.034872725511045734,-0.0019155599966668604,0.013774316551943095,-0.05871745161382283,-0.10386754547620601,0.06343776402133627,0.08427080966072366,0.003397808039162817,-0.03102441162772608,-0.059618029380258106,0.01959212976640497,0.029235211326570008,-0.015044998541203832,0.020404618700717365,0.005387822587589993,0.022568664879604787,0.02704348529936479,0.06859632812287414,-0.07869782769553856,-0.026467340412482398,-0.0738469338453156,0.03374744875977694,-0.0568192404836637,-0.09607097270997249,-0.1027063106131962,0.020027861738703977,0.05141702478554098,0.019406865365879336,0.015139281729431912,-0.013206987909279542,-0.04297067546113574,0.012176723047075762,-0.006595885405195072,-0.0009624474060816455,-0.023050111832026713,-0.058505632871483845,0.009358575741138136,0.07879478696434156,0.029938806281030326,-0.08831251446476082,-0.10468194529510029,-0.02917951054128991,-0.013060499605548706,0.044592158784171124,0.029105395758567347,-0.0801977849248054,0.060791620823045865,-0.0033576089755059228,0.07191043806863613,-0.012562344904853126,0.0631446008237329,-0.005134020651247572,0.026944199136915013,0.01303746732168353,-0.00283928893844172,0.0028033299220955603,0.19040850636718856,-0.027645016014000483,0.13585155215429295,-0.012234279545137111,-0.0786198756680457,-0.12905403351093428,0.05380245691540397,-0.16754172783910593,-0.11591047020576685,0.3217546425173726,0.09896926549450177,0.11472915909596369,0.09823954580334923,-0.05006469050091784,0.03209266672064155,-0.11467159536159013,0.11776254106641228,-0.14754866942620284,0.06388595175091882,-0.05382377665944655,-0.07147583501734872,0.11249106490542246,0.029297981510601978,0.13580185489468963,-0.08672779734237988,-0.04167911320657921,-0.01623629947070394,-0.13746117038170944,-0.07721880147570634,-0.018684282938442903,0.09717249681514653,-0.04646203373614184,-0.08048634274596346,0.06620475226388074,-0.026731308580678074,-0.07593429003217696,0.047075841003523765,0.03870594787119326,0.02063204864769914,-0.07272782121219247,-0.031211291288971082,-0.01594365788155439,0.0013748118055881414,0.003687516253609165,-0.01186081231765861,0.007093925094727854,-0.007903340792251488,-0.0029553527873551976,0.008375550334529747,-0.001861578453772622,0.004286936639191617,0.0004855068603367056,0.005669439300448715,-0.008667742630072544,-0.002414934126824303,-0.014019271184114626,0.014186838002358919,-0.0007761282865908445,-0.0030769601663078326,-0.002710951790299716,0.006075212533891686,0.0028482237302274336,0.007547950959743106,-0.0015321554575766082,0.001427224075175735,0.0016574678939748554,0.0005826733724077729,-9.345690477993924e-17,1
89,-0.2211785445881329,-0.13336624126013602,-0.0866654552788924,-0.07132263427341667,0.4259075032857131,-0.09301098355707452,-0.13550158849402075,0.09654231830801435,0.07944596349417365,-0.05640816943797657,-0.03445294384389583,-0.002499457064117918,-0.009145649541335068,-0.019628582199606802,-0.03293654545813054,0.009471746003227872,0.0038431274301240132,-0.028418210454588554,0.023590633015457295,-0.014914169340750082,-0.016516324202750468,-0.006245792611979122,0.01082120619439802,-0.005462760940564385,-0.0019221534093166108,-0.030194375802793084,-0.007582262230296941,0.018596368084487596,0.06723125531832215,-0.005313654498183634,-0.028858685940711504,-0.26676430491414516,0.0024731315347947124,0.42963093062560237,0.2529563993212749,0.06530784622267007,0.09972347804251103,-0.03242859348429635,0.04173044895569379,0.0015171037819145551,-0.030403943941906597,0.11047883366163963,0.014734686069286225,-0.017255189729913852,-0.083781502438946,-0.0311531021151433,-0.025192651557628235,-0.015327243017510879,-0.032377333722187145,0.020880815060859943,0.027202610967270138,-0.06576315884436049,0.06584841993629831,-0.0010993987515704711,0.001972686699841272,0.0050090418858100925,0.011636596557414355,0.007803076335808307,0.005628788147509819,0.04852737228904749,0.012466924788835083,-0.00270709396632614,-0.020205213104647183,-0.023600278444489562,0.015205046657500366,0.023583701094691142,-0.029708064426335966,0.052648470175618516,-0.019556595780061758,-0.0014741572662125386,0.033225382826818244,-0.013666781611461218,0.008882671854304624,-0.012498081714277964,0.012518606703979805,-0.004522955704887541,0.01116973858500272,0.004224880712797895,-0.020932799606604505,0.009325944959710272,-0.004862260347410138,-0.01097537904023444,0.023374127718265345,0.03487651763593036,-0.01323887909402199,-0.0010245443853907632,-0.00997356362069848,-0.027837286804552813,0.008037484632262917,-0.026796606900957805,-0.007828704134797432,-0.03739925885070947,0.03301745648491747,0.027860189004024084,0.0042737572541561904,-0.00016020092330097633,-0.0035693550662856486,-0.021651828882677415,-0.012387272089072825,-0.006948643248646931,-0.0554340504157718,-0.019970088873562875,-0.031367828534239056,0.016472273758829183,-0.04743631214447349,0.03085460823956316,-0.024078602683235056,0.027715510895366332,0.055983823154200904,0.010169764574596318,-0.083182827733846,0.05885515857918891,-0.035521053530582894,-0.024091338200954788,-0.038752707020793156,-0.04068260514305377,0.0164193738968853,-0.023507647844212772,-0.08415329994937674,-0.0294146970621031,-0.020041016693293303,-0.1569375273657751,-0.052023651802938824,-0.1405063996748286,-0.3108851143993219,0.027026004942759196,0.03272416874026902,0.08449160116211576,-0.04539007687417808,-0.057691724943880675,-0.039948755175065465,0.0553778909588262,0.032584546771947345,-0.032630045399811146,0.07724811935089605,-0.03761726011862534,0.018473333734295348,0.023795809682595866,-0.029355286344375748,-0.050366383229727994,0.013833746547710806,-0.09326159460262277,0.01574989418624175,-0.00474422592240196,-0.03797326661574021,-0.020487997384184914,-0.0712549417895758,-0.00215301183814253,-0.048979679146769005,0.16985204263028625,0.004340006880142369,-0.015013616588708237,-0.006320415460938555,0.02134819012883329,-0.0070323140610770085,0.009240006653947445,-0.0020802332567981417,-0.0002344499252311564,0.00029783325174925106,-9.345690477993938e-17,1
37,-0.13852179202085538,0.16003149145456627,-0.10670379547556134,0.06136550831688064,0.06136902763086067,0.001447831394245898,0.01259251379021316,-0.010810881434397353,-0.0004222162073457731,0.12763844599145727,0.21772146833405223,0.043812296887449476,0.016872987936584965,-0.015768929709848164,-0.048404878002443044,0.01571413389690614,0.009129672351746557,-0.003822940443859865,-0.005787246865622077,-0.04286916858077585,0.018763237733264677,0.08466506929758048,0.10105783249189292,-0.10433138771594733,0.013550649142745065,0.15209333293185615,-0.03384277837262186,-0.06477751898211778,0.5493783335514947,0.17662744424898075,-0.20634295662322152,0.05919420959727845,0.0378708111700381,-0.11357221362806298,0.01450467635744597,-0.11236735352335468,-0.021587020213562593,-0.06246185338015444,0.0059618214936933405,0.12383804244169999,-0.023599647675567527,0.016029855866485584,-0.039077414623227426,-0.03687875123246938,-0.017796076333413336,-0.0163129037438958,-0.0024739616828413132,0.009108343631980657,0.01093914539862223,-0.002148643273698199,0.021632125194231445,-0.035556326306906534,0.011876171022870108,0.07610029782659947,-0.027373947301354458,-0.013872469938174311,-0.050225048760720294,-0.0693760762706687,0.03075341042065974,-0.03564598497618472,0.008980248457435665,-0.027802223801897105,0.017764021291009208,0.000829415712910831,0.04429485349954554,0.03639121477066265,0.01351001985096852,0.02878665590331262,-0.031227688021581504,-0.014928288268581839,-0.01131934362740379,-0.011577892972151019,0.046638235582888085,0.020935690410860755,-0.06246481877154909,0.04432648197678567,-0.03572623796931367,0.004385048197506298,-0.015403775985724196,0.007802991662923246,-0.034415656837474974,-0.0057606388454273585,-0.0026105274756100983,0.010272346633847566,-0.002967218974841027,0.020782216013248856,0.009470251244606613,0.0464754940078037,-0.030990850141968663,-0.015196598916849026,-0.007564823946659197,0.0062076807813793555,0.025025353009477017,-0.00330525539510044,-0.02962263254831893,-0.028142875610542316,-0.0617513716682006,-0.028808239843405605,-0.05304878172664702,0.045173306890036125,-0.02106122121435691,-0.04386567544464663,0.06922688831260564,0.03358736781534433,0.0019990734197359956,0.04693680632182076,0.1032266125052727,0.03170582009042725,-0.08956227010507962,-0.00784863467799575,-0.008885292878947163,-0.15164603095496224,-0.07758218825076377,0.07356206139430521,0.05251855649781956,-0.06258544719910371,0.039087811722909566,-0.09670635796680345,-0.016390377768542644,0.03259063453512084,-0.08801444011674264,-0.05800838004792192,-0.025760968431719575,0.17064902079791497,-0.0858270585655538,-0.12741685708434372,-0.08353353551069662,0.036278074798809574,-0.14473152346315835,0.12804252551026146,0.034600320891992616,-0.005255051705493646,0.12620669585949543,-0.06676305630843436,-0.03840896514586642,0.10889928949415782,-0.09758841005946828,0.0401044032563723,-0.033169114842893,0.01485137708991461,-0.014713149832384007,-0.05508928202877073,-0.07090801818268444,0.0166558101687437,0.06982088286187108,0.005165815897518517,0.030076845439445003,0.03422070652584313,-0.008523892103750664,0.02116580016278251,-0.003971717811413837,0.005667979525346024,-0.004773534402482087,0.003511785107174986,-0.0009880522121311817,-0.0028264227230679864,-0.0008892952817739363,0.00046240144773279467,-8.158341030111171e-05,-9.345690477993956e-17,1
126,0.40251424783669665,-0.2631401653989783,-0.17672445024542421,0.41670233628248143,0.10543046992134743,0.04748931993652395,-0.15854661527611855,-0.09380822100355798,-0.23277601373578322,0.05369302699970859,-0.031583879625820016,0.01680343705675163,0.054699303855827115,0.05690232879217387,0.0035710377372637934,-0.002157900364769782,0.014115792594832258,0.015015005974586411,0.06328737193699846,-0.00837663547610193,-0.015980184026401757,-0.02754615640807348,-0.002957733459089936,-0.08360248896032942,0.05060692488139159,-0.08727666925820546,0.011588639874724837,-0.10459376477404493,0.04396309118192067,-0.047307802016999155,0.07417848419410723,0.00156724591585757,-0.060331627207176254,0.016789672228946267,-0.05750703523889873,0.026682635100960046,0.011808147063798468,-0.10104714672542572,-0.07164545983454143,-0.002172942045213477,-0.029707882717546426,0.0780763906826238,-0.018516030927261777,-0.1077539393522822,0.056753875839937504,0.03946985448676793,-0.06144313927517215,-0.01104135740889617,0.08150812496602415,-0.011136233815140721,0.03764976919575251,-0.07058093926834877,-0.011139530997329814,-0.05132165371164855,-0.0028356603196699223,0.04267267135254698,0.046489717562649004,0.054597029468459256,-0.027220630516431605,-0.03246550715460489,0.016784479174047167,-0.06942473626187048,-0.012275340899022297,0.029379770755907687,0.05733695390887251,0.013711634901436821,0.06117153078932012,0.010155412337785403,0.06592597653371708,-0.02165672317103515,-0.0015231073786050008,0.04528956022957819,-0.05354332431773293,0.026810569086199557,-0.00843882460696171,0.0017936541932809984,0.03030079593763826,0.05386131683753226,0.0008030241964604636,0.03850621923177239,0.01114393771274963,0.008128543901075357,-0.05012638013660533,0.03126890963231553,-0.018790406563297217,-0.019561629109640058,-0.004373001927469499,-0.00909552002162679,0.033353161453275514,0.001989622643226572,0.016458106391072987,0.02952575887632424,1.1808843508946027e-05,-0.009530817408706073,0.027432589845170142,-0.04699839232434801,-0.02627337285061619,-0.016020812062563367,0.010251152159286752,0.019219082257680382,-0.029149976889338926,-0.024473039668357725,0.019464263378975773,0.00022667645078094725,-0.00943272106116001,0.001406033877620379,0.005038561373887773,-0.003846169723794012,-0.010989975400644423,-0.003979147426938575,0.04892118773933292,-0.01829800713486228,-0.0011734886165851496,0.015624745147872161,-0.032639255453750876,0.013530173664865376,0.04923034972856359,-0.008003399527411085,-0.012970994136597329,-0.04467800463801634,0.024159661511861465,0.05433296226876059,0.05803500541739898,-0.0644569835168361,-0.017403281518333095,-0.03073597543056336,0.029184274748681783,-0.026496935713337933,0.059414708850631014,0.0582884777345689,0.014551455273654866,0.03091231169452949,-0.002060508697357584,-0.0076498320116775475,-0.010189923522882689,0.011739192495386627,-0.014679879871216224,0.10796936837181423,0.06450418281049126,-0.07359032424865841,0.10894078388910469,-0.0017016133225200947,-0.08295101528249119,-0.015276751003344195,0.028537263965876906,-0.013316552075783332,-0.032150022592866936,-0.01603144453053423,0.01959487525621924,-0.003611319845151567,0.2705349635912785,0.1945542263551681,-0.13915784466807773,0.018903315661349587,0.0339470581210765,-0.010752579462839059,0.09787854367534073,2.218896445912376e-05,0.0012402195968779538,-9.345690477993948e-17,2
166,0.06707091504048227,0.00915744832397448,-0.008390983359689562,-0.06326623898192521,-0.06009499311897212,-0.053153199848781106,0.016142742342959832,-0.10499076335028304,0.105450177789887,-0.1435137690791879,0.03951044575277757,-0.044367383415585694,0.6029373030161961,0.07741362692652987,-0.06791780243012994,0.3911785890403428,0.10077847036775071,-0.20263852559981307,-0.0005703244574318101,-0.05560549008453753,-0.06285881226862071,-0.1061911552249497,-0.03740615256802139,-0.05850634009931966,-0.0036002614152890323,0.042218526136038166,0.05313144242053212,-0.01725564386799127,-0.055697074482732825,0.032626778357137995,-0.027302277869998594,-0.019449773227655887,0.012134268225882462,-0.01967123995235861,-0.05037359896040624,0.03929398646696394,-0.004953981974348243,0.02286220519853532,0.04848830692678983,0.06482228741712585,-0.02978708384439115,-0.0049266126944153155,-0.05127229781561002,-0.01099376199319446,0.01637526074695551,-0.01986064977636187,-0.016995495574700897,-0.018708017897718223,-0.030675525234466247,0.005655935225013271,0.02395984992261492,-0.01828841542705142,0.02180673893263377,-0.02657994719017603,-0.046948635040904955,0.014743105494059144,0.02077505189820181,0.018924689241252693,0.006409907052094631,-0.0005614325080604589,0.004312867044799114,-0.0016058741756259402,0.04339125504338642,0.022047966631655157,-0.014575870509504716,0.042335492815863525,-0.045717324775937256,0.010918419706781047,0.0732757864837202,0.011291660716053996,0.014566111837843855,-0.04234871171835921,0.008292619996079525,-0.08188065790188453,-0.00860395160004013,0.004046246023705975,-0.008242656127698717,-0.043451668295946155,-0.042141968846381384,0.004021759619629997,-0.01760047223131927,0.006221665577164885,-0.027664805984827363,-0.02663386648364567,0.031310539176482945,0.022704689357254493,0.005321022406206574,-3.368687101892611e-05,-0.018990525847655836,-0.02678622065010394,-0.024391380891413374,-0.02554255244737734,0.0052100135689294455,-0.013353413328742807,0.04492602265855606,0.01990024146633418,-0.020470657707237473,0.006412529114124015,0.06351714991181946,0.009905982179425059,0.016311789533119278,-0.005405769837881532,0.020208641703834088,0.01519573655414858,-0.02420434669274996,-0.010772830009848145,-0.017642069211652067,0.005019511003066302,-0.0397512376767069,0.0027339286096769878,-0.0010342891195523026,0.029151858664031787,-0.0016837213156701669,0.00826691141463155,-0.013773270950600049,-0.005914066293512082,-0.0026419697767073704,-0.012156671360820335,0.01125383395134256,-0.01964354696114389,-0.00889922126322805,-0.025202976989215194,0.01921203520769406,0.02065930004351035,0.0004547979768873506,-0.02260495642848931,0.0010017669536321505,-0.02210383207374392,0.0001331257311107936,-0.01139168978783932,-0.005978707826946103,0.005103619639842853,0.016674270203575137,0.0034061185327986655,-0.008425489898010532,0.005272678864939787,0.02566672757534308,-0.048699040587757966,-0.034120325590520015,-0.003932915837353568,-0.04983078428412023,0.010425085062411731,0.08278585790771664,0.05041623257673773,0.02286623041776823,-0.07498080010544138,-0.09493395660305518,0.1883969022320223,0.3297845224183934,0.06712371859841597,-0.0013596378082754545,0.0176920623971606,-0.01747063653502947,0.012494054276174643,-0.01609673829061321,-0.00031662184978246266,0.00426788537632176,-0.0006677306516382891,0.0003836236364234605,-9.345690477993948e-17,2
77,-0.200653702126117,0.4006668352313872,-0.19276874663092114,0.24351502710523376,-0.0243076046796586,0.053140551111800174,-0.04659980108610086,0.04467173377474581,-0.011168378110726195,-0.13395773746815975,-0.1733374795674101,-0.034737996628349074,-0.03997564730758113,0.010993346217045634,-0.0042856027523365155,0.018238377893689896,0.017358013427506435,-0.015295630507437215,-0.0064941306848920665,-0.026017745578359328,-0.012868923977357031,-0.019034366290224876,-0.004106393145342614,0.046453745685722636,-0.005724332558832093,-0.023762371785499656,0.033056514091482435,0.0404147048898525,0.01693667790306326,0.028684017946695273,0.028419344369109988,0.10961824794463101,0.014448699546055283,0.06940322859477079,0.05097630071955012,0.034318778264408,-0.08103009962333017,-0.023227588172275476,0.07089536649334449,-0.02662585700343686,-0.011491681634626492,-0.04893871076892329,0.007597535235852614,-0.016831047206074125,-0.02589773031404341,0.04350045622022637,0.009707703070717553,-0.004720533578390751,0.04883094284958839,0.0072819218397452345,0.002656648322610825,0.0230767941677405,0.002672486918945771,-0.04358639572325903,0.03473548508190479,0.033913969051204404,0.0034708846215503325,-0.012235274899263546,-0.06254485630049005,0.028543286650469603,-0.020606198621234927,0.06890855081049793,0.03373401413911953,-0.04081096849754361,-0.006089996970847618,0.012782820102434686,-0.03571740784826253,0.052800173670641395,-0.0005514565030762018,-0.07013071746534834,-0.006921114487313311,0.01660599171973774,-0.008715718350509234,0.03626098980955625,-0.04472817721432623,0.06272439228024387,0.007494212024065517,-0.03963863328802018,-0.0732706880135842,0.07299066014855272,-0.01696474955329586,0.03359236097367679,0.016042431636292497,-0.003394217994058608,-0.0862249750611151,-0.07543237449212285,-0.04009039507271376,-0.08964717210744012,0.09869670975373904,0.07287400617278912,0.0164237224431948,0.0252775143844111,0.10577763493738118,0.04852367189886451,0.008410807219805238,-0.01792119464086809,-0.1386806604476863,-0.22002977436035367,-0.0191514257539988,0.12367535096407448,0.03167474541964432,0.0016980025189279198,-0.05384950120375601,-0.10373844038944136,0.014455690947986854,-0.3007133453370063,0.05779255854165407,0.0920886346570116,-0.06946189319852678,-0.018791904246862022,0.07696903438419067,-0.07507282204361015,-0.03319901743638425,0.02147473540406619,-0.004848367315655062,0.021701230501886427,0.058927287990262894,0.0018471079166896204,-0.005886842647474708,0.007965214726542514,-0.11034077901761101,-0.011690837408895005,-0.004106677941123957,0.05122071340191951,0.017161273629706663,-0.07520029485604704,-0.1061285659653176,0.09591649327774311,0.06088762231085534,-0.04599404542651856,-0.05482602930559842,0.06784391960287506,0.015633033424957685,0.0860145949145229,0.01120868109396844,-0.18011649700684088,0.06988114441646807,0.02595369020643299,0.057677532463599045,-0.0409410556767374,-0.022099402821565053,0.03326015234455818,0.0968486590881539,0.21449360514640428,0.007634862093715787,0.0804268752304147,-0.031393270525935595,-0.01386381055151004,-0.020010569253283116,-0.020871504193597054,-0.0026861860599924833,0.0003358859279687857,-2.2778356950382813e-05,-0.0004542932463061745,-0.003082421869821477,0.0036449812528210426,0.012615588724970582,0.0008960929081040286,-0.00011267044070906445,-9.34569047799391e-17,1
47,-0.4145699742171508,-0.3370190540652875,-0.04621293001930745,0.0611307697879794,-0.1718323265258944,0.038707245246348644,0.04779505347025205,-0.012728837664391016,-0.054366188590169354,-0.007652605796950362,-0.025124930289920827,0.007804304191464668,-0.028875289668478223,-0.06006574064906091,0.04170063317446375,0.04908040571883313,-0.02531215681788973,0.006328461237285092,0.014079963716646526,-0.013388825445243365,-0.027167716045316037,-0.020403142039676723,0.04122658123047578,0.029491352541229355,-0.02957117739213328,0.010161517147511116,-0.04668672597634913,0.022019912968462375,-0.03601832431130424,-0.032629055319462356,-0.020621234098305435,0.10333902730633747,0.025238622002521516,0.0056772778135037606,0.0004423477814845923,-0.03790201705364562,-0.04251851404122259,-0.03908575274601286,0.030639244162579595,0.028374246229071993,-0.026712233646448945,0.055806306876155766,-0.0317500680404715,0.022599352152778095,-0.08599341254220036,0.0589944797804855,-0.0141065432094738,0.014484144372661238,-0.004044876815303687,0.03333945219526393,-0.00017777822358493994,-0.0612347969383436,0.02100028735615515,0.07334345852101751,0.03895690737501659,0.013742410008058936,0.06306972951111714,0.008252027889080969,-0.002211224011556153,-0.04973878380985217,-0.0705347202818575,0.010770644723011999,-0.017836713449501034,0.030400419966563563,0.041527692668707115,0.018470853548939105,-0.06162732298484439,0.05287082568880764,0.03826996241982075,-0.004621142555475299,0.042081640614973104,-0.0257673478456352,0.028731724423282926,0.06947399941524114,-0.0006311300843992127,0.12105498427685693,-0.06894724653714253,-0.04628261558039919,-0.006139329387772676,0.04804018603176911,0.10242152359854172,-0.009730103972462194,-0.00216193249154878,0.1338297163806656,0.11649217773373848,-0.04521305577308938,-0.008312031771489481,-0.04112323163935238,0.11390503852615821,0.06731512047996034,-0.06073832035428953,-0.05020259787141493,-0.14427971316302438,0.13004941497029696,0.0324544744180709,-0.11851011187304089,-0.05337677305839562,0.033125178209894426,0.024903076720910283,-0.009310058977698906,0.05555959607836587,-0.06059909114694447,-0.014525432295045729,0.015038474110018582,-0.04219748472048241,-0.024570811136229352,-0.07434426089461772,0.012527129659110613,0.035445562959444614,-0.07512861551079701,-0.038173674529512217,0.07309098946059225,0.01435836519951521,-0.017539799828843447,0.14558446660500046,-0.06976561757977437,0.009972389684813858,0.042257169584283834,-0.014776831353301548,0.009207495571767923,0.07744541262796877,-0.07106663819309988,0.012752512787061321,0.05492839351920322,-0.0980637444959886,0.006123544186148406,-0.04541564240647986,-0.09752711410708308,-0.0507224130816325,0.003702137057779695,-0.03235537673362269,-0.1911327306931732,-0.04479757316704376,0.3267080061651893,-0.23827641380888123,0.03516410162681875,0.03233219315755083,0.06889776461953646,-0.0732972272398313,0.007713622632861996,0.008264654419191848,-0.027928164258682667,-0.013304282678112355,-0.00859665817635916,-0.03525533501371372,0.004392708373823354,-0.007001857282209983,-0.0010683060610548352,-0.003585791984673106,0.0006558281807630925,0.007658760799837707,0.010623967875067928,-0.008669463008795711,0.012975123645349848,-0.011740379871604631,0.008677520116888687,0.0031335293845920716,-0.0006751207904321364,0.00010999554064714961,-9.345690477993926e-17,1
193,0.05845034176966225,0.016827880603764705,-0.023773554263249223,-0.09704388080628831,-0.010797430566732685,-0.010895201488916461,0.07316086648247105,-0.02022523580123723,-0.004454986429413026,-0.04503354372781489,0.10066141361195713,-0.0826290268163806,-0.06856564215431463,0.10406470758393094,-0.07705950293756382,-0.0396726248838199,-0.017665982905539356,-0.05169261672912419,0.06594740214051605,0.022840023036394593,-0.04301473614841542,0.09215252742720387,0.015477641055345439,0.00011367290468162893,-0.27138994690721163,-0.07846685049784635,-0.014741874776306561,0.03608806172853832,0.1341416479241468,-0.130959243127563,0.16087130797639243,-0.06592012125433526,0.11395819205289395,-0.05282574247381208,0.00445839197596714,-0.09891378139276412,-0.06761344362902606,-0.05048233044482178,0.06235588739212095,-0.28825041399957074,-0.03666606648519857,0.18089808485105865,-0.012708798209087518,-0.05364878642174233,0.21829721271998143,0.02415938634084882,-0.13161226986680835,-0.21288590231609847,-0.0912456964362749,0.05850329727871699,-0.04675689836722545,-0.01536556163998569,-0.06871463172581327,0.05838953688137326,-0.02195648730101772,-0.05081881019010337,0.015026249554616242,-0.1395006291123481,0.04943579189589226,0.08442276701989081,-0.023768870575764614,-0.03714742546612255,0.024113773437189335,0.10508931309159021,-0.004365529538173224,-0.07401666727957822,-0.19420693553862264,0.04247434073751661,0.05660485630133038,-0.18880495716540366,-0.047846507250818085,-0.046180958309148916,-0.0034265649003631868,-0.04255563816772139,0.023926857220431714,0.039203577645609736,-0.008140961217147313,-0.07642393398336281,-0.11543178212667347,-0.08114610038770496,-0.1474249234439557,-0.10711446563590345,-0.16346705239557233,0.031479081476861424,0.01733956032360382,-0.15709284126972878,0.09639292242345045,0.10827572187015229,-0.02944967143225972,-0.07330691975371398,0.049137309345010045,-0.05865597899393406,-0.03096642116689888,-0.05034601508522044,-0.016947174996323915,-0.10093674950070278,0.0957716013127052,-0.08798172319835626,0.012142646882832966,-0.057554513575083004,-0.0393149962835296,-0.07463161331458779,-0.20229857269170182,0.1549444676136824,-0.003992166903114576,-0.0770172475305732,-0.016541318306802763,-0.045551436427491244,0.03097967695187277,0.02974510895738338,0.11318725130862106,0.03281341437648788,-0.020455246312114952,-0.04560791165105069,0.014295867965437246,-0.011544230419250382,-0.05089464491993871,-0.04884440593788582,0.005204419098172533,-0.0050201661232639715,-0.00021735261646268431,-0.01315047355772817,-0.0037296272841998057,0.03194178085003416,0.02131635190046296,-0.016161245154594956,-0.008884234987406746,0.014214710537811504,0.01489998180295525,-0.006280962422496441,0.02973978590107047,-0.048184958055966856,-0.00039780915434864145,-0.008139139572093066,0.03145102508222024,-0.008245920057220088,-0.0024107904625570507,0.003115522419642476,-0.005451722831389775,0.003901068265802737,0.000804787731547715,0.015073458419191232,0.006549473128184068,-0.0050696207658483166,-0.005930238393292963,-0.00418839800859517,0.006899464724876757,-0.0018430556559031672,0.0013242252838125662,0.009617989479787838,-0.0056029498941189025,-0.004110606599763982,-0.014089457804506433,0.0006425834164376076,-0.0023295739154248823,-0.012575654136730575,-0.001623047135736784,7.91231068078318e-05,0.0009485536851405214,-9.345690477993938e-17,2
81,0.048782051040092485,-0.010995528008384041,0.1398240676264981,-0.02875869449107718,-0.01850319219727678,-0.06411068118165117,-0.07935727637154248,-0.3249064492503382,-0.02214942089544618,-0.12474946435167573,-0.04357391754535807,0.3939347283394017,-0.18257503050001,-0.010503418294435511,-0.04396912804113623,0.07938864926702005,0.07344191264547714,0.09304476515202083,-0.19037750863093916,-0.4490330278671632,0.07480278304628561,-0.07018061534670411,-0.02284519183151149,-0.04445516389909496,-0.06815047375007409,-0.17932125356304698,0.146415768931489,-0.039128447259779084,0.03750387002233393,-0.008832091516695884,0.04540990105358554,-0.07090775648098559,0.004731822798055955,-0.038107530784354166,-0.029527332745711943,-0.05575975072823311,0.053251991450722146,-0.0053593668713380616,0.05819714201977407,0.031733817524184506,0.01688921431697,-0.021245054099138218,-0.05077801480428063,-0.03289843645622844,-0.00977012596255534,0.02734917287752295,0.02380136632972048,0.04898324124517751,0.00735330158230714,0.0014963651731012715,-0.0018202972494953285,-0.05169815504671373,-0.059091730005373114,-0.012485285613410656,0.028521208633290822,-0.011724118315406372,-0.02573912401295565,0.004969397059653558,0.010356358297140834,0.1080914849127407,0.03967139477409677,0.0010539320406478063,-0.03397232633469961,-0.037002367808569324,-0.04124960433019376,0.04045969643933293,-0.04396567946565529,0.004520710009201156,0.0008596446510638824,-0.004521725155924427,-0.021882343116364833,-0.00024111287293438776,-0.008341383474001193,-0.01997425146585992,0.008184563046828778,0.0525684248798977,0.008857084240683485,-0.019350931936797097,-0.01604671580496967,0.026117804248280703,0.003646001439584605,0.008438960206241592,0.005117019984718372,0.0002921447115845197,0.03985063800001745,-0.020524365489052787,0.00769683355977846,0.00877830490806215,-0.019880363192433685,0.0009967636406668938,0.018207344378799145,0.018863005285704507,-0.007721689463098461,0.01320174547309042,-0.006185729433002151,0.00223839073768669,-0.011105966565780596,0.018202521277367937,-0.012598471487251295,0.00413275911777302,-0.003660371746203406,-0.004926122035696006,0.008694655094988384,-0.012677018857379192,-0.005557351395860412,0.012020898127761845,0.007415618552220614,0.01582324530989124,-0.014999137586708755,-0.009978649077217638,-0.019729850443144698,-0.010744729198719508,0.010920618377273733,-0.015532048019181578,8.690202395012326e-05,-0.035046817314564195,0.01425105295926996,-0.01169961595803093,0.005520447387156781,-0.007815409689456902,-0.0009577249044143742,-0.023711995928952154,0.009766626778854204,-0.013939258547886722,0.002892936079388444,-0.029476510922173717,0.011338368274544696,0.010536962778658615,0.018891443823669057,0.005135958859983499,-0.004050057856154012,0.0008828631035360772,0.0035138331599394493,-0.006675224224233575,0.008301147297926857,-0.006823211527234599,-0.006932466920886818,-0.028859901543946156,-0.02267929565999045,-0.038656811500122526,0.017899750888766417,0.0029433417714344223,0.008427246877173306,-0.16937985252165258,-0.013241830415978708,0.38204001512931807,-0.03148120218030126,-0.018111196615108002,0.09423721930014398,0.013494532980169139,-0.026613924648863717,-0.004393531162842706,-0.00028571496004550816,-0.0016638897859972042,-0.001192495635070957,-0.005691631617554178,-0.0032049311091232194,0.0026868051712199393,-0.00015394078994266662,-9.345690477993936e-17,1
110,0.15617591028078123,-0.0472610573648482,0.013271411412948433,0.03718805292887043,-0.3016576537627609,-0.37422047600284425,-0.400947474388239,0.510406636733172,-0.19880214388902598,0.06632551318839809,0.03617749958053228,0.15133561469999832,-0.048715059086669836,0.03759049464401082,0.056059878167587014,0.10638520971113437,0.07240864082671222,-0.005359448415926791,-0.04508091905544728,0.05650748011914579,-0.014750080832449301,0.022991650603068854,-0.00014152509189511447,-0.05650603819659491,-0.06646949220714317,0.021816737454240745,0.07129320432482944,-0.03357581566687182,0.009121574090131757,-0.024814228509165585,-0.005147074854624645,0.016670338403278664,0.012424790626058281,0.01736629899133846,-0.004770359446020863,0.011608845302518874,0.02302360967312049,0.031297930561425026,0.02396319466664428,-0.01382842178819728,-0.000624387576390484,-0.020762691997822113,0.020452798981236323,0.028424531600059078,0.010407044997027833,0.0036223960788697752,0.011558901253853024,0.0004996842410052406,-0.047636710905572435,-0.0076005403042978354,0.01916031113587327,-0.002626813389718949,-0.0037938818828120793,0.01476463620840936,-0.02491750020458534,0.01833399854091016,-0.006830859319846683,-0.018866850559070978,0.007988267972828837,0.033978540694655376,-0.015308862010152852,0.020169298329762556,0.012623350609332132,-0.005655217129217063,-0.008783720907058382,-0.01871040590472672,-0.0045116830587808455,0.02002913488696408,-0.005292374227268223,0.001801352404420522,-0.0019866719151392137,0.0036115321087483365,-0.003909082766905488,-0.011492241178777871,-0.006510526228562191,-0.0022096356595576096,-0.010693666809820881,0.006321602353805872,-0.0046326639882815655,-0.0052006803618411986,0.001070377137419372,0.008370663917939546,0.009067203270871916,-0.0017481647049600044,0.00233717575366475,-0.00371130568146886,-0.009542513326123638,0.015420118218061109,0.010001113836315247,0.0031113321795810766,-0.006300337924109777,-0.022520820918323966,-0.00094313959773024,0.0023590207543984897,-0.016188618725022173,0.025606054340269566,0.012319070770219044,0.0067989207510004875,-0.01155645869055149,0.0036059561972229524,0.00761472992031523,0.013423885169178274,-0.0009934098426249722,-0.028974885656696665,-0.004636021662631714,0.005176826456502221,0.002367476888917416,-0.014250220086299697,0.0009453530560131238,-0.0023901007060563393,0.013624141538157572,0.005943831472489094,-0.003065415129098373,0.012776420672915317,0.010273934880620252,0.006392105195603172,0.007458455211959144,0.01151349100299872,-0.004413907693302076,0.0003636011939743158,-0.000529757298298421,-0.016719732432245418,-0.02801760084743668,0.010155930067214668,-0.0013971834961086962,-0.0004529776692958749,0.006627191993535283,-0.01062919272797534,0.0073421343878862875,0.02193660872909556,0.01809468503038746,0.015192656536882124,0.011044833914580452,0.01265981677132765,0.0054438654716630055,-0.05414783178565368,-0.010200925717907962,0.09056777743513147,0.07442611035624606,0.11809416942251252,-0.12236627332433374,-0.04846520494745277,0.033292707938625626,-0.06595064516154614,-0.01830780850983828,-0.013706872044199979,-0.008666948784074808,-0.008973706924771905,0.012124695069924203,0.0008293480496413403,0.00026461691440463373,0.0055166784645843,-0.012713091335318154,-0.010271384191408672,-0.01231120941784263,-0.0049894738114806,-0.006239819254010045,0.17381382665979633,-0.0042069497280570346,-9.345690477993889e-17,2
175,0.09730708441324198,-0.013450484373112255,-0.004280859289777049,-0.004158755292321889,-0.05941318254022828,-0.0753579116069829,-0.018732486833426078,-0.08165454833944094,0.04074589112920538,-0.11030844077344075,0.03740294953383168,-0.10530385660450226,0.009513184593010036,-0.07324793601186948,-0.016962439032804408,-0.024666936513332266,0.13650569481162678,0.13435886873139735,-0.01750094012236923,0.04458705842500315,0.008176180059581692,0.12709684239081404,-0.039172832647648086,0.0951211870450368,-0.127210590586377,0.07126978539738688,0.02317316094009931,-0.03880907514047029,-0.008674746060453601,0.022781725934731253,-0.0301801587583723,-0.0946624859434993,0.03631540471369162,-0.04118458242407765,-0.03195818914301556,-0.04554141722137074,-0.06685249517166932,0.028777608368981376,-0.05182843941161036,0.09864789590109356,-0.0043582944722735635,-0.04687670093276171,0.10258705154190009,0.1872487788395011,-0.2959558068568747,-0.12475880267639386,0.028072741925741645,-0.013003958898283161,0.1420342324718706,0.03465735806591095,-0.1539481366400064,0.023838210612474882,0.11969028337695406,-0.06767404461530616,0.26247385205770046,0.22532878106691864,-0.14491789643383737,-0.024394128414813834,-0.08380006366646979,0.062115736743908134,-0.0696379000645549,-0.11021844087611335,0.03417182158170155,-0.1336042282988689,-0.0981593232119592,0.02349248760017441,0.09559910805828038,-0.11529062692869088,-0.03846855627148658,-0.042904300546151776,0.08307249267880866,0.0017693784264326202,-0.0609125528144775,-0.033729686322787854,-0.08975046546673125,-0.001213740715552348,-0.10654013379856352,0.04999556214989536,-0.08256257767853153,-0.05914183511573207,-0.1401123441471539,-0.04416675008317981,-0.18805810705689352,0.08228801433562216,0.09769318786646104,-0.09593902158158686,0.019840715352164494,-0.05860855663243853,-0.2214443610700836,0.011204736644305081,0.037770292001903814,-0.040556652873190845,0.03542196122801324,0.12116005510645182,0.10212333513034096,-0.02120081301129493,0.022914418392611553,-0.018867880122083295,-0.011471149819535157,-0.027517322269903017,0.06566491341002922,-0.08848135799437043,0.007672385152146743,0.08961693728771246,-0.06434092591350533,0.0015187563225498568,-0.06081726113423764,-0.03148062058793795,-0.029006688457892792,-0.0027173642802717692,0.10142741358219699,0.0426364277476274,0.048183533142758854,0.037821847904540545,-0.07562528357646235,0.02591768166554199,0.017765068033364365,0.0115972980236168,0.015361600016822442,-0.051256226986735376,-0.06232908221200157,-0.0157798697186675,0.007528996813996374,0.02605471155218083,-0.009832771338568996,0.030059206001730995,0.06339120238633869,-0.041406376341240135,0.04155031460104512,0.010322910643405405,-0.06784304490062731,0.08444908605126111,0.042516605483581604,0.012752803205415086,-0.05285827959872448,0.02061023552036412,-0.0032259471733441245,0.015044582441947611,0.03873339102978511,0.0011967401805486866,0.002309539506944805,-0.015772634285086826,-0.025171718512170715,-0.00037974933068228247,-0.006082462394629071,0.000493440708659148,-0.0029112453670523137,-0.002171883934088819,-0.008850547656729279,-0.002898128342882497,0.0007085318163694742,0.002221533036788632,-0.0058262635928441695,-0.00015889712217087072,0.006578499198966854,0.00140669131159187,-7.974319532251114e-06,-0.00025631272677323846,-0.0002649851279989158,-9.345690477993879e-17,2
56,-0.017862883124283687,-0.00788654792937701,0.044680068358947805,-0.06370926690872049,-0.05022696969248496,-0.009128477259172527,-0.03425805556801058,-0.10624862197826695,0.02905051000619516,0.028793352723776602,-0.04318157015829438,0.06785372062232743,-0.03602620841683478,-0.04639787417995229,0.06723753934413929,-0.01571901996287206,-0.0332108375939928,-0.1290350760739561,0.07192244914783623,0.085381650138035,-0.009473027471959002,-0.038931547913384476,0.15278017943237054,-0.19225164686487844,-0.04284849922819584,0.06655838832770952,-0.016407345201192736,0.0019361180343830712,-0.02206603371900241,0.06879189699568561,0.22711825830105306,0.05554125089001412,0.018688558336438826,-0.049632948182743206,0.15848592129607364,0.001671281586137554,0.039782562100662985,-0.025548985366810724,-0.05488010512285041,0.12188357172414083,0.0017832553144993555,-0.03452372060899436,0.00720039321428732,-0.051285058410092565,-0.046990552416553,-0.16420015832273632,0.035838682554130794,-0.07485715187235055,-0.02709016854979183,-0.022661902703740664,0.06444127789384513,-0.06002927330528356,-0.08995519925336287,-0.0336755322952863,0.008403636510566534,-0.17846944303579343,-0.24917358599678796,0.03854348157454103,0.03750606823720951,0.07584103378451404,-0.034954196205977506,0.1921515811787553,0.08606671952838073,-0.049401946409953656,0.17056564126680443,0.20937374577278903,-0.08671178381600367,-0.37457820478935205,0.10026174469495742,0.0784685734786269,-0.1014913732722344,0.1878427593463115,0.0666917256300341,0.05320698743092913,0.22379784810580058,0.05381328271823581,0.06238169376730212,0.05806799210848168,-0.062106607399599105,-0.12280629193612072,0.005111524965701182,-0.08263112568527896,-0.10910915153029982,-0.002762608011965922,-0.0838890773975833,-0.11455637811765076,0.008686790117411525,-0.10129465074516902,0.040540647789603285,-0.016884577046784845,-0.14801069340154074,0.014209231121507676,0.009129587895526618,-0.01849649205730553,0.02058310556493663,0.05488860851297102,-0.021151231138224154,0.024025725673483746,-0.03790957165907626,-0.00021068586379462104,0.06709582934573118,-0.015269748518820337,-0.06483326258120788,-0.06239487454936426,-0.03627750920752954,-0.004350537399040167,0.0026237394017172796,-0.018438698440758565,0.01865415389742789,-0.05450751176352693,0.020576990755256017,0.01396058304800065,0.00837482267649902,-0.017496610915152873,-0.012548710723211306,-0.06345527153356989,-0.0025046810909100515,0.0070199779760154995,-0.005273862531003972,-0.006944416340763576,-0.018438502246239108,-0.00861841000191566,-0.00675461443824559,0.0032381737134342054,-0.025942015100348673,0.00759710854634626,-0.02627278000081632,-0.04088258782376799,0.017777221060907226,0.03203799936986779,0.00020076929304451276,0.02347359811240894,0.0043514882638362685,-0.04608423038670085,-0.06013979814795249,-0.015616181817832425,0.01008464766465824,-0.012034339548306405,-0.0033823111683390634,0.00976685659144895,0.006038060313143308,0.007458840622430406,-0.0016662866713989181,-0.0073801468305059875,-0.008743979068645814,-0.021151104115601265,-0.0007705436228376282,-0.009539450052751456,-0.005070060868178684,-0.0015362238828651893,0.0032658558590885943,0.0010794145887603236,-0.0020727044221102602,0.002940415674375922,0.0016775056472034028,0.00026385817287285607,0.0022528553778140355,-2.4713785470989372e-06,0.00027996688489269014,-9.345690477993899e-17,1
34,-0.0727053814109792,0.04888667423152134,-0.029444045140034788,-0.02605856961851133,0.022025877216924603,-0.015841043588419534,0.014939838295263762,-0.056667237720351274,-0.03973765947298063,0.09607554666001525,0.1143727201335106,0.04049010250387927,0.018601295197045627,-0.01275975938567492,0.03254467794041836,-0.04330591726052454,-0.015086397718989774,-0.0062265474247323324,-0.007078625300742653,-0.06734658290188973,-0.019490905963420523,0.15444399240484075,0.0019212266194457567,-0.10196061391539314,0.016507975686694196,0.13070681877779453,-0.2609161890227435,-0.0991817737357279,-0.10710495441506618,-0.09722229683151208,-0.11214763506196798,0.06035739171594834,0.006627964793568194,0.2096404061253523,-0.247621499607669,-0.08901167529058533,0.1714813696668898,-0.17645701181960516,0.1967524245841731,-0.1393058918276001,0.041765157254283904,-0.04268516102568539,0.03917509644539522,0.03696694606355401,0.09375792110031883,-0.03225847326048828,0.11028161861585849,0.07206987403675669,-0.01999331281746527,-0.08848068540107672,-0.04320755283524419,0.16077013189261533,-0.10321039924333555,-0.1942880405614483,-0.11043251013002749,0.09893395182222306,-0.16232258073123385,0.1554056124715599,-0.13637664194085192,0.06140734060298569,-0.024147741177705788,0.011605193476461094,0.026808183869848807,0.03393246909517863,-0.018412380586439087,0.10433585305104569,-0.052153851435967215,0.035027241352214425,0.0765087202964021,-0.12066321603513191,0.04383876003648474,-0.045005483498031365,-0.09244374760439954,0.006221855814569139,0.21976359558579814,-0.01747394387265589,-0.06692522732130766,0.0012244887251771817,0.2111664266580359,-0.041576076185454565,-0.10421971801702407,0.032459995964125854,-0.025800866353845122,0.030878000266907676,0.018232037935594705,0.15455102552143188,0.06608104948754577,0.03122433171226534,-0.14034887741917987,0.03750460163986539,-0.08130819939546664,-0.00942442810043497,-0.10324692598557138,0.06308945198418826,-0.07366065459240456,0.02716789033292193,-0.12638289014720117,0.0902697567912367,0.012773896230190799,-0.10377367645805477,-0.07843479909751665,-0.008738814247073514,-0.05945648218669944,-0.02447493947367979,-0.028585501242685836,-0.09575159639026827,-0.017096674626899257,0.050463017667335415,0.039933785943836606,-0.017242185361935253,0.03680646709415779,-0.07672462188243985,-0.03614822633348119,0.028381190159364775,0.005772552814619723,-0.027236300202938577,0.025075251272113203,-0.033122460388054296,-0.007204607502634482,0.02446848469911447,-0.04152647019305521,-0.006441259558698742,-0.0030736715768145836,0.009458516704791812,-0.01885499458319945,-0.013851273389736322,0.01232968526171143,0.01871749866747257,0.022667104721603087,-0.005198808114094994,-0.011017440321130664,-0.0010801068109016693,-0.013301017554608854,0.015401237631016784,-0.0028615840397558877,0.003972497795705532,0.0012441372721422115,0.0076130371739413635,-0.0009083054475111521,-0.0035884958317337233,-0.006579540404564176,0.004797087126297695,0.00148226666566911,0.009274000487889383,0.013741415174298145,0.003007452932136906,0.00042516554047134533,0.0033872081694235417,-0.002229792252953835,-0.005945485023072133,0.0017263455915490916,0.0006635597019179346,0.0004272999885961066,-0.004720048955438271,0.0028433926822417498,0.0006003834394319262,-0.001994064904818328,-0.00038646447138104205,-0.00011761512976357927,-9.345690477993915e-17,1
116,0.02156631404428309,0.04788265253697122,-0.01048966299197219,-0.08203643426253118,-0.036232366175810264,-0.08076281853419813,0.004754662789424532,-0.060867004227021695,0.06333697252722095,0.10184421241652243,-0.06544912538696572,-0.09862289472346471,-0.015481971449103833,0.008997786576581237,-0.05752173653141724,-0.043387380599330186,-0.09717800216369374,0.0075191284851820915,0.020777681585627678,0.0072465318728379535,-0.05997159973492483,0.0747486824443201,-0.06292043037324498,0.04728847047327843,-0.07140233387297697,-0.04251750878522793,0.017144721342409845,-0.14791099246094444,-0.057131972233571506,-0.019540720428498696,0.010609034860768966,0.0005777860847589592,-0.12061284166923979,0.10485464787778241,-0.0575326446111877,-0.00020438763154471737,-0.06138921019154999,-0.0003914534636717258,-0.020247563197421693,0.14737097875363533,0.19977195043408824,-0.10014516138216185,-0.20014609468679379,0.04864532305395425,-0.013853955800375323,0.013614032945294298,-0.22276900665026275,-0.13809856990169012,0.14549403492656335,-0.0036640198019657973,-0.1054490251812085,-0.05533755910790431,-0.010128586074747412,0.14335313054710347,-0.1498565641591035,0.10582515822130636,-0.09877438807382954,-0.2227185771190244,0.06211914171080256,-0.1107869074692477,0.023715438723491876,0.13234523532463516,0.10532685413242647,-0.0916387341249199,-0.23884230592184835,0.09102480609101604,-0.12473609724207166,0.2992473351838387,0.06170573550343843,0.15546648879383074,-0.046538809676880746,0.10656947657845638,-0.0675831312017169,0.0871236960359011,0.1981724704543997,-0.043818152675348686,0.05253575226369527,0.2969532430491981,0.024173806858086018,0.06951162730133141,-0.004516366896478525,0.0031937536662680847,0.02281414788665792,0.11639831220369766,0.06949914787239135,-0.05967647351750101,0.011357838107781917,0.010197580807092198,0.025247457538687124,-0.001725544869517387,-0.0523134253215463,-0.08686985188350922,1.8104469646631848e-06,-0.06263237049385767,-0.018057689144342262,0.034508550522479746,-0.012027368860024812,-0.02658491582473346,-0.03876555927502402,0.03290360899360249,0.02531723589845893,0.03182096806111275,0.03376205328669578,0.07517924045194632,-0.020753551986482273,-0.005304311300757945,0.0006197736654401079,0.029759898269856422,-0.003014243772298289,-0.02574010680880611,-0.018826014645171033,-0.024407023550759455,-0.0039390792741556095,-0.01227328872234047,-0.007936567267530087,-0.0053167561040449954,-0.007690232378075835,-0.01405652464515912,0.0023250178542325323,-0.0029848125442620277,0.020650639742323132,0.010587987847170263,-0.00028517862068501155,-0.002638391454591414,0.0284032136593546,0.008400327626820808,-0.0015947908141229648,-0.011933889243355224,0.0065274767320693565,0.02099159491920634,-0.015120200775565125,0.0019811021956953876,0.020351353632457943,-0.017126094296021747,0.007418467991618434,0.013523040625308926,-0.0028269541150949236,-0.020374170605288545,0.01539468548977802,0.004607164178833921,-0.003663283029778967,0.008471327705865025,0.008992628527629101,0.0029148018783604216,-0.01744813048104303,0.004407274317733458,6.661860057236527e-05,0.006382549362482972,-0.0019984290991345373,0.004791954369921085,0.002384080205222752,-0.005692760294208077,-0.0025509908353529725,-0.004398068986101733,-0.002903215217995029,-0.0005411784713015412,0.0037855006638891496,-0.00027040974983875613,-0.00025645314695081704,-9.345690477993916e-17,2
195,0.09448905040110431,0.0024633887486496214,-0.002962456539062813,-0.076016864733196,-0.058539791990718064,-0.020038802768595033,0.028106742907715036,-0.015644700794312096,0.007239453328229826,-0.026416911036208163,-0.03543389368556683,-0.029547182953046598,0.08439964007956856,-0.0015253357871379478,-0.10198808058836673,-0.09782563446019868,-0.04218110686083887,-0.019133822415617677,0.06528329317499774,-0.018258147254790233,-0.08599807127898228,-0.0015837952373464158,0.10235342052754094,-0.005230196335428083,-0.13686236830323412,-0.08156571644765079,-0.012977663292951289,0.013141280503753194,-0.013391030154594863,-0.005378400815669657,0.022245300738562592,0.024923144660077508,-0.19746671757643225,0.04475328531896152,-0.02558507035768971,-0.15734381885314863,-0.10126279189637973,-0.08924533481512963,-0.08713753977742805,-0.05264911691043095,-0.11313242123477811,0.15372797973393823,0.011023587350311217,0.12636915019467704,-0.0980229091350285,0.24755868425568586,0.023523056187426554,0.12222206560728162,0.1624580111999418,0.02109815229247768,0.05830301923664999,0.019020379144011373,-0.029354331640825123,-0.1269104306095438,0.02941229196376826,-0.060726276311839376,-0.14509102674556337,-0.20391932726642364,-0.09449425176000148,-0.022026022224274723,0.1061543136881325,-0.05562519461472628,0.14543868998167644,-0.11003160173769092,0.12046100697146868,-0.09105208312685664,0.13345549337674117,0.011350670722325798,-0.1540272051136521,0.06508909903695785,-0.036463101091146144,-0.06205367723947731,0.007004031726175618,-0.0727790990620555,-0.03606984292908767,0.060018554088407734,0.06353266800424197,-0.11511465686234941,0.11381653071663614,0.06715391610460432,0.1094422976811934,0.06399989819239307,0.051446523089571525,-0.02533001200230424,-0.11334944237387563,-0.05247417846182965,0.23587602892919166,0.11633746844935917,0.07079704632980728,-0.07471143453263687,-0.11459627889689984,-0.10612730685724356,0.019766482703772924,-0.17987030419486397,0.10160417557975161,0.1572070484563223,-0.12359907995634557,0.04435919491850342,-0.04140129104109198,-0.13358410330200338,0.03995061290650171,0.011913411744602467,-0.06704335713056568,-0.005786040386007983,-0.043026440416824005,0.0001329402855957308,-0.0707956152053808,0.02572132179401167,-0.06003510766471575,-0.0040170752934236085,0.003806968757745594,-0.0031707869456626906,0.09857527798516681,-0.043881783308122424,0.025431663651276686,-0.016112248229533145,0.024153315227148517,-0.007686316146069094,-0.010745341852283853,-0.025915450209360258,-0.019681202067161733,-0.04719886049685206,-0.03589919894567654,-0.012631446927249827,-0.0034732126662960564,-0.0018229417110076284,0.004682409536525004,0.007710426483260551,0.01014101916514988,0.007718347796349151,0.02495032719237607,-0.008687557754580369,0.03672212764937722,0.017343227463448834,-0.01195369161153276,-0.011102858234809535,-0.005002787735924014,-0.013178075638512875,-0.0031252715294641594,0.02014533977819224,-0.010804303569175742,-0.007246049776007447,0.004994504858300203,-0.0036568126825831026,0.00011976054715303985,-0.006260489861182091,-0.0033693987680614708,-0.027901550174736358,0.015564639929092875,-0.003254838251461246,-0.0016235542128665453,-0.0019862008300382326,0.005847638039928158,-0.0016685491056718134,0.007803868695699911,-0.00037801997904836934,0.0033573924838362474,8.367134035519171e-05,-0.0006693866288566652,-9.345690477993909e-17,2
184,0.05726127171867697,0.02702661024663448,-0.03194854898593827,-0.127781567103132,-0.056499051478551394,-0.1354854540851039,0.04476818773625651,-0.05477306475140688,0.19013243784006847,0.43236493284846284,-0.3394886546317221,-0.13867778471427783,-0.1487203718186283,-0.11230040594920418,0.011647648933578033,0.1629435936268851,0.34990392998882336,-0.127671085314413,0.2472639254611616,-0.08497116776164274,0.1530571430606902,0.018299490258278716,-0.012308824495233893,0.07111370798458268,0.08422961561093556,-0.07124475331642303,-0.06020166520077646,0.006896413539691435,0.05657604134957051,0.013129048744665197,0.06824679515513425,0.04766546254272819,-0.015123533442872013,-0.013701749002946134,-0.06895548059820228,0.007384640717647972,0.03941340231235417,0.0074138519120209335,0.01184364763079247,0.03829193730931934,-0.08115777592448203,0.043598969098187834,0.07656662156875377,-0.03720693329159666,-0.0033676977858185337,-0.00896262994635297,-0.07485884022073284,0.044025629174899626,-0.0031452695035340244,-0.03421753453588852,-0.02141770895388281,0.008845954824616037,0.034724474680732226,0.006200251921850146,-0.06430176549191381,-0.0030213454608213025,0.057626851151268046,0.006716159596751823,-0.0036664450277317604,0.02108503512940885,0.007070717774755777,-0.027857730310379785,-0.003658553171765936,-0.0022378138044357944,0.010496025766845041,0.031019899870646468,-0.007370501795519147,-0.008030860030558204,-0.07965723085877428,-0.021270201649904334,-0.012411456610294906,-0.012767406406565795,-0.011032027618069297,0.000597011018532176,0.0024460383809186523,-0.010517713318454606,0.008312413929533012,-0.03999539629564412,-0.0257115098429407,-0.013099928682778593,-0.03955035907884717,-0.04146653716779641,0.015490720376050543,0.009996661540502867,0.05322769679980249,-0.028765977996830852,0.023524420414554822,0.014838130827295458,0.005399223860251547,0.012843960970318053,-0.004647747084657266,0.01822724208892703,0.017994445869457594,0.0028683738991357685,-0.013325436079222082,0.03223067429950905,-0.018289630442283503,0.016996032113182603,0.0162792129678297,-0.008947104100553094,-0.006577439103772698,0.00142292806536517,-0.009531425051442001,-0.01176329909090639,0.030633024454795058,0.0053068225213848364,-0.004341217344318478,0.008496347095547788,-0.010861549432852318,-0.010859997456677565,-0.0056376536679530204,-0.005855990917480539,0.02309418435796836,0.011605021647138211,0.009099581984042161,0.01134129873980816,0.02567316277916467,0.026607069648706565,0.00381995539952597,0.018049472764487887,0.012590436780063968,-0.007439569295645622,-0.02039886993967301,0.011493289955215633,-0.0002758954897492321,0.013613551557796767,-0.0017965985536153332,-0.007024620690262911,-0.015000617058874642,-0.018721375711836935,-0.0041991122270031355,0.010843294833475056,-4.385172078254193e-05,0.00641446168302028,-0.004783628266216201,0.014833111168944499,0.007731548131516791,0.02423875072700639,0.017344970831233906,-0.04853432936920222,-0.010612920187119207,0.0020325437570160526,-0.0061381716670022785,-0.006111518800218113,-0.01863594982026081,0.00433580860237643,0.019775637051721803,0.03281727824745489,0.010846778238807817,0.01239096890221834,0.1645045152543173,-0.25575517440353296,-0.04928396105179424,-0.21227065123795336,0.02687751163108218,-0.014655153243881804,0.0034101210139768105,-0.00023893919908065734,-0.0003645288357169407,-9.345690477993936e-17,2
50,-0.06843420220701349,0.06139209532551496,0.31226900717068984,0.13233001203495298,0.052847943067628474,0.12190503344190597,0.05288035202741684,0.09615942371963483,-0.005105230064080432,0.03327090568741831,0.028070835584481146,-0.07736948890274777,-0.022108809747624223,0.020974870408516335,-0.02830772919457717,0.05844379393549939,-0.08797633013909953,0.02202830849920986,-0.06032333371589941,0.10096592388986808,0.13418335741582307,0.02830742576071272,0.06098406277162182,-0.08570447768725038,0.07595291303594787,-0.13692486304267495,0.05085946258293258,-0.040845028002910455,-0.0016613465309517812,-0.04978474373480199,-0.05141327161494921,-0.10907257850502151,-0.03751253396914298,-0.08911291031894884,-0.06146877556266575,0.014788054767908232,-0.04526683557743569,-0.04891490065494703,0.02262176149678795,-0.014637882018000845,0.023775510133439683,0.1292369630221557,0.041852705005661794,0.009749504338327759,-0.05983172942645472,-0.0411000296760772,0.02272548628413939,0.029086309431978697,-0.018406558117186375,-0.12353408872147949,0.02289543312835565,-0.16206196694790564,0.1544037729289143,-0.16974426845125057,-0.16920870384681877,-0.04071717963358479,-0.026710576708830973,-0.05225860559185466,0.06505657283106506,0.008604895273245768,0.009143856415325557,0.11620538800443841,-0.04597310260578383,-0.08637626134946046,0.007013344431408092,-0.01941917460149318,0.024380723600905884,0.038658366941853546,-0.016051603187197283,0.05840198146967941,0.1966133037787115,0.050466803764538236,0.013370000821190818,-0.13627558619496127,0.09410897128435111,0.03758867536237032,-0.046160800874183686,-0.08028695633150112,-0.03182029767628091,0.02971936415414432,-0.07209979635510931,-0.1274305678059383,0.037763439043903835,0.03564254933254107,-0.05472460226057197,-0.03624010032478848,-0.10592754535711356,0.0739305423794942,0.00019427889116903477,0.0033751780268550667,0.07536279012786866,0.07499914264826765,-0.1224198749523958,-0.043402686219289055,-0.033132319601458377,0.009124842802125463,-0.05029800774251786,-0.07447779601513639,-0.02081092022794274,-0.01783875681077244,0.07662224275463532,-0.04518597952120779,-0.021877613032626298,0.039423525195531585,0.19137748449220746,-0.016492202581308537,-0.05659499104189023,0.13676595394652027,0.14887274802786604,0.1662865269992863,-0.0952132513723083,-0.03853523748666427,0.011715490403653895,0.061579493451869784,-0.19215532767930035,-0.019316220277894588,0.10282403510550604,0.021245638597385888,0.11823000367340904,-0.16425344343764395,-0.06615176843310726,-0.005087012725209252,-0.0020130995880932,0.06384806161106173,0.00418930527473202,0.05716726795619069,0.009551635251987774,-0.148771331813525,0.009943142702785174,0.037257651554135414,0.014919790513555463,-0.05706971944446025,0.0005196341119365565,-0.007935185209012126,-0.026645143854564228,-0.013972201208995595,0.0003512753631431057,0.043941853840623026,-0.03494836074265642,-0.026271035565206796,-0.040020392883734456,-0.004149869650079657,0.02940720666082184,0.015729416655671614,0.0073117237798613986,0.010564283826339074,0.004771058297285858,-0.020644533993464154,-0.0028029169632726807,-0.0009865623678283865,-0.009851545847113936,0.005078594244595088,0.014020284660851663,-0.0027715749091894813,-0.004384677294900949,-0.0062829851378933274,-0.0003333593885282511,-0.0005674074000440668,0.0004011136077534912,-9.345690477993926e-17,1
57,-0.014901678058085059,0.005211157398374201,0.057491850620995225,-0.09388395513741188,0.09075110024677911,0.007562485649988481,0.05923912174094088,-0.0998505879777395,-0.0900459398410335,0.0580121986274918,0.017708036031979194,0.07763584855091976,-0.11915542670576264,0.45761936731588715,0.13252933554953222,0.1674011126797008,0.005794112042911732,-0.005064905323498392,-0.06269374133054254,0.10418523478480285,0.10928824912090294,0.0036402239132463762,-0.02471894929407542,0.07785384047920448,0.040117697057535984,0.0722387116129121,0.009325657584964004,0.01423829771367404,-0.08072901369406142,0.051414312362869294,-0.037865796736196854,0.011334773689918622,0.004947254250948418,0.03808517459324005,-0.019166533477045566,-0.09933350440416507,-0.013969558917188277,0.019994900977427878,-0.03545157770841246,0.05797331760914659,0.0073417071954793274,-0.013825249929162148,0.041092042161773146,0.008804416755211406,-0.09828168363693238,-0.07010929436895695,0.02352801745318392,-0.014003127649850788,0.15613662620972607,0.06597547021390474,0.08595010076587892,-0.0031731938267524217,0.033396778593481585,0.06713262610910914,-0.03852661758154802,-0.084945305251488,0.02197717163089423,0.060849948018761715,-0.19008985717789728,-0.06604191411927762,-0.051581632841004935,0.023820285428740356,-0.06675457891869326,0.10222718956949246,0.04467510234874844,-0.056870249968784155,-0.0698364364845039,0.08464206213139172,-0.14983867939052847,-0.004308327112366034,0.10358282233993164,0.08256692699447582,0.02841123109019752,-0.1872493153846433,0.03619179293204399,-0.07020978306080224,0.24596106446583624,-0.036799157756193905,0.18589711032165496,-0.2501453091256786,0.1745742958905627,0.11669719978637146,-0.1418057204952733,0.0041373539991526025,-0.02789804002088445,-0.23662428914351147,-0.11706922825380525,0.0641965400946768,-0.10997511819420265,0.035776143536799636,0.019485138032554018,-0.1468488171603524,0.021393592219206305,-0.028309846468205946,-0.1031132922422271,-0.11213926123007079,-0.06661174370434135,-0.056139836734782615,0.022576625786620168,0.04959186699610602,-0.06594255395217764,0.0178369079446343,-0.024466364432644917,0.02602670006211006,0.018287594567727165,0.047916636729290786,0.06689769312045223,-0.0006959162889203882,-0.042964308516008916,-0.03728091209226017,0.006561450730091874,-0.0020322049688965417,0.003440123230635212,0.03879298783416468,0.017461031952344087,-0.0010210567659790376,0.0123332563586339,-0.015565404611930787,0.013772283110537778,0.034110387562882,-0.010852309899908704,-0.017165266608832722,0.01410578843431309,-0.0013372427400270468,-0.00011267413610073973,0.0029206872820549245,0.005794867786008343,-0.0017983411819499663,0.019233124400502195,0.03463134690814434,-0.0038836165812309604,0.0026069724297506994,-0.031086033512502317,0.019104813032657195,0.0042256095128102335,-0.009220169028171302,0.019872598029009998,-0.0017187513103586896,-0.00023936860333362427,-0.0012007789620295977,0.00038463137184366493,0.004235882937646371,0.0028883114942810997,-0.0005832097430846674,-0.0033011927404293733,0.00502812047064624,0.0017740161277743376,0.007793630420548883,0.005340847107329599,0.005251544726173927,0.0012725807537135657,-0.005064636142274289,0.003926813120712482,0.002460831654688229,0.0035168441011193853,0.0015265512626265836,-0.002074182345406281,0.0001645782435148344,-6.855803861854207e-05,-9.345690477993936e-17,1
183,0.046879546513120776,0.03694164054700217,-0.04351772649408891,-0.10039856666431711,-0.03971938148234172,-0.12053277854516863,0.04662169788189818,-0.06034583903997308,0.18350194400226505,0.4250962283259397,-0.28754908268892326,-0.11638594885938314,-0.1471988462638891,-0.12096954814802581,0.026192373426360355,0.159808890826711,0.3567656109683921,-0.14835317663003922,0.2747900885029944,-0.0734216550191744,0.17578048292494808,0.03329564242951738,-0.02200421376710849,0.04720336204457673,0.10772206615283962,-0.09816734062883381,-0.07474662587195727,0.009321108572844806,0.04109349466594924,0.006820243925856779,0.08816282308616957,0.035282248725348464,-0.035568974824253974,-0.011482714617056891,-0.07056708752178749,0.003967043318318275,0.040256809213465444,0.018130550312697023,0.0045502990026823455,0.01891199753069247,-0.055577252000446185,0.039899905007360785,0.09116869989564473,-0.03218759649396827,-0.046480678632277284,0.0010885204214496425,-0.10384320496814681,0.03745277686049678,0.01931680185111333,-0.0439274929253276,-0.03983498378520886,0.026748656063021063,0.03474911422856259,0.011040181980956321,-0.09053970483328012,0.01679922253071163,0.06266300234281978,-0.025973216099079443,-0.01712403059619829,0.02958143786334119,0.024721677743970563,-0.03223116065259922,-0.0054812000130977446,0.029886733125975475,0.008875481878116006,0.03549406918173789,-0.004984057567142603,-0.019699416874179327,-0.06787828365393661,-0.04346682967926047,-0.008126312484243645,-0.003886393539170732,-0.005458034224667901,0.008350698896637015,-0.009891183564241637,-0.007563641933234278,-0.002366084011667001,-0.027136664173520675,-0.010164975255763433,-0.013882811038268746,-0.051872195441100354,-0.03958765156618785,0.016951073780375695,0.041662267730073727,0.05426565367512383,-0.03990714923212024,0.00671694600031119,0.006944148098512352,-0.0072175128740655835,-0.006838606178137935,-0.0006235158269207686,0.03580553181313737,-0.0016473648269391627,-0.01327099073813638,-0.03281862723655457,0.04769297317468467,0.006212363269486986,0.016494347954343135,0.014143825858937654,-0.004419876254057246,-0.00958477428609322,0.017545537554375688,-0.01728323487472009,-0.016307259861828755,0.01294751878312406,0.007263555764161862,0.003527139861608856,-0.0127714277735806,-0.041830702391251015,-0.031044384715665098,-0.02269681894784073,-0.024049131585313445,0.021496825589330776,0.012407537399654056,0.007309409592486033,0.015503798091897183,0.02196488315729826,-0.0008233655705044044,0.00939456233008569,0.015586297820477307,0.019137980676846113,-0.0030320459076737007,0.006971399115541317,-0.021215164970423982,-0.0003657898632141277,0.0021899311004164547,0.01724349512846948,0.006598845784965396,-0.01635342787379292,-0.006744037076179938,-0.008729648272008434,0.003444577363384495,0.0011570939855926508,0.004077395247367271,0.011054878171767849,-0.03362512277528942,-0.00521882693010645,-0.014054207246894513,-0.006023969614666527,0.0470534500064048,0.010737397277165637,-0.004930563254268436,0.0032179638583941946,-0.0027896645502998893,0.012989891439021385,-0.004827654784023594,-0.010556563390334667,-0.02178016837255635,-0.010325251508392214,-0.013106752409487755,-0.14555544002036258,0.23289458598194218,0.06591510714592717,0.22785469896472965,-0.034634641815595626,0.01797334888063102,-0.0030710305187930925,0.0001957833148244953,0.00024672970631326997,-9.345690477993921e-17,2
94,-0.18379941407464181,-0.12765342628022547,0.02416285525900413,-0.04024031574090709,0.2912761162588334,-0.056640192787300654,-0.11224254889581142,0.060368841880178555,0.052668620709358606,-0.03009332174734058,-0.028687351504212456,-0.05722691605939659,0.05877679980907939,-0.04800616383185452,0.18284691378619247,-0.07568270795609645,0.03743863158109519,-0.02676569318606557,-0.013384268052392151,-0.03694244101216157,-0.09274821582069795,-0.020066626321453673,-0.1593236660628964,0.0031547185438094687,-0.08612302278234384,-0.03496065722877006,0.03055464676479606,0.049598365158270784,0.057245800760281226,0.05256293906910951,-0.006292675049843834,-0.14863036835845328,-0.011684911585738192,0.1548655668937819,0.0797773942375953,-0.02731281484709163,0.0923712206067534,0.03081285086847715,-0.06817096656041739,-0.010061818462337595,-0.1184163293421866,-0.12579915665519703,-0.01091450059629304,-0.010256830495015063,0.026495039185450975,0.046832600495034175,0.02452879868875404,-0.044221840129906195,4.460344941854781e-05,-0.0639921036676911,-0.10960561895072786,-0.04689307474886276,-0.05923031638715268,0.12061466843265371,-0.022388353299398134,-0.01355594186766712,-0.009640759965023412,0.03584034511910623,0.023405150337955368,-0.027437422765501023,-0.055457887589056766,0.02499202499479334,0.12724165587981337,-0.07943247893221514,0.029474985875697798,0.048627261094844464,0.117199954467994,-0.10711989234919951,0.06610773279181503,0.03839357575623913,-0.03639957293028623,-0.10149157097061291,-0.09931896715422406,0.02840003510526307,-0.04073664124337316,0.09527684987791911,0.1670617159522735,-0.12910315550313595,0.31804013149554533,0.06449205036195378,-0.035919405741813945,-0.19847912615053023,-0.026981002875917336,-0.15638062305519734,0.2065561227605922,-0.07743912773391111,-0.08143106714608271,0.0029705561160336177,0.08883197159476716,-0.054982774058172444,0.10845095288737798,-0.07428234594475358,-0.036921207207204494,0.06271821146721188,-0.02749460399832382,0.11146945525394032,0.04213199126606625,-0.15896809054506372,0.030660205152077773,-0.022194116641629652,-0.06776490102821782,-0.11388665849143031,0.033221873171797825,0.03051343085048816,0.005933460036781789,-0.00860591151182203,-0.01538179354847323,0.046131498644888684,0.07114839661459739,-0.03794775081884173,-0.048412441473105985,-0.06072690450640489,-0.03352571763100614,0.03900189020196598,-0.005594231778902462,0.027941732391399805,0.03527391407112772,0.031133756951548408,0.025296122717163666,0.015083058140498467,-0.02519924041386325,-0.0018299258613661954,0.030327001588068763,0.025381049384042623,0.1530171173921866,-0.02248253618616017,-0.014444211364570874,-0.02079326030731041,0.0060588939639864515,0.0062224109142977315,0.05189481383072169,-0.02872009461275137,-0.01793510072360715,0.0246082688221982,-0.045570675770216326,0.055113676458581895,-0.037837927639646995,-0.06739872165953711,0.10071679871121691,0.05681814976158428,0.012264324803949726,0.02775260906443868,-0.009166699280942693,0.02234999186402479,0.014716214107119775,0.009016440964049613,0.016088695945096477,0.008467817993571242,0.007286919571824164,-0.024629493622840046,0.0088046678778846,0.009065712247834343,0.004970783240383067,-0.00428540234257969,-0.0042785275061,-0.0013495568983965098,0.002962703169681737,0.00012663494503454954,-0.0003280586920004892,-9.34569047799394e-17,1
122,0.08567627042158715,-0.002751056692288796,-0.02703449465810055,-0.07437053193404179,-0.026622744520926882,-0.06027770375825288,0.03748916877062882,-0.05213233882336648,0.059183824528035764,-0.13043635256086633,0.10709149724265937,-0.1737596740507252,-0.0838669435869527,-0.0222456956899448,-0.02800945495127613,-0.023030365789210895,0.21274276414350263,0.16525956422652915,-0.05731710842944869,0.09957242823906086,-0.043253699307101254,0.1095557845384331,0.10182866207384184,-0.20819565754264507,0.0800893043357414,0.03510321553802779,0.1711036140666754,0.17310504169901766,-0.06791472130113035,0.08088789032426844,0.012151675788217112,0.07026424948483972,-0.16138590539876985,0.0643504446234053,-0.0012040348568384627,-0.11234987491806356,-0.05900288388383007,-0.022847608661280636,0.019955022438968257,-0.1747301091851805,-0.0065958002645311025,0.08114270039019904,-0.13643966691111015,-0.006386401899075256,0.017817212325408453,0.06047430837179112,-0.01361347237665324,-0.029647543700333106,0.06213537569378393,0.1523759537437438,-0.04661854022607046,0.007908842753218404,-0.09093715325109071,0.07540661285572738,-0.07908284663197877,-0.17170854212608885,0.06104932979019942,0.029871569385341457,-0.027114749614280932,0.10123821605543927,0.05523654028997933,0.0064090504133820555,-0.03218128950106367,0.08264791896332827,0.07229693605808427,0.02697151299876108,0.03277073393433433,0.05323590003429233,0.039312802675723256,0.07801748814626815,0.026364017670753064,-0.12411814039188553,0.07001405288190624,0.07847915741382187,0.0881128344882074,-0.028351296863079366,0.03813546573775985,-0.03815638846571227,-0.07154551207850057,-0.07797816236433813,-0.12409897723371272,-0.011891381447580056,-0.025092427522022828,0.019003060367454177,0.09710839954376249,0.1449543509616285,-0.1715403963607912,-0.17019965307507168,0.01594900853732707,0.16352999876271024,0.09753929041052531,-0.18561851473465615,0.15043502512273788,-0.09765889345016376,0.0436334760487295,-0.003780383852493872,-0.018925969610331942,0.15778438926332153,-0.12621940506084942,-0.010702052929297842,-0.04103121568348117,-0.10450981853206325,0.13860925045897482,-0.026357370768185073,0.12293703244656379,-0.06136019288896675,-0.08453602928948876,-0.03627379570173732,-0.04421779768471077,-0.019755586400881747,0.01593273633913831,-0.029668417474632537,0.05984789748052814,0.04397585036686928,-0.020670552639914682,0.05207261192538897,0.06791161268162628,0.006124998151837487,-0.032089305788752624,-0.03591490943109113,-0.0022180228008095095,-0.027922595568984555,-0.03539281945034781,0.012662724630701774,0.008142404773352017,0.044063035002111256,0.03534621453548711,-0.03907697788233211,0.003855094830111999,0.006368961320281818,-0.051781392842596724,0.05107999916535698,0.0334596748327498,0.008930245007864357,-0.025850873423850392,0.012345196870124127,-0.013006905870490072,-0.0026224357464732567,-0.0115881215478884,0.014888310713529326,0.0019328163103222234,-0.0033493858508997897,-0.006302496518522041,0.002579847597521233,-0.012871511355319337,0.015676546115997475,-0.004708051681118944,0.012382792944395541,-8.112350114982982e-05,-0.0016172120192965932,0.005741162750770753,0.010028636493305002,0.019766387168242628,-0.0027329691305388,0.02190048562993181,0.0061706448460156285,-0.00645081140670493,-6.47565160280422e-05,0.00023583643201299012,-9.345690477993924e-17,2
68,-0.1630326219853987,0.3524434168423807,-0.1263699738503807,0.20526518166123925,-0.061376327078887016,0.05546054802280857,0.006641072884704389,0.049909435718851244,0.017504221571106798,-0.13093835337343074,-0.12748030073650712,-0.04216201699017705,0.007831842219151269,0.0026782729429339893,-0.017772247157034265,0.028256894446802114,-0.07584071102421969,0.03599859361545823,-0.03806344143017931,-0.04143255088302421,0.02781838524032048,0.25301792528432043,-0.23904999125820153,0.03405819934226839,0.03744266197266498,-0.04834598903212899,0.05137808730636366,-0.04829613029512416,0.044806734820464614,-0.01477289030049199,0.12885931078637397,0.28054996182646685,0.0028123467522571076,0.07463846351243979,0.08022977852914344,0.10571372851543759,-0.053248226075802284,-0.018865509935993154,0.1300249894139198,-0.011742397895682316,-0.10420385163534467,-0.07926566815094606,-0.03831492852262063,-0.041537477895939985,-0.07094833301708875,0.01921555728851484,0.0002728864979633703,0.015589889752668097,0.018378245380746592,0.027287532621917743,0.04059473155497189,-0.08581251354186592,0.002326696170334282,-0.003234720922279871,0.002810148765503766,-0.03038196738005569,0.026236358690473954,-0.017946952273669707,0.008276905189361482,-0.02521567664631021,-0.03964161828602228,-0.00909178437708589,0.01465609108817977,-0.01960354161980324,6.726770238826859e-06,0.008395681265620479,0.014889506618356321,-0.0302751875485407,0.01679384975557149,0.015369013624706883,0.030721352813803893,-0.0157869379607561,-0.05883481612304637,-0.03068500919535102,0.055642289581290215,0.006024889972032111,-0.038654426504138306,-0.07277436736116177,0.0021674907306752623,-0.015957181992677625,0.02260872948432407,0.0009362312790306204,0.01730623429046141,0.04665771491818134,-0.04069375764540144,-0.001208013418862547,0.0060614138894599726,-0.021923860781200632,-0.015992840739867994,-0.025631572941831854,0.07953080043865639,-0.009951985378407236,0.01099219977745301,-0.018318101993367992,-0.0012903730540840947,0.03587730139934537,0.014462598982568112,-0.02620683296956336,-0.016624808200087004,-0.008422060994748674,0.023437876615193542,0.03709338284596632,-0.030157134954340914,0.009019805907789603,0.013781741434648786,0.02898886627282839,-0.028914295978467393,0.0013206464824972316,0.0029330842907080118,0.022013657570754408,-0.0047607033929771714,-0.0013464139358037098,0.03200369689116443,0.02603080530277553,-0.021905592878765485,0.003721857628912076,0.06058706331520658,-0.0779686230185363,0.027704675951246517,-0.02149414063646289,-0.0057083857885141314,0.10450565152492416,-0.09464637626435488,0.09317508717014192,-0.10459170692800322,-0.0010533647072293456,-0.06730389178045768,0.13217215631912516,0.15330489001313827,-0.03018224546689963,-0.08037519991004617,-0.004041384211894304,-0.23074418377191389,0.019246394725878767,0.005943902476168289,0.017083213618742207,-0.08909028603921196,-0.14467787082056283,-0.019934522622185674,0.05945275526815252,0.01933119406526727,-0.06269939305258314,-0.1561164490980346,-0.20462708214835595,0.03961929283631791,-0.08610313897082328,0.05730621766747445,0.045462807293788376,0.02965336856812504,0.03527925925960957,-0.005846506937101685,0.005834978314642062,-0.011588983003014787,-0.010593601454781155,0.004054779411814264,0.0005992747408572686,-5.051033551140976e-05,-0.0003616587518970273,-0.00010604335944714315,-9.345690477993935e-17,1
169,0.05654288400814725,-0.00683904897767056,-0.0072019748538088395,-0.09898136850751502,-0.023003421760153936,-0.09656270907052283,-0.012138353053494328,-0.1882151122437143,0.024949924871611698,-0.18780478121094413,0.1360723832993199,-0.19869748827318892,-0.07773204360903174,-0.03899101980195208,0.027019379686991123,-0.017039786176031777,0.31434078398385107,0.2499622708688495,-0.037007490883659906,0.19632697767441734,-0.026474388574313733,0.09158734013548887,0.12962515196964142,-0.1737415188409885,0.12722656428397397,-0.009305251420156977,0.17188820313257228,0.06805285073562452,-0.08550730950719666,0.05498798141514319,-0.08867872462487782,0.07527947755912669,0.04479023888373461,0.08081770819848985,-0.019426893228564238,0.06644919894310487,0.03748546412341143,0.04966174281764514,0.029512649880741756,-0.008304814674366544,0.004558062659819561,-0.021346272161170042,-0.09097482145104359,-0.043139410176381246,0.09521356714876478,0.09456588413336596,-0.037035014967418296,0.02996788403350446,-0.15757797496095247,-0.0389276245419697,0.03469095859477183,-0.008760550595139655,-0.09655734834758903,0.016204471340795775,-0.12203188261589071,0.030342532680666463,0.04930837198269789,0.03446210761568743,0.03959351207187817,-0.12398172946402718,0.01851879364250847,-0.00296178534650645,-0.0994152756988288,-0.05182424782925505,0.003335368610223454,0.014374213498203938,-0.02372525259651726,0.03743235647559714,-0.06969683918079048,-0.014838851776527509,-0.12440051764783218,0.006631717465231903,0.00673006038761387,-0.05698689984569337,-0.0023577237394027495,0.012950282149917485,0.010197132650847278,0.004290191608996302,0.07117197307860483,0.018527661722459666,0.06678509216268742,0.041232336707999695,0.04571322294941457,-0.052211572379056916,-0.08574040337945867,-0.13103046525850184,0.10151043831401041,0.047404542127481276,0.00696012364003411,-0.11533578605533863,0.010415581400268605,0.17619807838140344,-0.10934033001461635,0.10854860772846224,0.003406754325172401,-0.01615600604442051,0.004894831853007791,-0.11139889003825096,0.07517151298765029,-0.06696206103736545,0.08176540595909661,0.08323469147551392,-0.05304645916334198,0.048920795981939234,-0.07719267099724013,0.04139986140137036,0.0364181986064958,0.018943234267308352,0.005761251318042609,0.005630796241631526,0.050923392193003715,0.011384915118935714,-0.011797323912717565,-0.027437578811611706,-0.00444683838166281,-0.030655042488076212,-0.058922182459483635,0.011203477405305418,0.0039822799621723765,-0.04113067555222475,-0.055150169280102516,-0.05243954140275125,-0.011966579629326566,0.007720776444717608,0.02511081548423103,0.004216316856266166,0.03649998298779814,-0.047300700931565035,-0.004748880854948449,0.003192105267230928,-0.2002491739898521,0.2371194226528681,0.04819947229391804,0.03239782479364925,-0.11921542978528585,0.05605750228426605,-0.041631130412051055,-0.02669029192276138,-0.02492901637220361,0.024908945343264287,-0.024207467781591354,-0.0061748323449974645,-0.0013422252422046605,-0.010353799969653294,-0.019033802662998877,0.0072915253675278425,0.007350850976102427,-0.006684122714528626,-0.013497461390733857,-0.003117998145669969,0.013766552343144485,0.010932169279396414,0.006425013830802192,0.0008555402506914495,0.0062831726634684755,0.0012795130618789598,-0.002212384623007916,-0.0012885095125524096,-0.0001820517506151336,-9.34569047799392e-17,2
78,-0.1918059894116367,-0.12956254757399907,-0.09139376046650514,-0.12004495691902184,0.6020968987998426,-0.15830686234092334,-0.2117677121887899,0.1212763965232433,0.11406633893601387,-0.07680803414105677,-0.0172209347818456,0.03859769784943939,-0.021737755890381193,-0.04143415235688563,-0.11839097765289786,0.03850673055398904,-0.04569154138202442,0.036895960773737524,0.018999833107445952,0.02862068125247569,0.043251618611842506,-0.0035010435165725917,0.011902889827498136,7.704188532217069e-05,0.0066909485046586096,0.0067160130549358725,-0.00667961510218055,-0.018402052617201264,-0.07546347149428194,-0.008688860377058398,0.024123509912690785,0.18332813558836533,0.014821945744092962,-0.26558694909521746,-0.15480950401374646,-0.04123045659888053,-0.048010438787661223,0.008563811956729736,-0.026348011988989898,-0.014639279783490524,0.015412600659173454,-0.04408393308446449,-0.0012765942937517586,0.022154451486573617,0.014721293431823221,0.027645656181898893,0.007526824421873291,-0.00302843733295797,-0.007888013243608012,-0.013735584388743685,0.011229758871666823,0.006302578100658734,-0.015590323857022656,-0.007914332275802502,0.006260301292347571,-0.003377998574655954,-0.008172661676309229,0.006232956557244142,-0.01810243019081441,-0.015203893579309817,-0.014874797097455643,0.01869800579781425,0.01412868486977503,-0.00828071271772255,-0.011927488537053768,-0.019348257224983952,0.003189807913909821,3.9545617589772666e-05,-0.007268473590225637,0.0020882334164192148,0.005034045445918075,-0.001557518114758978,-0.021083468023133656,0.008046380895356852,0.010031480361389214,0.0021387427194715994,0.004895309763002492,-0.0004332887525986212,0.0033700166269636242,-0.00010579874529275452,-0.0035912599572318783,-0.01632455299214168,0.025291802516037926,-0.011985667092776348,0.0054682816186683745,0.001062267208205451,-0.015419643572840862,0.0012616969647919409,-0.018848274746402674,0.01661742250053395,0.012689731242031255,0.01686801521688945,-4.518047333165381e-05,-0.019141887942840108,0.030997926627287026,0.005631399769252016,0.013745749960058737,0.010418869158823138,-0.02578761814951707,0.030307187360038443,0.024556293137609528,0.008735845185891593,-0.0073110521385348895,0.004043196995115445,-0.03186052796045738,-0.010419037276233011,0.0014018206273127209,-0.0022136086433883805,-0.009036355857415168,0.03034349230116041,0.014558961315110468,-5.450283160863137e-05,-0.009889298674196774,-0.003404622841569833,0.016575781687357124,-0.013232488593997097,-0.01837764249981367,0.01900495823726765,0.01829367761096271,0.006023179433074177,-0.018799517912181016,-0.0009171310987628268,-0.0026045873521231807,0.017655677016091286,-0.048337280775771,0.0030249065653197385,0.023451664724121548,0.020855672155797388,0.05038149305976742,0.0040401165949246745,0.005425786691900286,0.018528993559824226,0.01008898507427506,-0.004978200325240471,0.0034188743125457928,-0.0015841488995859108,0.005587789733167561,0.07429111253535138,-0.024669765574533986,0.1251316745004137,0.29237972201207535,-0.10252214535563625,0.281013427939769,-0.033741452918762474,-0.008400800854997717,-0.002010553257525935,0.21076034785102532,0.043107920772072296,0.018695740992005244,0.04929064481335503,0.018777615440921942,-0.01303020608998029,0.0032297949374866476,0.0154712132891726,0.0009631933103491266,0.002123977469736507,-0.0019086563022427275,-0.00036870185714181405,2.4019693044126128e-05,-9.345690477993916e-17,1
171,0.10453343951150841,-0.009048948638560076,-0.07228223843852438,-0.24245912922336693,0.016951799518845845,0.05720737500699981,0.21420011852417342,0.11725967055468361,-0.29947973080648294,-0.06117801030373208,-0.07404560370408217,0.04314986832573898,0.09171557784958656,-0.015074022958564231,-0.1543758621919224,-0.26864607786403893,0.11385109039318948,-0.10930151197545201,-0.05969334219264695,0.019911918923068744,-0.04544279900433277,-0.04752983034483931,-0.0025001973425686154,0.013351840417047258,0.005111399756037295,-0.0688581172908708,-0.031195921804521264,0.002422407914449272,0.022207044178194087,-0.03684457113582612,0.04203794314660274,0.022954005741155303,-0.03427212060960328,-0.038373601610187116,-0.04342687538276385,-0.04476844937970652,0.03298118958446459,-0.0007931815910247847,0.028122800046179137,0.06258077924339805,-0.09134144078054725,0.008213530548166204,-0.04802249378698068,-0.03256905562801322,-0.07390066054853614,0.012152441024736223,-0.00829114056365977,-0.019581816443372587,-0.0543870168575398,-0.011572110087582977,0.04389938190750829,0.05137697876670434,0.08299351106060367,0.012672970038629359,0.008565159990387174,0.01708633031233532,-0.01217026022936453,-0.0159982331535665,-0.03875383088659901,0.018692870976387582,-0.010098980663861432,0.052275901753867794,0.02449954289154116,-0.024535162525824883,0.02418774761700879,-0.04485847370494923,-0.047969710598820346,0.07313882584177742,-0.06188784511439424,0.03094795366305261,-0.001611489510931413,-0.039583357068599626,-0.039024147259413486,0.02701533007499107,0.06739893187951886,0.06692059742332454,-0.007606340054600796,-0.03613102301682688,0.04158866240043582,0.005812718242821679,0.013296003074723521,-0.06437549422820134,0.06762019670622542,-0.08574139923393893,0.003915981769684303,-0.0595433779117072,0.09948409913343113,-0.03087511289768346,0.03971259133982311,0.017922802334400245,-0.026911561780690027,-0.007748157005150129,-0.014538494584028273,0.1662454810954632,-0.16246261469771747,-0.0476031458508543,0.027089924968700944,0.07519569787253165,-0.012405468367759746,0.07193172048327724,-0.029596864846075658,-0.0163672724487552,0.016784010906633895,-0.031659806411307376,-0.009493338331856605,-0.12201715023494335,0.1128007854458774,-0.2943537547479,-0.12302707956876073,0.011869445406200784,-0.15107000369804768,0.15642733849985557,-0.11100299639756138,0.24859699580422423,-0.15852011214676998,-0.06954505037053482,0.027114448695686293,-0.04924291144155413,-0.07225504659235407,-0.11703269090625974,0.08028859961637459,0.039504419866307,-0.03166755849852973,0.08488102532144265,0.0005308821530787035,0.0987293758995331,0.029678015266197205,0.0004362833796411133,0.03928282661460824,-0.00419200211398641,0.07554767865403691,0.09023393005051357,0.04074446974273154,0.018218150325080062,-0.008172454992910085,0.007074061369627026,0.009283235175876214,-0.004819799769291264,-0.010355086467587708,-0.03667446273597395,0.006018371430180686,0.016739625919971104,0.007414694527166825,-0.020615312446765812,0.011420840219154361,-0.004928467685335059,0.004903411952751951,-0.0035059179659614973,0.00615567097082864,-0.002686686378026701,-0.014573524701223028,-0.006499533957596949,-0.008664056663190674,0.00866361410191926,0.014207501145916174,-0.01862476298211691,0.006527975433271498,-0.0011348906446642774,0.000412268413841728,-9.345690477993906e-17,2
70,0.052146885710109565,0.004298491076097052,0.28063841360295505,0.016798988390683955,-0.04992745834585882,-0.016430675102248556,-0.0716865095993589,-0.10817933738392004,-0.04388458155177855,-0.06673706069849306,-0.08756479770285808,0.1539158942297053,-0.018282185796960324,-0.06120237441936531,-0.08790765011731781,-0.017596243080461184,0.07988710729728975,0.0643114783311896,0.07599997837600478,-0.09065947884384194,-0.07818310823572668,-0.050086585697971454,-0.06393499980459028,0.11082420015488849,0.030274450538717718,0.10041947928234245,-0.05900365304865105,-0.04931067062848466,-0.041201674248349356,0.022792976317986338,-0.13581873154518848,0.09896123842220944,0.015119001729038984,0.0600267595335485,-0.036071948954920524,0.0753152205814387,-0.12101727877616136,0.027371703718995694,-0.08874437725672307,-0.028330422222751346,-0.06668712923770888,0.11359272107572037,0.04975213269095182,0.0707226080512748,-0.09323457406428592,-0.16101588869333786,0.0862699826030595,-0.13135128924089434,-0.046082132953592245,-0.0331470007831577,0.09191541265363586,0.0363042556598786,-0.04617382466757285,0.05936319773256538,0.015515071651636531,-0.06998200606646897,0.002398285002762234,-0.042981098859338394,0.0065040947055895375,0.008908456623067466,0.11925275427329769,-0.04818192574478605,0.022032628677723095,0.04047465296416693,0.0003202656054889556,-0.018745581968037647,-0.003982324361471959,0.02651213345932013,0.04201808094434623,0.09550070095292418,-0.10714352757841096,0.048288025393598506,-0.016524517604606673,0.12078947598709733,0.03424131247976754,0.03189646120758069,-0.02820116390188815,-0.04879439952885716,-0.06382057967936906,-0.055385223897668985,-0.02222581383567871,-0.1416531222226696,0.030957284767108923,-0.024658319968519304,-0.02470288473578828,0.03833133297995925,0.003183551947840957,0.07152049681309265,-0.004621645242091132,0.12292868238999272,0.029698677218177857,-0.08889884336837557,0.04756075231707044,-0.0798342193326562,-0.22274536628585725,-0.17876845366066346,-0.02908549365399912,-0.15122209865783584,0.03951273559905481,-0.22649125724445063,-0.007450359459825399,0.014726637328696704,0.10030446049283426,-0.03960739939760624,-0.22892644848716356,0.041880600942510816,-0.05414226583348968,0.15545688427996487,0.0281866664688507,0.14946929935721562,-0.06815587695626507,0.06630392041841095,0.014876694786766837,-0.0009275768981505488,-0.005554406142317476,-0.031259554762238004,0.060180124835456435,0.129551110570656,-0.043718129286106376,0.06088993603429935,0.010137177056078871,0.028771723527785467,-0.05841539193168991,0.05926751767671019,0.0703805444855694,-0.09034594951951186,0.03831620167182194,0.012456034355812037,0.017853116953719213,-0.03325406324323828,0.03356374421458432,0.10221021646901328,-0.00801145994893018,0.032793694833221074,0.039511070773860506,0.005868755127015239,-0.014099203811744156,0.036908034718212315,-0.057614840193667735,-0.035072628084127554,0.005340093073283162,0.002534876595789264,0.013050865391373154,-0.005157300786888176,0.03187150024875563,-0.044351084166965926,-0.012121792107422197,-0.0024262419736867198,-0.0091857210548102,-0.007696581511757864,0.0034091422890787557,0.012855851501294188,-0.003910280281505647,0.012164969414871551,-0.0014100921656917396,-0.00266361137870627,0.004835540194418786,-0.00017959151804531888,0.00010462718934256394,-9.345690477993925e-17,1
157,0.04714114947968689,-0.006094918436303673,-0.04120014265874189,-0.10134551285252436,0.00919559171962567,-0.030433599257922092,0.03538463458555414,-0.047148859925367576,0.004527256849977503,-0.021604242178240814,0.005930768921502191,0.016130845558787504,0.013648374042396275,0.05148260234776869,0.0654173969925753,-0.03973467460706882,0.03431839267689252,0.07761461810851328,0.07138413965469309,-0.018235042700406073,-0.027413777678259126,0.0324882775754349,0.043100633368223555,-0.007053527023373757,-0.05472624820483737,-0.06911479549153689,-0.05613645947137391,-0.1057981367628737,-0.0021609202204137456,0.053967115407885985,-0.07222621081499198,-0.011797144053082903,-0.16614195100950377,-0.18595502820280715,0.21629732712435343,0.08718062656539835,0.17297585763027232,0.1348120822100946,0.33891902775622756,-0.1041146117809551,0.03062568998038461,0.03743875004498307,0.21260137472115273,0.2469983680118036,0.16654658531655595,-0.05481542223491606,-0.09739861659760216,-0.23316747044194935,0.31584990056375933,-0.2097747884997524,0.05937421439414598,-0.020722342025317916,-0.031437868466153096,-0.019916552432339942,0.1785536737497127,0.013343160371825615,0.019931983764669016,0.1956562534886726,0.21874048530190535,-0.11576594302996376,-0.030596525285805004,0.023477752499453795,-0.04056154212593765,0.11107972272406555,0.028880428978768,0.04193954889040194,0.0023132449147115763,0.07763695230269435,-0.11865365596783375,0.07754744392053275,0.015383425530633257,-0.031164345237274117,0.02766080800143291,-0.003857815288465808,0.051343681534377315,0.1155536046192068,0.05538708945097451,-0.029178559670343947,-0.005997683709450798,-0.010193767408358657,0.014403063842113253,0.010731513248036348,0.05849830718715625,0.030456114845461228,-0.017710203789086217,0.07184997973759964,0.006820134266034686,0.03145943750165711,0.07316076569135654,-0.002998216049394203,0.059434231635266704,-0.0018025237130156878,0.0025309607999398904,0.0010556913578264352,0.07139692820566493,0.047278330955033004,-0.05250003171465281,-0.0008632187541011178,0.027264288011560125,-0.0017618401592099354,0.012000767564603304,0.015941169763012082,0.0424333219562503,0.02252528923451376,-0.026447765950687895,-0.018614550142481378,-0.01422070697182776,-0.0442163562009871,-0.0509093222323296,-0.0031600034853434267,0.05795898070016088,0.050792305878763974,0.009860478270685253,0.03791126942193264,-0.043231063653432565,-0.10404346878637029,-0.009399863699431254,0.058221341758473495,-0.04531511490997256,0.03467277909571991,-0.0994065446466877,0.024553481379374686,0.021257020494420274,0.003998698024963256,-0.01110870260186638,-0.017668205022192095,0.019593720590250416,-0.033611909006466135,-0.015189989295587902,0.004193758517738948,-0.0022888170268016124,-0.018900560934153914,-0.02458188325481518,-0.01641986612355035,0.0016136070805967335,-0.01083105986704998,-0.003954328632043909,-0.004078412796697643,0.014708740505631538,0.006617798885341674,-0.01021457985780195,-0.004968484889427491,-0.004992806359050087,-0.00965933835300772,0.003068776933904718,-0.0037433015333560825,-0.002549984390163285,0.005323357709136434,-0.0025248948384772726,-0.0019284526174645719,-0.00283943654535225,0.0048038422528777856,0.005413821982877336,-0.0012408367658355794,0.0006793060570590891,0.0021196525077710458,0.0023158642822927577,-0.0003469444605084304,3.2702613023339074e-06,-9.345690477993935e-17,2
155,0.030032919465908033,0.016051718941936313,0.016844396574318254,-0.07040500017324193,-0.04805787556517139,-0.09247388188754825,-0.0351173632864158,-0.07544502419199964,0.0016343587828993524,-0.07611929243465293,0.004138751789170058,-0.07503582922227117,0.15342496168847006,0.015875652777350483,-0.002511577345188692,0.003644460914222262,0.0320765688727333,0.03705754394360878,0.045622757469709785,0.015268968865260742,0.049428717729413284,0.0767222052810914,-0.033757158238655674,0.18547960299637986,-0.13612938837057134,0.05167525556321157,-0.12474214148696913,-0.1311222351033881,0.04034639829661637,-0.10464154948936974,0.09685495409934407,-0.10476081443324511,0.08977930334702432,-0.02501413304130665,0.026976919916749754,-0.11721252620608293,-0.04264668174323429,0.030940205677395218,-0.03490881229750729,-0.055171735954962865,0.16608990253793088,-0.07472670745764795,0.06345535542626209,0.0024912201097383375,0.02706589291402834,0.01600619212937944,0.10415007600331957,0.02791779404386759,-0.05999051404169243,0.13642217106363605,0.12299106426377704,-0.02068663068982485,-0.03709441653224995,0.008192049740065455,-0.12123506016428374,-0.1976472452527099,0.11546038324193289,0.1985943401647553,-0.10070513869238105,-0.07273698577694943,0.19716076743557023,0.1831168317502339,-0.07497100762627677,0.06177177190777032,-0.04406488525291694,0.226697764277783,0.2890476398589792,-0.04998027599338187,-0.1635720947170974,0.22477401109896797,-0.13172012831617286,-0.04299824865447333,-0.11928995904172353,-0.04035626969371156,-0.09586081584611522,0.08843028921041242,-0.16224031232671077,0.08303080818982257,-0.02475960831556583,0.1624739246799204,-0.08876756166504583,0.07337011853488283,-0.0950802099940813,0.08903610426917563,0.015620800074842858,-0.06888389535174408,0.040864067633126284,0.06665046222120706,0.044383518445687664,0.07929778540152557,-0.019782681792097294,-0.030734110972844595,0.01716283126314946,0.025619664160653227,-0.0565324991251337,-0.07282879072095876,-0.01670968038372319,0.013039040174234474,-0.01579970292245131,0.0758512335650807,-0.09270385367469738,0.013836525734207279,-0.07642941178750531,0.05830901626422026,0.08471111449112642,-0.013718698559756569,-0.028849292784868034,-8.914982489383099e-05,0.017690758811548975,0.01651484859150855,0.00016570306415601696,0.04590413811148964,-0.02859414722753518,-0.015103985068728246,-0.005212332550439426,-0.016859024906075482,-0.025838871761350888,-0.00972732758929975,0.004743503462501304,-0.03327452659901943,-0.02675812110047714,-0.011187790318227862,0.02092159887261713,0.001345359438298837,0.0016136708108902616,0.002605107511287165,-0.019195374736729297,0.028389433260391155,-0.00514552932924588,0.003973144935046437,-0.007763511313844936,-0.002036228968689184,-0.009930195118780894,-0.0036345744086143956,0.003384565158614268,-0.003640692134282804,-0.010467900489508904,-0.0023960224842281236,0.012705098549770978,0.00970949461978953,-0.008248963915276625,-0.006899518701138463,0.0020156737754614177,-0.010568301754663945,-0.0010056977001693629,0.004634024131303005,0.011188981906515629,-0.007755927680578306,-0.01601455268469182,-0.003367149576132942,-0.0038406658348494106,0.0013807085174635737,-0.0013612452226740607,0.0037975113324530997,0.004463590694553265,-0.004643390276535189,-0.0052997781707622114,-0.00039728815923275847,-0.00027915767108694256,-9.345690477993924e-17,2
109,0.15136891485359952,-0.058935976567079676,-0.09797420850974209,0.014524897423836372,0.015340802254205503,0.0004511685887801662,0.220878016189131,0.18652845718992195,0.23977618542921067,-0.030845199553321136,0.0013514250007596322,0.21631206199025105,-0.030303178290823702,-0.03679781694304001,0.08909537117825422,-0.06916065490027311,0.03662726151060342,0.05163146706584108,-0.09375016923475461,0.04395520429736391,0.028114632944812076,0.006348948323696416,0.024793734048543858,0.14029764986614557,-0.0640705720562815,0.0930226926951345,-0.0631033453498345,0.14699107990492735,-0.049515294698616374,0.09566635501946322,-0.005910965263917644,-0.09926671327703535,0.1286103966264709,0.018160516024800916,-0.0815653442213951,0.06610066619056486,-0.015857222235751693,0.05733278524442312,0.04037846134649228,0.06560257221734508,0.012365003070056528,0.06376303904249259,-0.10458218738595489,-0.06692998985461189,-0.02146813899780322,0.021672550936182675,0.033026295983646946,0.0061628652717365135,0.1763543099542331,0.008400024837329044,0.07566832306257665,-0.0562313152630892,-0.08037636179096835,-0.1517356526177987,-0.007753862880169172,-0.027435266479411313,0.028647751259948118,-0.043314627826911804,0.006424262400145478,-0.1417090449603628,0.023599789371543986,-0.04857875471954894,-0.03101848986522584,0.10476297104946151,0.02808800478351382,-0.06162596225122054,-0.000985448573692078,-0.014011974274499866,0.12684723076649737,-0.029575203103589687,-0.11686782410875024,0.023979534289627735,-0.04591312453501002,-0.006843082529630032,0.023702558453625486,0.006228974835022884,-0.11274871803773476,0.042996270744567334,-0.013301692805115775,0.007548636958815569,0.02796571058457618,-0.08971114587044252,-0.06472170120791561,0.05578499934526577,0.0078243166963099,0.03782450848589827,0.010647103499810745,0.1497777735603689,-0.10744619907717086,-0.06595734485979766,-0.06919353419682403,-0.05149101533672864,-0.07188517398469155,-0.05325221131828172,-0.07270792085245352,0.0588002927830351,0.06907073569694834,-0.15948177535123342,0.10575413087644249,-0.01485100249219506,0.08889647247850767,-0.06003667050736568,0.10380099210487553,-0.1195411202517682,0.26084535293819977,-0.11191422373385933,-0.07602641394134681,-0.1675794834078006,-0.07564756779740718,-0.13211576437748407,-0.12561436625163921,0.005692562866352273,0.02325210571666666,-0.03054663631772557,0.04295120818199488,0.0025451379702664833,0.05788205830273262,0.06386668876605817,-0.014556928644209972,0.03341418757752969,-0.02565183095191547,0.005861182156301314,-0.09679077912860437,-0.05948298933315674,-0.021588981176720326,-0.11059739907989789,-0.029473004917266784,-0.05840046572604526,-0.01715202309354908,-0.036124145520979915,-0.11021289613472485,0.008743847732874125,-0.02133722727310169,-0.07051685376956181,-0.022678496350647222,0.007391348157484719,-0.007220295111592938,0.03604242306612485,0.0435969393563338,-0.01119605745232968,0.030312853102185545,-0.031019026843700562,0.004842487540170635,-0.012532622304809213,0.009462662769426878,-0.0017609212589307557,0.0007145525800017886,-0.014111690012808754,0.01745216065173156,0.002555366620579802,-0.002757331056404255,-0.010142696242763769,-0.010277041700790985,0.006591170626359624,-0.007338168629785376,-0.0020603253668627147,-0.0001688667541275867,-0.0009528297690586468,-0.00020153595782410074,-9.345690477993936e-17,2
6,-0.037703965129785966,-0.004396192891111548,0.45309290982984146,0.06678750554000078,0.0947681816264176,0.06030473458558395,-0.022512938414613246,-0.002368351376350924,-0.08292634876792915,0.010690132610633696,-0.037304328027818606,-0.08113553527018381,0.05541171644276389,-0.04723838237994786,0.2936891095591326,-0.11282894668930929,0.10321122615498504,0.02070803509935066,-0.022557766019572746,-0.04493972604097008,-0.09130207898980283,-0.0989044830243609,-0.16720341041926004,0.07974906204278301,-0.050465890251319936,-0.0025244556803743715,-0.009201705585785277,0.02117400396045805,0.033783495271220064,0.06791649563187659,-0.09209216778360108,0.02243777467999468,-0.0009682809893899672,0.019191427934652904,-0.08358352636307002,-0.06290932104786336,0.05956343457390727,0.009664257202345223,-0.07367851203592188,-0.04262579197624732,-0.10695004498542521,-0.09331261706341598,0.022363201322630477,0.011310248226484557,0.05241630386253059,0.05722725523320605,0.031047075862763198,-0.06624632747975222,-0.000648583324069536,-0.01951344214079881,0.012078021764696276,-0.023218338419549085,-0.07136501387003509,0.0035676390960622103,-0.04942845936085468,-0.029154854987112813,-0.04323811099789075,0.024954998036271513,-0.040169197603672956,0.02430077147050642,-0.01972545325194332,-0.010109629887489655,0.029596362170202048,0.08228399487140046,-0.05933815321385136,-0.04354400369637655,-0.00996931129003591,0.013691618516462788,0.035409153363247965,0.001623825401536203,-0.0053379696324067005,0.01362316739815553,0.0832129803981769,-0.028557102786511874,-0.0140851411816968,-0.016549692346584655,-0.004715827635423979,0.02680786989268988,-0.051844864245211016,-0.0067999664904580545,-0.044322052974153356,-0.02673619141561662,0.11103624073229933,0.05249276848518586,-0.12928357045304772,-0.05442250546360921,-0.04307775076207575,0.028855725663195164,0.010095541300278992,0.13112442729132537,-0.08852816914084954,0.05340977969656133,0.02735193681379289,-0.0021868404808877305,0.03711197989243126,-0.10069525045202209,-0.019829696741355655,0.00894386009344101,0.035110783438486816,-0.04330767141367401,0.0591581983479243,0.03294798594276299,-0.014109222198364104,-0.009498901694447738,0.0009469085904738805,0.06816135230180283,-0.03904025680594436,-0.044710596094241335,-0.06579746429034257,0.0761374220541633,0.07776006092868731,-0.003166674485008713,0.053763619297129625,-0.02467916078533511,-0.04485606788659458,-0.04388003386887217,-0.005564504074407391,-0.10119365550732679,0.05693250739484807,0.02174617123507666,0.09334592116018972,0.13618576959821047,-0.11710141401989105,0.04045645408164897,-0.183929597847198,0.10236507267281414,-0.018877438685248667,-0.03929585256392319,-0.0865995298834778,-0.08978052326671453,-0.06053659144927438,-0.09767050934184507,0.1356746430111922,-0.041555486090622824,-0.0448726379214687,0.017183848108642506,0.0882353233020715,-0.1416276497213306,0.2521905070269363,0.04385530666869166,0.012125658639077665,-0.02933085444143218,-0.011738040605736294,0.05491032673058679,-0.01004402258821886,0.04370736463977911,0.030793987992760875,0.015223518469628676,0.016051243705032872,0.004172587797227104,0.009597525397216401,0.02018848165260884,-0.007937502899424437,-0.0007032764400869681,0.012859965226453642,0.0010982174101058322,0.004590509689152746,-0.0008828730354012192,-0.0005732914314113979,-9.345690477993905e-17,1
42,-0.11430707652636517,0.10172461663725682,-0.05970784286084601,0.014230802157132997,0.029617188312843688,-0.03312830597531716,0.03400222814463253,-0.06025620114651674,-0.03474733590579642,0.37487223484973287,0.5125534929509176,0.09293549230688625,0.05018818012035178,-0.07480438191924203,-0.07452235152763324,-0.050181850152993916,0.017364320547951024,0.026089454462868655,0.038998185804083874,-0.015498496582689857,-0.017838625147056888,-0.03632821804701304,-0.08533785067122497,0.10500950591810009,0.04405402976380418,-0.09277391476989344,0.08606565274684204,0.010497150654775361,-0.19178713140436932,-0.014362807487163825,0.10463011540272897,0.026903141780357607,0.028805458201626197,0.01744331826061292,0.06373286832771138,0.09735651910446044,-0.04173953428817893,0.019823269886501595,-0.020865070960462525,0.008500857902211225,-0.058569375182296546,-0.024285753888869915,0.029459409877740022,0.01582454802462366,-0.0549298019158845,0.08499827433098554,0.01574112559456135,-0.03250593470894207,-0.011263867641438111,-0.02839905944971763,0.04740864042388356,0.00872624719587398,-0.027078924238121905,-0.022156444712235764,0.0038179259804229054,-0.08478969517587616,-0.06574104976884937,0.041247721486412335,-0.03538847922688745,-0.008844274338707332,0.015444873905018655,0.011089660773752442,-0.01457396153609097,0.010921682516614045,0.0049098122664325144,0.010575447201442456,-0.049998599163392415,0.01801698022561092,0.014568966682966773,-0.07462081207162487,0.030517617207176707,0.01701724151188445,0.055813223903989385,0.014705313984216862,-0.03386253960579839,0.04741301142226578,-0.10270873099692862,-0.024948169919572778,-0.01296058453812553,0.05754871466389287,-0.027344291413982317,-0.022388220064772212,0.0006801792225245942,-0.027529854534645418,0.01416185365400785,0.05180403550224635,0.035987070402591366,0.026710687814486236,-0.05239321689936112,-0.0281995240100136,0.0059524447672068175,-0.011771210487442672,0.03296189005938036,-0.007434374804374929,-0.008187024199773555,-0.02129603714362771,-0.1289290480839195,-0.11984014782566435,-0.11442539753665866,0.099251971367283,-0.01476525634796786,-0.07877123018004788,0.08153410101310997,0.05357637478835262,0.01508743944856616,0.06898665148993259,0.1332600458161202,0.009037248915423322,-0.05688475732375922,0.02117582792562763,0.04138128860647341,-0.09412614947682613,0.019189696640053558,0.029412543396486718,0.028314986075985787,-0.05059368037003227,0.003475848200193806,0.06583478391788655,0.028145679348926988,-0.037665552366748595,0.033861025269839314,-0.041216308117003345,0.01408139514899736,0.03552017265933523,0.020450574432727714,-0.009000891803652905,-0.008441893404197006,0.03883660819245753,-0.027002471927533682,0.026480034539907864,-0.013429403340637842,-0.0166990688575702,0.034190133284661944,0.021808337293377746,0.01273934102045496,-0.017283378013700543,-0.005270922384962076,-0.07210015001407317,0.07711304547284588,-0.08720266900703359,0.04156061317890549,0.08196841871012456,0.0696831732181021,-0.14067074926544323,-0.29432084283869037,-0.10357662611643122,-0.061392771607538595,-0.03519837173389328,0.004985693661756781,-0.012959001453601739,0.010266349451343748,0.000978968596230018,0.02310846703989258,0.004328549061656105,-0.005531014338385052,0.005941181233458616,0.005419942909785338,3.5766127812656815e-06,0.00019203230534595744,-9.34569047799394e-17,1
99,-0.15433023103125,0.12696902732555623,-0.07473554283355238,0.03999772771067869,0.011145780368401716,-0.010575284981752218,0.005304312868246119,-0.054679673209873284,-0.026100510218297908,0.2296924826216345,0.3501386813495433,0.07000645066123369,0.05959205724779539,-0.04861869407167508,-0.014493035953675041,-0.04410140744478492,0.024867444532654617,0.028016337702710593,0.029014794582025903,0.007445251967165623,-0.03333416344442515,-0.10329733894077915,-0.0342807822281486,0.06667634225848475,-0.04878538917409796,-0.01903176596647375,0.04850432447380434,0.051418635544863464,0.001472434157179003,0.04490354361324006,0.05220877383522776,0.03359406952610697,-0.012489503252112127,-0.03937344218452072,-0.014706210528682274,0.0034814734998133067,0.026943760252023143,0.04032429452986599,-0.04203586290408759,-0.011649755614333335,-0.019088669554509594,0.05079721957121257,-0.025161151427869958,-0.0033293880284316507,0.029332111672955515,-0.06975270585704262,0.006359938063792445,0.036420551542793306,-0.030256215496570205,0.06494032222662967,-0.08835919114616872,-0.09319279068516433,0.052779520453109456,-0.0070344680246052695,0.0860732537609367,-0.001446200307179786,0.1459532896576185,-0.009214369635279426,0.10296582743527984,-0.005678080139952827,-0.09815033092719345,-0.023450413526164785,-0.012342588636434827,-0.14778516474531844,0.029000864414978414,0.028372776917666778,-0.005832962148279242,-0.08069657625095507,-0.03504833269591118,0.14828991117945955,0.03336385607237418,-0.1175748771791365,-0.25096951356053493,-0.10400541140484507,0.06641813389406677,-0.2843976342409556,0.22721255741373672,-0.025423918763416844,-0.0028384415424166174,-0.08339377440899326,-0.05211780951937026,0.1387094068717481,-0.014174451260004753,0.13360299413982843,0.0014568310030070393,0.05896101697308354,0.05016473392069565,0.05664379028962202,0.14187639920412534,0.11897191354863972,-0.12094097678723692,0.05254609966087158,-0.02994669265207153,0.03349223770377246,-0.02394221948588058,-0.03859748310478453,0.182396366319978,0.05507197152772236,0.12043506997103606,-0.15610621509888603,0.05809073310164614,0.07591353123965867,0.004925673891073788,-0.03901637094281285,0.004640003955744716,-0.14136843166841626,-0.09672525396377651,0.009464490303353541,0.021317373833753935,0.0004744261337895709,-0.011663726179705163,0.015581343293272248,-0.047833491968519846,-0.011257211409255102,-0.05905117357372364,0.03857865502084467,0.04005042029957737,0.015699694110216218,-0.014653169413599641,-0.030178663690339516,-0.07111980199251919,-0.004640501306912074,0.011221708159836797,0.06433098925584949,-0.0133384106900024,-0.07330931429421117,-0.050187074279506125,0.10912304968915935,-0.04844010904203452,0.07721681488439962,-0.005749460599480089,-0.007553852281381936,0.05242602797264228,0.018037324279745155,-0.001939666980178422,-0.032638385330995986,0.03596556029262116,-0.012577813326785777,0.02677352967897654,-0.03756293019637843,0.01212249104102034,0.027156465771990674,0.008212837791841461,-0.02939967400804865,-0.055446759834453345,0.006036166306530343,0.007059377230713509,-0.0011406252893024964,-0.01367627133031734,0.00387213440106798,0.0014401887577473423,0.01171196339232818,0.004580642094943942,0.00246721581322227,-0.006385718843640266,0.0025209600935238645,0.0009825968288029333,0.00045612014135718785,-6.072329138711325e-05,-9.345690477993928e-17,1
146,0.12102642044814702,-0.022590515947441377,-0.013479921682741102,0.010733212859700811,-0.03805494298827302,0.004857181092840882,0.10461103206799331,0.054754187220854754,0.12125688364737915,-0.08120300038400781,0.010677262580416761,0.04593997672301221,0.1179682902494711,-0.052620251563655566,-0.07700848281210008,-0.014210272855637692,0.018562316024145813,-0.04562436109583715,-0.038308102223727804,-0.001093919140595733,0.02290243246889409,0.01213232872336262,-0.031206489748614345,0.05534537350838556,-0.10744602026133679,0.09689022214297395,-0.00873206873845816,-0.037075098088558446,-0.018611765272354468,0.0010019272515599314,0.07684902465863643,-0.033695631032494615,0.013825877347650173,0.011708699279345779,0.05995705076253058,-0.1801399865993328,-0.012599260574724455,0.09723096125647775,0.047185575649763396,0.002078703551523451,0.001773141663711829,0.011279426844778747,0.07103655305917284,-0.1968023858051035,0.04597432235417795,0.15354800710089805,-0.1217709179137637,0.02444573692044742,-0.010201378319197553,0.0021456291196617996,-0.013513726000510153,0.032158824750953316,-0.15848384490033196,0.08424133370427798,-0.10289727175079456,0.06860197638244385,-0.04423920244418425,-0.007550191579844875,-0.10071881525732584,0.1351053388876254,-0.08702316665696255,-0.02831654491591268,-0.2830975582751463,-0.22336117235694777,-0.017689168181633703,-0.15833652245839244,0.07383235072129996,-0.1302952636385326,-0.17825710405389608,-0.008079565036500232,0.0532838468250037,0.1385108752297432,0.029119591839555398,0.19037435688425075,0.046763191097783846,0.1565880666109065,0.04866729906589419,0.035487691449272926,-0.006325505895178536,-0.15893962918707139,0.07056177448361126,-0.00840592719390519,-0.04528219030272862,0.1315410037721008,-0.014801515668383572,0.254660540437232,-0.11461121840115074,0.13143814878620105,0.06715854842854567,0.00019731381022023288,-0.017270934093620786,0.023675121938733418,-0.041900506634633024,2.5403753267370585e-05,-0.010340875435489767,0.02627224564954765,-0.009707354311378088,-0.10965794724755437,0.1406488702761252,0.0724562002062819,-0.0036730742938768874,0.049684860009763486,0.11703649535664427,0.09361160339202984,-0.11455886288876185,-0.037324731789850914,-0.04063469276230705,0.060072674465603035,-0.05622022775611277,-0.03259929775731113,0.023313381951579948,-0.016656051920145375,0.03607727072632713,0.022018460041888413,-0.09775722453404603,-0.01750761759282702,-0.002250616499067808,-0.04495753945067992,0.039514524583231916,-0.04860282557839991,0.04429189969384037,-0.020918686757269215,0.025259101711742414,-0.001839665292233704,-0.009938811684544498,0.03934479995953735,0.0034288930195130597,-0.0032718710195698405,0.0019761746899730134,-0.00515141675055014,0.016207658760477583,-0.02227539921498607,-0.017389970791073326,-0.00018535714559761728,0.028046092707396997,0.008744642792695547,-0.006529323302529913,-0.008217122257316386,-0.014227884862433036,0.021885421472963455,-0.009823099347172928,0.005703992821962214,0.006652680099386934,0.019341314088145652,-0.005645615113934028,-0.009597532883127285,0.008744390521202215,0.0019700512444867247,-0.0164162286266748,0.0016049936835774014,0.005215684159100323,-0.001973317599411997,-0.002165081612484502,-0.005468048332788158,0.002561292629499702,0.0023994532962270743,-0.004357517751698904,0.0012089042628225734,-4.042513736406286e-05,-9.345690477993925e-17,2
86,-0.19167399237941626,0.2953907727447515,-0.16481071493440272,0.14515359618637103,0.008782176497866674,0.012048923258190928,-0.02202191014283647,-0.03733174730431561,-0.030441750368117887,0.006230430509541714,-0.002127057789429887,0.020798701792334694,0.020880936543669626,-0.015734006744033878,-0.018372580174131244,-0.05113782946482448,0.0016656403901741841,-0.007744928124005175,0.042579557408920006,0.04985315076493657,-0.06091395885163101,-0.13320787015460595,0.01315031841411346,0.027816567282899517,-0.05069371923863977,0.0829498977725332,0.034599150509714585,-0.027260848877864324,0.12381023588596796,0.07349190094316971,0.02258311988519722,0.005513735617859225,-0.09326586112266219,0.08153674246837127,-0.12725023904812602,0.019544913733890733,0.1491554846140618,0.12376734598210658,-0.050794691272051974,-0.20408653674783403,0.10820564213628737,0.016249862773173102,0.037514279922871076,-0.019836352488176712,-0.09579959692260946,-0.01632235501053533,-0.020513261506031562,0.08000341561966998,-0.035949148748182766,0.0869316194257865,-0.003713331811910725,-0.020576321022306207,-0.10238979775566948,-0.05359855299882084,0.11245157835223593,0.10944791967823382,0.10739378107943291,0.006793671254853794,-0.03637843201581297,0.0304464842820857,-0.0298709422155463,0.07616028086593976,-0.04212482517003693,0.062283305731228186,-0.07727655643054604,-0.11453135302776234,-0.0946471846606091,-0.0959483858913442,0.036498580685048916,0.02595368340323477,0.029702604688584672,0.07688823294923884,-0.029867390651918787,-0.13249526952612276,0.10554735817558843,0.01122328311938116,-0.011349880977209603,-0.02055395992319251,-0.03082466665771752,0.08132469595777457,0.0020827896228375374,-0.06716871288732174,0.08830652456045678,-0.06380380263883574,0.030980905442408224,0.01939247257185492,0.026973504320288725,-0.0728699036755545,0.011952704571207099,0.0066798519969416175,0.06483581705281251,-0.004360076096388746,0.014978268634882755,0.02967567008898912,0.012065915357759952,-0.017031282582391137,-0.16989764553614836,-0.09202625065129083,-0.0931098235694986,0.10395662336277445,-0.04197161834882802,0.14602173007768557,-0.11258661413127288,0.03979320801619449,0.03618915536015354,0.015287464380268567,-0.13626751159450443,0.06352934566176041,-0.06075820785600938,-0.1286452754666129,-0.11803950441590624,0.16854131781523132,0.09082628385377409,-0.08980939097608424,-0.006383700571047313,0.01846968351942903,-0.015571922476534715,-0.02377889817189721,-0.015340325315396358,0.07945173681297418,0.08731664555673359,-0.04327870023071001,-0.011691630134640576,0.08679855964764781,0.09380654516483881,0.002088211595311487,0.1569687050785658,-0.10798066957608514,-0.12350822705601837,0.17933811434280794,0.016345127421998687,0.02505413479810381,-0.0023569548252393223,-0.06318986112541083,0.015701646875575535,-0.03669622147349071,0.016945376097860763,-0.027192875700648836,0.008605969071544303,-0.006157294748419061,0.04052672956811932,-0.018401112355233323,-0.04204341910075619,-0.04007364212084819,0.013191291507332883,-0.025202958307754573,0.027529696115317213,0.004443554871510242,0.0031638435056336005,0.021618503224899253,0.003740224681747347,4.6188001089417096e-05,-0.0015395784398541743,-0.003284042468184174,-0.002775905986784804,0.00013122123256015036,-0.003879469151913242,0.00015802493164563216,-0.000361896891942227,-9.345690477993916e-17,1
39,0.004173914677108503,0.03430489442245186,0.057798688321504886,-0.07422264295363619,-0.04937864674672399,-0.08932960549196824,-0.05041087411862248,-0.21958333857537307,0.04349682493142982,0.014504204847071534,-0.010197291366508628,0.13057274473120836,0.011831771795412128,-0.0900040820184683,-0.000910946638549471,0.00032157447114153777,-0.10173862815551964,-0.13207579530496066,-0.004953588513738922,0.3541229750170391,-0.010072269883617152,-0.03859448801254949,-0.03646553102201165,-0.015875341250457704,0.12121892186658462,-0.04766812488342276,0.07549870253285217,0.10114194859806132,0.11751374166469694,-0.20681544613052616,-0.049500134805503464,-0.058023967324178076,0.05676454635808769,-0.02471469830976924,0.002382820605366654,0.017309173913871965,0.09169370148080933,-0.05299450140951872,0.10315349052062064,0.059405658054970556,-0.03226068796853143,-0.15870943448301314,-0.018130583610512542,0.029896595970095804,0.04180078423272175,0.12922932855949437,0.07109305422190387,0.00790019783778472,0.04352518184481836,0.03260596386040109,0.020338796703296424,0.0970134841227306,-0.12894737332485887,0.021818838914175312,0.12091478593241597,-0.03148097372718109,0.08007904919286184,0.022805872103911395,-0.06291507955471763,-0.02272442828214982,-0.0481241259139953,-0.15951093372876834,0.01863668846850688,-0.028823537898017625,0.05555680253821651,0.041260450181469274,-0.05402301686306955,0.07816213034960211,-0.06953660624576724,-0.05241288237971661,-0.013835065580111886,0.22146350233211223,-0.1327646014427501,-0.02826235224689385,-0.05617977368674094,0.014439803367023269,0.029244201871939338,0.006243139139285077,-0.096248490297229,0.10396500452965282,-0.13250485008000354,-0.03737083717307407,0.07448797088270563,0.017707219180699358,0.006824203507086481,-0.03681424174021026,-0.050400864113187956,0.0418516998480067,-0.010716906602468127,-0.0395730663865331,0.005780327447489834,-0.07004376400372704,-0.016661610655789156,-0.12763447638943237,-0.09810543353577955,0.012102003129481727,0.033620342161533985,0.11775896902129042,0.012497766163003392,-0.06698728374828615,0.04891461314773099,-0.1778663890877783,0.05143535524462126,-0.1094883105774548,0.013839119585512451,-0.006033320146332021,0.11597446230929356,0.23277920964281498,0.03153872869267065,-0.15303080188628784,-0.011478118363114846,0.19185074921488815,0.08679467597989739,0.06119114623467282,-0.08482811037465826,-0.02282597621129406,-0.11080473961557236,-0.08646602048105906,0.032023639355558874,-0.035543491679122734,-0.00785430065256008,0.023113990790932137,0.005179841020287324,-0.0015694849811149169,-0.0005859591459350516,0.03270313230035755,-0.04019597097802977,0.027628825920862615,0.00811979060471105,0.034917125225978014,-0.01186977721122952,-0.006800809483750065,-0.0050391894776376815,0.00714137705472187,-0.013215384212876097,-0.0021952191355992805,0.0062792589289756414,-0.0013017443073581416,0.009607719702800827,0.004690093399090002,-0.0003575538453563756,-0.008060404836218877,0.008123801687947158,0.004947813056889527,0.0029865804464455662,0.003090228511135789,0.007453229725645522,0.01468120223132024,-0.018499836848079845,-0.0010818280436804112,-0.001622963104684357,-0.0036908279516713314,-0.0035856722813913996,0.0045060688430037955,-0.0009577742321456533,0.0012733300185582082,-0.001049022677883766,0.00024560554802611156,-0.000141794749536409,-9.345690477993919e-17,1
115,0.08361444966445873,-0.00036801658277294794,-0.03495901036708832,-0.09580336241555486,-0.017904204342687732,-0.01381855805843142,0.0354138518891742,0.047827356827786265,-0.018933015854510054,-0.0399553346261398,-0.012420528612219666,0.04211905958352961,-0.0028103512900018585,0.03440652301798724,-0.02512786137103989,-0.07130559553993815,-0.019079520969312293,0.026883984845816444,0.001525461187481941,0.005657990742171557,-0.0577396435660972,0.11693082768138699,-0.004777901150210673,0.06140776351689289,-0.08362016450331937,0.0892527446013981,-0.06266548489648423,0.31172143968111693,-0.011931182386285282,0.1436673392748524,0.09255890958663268,-0.17053497076455507,-0.22844110533299541,-0.116370774558459,-0.17236604065081512,0.28119109660161584,0.04438572982228839,-0.28540449388709,0.13024307060688803,0.17997966679645583,0.0480238721106315,-0.005888502778447535,0.18101814310770797,-0.14616492041387202,-0.03172461924118614,0.07410413726403482,0.09329744933149793,-0.07951955509925453,-0.01177736824991392,0.0696040299824527,0.021809499303510005,-0.025409258918630606,0.01086969010319282,0.02554631422900847,-0.04394191905194188,0.005124227141549142,0.02101200354242585,-0.024797066217189814,0.020256857296419517,-0.015689411575014734,0.05769490411985092,0.009104678170069826,-0.048831312382574925,0.00901241442983419,-0.061292866318278356,-0.052810123555937456,-0.035560099362359904,-0.039588040387583914,0.0549324517263848,-0.08432494981870886,-0.07714491700421629,0.012158601269529551,-0.03554242239161929,-0.044314003821619104,-0.012397799039732985,-0.04083083176774535,-0.0778840766028779,0.021654434616228364,0.004100119802306001,-0.054154255297516316,-0.01308731275952032,0.004689411809010657,-0.05682484272137266,0.04103710473330206,-0.006289898299119319,-0.05292887202618234,-0.10090815532380114,0.21467815005499555,0.20331070685529457,-0.009468608479142953,0.11523805292280677,-0.11119728442888942,0.14561287850720767,0.23211077301776417,0.09583893477411592,0.06419345536680882,-0.05868472328198761,0.11578380357965554,-0.1215832433657203,-0.0647897013687039,0.019148331195494857,0.1063989152171741,-0.00999327732022921,-0.05333552705563957,-0.08188222550981666,0.03698348807347867,0.02004350783073193,0.07770157349878744,0.02287205842748656,0.058258333132210766,-0.020346890227648767,-0.03699813078309233,-0.03613794683836301,0.011097653932187087,-0.004439211793682134,-0.012955453122789645,-0.02535632100808402,-0.02252697113416966,0.04798001958278474,-0.0010341703063509223,0.02543849903354839,-0.0016050620240018693,0.0029402499162288504,-0.01665324240276161,0.01099848545069912,-0.026181711902431785,0.0034655757033633327,-0.0030787915836469368,-0.012940676984178386,0.012240723397038815,-0.005483181181553092,-0.0012527308033834113,-0.011260246482091205,2.6662260753218185e-05,-0.01740617117376766,0.009361049479293046,0.0076719143851927026,-0.02616594765264549,-0.005070232438708026,-0.012366216474599904,-0.001099701228868771,0.011025192906364344,0.017095670241256116,0.0007044353952866216,0.00022374591813419242,-0.0011864368766635958,0.002323152462933521,0.006371952815581921,-0.004908907417616592,-0.0018704844757783702,-0.006400243354048427,-0.00048734311099964865,-0.014948821894288188,0.00573776293051858,-0.0031297709963218727,-0.005422849430495382,0.003369950333219897,-0.0013556929905344291,0.00012988380130051768,-9.34569047799393e-17,2
32,-0.008625324770974998,0.04268893579519622,0.12768469471496624,-0.038051086578855184,-0.0676935980727255,-0.07500829223655518,-0.0677658399212525,-0.19400839264594985,0.026638148870251985,0.00862533254968168,-0.08448419763223332,0.13038423532729332,-0.022008779167088443,-0.11929902072530832,-0.029095254576207732,-0.05211045698724061,-0.1012318912322399,-0.0823612857133804,0.0352723469269287,0.2030191539102989,-0.0056348426542670365,-0.018575629794546935,-0.12862009764183255,0.04249327659521804,0.05466110939094489,-0.017623886968361407,0.034268893151167504,-0.034160326862547316,0.004219469661663225,0.05212390382499679,-0.10380025011468194,0.02501351985508232,0.0015007530307026328,0.041479165034090715,-0.08319904478987986,0.012218991176195005,-0.08223732329973273,0.07083104278530447,0.03982717123949188,-0.03307946401606252,-0.06080180058437747,0.1716489980942703,0.06658520978433548,0.020555922853519003,0.02809584072826758,-0.05490358913643839,-0.07950303162805965,0.0493519525082571,-0.005074660808782078,0.04296093311161671,0.03139781072579261,-0.17342047087650453,0.010466845881435722,0.032133496868419105,-0.0020548893446484338,0.09904261939554417,0.010534421648314475,0.024905919263053137,-0.01778236798969796,0.02430807239628146,0.040366223827785354,0.10789726623752226,0.01482885907470711,0.11633171758705826,-0.13344366340600947,-0.003255607780497114,0.10263105894587009,-0.05118031649619279,0.1341058009839136,-0.01098970452049105,-0.16863149872659294,-0.3086804287546147,0.11911709252242864,0.16674305915763138,-0.05127287798890974,-0.011357389289589633,0.14099407026742541,0.01970486285613011,0.05219606213237475,-0.2056426802120243,0.1174263341305612,0.10723974118118226,-0.03457606320403367,0.03936107594146572,0.01815241891409391,0.07847783053806996,0.14714819267038456,0.10454284918601782,-0.11343616053120927,-0.08630586813371308,-0.008375931148463162,0.04265898741630696,0.0040401894026328745,0.031013017371156804,0.03274280359308055,-0.015278431805477074,0.03275356443889567,0.013522718057391058,-0.16565874185852678,0.2162379008899872,0.08220517090542333,-0.11662393834288562,-0.03749029272065648,-0.14007483175975127,0.012418186640990144,-0.03393048007769772,0.027536631161766856,0.139732372626886,0.10675920868779433,-0.021905241357879336,-0.02003784092675363,0.08744597889766267,4.3273244434119074e-05,0.02154094294085155,-0.08972233907034452,-0.05640454821961148,-0.028338906686674534,-0.05422502229956305,0.057694490958370204,-0.03189467777853479,-0.01692579556388013,0.001003738655444751,0.0011320068869741986,0.01243579931541209,0.012966136625580061,0.04082606275983072,-0.0033031294614251487,0.0012083353909868228,-0.0072941272715493395,-0.00590465282109263,0.00016847249012004012,-0.004320819667899054,0.014118143166240427,-0.003167875273243336,-0.00421921174698549,-0.004812017049617113,0.002272072286618819,0.007351734113675718,0.017413295693552145,0.002726701635779106,-0.0016497263790002628,-0.0010040568885138254,-0.0016294210730980875,0.0001947151053983361,-0.0029881832853147013,0.0016496865215091536,-0.0026367394723135844,0.004168469029987553,-0.004157239801035177,-0.005573127435349131,-5.839468136083007e-05,0.003186689317141287,-0.004306540854748514,0.0033446006000495106,0.004064537310649506,-0.004369893628481605,0.0009924205931784418,0.0010150900534353906,-0.000161846719822536,-9.345690477993925e-17,1
143,0.10914235086429229,-0.02053709214277552,-0.04465152310547052,-0.08298380119495452,-0.024861547065180522,0.024068092071974696,0.035141383536799416,0.02770864492253325,0.048844305057918126,0.05017577901823138,-0.0325442575409796,-0.03743551623285637,-0.04331073354031709,-0.015029471384202726,-0.07145450307042298,-0.056188763732871606,0.03295385482465562,-0.023291832272543566,0.057367350909411696,0.01066978726253584,-0.04867907818314552,0.023604267869763437,0.10873776283786768,-0.08929070379831218,-0.023992266639689175,-0.09549248949069808,0.07367406007730706,0.10538080332427302,0.01167539300159838,0.04047023948127515,0.021206990589246553,0.039078098299470135,-0.3448317088567301,0.019168807051342152,0.07573734512601468,-0.29304082319787284,-0.06472565165104083,0.05309404129289246,0.07466171697511378,-0.1275784647179524,-0.09086630596110824,0.05934761309168873,-0.04188684049746474,0.08840912444323695,-0.1329939015866304,0.07988589946410346,0.06324959601557688,-0.08367333356063336,0.09845823389589606,0.1327557955527941,0.08926719741386198,0.17472155683763652,0.02275784506590244,-0.07259586047882959,-0.004208121538522782,-0.12030611553587245,-0.02646209140769609,-0.06145085362492758,0.031101804344141667,-0.009380249711666082,-0.009792038987335952,-0.03877430024534528,0.07337300093345478,0.07201291680859688,-0.09482884781438773,0.09663454938237433,-0.024560387550697185,-0.0759293398961375,0.2396200828552812,0.06851155270397537,0.07700116971967558,-0.0005404226202012839,-0.003837500933330056,-0.10672627321977642,-0.17002445392761448,-0.10380994101457365,-0.10301205981976845,0.10417060802747373,0.02301343773758673,0.04147699452296789,0.11684353720081898,-0.012388890534946894,-0.024546160540476432,-0.008050914737674091,0.07116088909515685,0.08916458763996078,-0.2429419628101851,0.07322605830398599,-0.07548521054770688,-0.056502930164452514,-0.10615852207504135,0.20664214883006804,-0.03759354883531703,0.11327340200272924,-0.11704430900198284,0.01382559969037514,0.05185916732659512,-0.07673940055733361,0.11758134240943374,0.06739611034891164,-0.04856521737160928,0.08311920919577807,-0.045849921040835934,0.015241660739566364,-0.06330955197423067,0.009528226625761499,0.06987495488180627,0.09030656930531536,0.05772568651599845,0.0027427622894420477,-0.0046747645204659035,0.04559972863273144,-0.04073447679885986,0.02885229464673646,0.0048632989327671615,-0.016525139985729995,-0.08614419018101473,0.01416975875022005,-0.0008548232918112873,0.01498421396722344,-0.00789334836069143,0.0400694636682638,0.01971403748185031,0.02557688941458992,-0.028546590934115424,-0.004596913826407254,-0.02020840301439916,0.01978027972301514,0.011267945024858794,-0.0020360821938035165,0.01620232970661108,-0.017651631398419545,-0.03588617665699658,-0.007584757409193122,0.018264400699370156,-0.006545275640437386,0.012201697270361085,-7.672774084751142e-05,0.00676407930706443,-0.0005143886486744713,-0.008798893002213874,0.00036228941903625514,0.005999812643766797,-0.012495273288440911,-0.0015095929790222887,0.009465741697722421,0.0007869907804020439,0.01513211222374611,-0.005906986394827236,-0.0024243000710829233,0.007237948941511244,-0.004669619340496478,-0.02064668880814951,-0.003138797032123134,-0.0018421863087715634,-0.008809917274050382,0.0036020595822714783,0.001236818147340938,0.00020018002603824748,-9.34569047799393e-17,2
60,-0.26474662229748414,-0.18195986936472194,-0.004531671499659243,0.032550243745839584,0.02741555495781032,0.016006273544833693,0.00276708487541629,0.01188701373337865,0.004519229774174151,-0.002941439846591063,-0.009665588663091073,-0.022870920050152017,0.016047570919385395,-0.0036849983459027367,0.01087320664997492,-0.02154725898283006,0.007444721660324133,-0.031275333793828235,-0.04926784176843161,-0.028932423508166827,0.06408636126059274,0.04854847430916017,0.10942498430056226,-0.031422358653384205,0.04885763342266825,0.06570021836841482,0.009735761900749998,-0.03909565552388411,0.16250198426864176,-0.13038861886531936,0.013901166279742952,-0.17391180459482178,-0.18126802391587576,0.012581081164718422,-0.13063924360423484,0.23559714133468493,-0.17812599440350624,0.26769045948041725,-0.049906883533941106,-0.1325834368819653,-0.047335608980770216,-0.17430302223669414,0.005512484411309048,-0.017305679269011644,0.05763888947412636,0.004671331208362079,0.010260747840383451,0.018833694681425456,0.03337996209452289,0.016787523493061503,-0.0256198474715363,0.08963258612960656,-0.011666278482171345,0.011786505084110707,-0.02004936627903987,-0.050878631464911395,-0.08959606103141717,0.057469597683834396,-0.022802472065555503,-0.03475246864569466,-0.05122650781266968,0.010771975947825857,0.04453301436540854,-0.07332829775193174,-0.02259452341276916,-0.0355252948501698,0.017542118759129425,0.04956932940143388,-0.009538693525017397,0.04783181904395999,-0.023452156097901546,0.052860309133019215,-0.11484789968320518,0.06403632709003985,0.013530239940768513,0.007219091324882062,-0.004903387924698574,-0.1264318226604791,0.09192246619650844,-0.038980722201266305,-0.01378386496850681,-0.13526580265008162,-0.13383124011039663,-0.13252740277733835,0.10873357171295253,-0.0019665589202241232,-0.03076911693180991,0.16429893035099774,-0.05338215262566462,0.08771660696141698,0.008280994563900605,0.18428796385333504,0.010633866507716703,-0.19368083296923036,0.08549350975504805,-0.12000995043888002,0.00851813003733285,0.11048261811900809,-0.11571688142973297,0.09904681712046366,0.18158812937828195,0.11725370070260956,0.01367767050974988,-0.06104396971213528,-0.03923598161366425,-0.04814606013676847,0.05381929025959258,-0.06831974723660329,-0.06387594221773868,0.061575135144557695,0.02746742391282729,0.0024251805616512176,-0.03970903947659544,-0.07425862940453953,-0.00016198007337275396,0.01096128403377035,0.004774034517887947,-0.02611976859846033,-0.05204415720123375,0.04484543001971431,0.007975580377907679,-0.0591117702278139,-0.010503143876508381,-0.026734652893419093,-0.08232951364812702,-0.007629465462831386,-0.04153359274057552,-0.000854292140536759,0.052893157126509834,0.02904170713993922,-0.057083485320218466,-0.013615530000511711,-0.017346228824470383,0.022922939958646787,0.009161141380127745,-0.00022451549284247872,0.12441186541927308,0.030148859132749336,-0.059033056722722396,-0.01926725069801392,-0.043418193240689275,0.05190474965803909,-0.047642160565761996,-0.029356137047438793,-0.003753343719553631,-0.012220769918309811,-0.010556824927101506,-0.009008235631879018,0.006530549070832491,-0.010248181409622487,-0.00012167848725640141,0.0010346889029449904,-0.003620457008441922,0.0032652142820665106,0.0059146676965026205,0.007339590319192359,-0.0008276159115164785,-0.0003130054508361202,0.00025717786314588347,-9.345690477993924e-17,1
187,0.16424754825070478,-0.027315895269517165,-0.06231000210742039,0.03745310159270246,-0.04565547635308604,-0.01223971021294855,0.12710071350648644,0.14486444715276386,0.23950241107223552,0.1075796391089058,-0.06684688541773484,0.052038480194646596,-0.09613087402614756,-0.08468375430403424,0.04583269237007063,0.08938460059585487,0.08944646727983362,-0.10656588117565842,0.028916887195133092,-0.007554910572741117,0.11648124350469416,0.060707197901690525,-0.025740236962525163,-0.01192721726384569,0.041479732971854734,0.016150538299760427,0.014328908563328233,0.09471961668814433,-0.018864011317649095,0.011212236791028288,-0.04952726500203181,-0.07603330110074796,0.04568787976874093,-0.0704432333250934,0.06034732701555705,-0.04988186179104439,0.01899906550544731,-0.06955969625873207,-0.09795635791779148,-0.06993621180398271,-0.0033101700419274254,-0.1418352814052722,-0.0770934281749624,0.01403225280659842,0.019906391552442653,-0.02292037633174555,0.0751997941355224,0.01991227233767852,-0.06799820444442829,0.059771859260238515,0.11567268581129017,-0.0443499011715404,-0.1467910144327539,-0.03699265779554283,0.10651168398460684,-0.03469649917826656,-0.12137816003520496,0.08844429652950786,0.06707709783311494,-0.05264857633560074,-0.12858368847694954,0.06499425497870714,0.07851231374132983,-0.03888004870873869,0.027356858382648914,-0.19860692795736704,-0.10989369573365926,0.1239833717530928,0.13339579247505154,0.20905502366975212,0.11462102503117104,-0.036051133289638514,0.035697782448536976,-0.08689051070104085,-0.024147710808352013,0.20020316567550184,-0.009247747860845165,0.08849057031014906,0.05243085695749961,0.06112776786143586,-0.007781796156326605,0.07708049681691478,-0.043069589170376704,-0.08705489802859842,-0.17316651259429014,0.03895071549930248,0.16173432452513928,0.04711253273294052,0.03940735845372258,-0.025520391907170165,0.011369850511235602,-0.048444437544118354,-0.004097346087811502,0.12772683882136954,-0.0758042900181874,-0.12509453081382144,0.15274961845117038,0.05761748926551033,-0.13390667963769176,0.05812277974204516,-0.020933990617971278,0.026408112555533787,0.0948398032127423,0.0830876255613269,-0.0765477285595041,-0.02238357348487446,-0.10902907373777868,0.06778685264300753,0.017077838929516285,0.0016738525469197352,0.1151777658582275,0.002029203466601291,0.04243503383182115,0.09516820007920805,-0.0413602256964394,0.1725893872527441,0.06859868395164227,-0.00272183840530775,0.06186231266608718,0.07394423052295536,-0.07403483238246923,-0.08542947126657775,0.030601491833905713,-0.03690848215435178,-0.003480147358374522,0.04089287632534613,-0.009773453210820645,0.015986857082567994,-0.021712767405913044,-0.03754840686054596,-0.00659544255490324,-0.026700551068653326,-0.010904447057549466,-0.0031888971747309584,0.004073875859777734,-0.014591358745712503,-0.01236423961483375,0.008469585759083341,-0.005350272408512794,-0.04149920751194179,0.032154271670106795,0.013431978056084636,-0.018254095039224903,-0.011274101764577016,0.03258489366673848,-0.004480262013010225,-0.007178341851080224,-0.0036473963581957745,0.007743182851827414,0.0017535159863344394,-0.003414512914394814,0.021620676894633893,-0.0015414784419725371,0.0009819064987254301,0.016181370842647834,-0.001163218155858421,0.004162546211572903,-0.005202133885835649,0.0006217394057837433,-9.34569047799394e-17,2
13,0.004350112357740392,0.022090998524980174,0.316873502360115,0.07360918750579486,0.009101063056566302,0.06720638677681574,0.029857463329134526,0.06024785297932145,0.017528184077741482,-0.0007568419628213947,0.04472919567492446,-0.023439316826746662,0.030681086215720556,-0.021633094356326297,-0.1887487812146712,0.07098021453496985,-0.03472009107144375,0.054847411873383045,-0.03360010536838494,0.09457168885883567,0.20012013803262999,-0.012653617938258489,0.2191315416824381,0.17795705104289433,-0.03166176186946439,0.0007525368998075198,0.037393974325014796,0.04858951231758542,0.06878787342294257,-0.08799337115466291,0.07192056032755052,0.08110446233864976,-0.04146122565141966,0.051809442020009935,-0.005060259596211687,-0.006858095073038291,0.28787824087319513,-0.04523641161699383,-0.009951560044019701,0.023742275823891452,-0.10512406865003539,-0.09282279874426491,-0.11325963668689278,0.04775345321483954,0.07194369504487516,-0.049060286636298134,0.03994350397755626,-0.07383424806783709,0.057279925167285244,-0.07300994800287387,-0.15628416484886368,-0.018509594561026094,0.00945528732554067,0.058577420261912184,0.027866648727242205,-0.00023948541526751127,0.0948097318217739,-0.017049712354974347,-0.031050352437020562,-0.011720989025102537,0.06057952218509974,-0.015184683710804923,-0.059679969703455016,0.0015753680142637887,-0.057013910490007765,-0.035189245281622726,0.03962802443343978,-0.0588132556989431,0.07026617759850153,-0.07054996862327453,-0.036811108041771505,0.0011742430096050914,0.02177364365559403,0.03792445958473272,-0.038398260841698145,0.04093975916354502,0.03133900405309528,-0.003349946093730067,0.06979313720555365,0.0436615436259217,0.033548747087857364,0.09314481942484802,-0.14244570972310971,0.029051544942356837,-0.003836894099529843,0.008900005436271157,0.05285448449913084,-0.09346090595593888,0.013082655529130021,-0.06879874779826416,-0.05589889011796784,-0.04871125638547351,-1.238578482757225e-05,-0.034678403795684064,-0.05971813700469966,0.022581052855325138,-0.010056052712937635,0.036093584809355414,-0.04775091349140972,0.015580181392921331,0.03745206462394233,0.09936685626911441,-0.02221613582821378,-0.03974816914164519,0.026408615444343652,0.06226877930192025,-0.022988106367094304,0.10454559055543866,-0.11222374323937154,0.03233439936203581,0.027911616045699132,-0.010597511050042316,-0.10187219229971035,-0.01934714858211127,-0.012387026396577329,0.15157930125080565,-0.050938229838713676,0.08252313840937703,-0.16444539774259562,-0.1268030738633523,0.013864564806875293,-0.03898437530727996,0.01612220857226415,0.17651909738590885,-0.09601135159521346,-0.06859731943180163,-0.05414503273919003,-0.2206308624165311,-0.011292056566963828,-0.176201997974896,0.0667870176125979,0.036504144228615754,-0.0674251994010817,0.007790907209065578,0.08444968403357478,0.014554214382972441,0.018554898808697595,-0.020304854422226078,0.03507608137527877,0.00017041305987994062,0.02220061843046719,0.034357258509883436,0.011446865980819421,-0.01862960171909401,0.005747452162519332,0.0012916472225391923,-0.0007798580211445369,-0.028359246493988906,-0.0008149353710679778,0.0014857686557240796,-0.006471194148304445,0.012703009254511082,-0.0040304721968650705,-0.007224021180735812,0.0072497949922703695,-0.0035777751694319555,0.0004148179443929674,0.00022764494104308175,0.00017001183846250122,-9.34569047799393e-17,1
103,0.04595803863672535,0.011345130861178613,-0.11042957637990078,-0.27872826879945534,0.10388751468723106,0.02196234552321488,0.2894673177284851,0.08602745715246099,-0.4741813593208872,-0.0014695392824815416,-0.11574353614262015,-0.015295978118130934,0.06199990160733239,-0.1494306677513691,-0.15595571635436623,-0.20895206749779743,0.20422552528834195,-0.24153401232486182,-0.27008688358427513,0.04711006598708249,0.23552174080334226,-0.06206157804792524,-0.0609133730371031,-0.053901292070651016,-0.05531417639981273,0.039756890968963454,0.0523226443950487,-0.07909103003324214,-0.03742762587532222,0.01878105120198675,-0.03338668494686853,0.03648475177022832,0.04408401613759421,0.00946534227206173,0.04934826261182781,0.024629993741301662,-0.010309025118101991,-0.009400530666271436,-0.0030632862176117317,0.020144683426092675,0.04185336279914901,-0.00032856135951036484,0.041884589628577905,0.016768603050925087,-0.004656257115565118,-0.010783130050751108,0.05352877147689857,-0.011727154112307035,0.032122593006180894,0.03417592075830908,-0.02757044522847922,-0.017883630903906683,-0.03848324574776885,-0.019304681951912133,-0.01487066615667436,-0.009143251850447336,0.03132759673335636,0.0033054585906323675,0.0365004039980413,-0.006769352567373097,0.012616567656694642,-0.017347834252709925,0.017784583645310548,0.021970309037163138,0.008439654842737083,-0.006414333450154689,0.0006870457823138521,-0.008871567003925909,0.021583751235380727,-0.013119929354236313,-0.010405444714704604,0.002547313981573848,0.013484128363791512,0.0007526844835123426,-0.002924271226109052,-0.03426810359621052,0.013492932629911527,0.025710940468404334,-0.009096607369925272,0.030059204016083665,0.00667208074729005,0.02865902959487595,-0.028401936338805337,0.02195070773130849,0.013638417244580118,-0.0029828941063036324,-0.027824798418776005,0.015999476852455258,-0.013029455427556654,-0.004506007336860467,0.02159756590062739,0.0068202529262806405,0.008589754653349243,-0.049916092067359114,0.037858056768281065,-0.015079319533163304,-0.007945146161225353,-0.018916117205563486,-0.008204976957560397,-0.023436766675112516,0.013055552746546238,0.004806005971943429,-0.022646487980303075,0.013745406192422338,-0.0005540275307196982,0.028369632035448587,-0.012940754683271325,0.05731206134350487,0.039219855238917536,0.0027517370782136788,0.04068995479503431,-0.03558715822158583,0.015951505958185754,-0.03868061840051641,0.030074885241690306,0.026123537554697568,-0.0022152985298727005,-0.00927487430236429,0.01148060510578318,0.05342961719088572,-0.018267783966419007,-0.005673970483013274,0.004882291164873338,-0.01767995101845049,0.004696589006727959,-0.010189709470335397,-0.007916242424956022,0.000952406436071663,0.0014981692459685057,-0.00887439461405801,-0.01199830776340657,-0.023052273349815047,-0.005692446690741297,-0.006332536212329184,-0.009119800144908577,0.005220228185038389,-0.007769538855901722,0.006243546282053127,-0.0026102645224861374,-0.0071543927019634785,0.013626788655930158,-0.018080458012075053,0.0016586834839159264,-0.0011564539103371167,0.020441600364783156,0.00318827930044705,-0.00599657709438288,-0.003693694714621494,-0.0012989821072769054,0.022323238939538834,0.04731614612014549,0.10355966747076994,0.14512201754842938,-0.15810013413906762,-0.23577941466105773,0.1373213961143729,0.0049901054905531535,0.0001651902234448412,0.0011354749684558917,-9.345690477993959e-17,2
189,0.1916839859132997,-0.042904947554916764,-0.12260958177934622,0.019481740860654052,0.008578920705465617,0.06152920085795297,0.2578243782691616,0.16307231047203274,0.30072747879267436,-0.06442314096030467,0.04847389008086434,0.21782737578620168,0.007939717205706975,-0.017293519052664467,0.15250060773396223,-0.03126904835333139,-0.009425198633546468,0.09323690881027556,-0.06911966301789066,0.05658748814192016,0.0350311154719906,-0.025395573433038013,0.02991265562093522,0.02486477369467791,-0.09152736177643371,-0.040069343654931464,0.0382510413756995,-0.1080862790561172,0.05707331436789803,-0.06160753925088849,0.0009371710827312023,0.14825225826620902,-0.011066843198047165,0.11134289555312106,-0.015213263047674825,0.0740418158201284,-0.08861934208750578,-0.07146284406696775,-0.1170256039908264,-0.06717895403698013,0.020961548495601768,0.03229287305647049,0.04830368471239597,0.07063512234362505,0.010360424899091227,0.03456068021231115,0.001107504717747594,0.02749399342132184,-0.05915718256922031,0.0015475333336539122,-0.07731111528164468,0.0788423758234689,0.08509269755049331,0.020416755072221925,-0.044367063881997626,-0.0014852123478812705,0.0966415664638007,-0.050549181215036314,0.04923621790234871,0.04588354684872493,-0.00017853731414910724,-0.005553466963540931,0.0105943186445044,0.08989097975836097,-0.02385128341769547,0.13849997033184236,-0.04736848694480488,-0.08683761990354506,-0.06826677292212462,-0.08754084956975115,-0.009674836989076924,-0.011683220484993555,0.022944096607392075,-0.014362613447531888,0.010247230022813976,0.05665149851994395,0.10593979975498488,0.03255948420274386,-0.0123109219201407,0.07956541415691379,0.02480427441068165,-0.018668081750497077,0.0025138022223308632,-0.011305366830504211,-0.03524730303328596,-0.0024022131637598592,-0.034731103318360136,0.016455025907731263,-0.012434960128446915,-0.01902733982764214,-0.03039130479563259,0.0027185076565953486,0.01730035990353328,-0.021077547240524155,0.053633949140182234,-0.012628169050496992,-0.05430728679751486,0.03874112263182248,-0.09312596136765376,-0.07987347847416221,-0.012681825023614724,-0.04154705507590279,0.05502774789688873,0.04543507297303076,-0.04777700229432242,-0.019161735296294478,-0.01778075086935898,0.005184543468828288,-0.13706858516521475,-0.036036957422337625,-0.10957955870719088,0.05123185092452893,-0.2038444580489796,-0.02089369698602888,-0.0700296757465422,0.0443143766505002,0.019255145615741622,0.08642344046818876,0.2797960821912307,0.16799196131455404,-0.0873274673171315,0.14022838597858617,0.24312296279648316,-0.016745928662040853,-0.11518980517930576,0.08885028322195002,-0.01610160312881817,-0.03441543028738151,-0.016504489611956573,-0.0058085079267125046,0.012970116021166034,0.07309908667049189,0.00802628511055341,0.045578333429687576,0.022964962797371914,0.024362581243130333,0.02283930327306794,-0.016582427950694194,-0.016259245937358873,0.01651209787076071,-0.05655558878454223,-0.001071387995708792,0.00938400948404751,-0.025876841474385064,-0.00760221089725218,-0.001913181698843186,0.0061974299469748214,-0.006895478381885275,0.004306583274822456,0.008341135251741707,0.023610081759505228,-0.0026719700467379873,0.0047792546054820076,0.0020477851604952086,-0.004798979471324544,-0.00480199832523272,-0.005219997185058044,-0.00013348817058203354,0.0003878323233818987,-9.345690477993911e-17,2
11,0.09325263950690547,-0.0017356637409155229,0.32053835018702526,0.027155594122236455,0.09840633995471897,0.20482505750818444,0.17354123389699944,0.1364132888054841,-0.1228937790539574,-0.007088618936258149,-0.06766253063655449,0.11774710907340084,-0.03520489829518173,0.15940820691032984,-0.24422188471208173,-0.026393083035651185,0.11140184238471622,0.08856038135316283,0.27120720437665297,-0.0255775011848474,-0.3034817386445712,-0.0530147071014847,-0.029378066207766666,-0.06309420555291491,0.0820846205170101,0.11357208744756742,0.042832431986060515,-0.024171549660710792,0.006834393279170693,-0.059201170238976177,-0.014352205702901617,-0.01824521254525902,0.08803738373579467,-0.024815613971058487,0.033785125375606344,0.035958340773450656,-0.005038114899302386,-0.01106832508670654,0.0002964015492352778,0.01795454575586273,0.017783548159184263,-0.0844752550588998,0.024773957805556697,0.01932503186206521,-0.0641924365829877,0.05967370734632849,0.05980669306286206,0.06401612474155466,0.051287812681961836,0.01883157155405134,-0.016580367998862363,0.06338067321282904,0.07858033901107683,-0.023843373110377646,0.017424767884557463,0.0015567578418744395,0.02242053765891103,-0.044004719339860665,-0.00900141520039185,-0.028971726975574166,0.022424999279989637,0.0437222233151924,-0.031795590160651734,0.04874650789055265,-0.0055066265873308365,0.05197226068486072,-0.05658912633948567,-0.00016845627498225202,-0.07130062742480943,0.05170848632476049,-0.013285356468392101,-0.05182676317869085,-0.04133729057248303,0.01954044022160181,0.049234984645762946,-0.018074406374219632,0.021578542615158892,-0.055728082646546405,-0.04409417107004464,-0.02415122988128021,-0.032948400217312046,-0.07647824238775637,0.04008847142552819,-0.026944536724540467,0.0241790697730272,0.04376352920716017,0.035792274336037704,0.0006306995578925987,-0.011799162181556124,-0.09002725435989639,-0.0010755583876122037,-0.0406981521600035,-0.0324583270618841,0.07454250222176247,-0.06873784894357715,-0.03008242861731941,0.09214975325596714,0.03987329340609716,-0.012819236136405348,0.053614866169116954,0.04488056026528228,0.02289457048438203,-0.022663476414275432,-0.030990109612847698,-0.02956294440092293,-0.019943636031540247,0.002834362859598171,0.026893471484319233,-0.0379890093881327,-0.022530772538887325,0.028918764145849315,-0.06217683281191206,-0.002996109829841269,-0.08887716891992024,0.006695586863887128,0.03662436090722383,0.00365171778139671,0.01694175455311231,0.015778085123467796,0.005045079177370535,-0.03884300963266745,-0.05415022394420493,0.02568994595475379,-0.003503969514421971,0.00450118955706445,0.06030039572113086,-0.026096480549110374,-0.03511874830082989,0.0007113313087940344,-0.008213817173050532,-0.04145965036751824,-0.0839668489307134,-0.09425505127201507,-0.10828789748010582,0.020327419413546724,-0.027322246498743808,-0.07964890885127371,-0.0013645669647685415,-0.0740670740545282,0.19627741111141728,0.0036705501795325553,-0.058684515359803,-0.1279670444953265,0.1642701019998178,-0.24509442788645372,0.08102074131182105,0.019511896585327586,0.015290484046424026,0.03244014507340801,0.01737019735990093,0.052163253372679366,0.03280153429775777,-0.01339295488869156,-0.01438431211271918,-0.006904589140534913,-0.0030932307021173276,0.0033271349556120927,-0.002036909211282618,0.00027373496761599837,-9.345690477993941e-17,1
48,-0.0037430910929508927,0.020653532199153394,0.09880856863386712,-0.03777823002566392,-0.05543675302564225,-0.03556801958322545,-0.0679250085701691,-0.11866922362200764,-0.00535080703508151,-0.006528394650692813,-0.013380725335239844,0.08523878197365045,-0.07307983234642394,-0.08593111041945918,0.036236793884078716,-0.05452143771883403,-0.1319888382437685,-0.1364823623142501,0.03187067321660802,0.1301088778736403,-0.07064702605633891,-0.016960054880007944,0.16528860957659913,-0.10953269691944281,0.03665661300748049,-0.05447091551117965,-0.07252754731301148,-0.19632945785814607,-0.06296897024801353,0.44363461305041163,0.2446165662685229,-0.08041708823809797,0.162531409215686,0.03550418896702394,-0.028559692163309197,0.005473520174137659,-0.057545017257518274,-0.05910347739781103,0.038436803099594546,-0.043442126505913774,-0.12039965814777698,-0.11089787681633322,-0.02252030695048687,0.02943441550466042,0.031480320699515,-0.04231065991883202,0.05108149729030876,0.023787805650410342,-0.00240797798877316,-0.03947307745656003,0.006227180681463466,0.048801461064994396,0.025703478544544932,0.0018808434262178983,0.0018090604429145405,0.012403391068893323,0.06405330416626798,-0.037561415497664584,-0.03380569244597715,0.0510725816031899,0.028729785808589047,-0.05039858790456214,-0.022038773732931918,0.00890699750188186,-0.04719429755385046,0.00423593321064824,-0.004807845327164878,0.015758744764889396,-0.002730050158956093,0.012860689701973911,0.00817181332987252,-0.05282917237750939,0.03594730451193568,-0.012588841063700564,-0.026715961183163994,-0.01212455477047986,-0.022765894412403696,0.004449751285350655,0.07834676666782381,0.023802665498240543,0.021883615288156442,0.00039247204834859443,0.03324362432512343,0.014941857952506863,0.019832448541487108,0.010542376793279826,-0.009516362247660242,0.015752563954250648,0.007812920699047095,0.0005988222623281071,0.01649869752761607,-0.052875751126335246,-0.04926715718229787,0.07689065771716182,0.06523449590267105,-0.00791829538175807,0.015168371198419562,0.08857192656394247,0.05560783522473608,-0.015753206798848663,0.03440360595416505,0.03200921442075931,0.08841976225177206,0.27447575429562887,0.13032014413119425,-0.10002919446402549,0.2413913833745976,0.08873844016253767,-0.08919024492623932,0.1426496498752146,-0.00888834504209298,0.1489674214935475,0.09569856558874601,-0.1438073416850575,-0.040287023393751675,0.04244361436945095,0.15636561775712987,0.028556791244287675,-0.08728249304059352,0.092287944788731,0.05332514746607132,0.01694193729107501,0.011829614497040375,-0.01750919906770323,-0.00023631658373225712,-0.03614712318096017,-0.04717769827965747,0.003125439166283318,0.029841303773705207,-0.02026002216568051,-0.010914150214995857,0.003670908030200281,0.018461405180918666,-0.001626650520397161,0.007363905604688212,-0.019178395758246675,-0.002859368734627998,0.01383450739480239,-0.01025434727152594,0.03724585237265523,0.0013680168357402742,-0.013854533224312656,-0.009722061717636472,-0.002096428336172795,0.02448303914506304,-0.008119579804131286,-0.0002668649596721361,-0.0034188973163331703,-0.0034883659915003517,0.006610052222319552,0.0009271687692830378,0.0014118906356983029,0.010447328090572932,-0.004147843749429723,0.003402776763401189,-0.0064854758807189675,0.0007353685060096231,-0.0001913958046648221,0.0002104625706694576,-9.345690477993921e-17,1
67,-0.1945580794729454,0.39471443982426563,-0.13649398067609392,0.2606887584140587,-0.03956203819486005,0.07418810882583317,-0.003309899556055575,0.0950394376170534,0.008658921588101656,-0.08488818753759607,-0.06829777058403953,0.010274773910172307,-0.026043230749149656,0.023341385884517864,-0.019934381711291513,0.006418657887620439,0.008675040211160738,0.02653930870060073,-0.019193147131889552,-0.004492450648050573,0.02354485156692526,0.022516037947408175,0.06720346265491021,-0.046532033246424645,0.03060949077112392,-0.0270609045844022,0.01706558535282887,-0.03042412981617744,-0.09940301542829924,-0.04903254494941125,-0.03222132920229062,-0.11400966969384321,0.05884248972691477,-0.07224845040136388,0.10346955787980516,-0.06749714440411705,-0.103926682697527,-0.09959519001278187,-0.02960054462679501,0.1287595830265377,-0.1349427813821812,-0.06815553643539296,0.012541445217795716,-0.013329576040353938,0.04184606480387121,-0.0813933072863072,-0.09341959932207139,0.02851541733750183,0.0076262726380082,-0.012099360559495885,0.029627202073920778,0.02556537986661346,-0.1085497174699845,0.01994075086635652,-0.027170941285509443,0.01863576233720636,-0.04919288523429018,0.01983377997005461,0.049963348466817,-0.01603707069465673,0.06420367458118278,0.02246078058205056,0.0721360426466615,0.002026372298180708,-0.013182221212245467,-0.04992697889440507,0.08566275454365847,-0.001979758571589492,-0.03755145786514106,-0.032206572612892025,-0.040004939967668865,-0.06334272444574222,-0.0020153677320236367,-0.053335222269831145,-0.03980634958461085,-0.05323929483069182,0.05442162354896146,-0.029206347157786382,-0.07471200653793818,0.01940371294597363,0.05261333586053373,-0.023768654133975883,-0.006350773971443925,0.02251427766859669,0.07772921891849463,-0.002703911303964173,0.031512569773135816,-0.017295143291474982,0.00536762253405103,0.02474525716598712,-0.007671562858409234,0.03517680736642746,0.004829108006772633,0.007015079862975918,0.024553027584066734,-0.059335581965638956,0.04831497226044834,0.12879073680263073,0.04757163711821841,-0.05522825090813589,-0.029337080778300863,0.035062081315335024,-0.04848206241119709,0.0817125595314157,0.012547896635399203,-0.1115825430504856,-0.015404224480702184,0.1024950725779936,-0.029486339551822855,-0.07306428116334882,-0.06076382360034308,-0.09735763107612844,-0.0020772386325987584,0.06764631560934711,0.004729367271153164,-0.11109469487548294,-0.046586093554803545,-0.03254187900339397,0.0010518255517413411,0.17411961456559472,0.028942447406123353,0.018910347092873186,-0.16269987835079228,0.014682020476133012,-0.04008197917410655,0.08080654741697016,0.11684418724460546,-0.09829017071862363,-0.01219483282630151,0.02617467426504158,0.03292650988734845,0.05399537615101654,-0.20710315114046735,-0.04471347000438893,0.05044353648415561,0.2559445873733971,0.0465837235341803,0.08698398710080998,0.073954685807984,-0.05763085781754227,-0.028407739035628682,0.05690060919762561,0.11626311114657854,0.022792395375322922,-0.08841736367715869,0.008206843184528535,-0.05397114413923054,-0.00865275706522299,-0.015410310557161628,-0.003195947966380813,-0.00034470083279609405,0.01935130990513225,0.0013688539730435218,0.01681187492587412,-0.002608092383107886,-0.00511097423251975,-0.00459162860625048,0.00019237776119603996,0.00029113362988582276,-9.345690477993896e-17,1
142,0.15129578042767966,-0.0455378161296091,0.023898134841619095,0.03576428485270021,-0.30661476100086593,-0.3711315898992089,-0.40378813032764943,0.5121561195293294,-0.1994556413241481,0.06151332429879084,0.03667056263285863,0.14621282710108485,-0.04682158486069693,0.039169527171979523,0.04177932497011753,0.09746697345970727,0.06441548166726777,-0.005387751622633446,-0.04090710107818701,0.05323210040208272,-0.017720887155694514,0.024070653367387233,0.0036707516837361756,-0.057766675759593364,-0.059488083066521064,0.015607194772011598,0.06909262005191781,-0.034145165810458726,0.009797525206712707,-0.02056676731580869,-0.005781122476244294,0.014855144489994247,0.013889710306817649,0.013963676891179526,-0.0030634966183812596,0.003312452048865433,0.024554031674198257,0.036005652754948915,0.022959417723666206,-0.010778016289077935,-0.002896347115266549,-0.01876853977880472,0.025777452122876476,0.02181787288708122,-0.004423962319380928,0.008820309529312455,0.007625794230095314,0.0009127086263264918,-0.041653837422740175,-0.006312803119572317,0.012348592961563033,-0.0006285424346733993,-0.003978258069180231,0.011392892653723318,-0.02434257223139865,0.017976030669013366,-0.006337693672273637,-0.021223341566838815,0.014161375201025929,0.03498000081913743,-0.01304934098494301,0.015552634790106417,0.0012204106028405179,-0.0018056756661079397,-0.01018173749958743,-0.013399756701471002,0.011327627289965904,0.017988942515769882,-0.004840940971787654,-0.007538490519471895,-0.009240809767866882,0.0039424437151362075,-0.006210012218550322,-0.0028162922874243657,-0.00278458674065549,-0.010503931420437079,-0.005004349097515694,-0.0016677891568513386,-0.0011757625049786551,-0.014495252417594813,0.00330162109208314,0.006125353063920372,0.013991939892437187,0.0042446270158350155,0.009255369783869588,-0.0027728142001878365,-0.013629866098746623,-0.0020578376528802038,0.0032786106404755345,0.005960213981219263,-0.010424578908027182,-0.017356845198400715,0.005645481731488141,-0.005656437921216325,-0.014314265177942296,0.02117901019229851,0.007940485002775232,-0.003934544329381301,-0.010401456178623748,-0.0026473668705831884,0.00927685960562048,0.010432471569395805,-0.002540647840797386,-0.019007509789834374,-0.00024725970589575255,0.004523230425133076,0.009038729637501266,-0.008931301520289774,0.0013278021492877856,-0.012644227813424136,0.010143979440314027,0.004236292397074133,-0.013284545576245251,0.0006970145577048441,0.010318827142923573,-0.002338148316056561,-0.007815100239786304,0.004656013373069087,-0.0022853620289131665,-0.0022832328604955763,-0.0020579356697584526,-0.01930210974955044,-0.02357273717443429,0.010835846531333475,0.0006823013932141368,-0.0018399754741399744,0.007407621620781832,-0.0012371483096257597,-0.0013385904684716002,0.020203281176715358,0.018111990275897723,0.006823784218513927,0.00774394275584061,0.010259006109971257,0.010260783113421714,-0.057866222535257646,-0.0067295413159107345,0.07937778620163337,0.06762571688414684,0.10763245230308754,-0.12428117285655477,-0.04240593358085992,0.04228225216939314,-0.07390696115823533,-0.005797031502853706,-0.003935130612310661,-0.007483799658032407,-0.01180191818931867,0.013732153484105995,-0.004163742471694858,0.00014226845397855438,-5.5271456910586555e-05,-0.003193665494294156,-0.0068013744693011715,-0.006331398715688817,-0.0005436735647104881,0.01960323003159018,-0.1765612477228725,0.003125572257553402,-9.345690477993921e-17,2
31,-0.022235828416918728,0.015023121226488185,0.08789735024605651,-0.02755986377303509,-0.010069770929630111,-0.011839578755466857,-0.030420865617888725,-0.08917445517053157,0.016405963160429995,0.013187829262328195,0.001141190603208964,0.05005388794100845,-0.040316095477720505,-0.041363425207816724,0.07197447489422011,-0.030736555746156084,-0.1107123891926497,-0.13881091346434846,-0.008814264591166698,0.061435011718177605,-0.048314698108800375,0.03861365348733678,0.1666498439718166,-0.13346439136830301,0.03347789039448895,-0.014097130301911068,-0.0551924444819425,-0.17396603543436293,-0.07191862625678747,0.44054084369371727,0.27718396609596924,-0.07811420908540112,0.16252101996551238,0.0427496296552826,-0.007570596914223919,0.017970346498834427,-0.1422062568969707,-0.08457626029099773,0.011064216656302995,-0.09008797174279497,-0.07121167530980628,-0.14793987660368138,-0.014699396084983756,0.07982823717868966,0.10604229471006296,-0.019394600144695427,0.05805317431201117,-0.0327314819629224,0.0873025324071939,-0.02402061378986047,-0.038345330528415364,0.13124847304343834,0.12108745829830947,0.023803210699831878,-0.008947039495181447,0.02966334339371674,0.16679823601122762,-0.027295839615424162,-0.00804610749902655,0.08631953018387678,0.02198181510257482,-0.1048865258023292,-0.07572681398872781,-0.008783821402683242,-0.046829055033614966,-0.11171177205639529,0.04470160356298996,0.13398034925828303,-0.027709486951000274,0.08736638013622788,0.02973834618637469,0.02880271871330023,-0.057750254260980974,-0.022289786563749327,-0.0025803571598123987,0.032273153272898335,-0.02761091611830891,-0.010530707857015702,-0.05800928918564209,0.017473916347638903,-0.0036400538556804604,-0.002235815828857143,-0.049482330601337714,-0.03624980734997338,-0.0041723553675036135,-0.0042548903572448785,0.007180421377990898,-0.013325370079462998,0.010583556785641171,0.013961508102561793,-0.026781498864440527,0.06267713028680849,-0.018974082117121403,-0.0363075487624013,-0.06088413864795602,0.02450950918396699,-0.01578739931367011,-0.07389301080105092,-0.06850090828687375,0.027815575108906206,-0.04553169576554982,-0.036883817539117875,-0.07503865820350575,-0.2407259530497559,-0.12343941638419405,0.11515028476216063,-0.22331744055948194,-0.08382246122959627,0.06288850920878099,-0.0879664562493938,-0.0024017299687311778,-0.11601811832654939,-0.0690579361810703,0.10071226632898317,0.03815520023221177,-0.028189468081338553,-0.11074288398365043,-0.020619928737485523,0.08909362503545487,-0.08596398159592661,-0.030916604363465352,-0.015238553652257845,-0.015424486369331506,0.017975145328308354,0.0015643635260502518,0.03315708993866611,0.027868673229405116,0.0005732825046074862,-0.022947780038223634,0.009779952522070473,0.0002878779794506105,-0.0012065783836467995,-0.017573488381031517,0.009055948109635361,-0.0007581767772000637,0.022017189730767713,0.006985175344977335,-0.011348530764319029,-0.0014031065040517516,-0.02320504308487856,-0.006569205378846213,0.002019579922640008,0.005129438324587919,-0.004465478454364221,-0.011733477452148509,0.0026136184637505487,0.005520140582716504,0.01919848265499764,0.004126460016817298,0.0005096017157121336,0.00030957118223489056,0.0010402289979986427,-0.004437033715139633,-0.003105086704434619,-0.0029379109590532038,0.0032147258064691843,0.0009184449147705922,-0.00012250342949235852,-0.00015747372517824112,-9.345690477993933e-17,1
26,-0.11730902735051199,0.02860452270592543,0.30988047979853584,0.11117524549772674,0.012145110800291735,0.07840279527237108,0.02380317121391467,0.08427387522364908,-0.013869263940715536,0.012345395915174365,-0.019926967646678197,-0.10079170779016995,0.019158428411789434,-0.03283595018819593,0.03665261398957553,-0.022489845483962097,-0.07217324630562764,-0.02304886131607665,-0.053458296326230684,0.025920461069080886,0.13244510955286756,0.060998003327663704,0.16300949980826618,-0.041579941399752574,0.013899374655353638,-0.11128107505060013,-0.01844627346988806,-0.09347701133356161,-0.008919896070342064,0.06556870541703658,0.03991724590772083,-0.08745734570703188,0.019681539757784566,-0.01697538816405451,-0.016895964447691807,0.03127084789802668,-0.10323505438551993,0.025825290273781967,0.01884813044922697,0.07435677704401655,-0.03137732723475688,0.11239490386290447,-0.003427314651967027,0.031696490561830507,-0.0606986281870824,0.06190615435024737,-0.018648109189358105,0.011453802281017476,-0.09967103003711912,-0.011146174658161137,0.1108515189541702,-0.0840180937633969,-0.104811267231133,-0.14088620236603547,-0.011636559905500644,0.06412422602769283,-0.06939379908882248,0.04130117961471343,-0.02767695740640458,-0.013216075228336491,0.06060069450705529,0.21974063955069212,0.07538327685734257,-0.07887592800955412,0.055518194829053194,0.06083023879118375,0.0050654711367931005,-0.004096650492833317,0.00991184234636407,-0.0394797095324673,0.06231015762125513,-0.02701574997385639,0.019312478796832382,-0.03160426800722584,-0.020613742799792042,-0.07295559072088328,0.09999073091258727,-0.039165577089268135,-0.007912160573281623,-0.020665081293997807,-0.11032783242758179,-0.061875752747575063,0.19647487325074803,0.19542406752703934,-0.017486570577871428,0.024506722726914724,-0.07230890590578708,0.08259841827180713,-0.09744527350605137,-0.07031969471606365,0.2213942753760636,-0.07356920640165795,-0.057905493710939254,0.021482479377683928,0.016266985030926977,-0.05024351057819557,0.01805554400737581,-0.0008448927165401828,0.03888083995841708,0.017742245499054104,-0.028552190399840707,0.00534238807969515,0.056547944833923836,-0.06038649392585483,-0.040097949706095724,0.02544676053321203,-0.07439295212032505,-0.007485138925272649,-0.1817031972657428,-0.10071422945219152,0.07748685256304558,0.05830285992158697,-0.15171416785177325,0.018183942379535696,0.09222761703640533,0.14894961466360487,-0.24639853726487623,0.09826519019011956,-0.12821618655004013,0.06180177521112043,0.05664982838477399,0.005671767298995569,0.004940482723896422,-0.016083402244909166,0.021839745314674266,-0.0015257976886159004,0.011464934637340734,0.1112474271135236,0.057992501477804236,-0.004590697368306425,0.03170133684251589,-0.008442681467211192,0.07361999157478571,0.03421760687192729,-0.005932085256025071,0.0024269631370380067,-0.03363730031018819,-0.029548272992591423,-0.0006781248348857697,0.003456344890840775,-0.0029681991786804887,0.03525503737858736,-0.0324149075882231,-0.0004971322932008179,0.006433418433181773,0.008424238211784986,0.01844891563259302,0.013722903031890303,0.005682815158350703,-0.006942287005360908,0.015190489917761358,-0.004403977823514345,-0.010893108957073206,0.006392226547450769,0.012150227224438157,0.011747993970462495,-0.00024341192832066816,0.0010457727109316679,-6.579579004656757e-05,-9.345690477993946e-17,1
84,-0.44443987762603776,-0.38345694147608794,-0.11685342893866803,0.056931891365166735,-0.11759546495324909,0.04235819202135652,0.03727040015703548,0.004116445217671641,0.022838179540579866,-0.023048171881436208,-0.02210523393204472,-0.0064939355475721544,-0.011753376109470836,0.05298089536873636,-0.04346901922313651,-0.02393180482726227,0.021546696256941843,-0.014928917094983722,-0.01099821375065332,-0.006574327454175274,0.02175688081588383,-0.006674069508396717,0.0470797913955187,-0.01977656080153015,0.046053517491570085,0.02726462377273066,0.07342135857048683,-0.025678848451628444,0.10977476145556253,-0.0546008615340458,0.012717760802062958,-0.11222754611057251,-0.09904368022701916,-0.01374722793940901,-0.0609046118807778,0.15750556606923413,-0.05900973318473756,0.17689110938248828,-0.08137004406022641,-0.0826263038362048,-0.03986528965113012,-0.12835669278889913,0.03457003209528276,-0.015849938018214386,0.08567172628095159,-0.08262439925791995,0.008851312247396673,0.010735131629056168,0.044961788979060585,0.007306156192516996,-0.02973784294744204,0.07622944116820808,-0.013394413088343191,-0.07485209122251174,-0.06147388982579584,-0.05043278245973078,-0.08580157127949481,-0.03332024768793045,0.0003591870580089547,0.02736726172851612,0.06657208327575302,-0.04888427297876495,-0.009746808442687464,-0.02575680091910579,0.0011926017385399505,0.0015536485306244401,-0.036820074678391504,-0.03231590495952183,-0.009709053906823101,-0.02598254660677464,-0.003924296648571078,-0.046468360656088996,0.008908878602148783,-0.019453123323715273,0.02586136699158295,-0.042377771957580884,-0.013273350276523824,0.06047268062863827,-0.06448379229423871,-0.05795953023425115,0.05102348349702844,0.10224045428039272,0.0007425842660352175,0.026382043199216682,-0.02281841438862913,0.024356348544994584,0.03273646672597315,-0.01904066245997747,0.0028816996957024272,-0.04160585454767457,0.0030646214740611397,-0.039613992603487046,-0.0004366675534638615,0.040141355809523105,-0.03395603407073158,-0.004899967915307177,-0.038329600401471854,0.0012574146863730427,0.024895706661308886,-0.03600252009837067,-0.06124425517980923,0.0068630720432211675,-0.013114282044644118,-0.0005689836047287604,0.027181128571734128,0.04775807155174977,0.0027445128030863025,-0.028044265076436946,-0.012388767990330502,-0.03716479487551613,0.025447672386708267,0.0008541779368593001,0.027943302402989426,-0.06399933220192919,-0.10861541359326932,0.03903602541097903,-0.00043157491616872086,0.0059715535660971805,-0.010089609952550283,0.002665392113731934,-0.02214235064736313,0.09527755226000742,-0.046751316135316655,-0.021997388028299803,0.10727625186598208,0.057165370840318176,-0.09034962342026419,-0.003316909675885495,-0.019010259861550142,-0.02513425659693551,0.10816315629481947,0.01609260369876634,-0.04029334233160057,0.10755225310784834,-0.024491249760866335,-0.002876098717306356,-0.2929245718508134,-0.050430291277309525,0.09314388573102182,-0.18402243723567838,-0.039654534492188497,-0.2484120457646783,0.08891387138059303,0.06293011594381606,-0.0381086152283916,0.01811158096588255,0.02056953594598101,-0.0003828520281916836,0.0020104018027173624,0.03389222367074366,-0.008780308448205426,0.007866525964565017,0.0018641960634952375,0.013346102863244226,0.009247660830032776,-0.006816064180087986,-0.004261657944204661,-0.0006854652479450682,-0.00048324717863983943,-9.34569047799392e-17,1
54,-0.4303679755290603,-0.35424339723517934,-0.049741093334303335,0.08840375042794778,-0.18507648600063983,0.057245243896316016,0.04470833727609922,0.00180293007028924,0.004326728385834114,0.003865539714493878,-0.0036569253591391087,-0.02307497697163221,-0.012437449385949356,0.020322825685308927,-0.006192840443793065,-0.011629950545825956,-0.010370949267724635,-0.02550186681544237,-0.02603618538974389,0.01740354412498936,0.01622434789565811,0.009207501296260141,0.04249032960537879,-0.010899256940830987,-0.009871857304350135,0.005720831746789049,-0.019598392397104678,-0.004601190602483736,0.0067007391713060915,-0.02873253696287709,0.0006952763862040428,0.046040314840574456,0.010046780943912243,-0.05996753714047999,-0.015348644556644461,0.008312666775563762,-0.05681661424045001,0.016480464959555678,0.010357455970353483,0.015489044840158213,-0.029835000772917925,0.012064653735221023,-0.006972202275095946,0.008903956617184699,-0.06671832264730114,0.06775981084583872,0.023817619676892814,0.003077525770707749,0.020564519989968475,0.034427561440610516,0.02439159084961922,-0.03270267541856715,0.05174583871891308,0.0710273761143062,0.024060756626677005,-0.008732386308896771,0.01807721519942445,0.0004371111411326169,-0.008482668645203905,-0.0360635215394908,-0.08929802681280105,0.001938044360144637,-0.05409251606231617,0.04521647461347633,0.06523901792797902,0.06326614647704605,-0.061898250692180606,0.04371431994923677,0.013584802078208304,-0.04903756419808091,0.05526481669984221,-0.040778769076077886,0.06150398434429273,0.04601514885439483,0.006769582951741094,0.0869426304062107,-0.0671051363982616,-0.09588552841095509,0.03465282653494149,0.06614517396142942,0.10336051793421748,0.020590178463800634,0.01034147484792826,0.11398638448324544,0.13526936856691038,-0.05846946483347998,0.007389195513758843,-0.019776583807369543,0.10758584175358527,0.09361980475192205,-0.10978012413292478,0.009927603392528036,-0.128180091271145,0.0641676593274498,0.030096650602532225,-0.12805335814935956,-0.042597162591258765,0.06378277015387804,-0.007182089101867454,-0.05843589793217,0.08899171151870172,-0.01858904886152776,-0.0035428057618694326,-0.03876491900532002,0.012145522358697184,0.034440092661302185,-0.05170769181071616,0.0052830540140870125,0.0805529117351435,-0.05499958241974181,-0.02767257719985638,-0.045930510752603564,0.07119278825987836,-0.0018251342073269728,-0.05795161759909833,0.00219408592046846,-0.02944875114680165,-0.0011428584635344715,0.029575636543570004,0.046974767213745106,0.06708141536166667,-0.06533147451914491,0.11905638676337511,0.05509206142612473,0.0010029801842159497,-0.06977681834971677,0.1269674338093126,0.06215709847608882,0.16637176119128094,-0.0380641098325941,-0.0695543758143584,0.04674760796739258,0.08159233127418115,-0.2506484783373735,0.18878317349164897,-0.024397982759836647,-0.18609941842014321,-0.04628248403138048,0.09136363394420607,0.04559160637735747,-0.0019179379655562185,0.11969110663118515,0.05536368432097457,0.027047276668451897,0.06666135063185762,-0.0043152308890780375,-0.04930125814241799,0.0005160634378358028,-0.02061206963588274,0.015388320004436563,0.0059684893668768115,-0.023455650241453446,0.004367407199741987,0.002631051195636862,-0.0006531106072586112,0.000886023267829589,-0.00210046083371374,0.0009779726467470124,0.00014688059363479942,-9.345690477993926e-17,1
149,0.05881112813861274,0.007571346556418489,-0.009055749137224433,-0.08513627303309217,-0.054408517280191825,-0.07642511506139303,0.005870903193945905,-0.0820822966049701,0.09879717832826186,-0.13226899888742435,0.05375869179823449,-0.06877929279133276,0.575646621373869,0.0889792662280256,-0.05308938332036213,0.4145129189770537,0.09960815959885536,-0.2050050573564481,-0.024949938188969456,-0.05568334974280915,-0.04598844714125052,-0.09857561453577893,-0.03627359551720538,-0.06443559669373697,0.03624855264055334,0.03328569048456481,0.04370918029582155,-0.000322064670086964,-0.052334694642531085,0.038881049614489224,-0.0345686064381488,-0.03926899581984087,0.029282036509273475,-0.030315080357941945,-0.04757045088925538,0.05743248192930005,-0.009863718094136841,-0.011663339618511405,0.04725932077191257,0.018499985984705578,-0.020700869807718614,0.007029370235758758,-0.08960598759867928,0.031617041486643946,-0.020756150583546764,-0.060825187828805055,0.02430262067203671,-0.010655743654515158,0.006631027845128606,-0.01469886509404968,0.014289606578861537,-0.009839992753588957,0.028689744224533582,-0.02087780553486799,-0.001570685588636625,-0.017815843377683355,0.015982042320815206,0.053490966818626653,0.041518559805923345,0.0017977229250286464,-0.0299571043300208,-0.016937947710208318,0.05507760827215852,0.061239047515513734,-0.019866880171460224,0.03860536754464785,-0.06637683830471133,0.036108706874898575,0.0845286344280535,-0.02093094008734091,-0.033208201473819116,-0.05113280165397333,0.04508450067001921,-0.07487453216680967,-0.0054668120883489945,0.009083123792665054,-0.016466981296969777,-0.029710943910108166,-0.04484985715443888,-0.0016463702441817144,0.021099322976789306,0.006097583703324529,-0.01406472414646047,-0.022465286459556057,0.02290284188164503,-0.012643635724658289,-0.025252510201262554,0.0367564424086322,0.01066602129714099,-0.015170389849414769,-0.02481316888902348,-0.030726555565970926,-0.01756509787285788,-0.06820142602194683,0.0532211914809147,0.07195856798140782,-0.06665926039790616,-0.027710250590902343,0.05136096224784307,0.006507885273633203,0.029822862696286263,0.001758240183228002,0.035516357186335674,0.03538580493668073,-0.08467775216060157,-0.07115365403450302,-0.027372817801689663,-0.010200248441090716,-0.0370413227770069,0.003325281747733055,-0.0392968212092788,-0.030145327860966326,-0.05566210946198323,-0.0069561459780851246,-0.036361084260382905,0.05042590626505481,-0.0032231437604339913,-0.05097533819934977,0.04056107827777982,-0.017604051398493564,0.10130048902266557,-0.016354689340145275,-0.034081819762630965,0.014711155796208483,0.007218855892337467,0.05720597784156628,0.004399182008420303,0.04610532269502763,-0.004171217728888593,-0.023366600231077735,0.016222048364512513,0.006674831660001206,-0.007597072980963364,-0.0003304547932134492,0.010361046120953996,-0.004170661505718372,-0.03383215874428462,0.06197172479331576,0.022874313035366543,0.015536342413334125,0.04726353880095717,-0.016649982454646696,-0.09163265801223901,-0.04132849041270852,-0.02702762309523411,0.07371366761720523,0.09046580410783775,-0.1707631974716187,-0.2832036584563542,-0.05729282179699342,0.000227478346766604,-0.0121071804421002,0.01800723482207601,-0.01120816393246271,0.013829703496562536,0.0009329376631774991,-0.0019168681670524582,-0.0006123802150976488,-0.00011291186346157092,-9.345690477993909e-17,2
90,-0.08775302788482381,0.2093554680260804,-0.07184552067288005,0.09228133773478928,-0.014185095377763295,0.02350349441820536,0.014624545904919364,0.02793909006100522,0.000179248947980161,-0.08507679688015168,-0.04961223937649469,-0.029867859181531536,0.015550546614288462,-0.022035600945391684,0.02450814721047588,0.0688491253703732,-0.072874763541908,0.02634834424475017,-0.04338670143512241,-0.048094556407273836,0.03438259633353593,0.27131431294310526,-0.20015607382488068,-0.09767304791709921,0.07386195141339522,0.0038966183859234574,0.02705073482229695,-0.0365593514769525,-0.01650582716955881,0.08675949904434148,0.05335016291466174,-0.045240043198958996,0.03528807558685201,-0.0716130778689226,0.030014231065979544,0.04758654961195937,0.23745272635534265,0.1860154268422405,-0.25050135970109416,0.07172560794731805,-0.042699928434700926,0.30355531564013905,0.0820589130997013,0.04829574193462946,0.10969849501985324,0.11561068369408957,0.10677142132593441,-0.014120581126415942,0.0415628000878225,0.09601932025234934,-0.007493758991087422,0.22145522781777868,0.005723934004211612,-0.0038152356853713653,0.062204905479312456,0.03488926857778769,0.06988282739135111,-0.036837520323440606,-0.13782194191445923,-0.016913524085410275,0.014943301976406441,0.08512837877893503,0.03425297517321827,-0.0023909457224492547,0.02107096553084087,0.11902860246075797,-0.06548154547540826,0.08343137224666515,0.013065704848772688,-0.03688523255236399,0.02083249187255813,-0.00022991873003657895,-0.04305927425336607,0.1278294423209792,0.026365458325500364,0.02627135119290941,0.0242479479598578,0.006347919870341257,-0.013411294533017506,0.015049194530849698,0.008564983269838886,0.028786405249292463,-0.008270897480148372,0.05685941997248324,-0.07201891995691939,-0.011390143751172067,-0.05388274154768151,-0.0032657956473632933,0.0866730847322153,0.07443666824467143,-0.06914098794627013,0.0021340581916006406,-0.03306705374220499,0.03534576583431616,-0.037555176529505484,0.10433635702435887,-0.04200993547861017,-0.06714203617324564,0.027852550407613693,-0.004638844476409287,0.09663463317078515,-0.0708182874142222,-0.02269340633121433,-0.06367132629033244,-0.04103823771457187,0.022390113176975885,0.10103198741989525,-0.09449395462501892,0.059023261004422206,0.14219043133684944,0.05591623328640021,0.10541290208343852,-0.03189006673665357,-0.02232256638476826,0.007917393988165026,0.2199094175833636,0.0015017482009751116,-0.07744835541544345,0.014316998625382577,0.06248958591403927,-0.07375500163885429,-0.08435010906342422,-0.041974166895116696,-0.012762521770901524,0.0292698553534217,0.034722080280200275,0.03279640438407061,-0.06921345129026277,-0.0322299327933768,0.029193171192961855,-0.0020161663542684134,-0.06834752772437518,-0.022454155808029563,-0.06213577648482516,-0.005536381676174981,0.1325076372023625,0.0028220990735850758,0.04759212327627468,-0.007115912622408628,-0.044533190058222635,0.004147167650146515,0.0028487240187148382,0.02307556251264713,-0.03746444573015791,-0.030583215323491824,0.00851242461511797,-0.014176011405314484,0.010063513041787311,0.008376270201259702,-0.004528830566415351,-0.014650264651574292,-0.001277889967855348,0.013636205994071211,0.005909361322321765,0.006193656113151633,-0.009698319003221417,-0.0014475601474110593,-0.0005051230755003244,0.00032048281166601914,-9.34569047799394e-17,1
151,0.11404354124995747,0.007294077556196688,-0.14086092926245541,-0.371204992756945,-0.09287120184946852,0.6965746015841111,-0.4440165781528108,0.058725723184721565,0.055652265102082404,0.06308129409950727,0.004465784398415102,-0.014272170442773824,-0.006115691372506756,-0.04430980110439185,-0.0014740875683497304,0.023155841257215763,0.01101371966176963,0.040229426441598846,-0.08240935836160194,0.02236742208154011,0.01022725336372824,-0.01273444809629058,-0.018531722846983744,0.04587677366225146,0.023117662733487847,-0.012327722158443055,-0.0005793247385317247,-0.03747132292440087,-0.00028681878851144233,0.015618400465783321,-0.03173132385368751,-0.008202926987167701,0.024316629043883924,0.00574991706604413,-0.03423394802407916,0.015186022406971337,0.008660044310237341,0.0033647773179803736,0.014172475664039555,-0.005069033341634103,-0.013273495958613615,0.007180322199744747,-0.002208484289784696,0.003971146365181944,-0.010866261559579236,0.013549108322465654,-0.041349106403062406,-0.009189053171296122,0.0027938080877606105,-0.0038782065333691955,-0.01541843845426681,0.0094953911671555,-0.017684239323581073,0.0022365955834675803,0.005630819938834021,-0.015170787192891774,0.0038177415744951692,0.002462297188207693,-0.00339784226093112,0.01497414021811504,-0.008899349598732679,0.0031212341795424548,0.001977228654158913,0.003917631613288825,0.01198240347333642,0.018145721749057233,-0.01383142449924362,-0.003136111610598255,-0.013521324319469504,0.00892785849594593,-0.005645765697035942,-0.003733926660994411,-0.006056727229813815,-0.005377403245777303,-0.01378127182177186,0.006277745355515511,-0.00754485936075961,0.00945928613335538,-0.015116244810991993,-0.01011061679317266,-0.011081385535161269,0.009469330813996412,-0.002847467389286716,0.004525081535179318,0.012036110616368006,-0.006177938485018111,-0.011067405495518328,0.010582883672370386,0.004763442653018391,0.007151232144061722,0.007897289934626094,-0.006381301971783653,0.005052410992502351,0.00016172473679242292,-0.014915319780734845,0.007347932082894201,0.0030734899369948437,0.012630274126603096,0.018017509077505798,0.022680075378726555,0.006495626912346062,-0.0005751699364283639,-0.004858041082620038,-0.006781343687912051,-0.003151899821917774,0.005533898911420908,-0.01352836190225497,0.005963221063986079,0.011568437147184606,-0.01471309111902205,0.006195341091673755,-0.0071324740012253885,0.005237007624331653,0.006111813714475771,0.008775442622129663,0.003437089983923101,0.015413344964503797,-0.007707106122436725,0.006100581366316785,0.01844789619687282,8.51854188811416e-05,-0.011285313729843082,-0.012617587683061945,-0.0026488695480084124,-0.004903087561907366,0.0035477623274287567,-0.002070899328392525,0.011587330892720401,-0.013589039267291958,0.00380901968866269,-0.0039803318925416544,0.012079150675471903,0.0024164992946519573,0.0060349260586600745,-0.00029991512950212825,0.011917998043220737,-0.009052072738292104,-0.018869666284641914,-0.009669599757428354,0.014347048688471798,0.0018615626367738585,0.0014734368962902185,0.0004177179644399766,0.017315569684255305,0.013139027542124012,-0.02171842405394183,0.020278973185813138,-0.16611173411513677,0.08499625531303735,0.020171102571842434,0.004006333820990113,-0.010401382501079155,0.002013026286212097,-0.0017206289080821692,0.005641258405581181,0.0002664510278140267,-0.005648254232492215,0.006068321950283519,0.1110587798574949,-9.345690477993901e-17,2
179,0.18539474187678182,-0.038999226816639504,-0.10516712116447868,-0.0035505294066280773,-0.007448305064625755,0.043602033492726344,0.236030081476371,0.20729193341329366,0.24515386182853746,-0.019086520116382077,0.009130002775048001,0.14785107025691033,0.00959050986768933,-0.0058335600199443316,0.10671985424860479,-0.07285482456769875,-0.044091340969703255,0.04910175357081726,-0.03444720207842864,0.02930261095776024,0.023901813104737508,-0.04493428279156854,0.024250488816594397,-0.03557071416226447,0.010674961798726257,-0.03125921733544729,0.030036544057238636,-0.06923866465046909,-0.012741635765609294,0.002485288436263017,-0.041301432910349996,0.04881667548988671,0.036687707852796216,0.04361410844318684,-0.01106741033284753,0.026794063755517253,0.0042888905621344346,-0.024493004985576078,-0.07559337770829384,0.030280987624432647,0.051303405838339325,-0.013756039213759407,-0.0178413323415877,-0.0006082578676392324,0.05879399646739712,-0.047668881391070096,0.026515422405224778,0.08533074743417336,-0.04262240094473808,0.017737390187597048,-0.061068022219120166,-0.13604614194776374,0.0762694682982696,0.02774791357552375,0.14714360767949025,-0.07360827732711626,-0.056424101807381596,-0.005528885568198431,-0.0612904254046964,0.05130899762828546,0.119334769690311,0.023488707698099697,0.05961013046650402,0.07918485500054452,-0.09675583284314938,0.04299164717577528,0.010760758997932158,0.055270355985163264,-0.07489191191466231,-0.10756259203837068,-0.17369260394752678,0.020780618146585023,-0.020581364557256347,-0.04074638394185808,0.01238833547959669,-0.16985877723797912,-0.19392822045974425,-0.07539254638282292,0.08100469040594098,-0.17836113476408455,-0.055987456673225584,0.01794354883185501,0.1369817008209465,-0.01811215876019576,0.08579083469504928,-0.12358986301843504,-0.12810138510233787,0.005078533454039154,0.21479710837563343,-0.14345591355780413,-0.05406430865200252,0.14336241813158665,-0.06210907562692172,-0.10154503618624673,-0.037317676256077216,0.0063624563448251145,-0.08466610298348409,0.04068753783619281,0.04655928503562132,0.1272154700737755,-0.07526305103165976,-0.057839421518521505,0.07961958188339903,0.07060462828104894,-0.12468134330090011,-0.03390920480814899,-0.1380713407491898,0.012656406574354847,0.017559941011002906,0.024305268271136264,0.17899761526083027,0.016611213704362863,0.15091228881401264,0.14958696662141557,-0.04730323273414154,0.03467664164131817,0.051794636710449635,-0.009636092108049811,-0.15484206648041549,-0.0002836033907483339,-0.025412932851382308,0.02039891064069871,0.02028432249672743,0.00941524857087371,-0.013354207125112582,-0.016409536944903345,0.030199704820535522,-0.021407665913640853,-0.03692990051360358,0.016624073551018217,-0.011067263902100773,-0.04264874442854463,-0.0227523403094093,0.0037566138755940055,0.0161809477564651,-0.017195384532994885,-0.010267912851026604,-0.012666152624227572,-0.023273801417015582,-0.0117007839238259,0.0036694985302355024,0.006859622505501358,0.012208648640144398,-0.0065928601778800595,-0.0017968714989895,-0.00013936725063528666,-0.003041791859918847,0.015085761633410875,-0.0023021465636800273,0.001174210344946235,2.9409225180110468e-05,-0.0019442612728858327,0.0033667431511729294,7.315385407913197e-05,0.0009827712131809043,0.0007461040182335724,-0.001238308835459154,-0.0009161301160245881,-0.00024823318692109193,-9.345690477993936e-17,2
199,0.08747707111383325,-0.012265412059533895,-0.0225357073609641,-0.09283845325986109,-0.0586833438176983,0.04446731946381216,-0.05356720223653617,0.0725175428605399,0.01602812692651091,-0.05104828494063403,0.05879363139385876,-0.072682775807442,-0.03648585372085936,0.03285889852725516,-0.008085869523008932,-0.06614973013658741,-0.06689975839558361,-0.19752481578845527,0.01280787170177171,-0.10695441883716003,-0.11736026179410534,0.12534129146506284,0.16449689884602553,0.07451592210918107,0.028701407047380716,-0.22243536347812407,0.02845594914702376,0.08356788793628951,-0.04067345273595102,-0.0009272133008530393,-0.20253396930788442,0.08003857266399662,0.03522095866922072,-0.009106765700340793,0.012219535730021385,-0.05238135535927686,0.09742023888896943,0.058176795050512334,-0.07383788799783743,0.0511060647990371,0.10047124417055071,-0.11844010475924457,0.1664832302587417,-0.22369639191225688,-0.10295188245158853,-0.13270301542730098,0.007144866052735748,0.09691097274268007,0.07557719332895119,0.053355595278622055,0.055169082043996925,0.13759973394642908,0.10824624351071638,0.011092391496092095,0.04620614710927031,-0.14876601063432862,0.045905114404384245,0.08721712540393904,-0.006726274557119703,0.06150753154928389,-0.04217088183552915,-0.06121988977882052,-0.07660578904049098,0.03469084339244856,-0.02239332556547631,-0.008015061418333276,0.18203763802008566,0.08647298966071992,0.1984549067086939,-0.051216736491023686,-0.03591593961689201,-0.045711818906796056,0.04443997670297401,0.031106102971067643,0.07417549402869542,0.01804474789310216,0.10688587525092522,0.030658622609383065,-0.057723863725142634,-0.0017257942794230768,-0.05073483644371464,-0.016309633868689354,0.05725692596164535,0.08670079683942206,-0.05389890031804286,-0.11519859521273808,0.012202054484753587,0.02742026129292078,-0.010569837475905869,0.07583978365631429,0.06740865598804655,0.04185013979120166,-0.2310449218544389,-0.08153757253109077,0.035069745465552915,0.13180480260731492,0.09864623932244693,-0.11967882308044828,-0.24008965024675444,-0.12095671099064946,-0.03426949793082146,0.039561023471032214,0.056884633674393954,0.08713126743007144,-0.08419022762155666,-0.09708933817984901,0.03651065428068865,-0.032286245088965666,-0.07104299915510383,-0.04100717081247612,-0.02756220206299096,-0.03860578552286251,0.04712968869938287,-0.09140242492043037,-0.024930643650576862,-0.0255809120992804,-0.06914209711387967,-0.052805534684288835,-0.05227694562926428,-0.045647461327883235,-0.005120335835959838,-0.004430611290912818,0.04736015728310687,0.024500413052177934,0.0016636863776633222,0.003620145338167261,0.0445636160291761,0.010934495628267635,-0.03587908218281651,-0.017136809885780147,-0.013810130171649773,-0.027170021454438833,-0.024080365677746195,0.01624753271126009,0.0044561167338758815,0.00024776477279445005,-0.0020546023397913582,-0.018689442391748814,-0.014820918958811892,-0.01401070342293104,-0.014167414908094592,0.0013562431850617244,0.011757473940651337,0.004306203985412761,-0.0014908003010557674,-0.010375356013371294,-0.00027518300976470925,0.03295834841914263,0.00937880346647004,0.0016582988378427966,0.010628961247446674,-0.004070429490177303,-0.010270905170029045,-0.00435054957816653,-0.0020574828365319967,-0.0023168641149174966,0.0029167697032855874,0.0037040308719706047,-9.65898202640123e-06,-9.345690477993935e-17,2
129,0.42606446290490463,-0.2625400111603159,-0.2073866486724746,0.43826136928478293,0.11309271404697302,0.09585644540804844,-0.08846423727517279,-0.1503834722348685,-0.13517824269898696,0.07417340528018991,-0.03719902510284205,-0.08072926007442077,0.032817534559779926,-0.026931430762104008,-0.0003931943100921662,-0.03256353398320186,-0.05605549818494547,-0.03720708005172751,0.018000818828113538,0.028115972209305232,0.0109282465945415,0.018839953377925416,0.02083318333036241,0.01004509564695815,-0.048507217351236816,-0.029339883758427117,0.013865253566878656,0.00864626470896469,-0.007675710158788707,8.730601040793959e-05,-0.007595825329745586,-0.005259207150916333,-0.01836123139502966,-0.029286508374634826,-0.004620471242651471,-0.008425700475956662,0.022973291265096896,0.033854281624190116,0.05621022447390292,0.01996933254093037,-0.03654989859114824,0.017419053339253105,-0.03307828775602319,0.03467244896777288,-0.06621149140198299,-0.035219990263827,0.04800380687545176,-0.0353285711005928,-0.03648218142266108,0.030466854771337322,-0.020259335857303204,0.02617090906182072,-0.003386689168581891,0.049409606483514064,-0.02578652707640534,-0.01703731347016175,-0.03056419243639205,-0.04177640779688052,0.011016517941101374,0.03065158879764896,0.04325988187992701,0.02866784467076013,-0.0036096262031315484,-0.030874794276597402,-0.014029852757112438,-0.04372183616681087,-0.0013856586580554763,0.007271125773767831,-0.07440716992713715,-0.02581338136991664,0.01967870059042666,-0.008400035403311003,0.049414795714380205,-0.006962570965038748,0.028169419717848365,0.0011798671674222857,0.0018105083761492651,-0.027547733441195026,0.031133826059358664,-0.01916556053845831,-0.011404889252159652,0.006604981603936698,0.026500726872853774,-0.03650895530384464,0.010858790198553977,-0.005026317137738481,0.029908395857572722,-0.024442840994835763,0.011740511976070116,0.05303939592065218,-0.011282265760980063,-0.0030004170802547126,-0.012973057096456965,-0.016338552861354303,-0.005487673186526527,-0.0060614620182153816,-0.03265545849598361,-0.002602920224237664,-0.023305228921922563,-0.027006014049693473,0.019655944605129608,-0.022074771332137328,-0.009664491608173387,0.012885802336165795,-0.018361764331602776,-0.024344662253944806,-0.02369406035637613,0.03267706383279731,-0.0020534985681082965,0.04279803923756369,-0.031425229202847606,-0.0035240251099121008,-0.09810329253351106,0.04852155475775631,-0.01649749468606386,-0.0058406130407869785,-0.05735570124874241,0.01527687675717309,-0.05100341958140533,0.01214201547636126,0.06883002276072467,0.03469225101459027,0.08476865108817154,-0.043328902871741966,0.06380605202563075,0.025994296013215037,-0.11831089124189029,0.046346856754747943,-0.1469444580016597,-0.03774474999782428,-0.1763480116417341,-0.024930779509708435,-0.11718397768022051,-0.10400763169857868,-0.06285413506816094,-0.06433271511546289,-0.02554487082304021,0.14913157706653282,0.09815817950552563,-0.018514312681901606,0.04957978918468439,-0.01480839148271829,-0.03306955796667717,-0.03078903970022489,0.008851540424865035,-0.007729024627749472,-0.015582123916125843,0.015613685994381659,0.04925077505900074,-0.00042625025833090016,-0.03544713052975096,-0.019224027438464752,-0.011282203528918048,0.0004082309199114022,-0.014459623133931973,0.00997647879266651,-0.25827252759365354,-0.0060822440025376226,-0.0002937154019066888,-9.345690477993911e-17,2
5,0.026681641274730744,-0.0015294327998091547,0.3597753661292169,0.09034882564569548,0.03777618504269105,0.0694418711493008,-0.00023978077861113413,-0.03905308786283487,-0.05495110062197955,-0.03214460326976146,-0.04791734091104713,0.08025786673288483,-0.03024544174548737,0.0026202366492472716,-0.10556016307956155,-0.0024543718870145117,0.03575860654127907,0.016943269012260846,0.05203487835827702,-0.053175008873441704,-0.013411893036868065,-0.06200019095463056,-0.043024589292654715,0.07494404642354653,0.02376229240544474,0.13749518598667243,-0.03064875728041609,0.004795823725412241,-0.050045169705347343,0.059391858620797155,-0.06105039596194594,0.09710532104344256,-0.027778249241100707,0.10206715030917826,0.02890348163804474,0.0028016216755889496,-0.04584595321627527,0.049080468592589355,-0.07277432735872053,0.0023980081142954703,0.0368718752920874,-0.06671057862709653,0.09451549039703161,0.02375027208440765,0.1631515762060351,0.08930769432413492,-0.10572196970268648,-0.10182459490000657,-0.005046298847169432,0.05550171397859548,0.04683152192567185,-0.07452923402535018,-0.028007017044733667,-0.10624752733637158,-0.019341588953883295,-0.005718009762720188,-0.0013259847348978393,-0.12621867193675973,0.01911182201758207,0.04143626710107889,-0.1005402765788174,0.012433222213166607,0.11918972979339915,0.01668835238607102,-0.07762085880280178,0.0629506026636461,0.07410750743521469,0.017433799363585974,-0.015873830546346484,-0.03683610842302258,0.03328545554030358,0.07259117278660474,-0.0017216420497860455,-0.1178351100025947,0.05485578004954637,0.02120756040135556,-0.1323863420205387,0.0033135166281156076,-0.013476997782739933,-0.1427321933217691,0.009209728994696405,0.03967872134854675,0.03994625946927353,-0.18096170884415225,-0.07642010570353215,-0.011096859179952455,0.02576419833143633,0.09406750403350674,0.061457915505977435,0.3545412247306214,-0.007624245771091368,0.10899681869393232,-0.010779702003913478,0.09032555479100245,0.1816164477801134,0.12073478132296732,0.12642976701010572,0.006115803718173978,0.047072172410541395,0.009862443543286591,-0.039738155851208136,-0.22572900155154074,-0.03813357116788601,0.06253664622965602,0.09357619392155289,0.08846612267895052,0.04849184167589558,0.03643341109183706,-0.060849572828265586,-0.14540085828261595,-0.06427012096907496,-0.01792239582420621,-0.012411357839302443,0.05248750281654256,0.012216236043376506,0.08148400000468106,-0.06370272028370268,-0.0335185480237174,-0.05356523047215942,-0.015158663937169147,0.013660043429704203,-0.06507290167257995,0.07057155794256244,0.01861674693506993,-0.006173278419290993,-0.08565262285627508,0.02550078517329621,-0.016357698055044615,0.00035948086761700056,-0.04167844721563245,0.04357915723495586,0.07919032243754831,-0.05431130157559729,0.05684548732897351,0.03062551909744428,-0.015411285647571337,-0.03854799410227014,0.04907392497643861,-0.04556812485263883,-0.01594283035288458,0.005213153410837947,0.004078124665705809,-0.017652012665907584,-0.019201949183169413,-0.004682459272544538,-0.02496658338416969,-0.0023033239914795416,-0.007165733336804601,-0.013704092518408161,0.006364621033157955,-0.008451123745889532,0.0016876410397582862,0.009585827578010733,-0.0015611575903809575,0.002627417469616695,0.006519764803061442,-0.00396848412315636,-7.397618704560921e-05,1.924521698961689e-05,-9.345690477993926e-17,1
104,0.13339679043067737,-0.03772422690861278,0.017140795398299134,-0.006168264690065602,-0.27715745803950076,-0.3651604473387081,-0.3542413333334674,0.3851920216028436,-0.1744695643484169,0.05428290663919321,0.006412967544811691,0.11197118352376792,-0.026614947253434995,0.02389515631409328,0.04688582648668426,0.0499340333337178,0.052973312538491114,0.024688225534063066,-0.014104144465746513,0.04675526144609676,-0.021091319028184827,0.008773773574087332,-0.018479260062820392,-0.028766542741079704,-0.06650207091345506,0.011787947173139836,0.032392257652996165,-0.0712669431454916,0.014395655978411461,-0.011492915662753022,-0.012995822309368353,0.011282151158496416,0.003814651849646082,0.009572953300891926,-0.009635043666158489,0.01094805621968211,0.0005185434582634601,0.03542933994249185,0.055873059470653096,0.010663503672951777,-0.014754790071537256,0.013629964367647471,-0.00641951319198995,0.05367706883347265,-0.013166173988655421,0.016337855004418804,0.01633877516022782,0.00043385167844567737,-0.026976940616738953,-0.00044772994395666116,0.0015665026170767352,0.005450886160683977,-0.007461825874540408,-0.011916698136884157,-0.019474265473319752,-0.014328238421165504,0.0005873853022985519,-0.054163597127659745,0.00121762561170728,-0.007333675672714433,-0.014053018369228485,0.0057974428818742246,-0.02916194464198115,0.005766795330738588,-0.002413924999651329,0.009684148809543032,0.008099211667699379,-0.014999653950759141,-0.02202356513406809,-0.007421690232661341,0.02468262016208588,0.0003224929956498988,0.012363698265569403,-0.008143325782253921,0.002922262371428654,-0.022429578987696337,-0.0006353196975510502,-0.01733334280700725,0.005036443948055885,0.0017328758129979659,0.008252304487850989,0.0012081755618951059,-0.013742911826553591,-0.016891066270749863,0.018111575503364126,-0.015526638918211494,-0.016678500710225908,-0.003567151062482323,-0.01543260915132183,-0.007223009161438972,-0.029288429465849093,0.01560618999614498,0.002853003431410503,-0.016960775340708813,0.03546752354750054,0.007675950857356645,-0.010551392425360764,0.01059531732211514,0.010841826702041594,-0.005318931704837623,0.0006328325731007906,-0.027104153789927345,-0.007333871237345905,0.019255625783665412,0.038979109384383225,-0.010876204168040539,-0.02161873017227044,0.0156543349693698,-0.027513001110341537,0.011477894397467582,-0.041374045929092815,0.005888027633478657,-0.0002067912747220344,-0.02720474155114379,-0.010893563370634872,-0.0534905601990532,-0.023630839578377798,0.0060349881330150346,0.007448617561183084,0.007059808390964793,-0.027798162000656823,-0.0027594957663260263,0.041669992778530826,0.0070244581054368675,0.027321041576240157,0.048580024220143826,-0.032185586683626886,0.016540458081942832,-0.03403971479673188,-0.08539855230947574,-0.05248671504658585,-0.036751575135423195,-0.017203474634791507,-0.04130733129332401,-0.005359447214788069,0.11710174875450517,0.011172249912999971,-0.21594035123682126,-0.17338500480249788,-0.24406150084076708,0.2832266315990656,0.0965726129899265,-0.09122121428356825,0.16847055812881725,0.01506597495305413,0.020599923889891222,0.01234821256068488,0.01451530235754302,-0.017164437370841033,0.0020283748323308318,-0.018777088929471115,-0.005105023619907433,0.018328569313498064,0.012628251642386547,0.017673863185864384,0.005957743690072024,-0.017475869411459153,0.0023163638606525042,0.00038898943863073976,-9.345690477993921e-17,2
23,-0.04275070962594533,-0.01156386185604253,0.09187296187945666,-0.04446499518078139,0.04597120277150798,-0.01090081708949192,-0.023452755083410035,-0.04001390118795079,-0.03778080647082645,0.014349261334259804,-0.022807110257126735,-0.03851746456307223,0.020410910744455724,-0.044716654861996455,0.3132304516340827,-0.15538634889930453,0.02754884304857171,-0.21879370345103558,-0.011744891203265708,-0.21077663046283887,-0.22499257217396768,0.15776393446215692,0.20697808985560917,0.25571492948807517,0.19920813355671152,0.2621778899406598,0.29534412881979805,-0.10941524751478132,-0.03840473407861204,-0.16864138059658884,0.03399870726717381,0.03329414680933071,0.030326460713257297,-0.05028457808513758,0.008275701479679029,0.027012926816977294,0.026753904079695388,-0.06847288835327675,0.03445160505772961,-0.012758986513605275,0.039483478885835595,0.11204619455500067,0.005291001668283959,-0.0238844505237192,0.010639384015680054,-0.029800477530299657,-0.020340822634129944,0.008891528002009614,-0.00238060934814621,0.01810884110236907,-0.019246158558471005,0.004002536229291366,-0.012526716168161983,-0.02877503063942703,0.006947471881467227,0.003157940560738335,0.04408604425117167,-0.025682580193403377,0.016144940112591977,0.011638058321029893,-0.006658828131802413,-0.04749998050670776,-0.0006819186240144156,0.018497750223472782,-0.025713006725126445,-0.018971003696993276,0.03095350101118594,0.026919870084049387,-0.0038186310344550506,-0.005389850684782671,0.023296598162733047,-0.02154066758199767,-0.016038643310410782,-0.027162375327704033,-0.028216852073211188,-0.007789524627294414,0.0009982900574668154,0.0002955583718158712,-0.041884577775522555,-0.030789397070961535,0.028694989848693148,0.03207648886725934,0.01867899220838111,-0.028693633784026742,-0.004529654436781627,0.020418590996360026,0.0017937004966345148,-0.024300649703786956,0.0027741422692628666,-0.024052960825790202,0.0015181870858269723,-0.027629349281734966,-0.02846791415580836,0.04534151198339427,0.008406733082838016,0.05998756836728219,0.015252149505168905,0.014613266373712424,0.03454913618624864,0.041316792859197406,-0.03868961630715842,-0.05072940177153786,-0.01988854650934547,0.058587057573816256,-0.045683071937606276,0.003350348643128126,-0.05961887842894819,0.04050070761024146,-0.012328928432979164,0.041524053015021954,-0.041893260487206554,0.016757775481272035,-0.011771132102888384,0.04181787004927786,0.0963361636419285,-0.020778090124505513,-0.0032594229443833503,0.07927739887328449,-0.0008882176256714171,0.022032519823361758,0.018007564034650394,-0.08958913164938473,-0.050759510604351125,-0.03802636468696166,-0.011486264226604223,0.10133211912836879,-0.29922020442232744,-0.1357545434675181,0.16412623416117292,0.18002642964656326,-0.013464641019251922,0.03021160322701113,0.05230700582133553,-0.09062994509650663,0.03644351299339153,-0.024259560767680672,0.0112458499033972,-0.03297053037854321,0.009697089290610566,-0.025468430247058485,0.004630757218870759,0.021442449691457054,0.03481727018454783,-0.02439718624243213,0.04593451991769719,-0.009042528004552878,-0.004641128367771197,-0.003839271279948434,-0.017804101249666474,-0.011442800181807948,-0.005560259082103285,0.002664852290632363,0.0024418879121501417,0.0055699955016988165,-0.0020530687925421455,0.003143713202250913,-0.0006009502481690019,-0.0010582194441951839,6.743282768706041e-05,-9.345690477993931e-17,1
117,0.05331727755455205,0.0389627217726684,-0.052917931291321274,-0.1254555962342506,-0.02892441482817866,-0.14961320377942713,0.06474502486829531,-0.0530437590852544,0.1103656090421183,0.4252486546179145,-0.2837456438358988,-0.2345061628419892,0.010215452460053813,0.0935378806988662,-0.16318547635931108,0.019930678001784878,-0.20666061448050166,0.23874056059551643,-0.3239316457675757,-0.05360161712825016,-0.200877975575271,-0.12314565530708976,0.053998440009794334,-0.0589547799071638,-0.14967349824017093,0.11474861987473599,0.11627896021145323,-0.06934288417535188,-0.02361842806702883,-0.01573115285783756,-0.07523189273848341,0.022766306227027393,0.06333035547452334,-0.008642999191697715,0.036912852832335794,0.053845874880243824,0.005471430354175294,-0.03470931483536668,-0.014811620300348109,-0.015082947806444329,-0.100982868909386,-0.0028362940743346344,0.020775975965811752,-0.051894995784877045,0.050343914485445736,0.04160640513843399,0.08280464921250712,-0.026148739469590624,-0.04034620027440424,-0.00045898857745930993,0.06928154535771544,0.004040719281632883,0.01299052800813704,-0.03776229049398576,0.058901533383534065,-0.017642255156732095,0.02910810458049942,0.08348225571816828,0.011838799984361666,0.03425694077889329,-0.009439033567313342,-0.017446327770627764,0.018332864411147388,-0.048705240976693265,-0.011699358558960786,-0.021004518248906486,0.016474116351251972,-0.0004397361918841129,0.016478530122292598,0.00035416308725093505,0.0011387551410755503,-0.00020403693311136885,0.0114181051225907,0.005874354417174512,0.01833084616919296,-0.009009476296217313,-0.016572214621786995,0.047334381262978335,0.005182547505803547,-0.0014146835620743366,0.034464297975355926,-0.010255551751528482,-0.011902176192537674,0.003289151235220601,-0.00930711671738738,-0.0034283212239285933,0.003983248239965485,-0.005219588372919048,-0.020569633054143534,0.006658828819888663,0.022463492355009027,-0.010307683187327532,0.01017275381328559,0.0181595538799145,0.010256538992100083,-0.01684337101861466,0.009128998546566135,-0.009630682234107379,-0.0033846328272827005,-0.008771445590004194,0.00988296147041484,-0.01907187577970396,0.004127438326732987,-0.005990737698795166,0.01883420394830533,-0.013222668429770823,-0.005184013421701281,-0.006510118617975095,0.003925337808941411,0.01665645453691923,0.009601917024027956,0.016318636448684837,-0.008645813710748199,-0.0030647322933812756,-0.006812982335886857,-0.012007207710142406,0.0016374812342485558,-0.02668317704997672,-0.021286637223320887,-0.02914892862953409,0.004312680831868317,-0.012826387560896834,0.010820248265311241,0.013320681254053508,-0.0025250403798392045,0.003881822862774471,-0.010328535489712415,-0.006540031220524361,-0.016029566347217587,-0.004941786484506535,0.003714599495235325,0.0019040040567085534,-0.027566028118547085,-0.0037577875517132743,0.019036915246166783,0.005703668167734041,0.009940687119095248,-0.007895845451552351,0.010975236128754062,-0.005447688479371125,-0.04100438173254523,-0.004038500725664311,-0.026979574820929213,-0.0015436220326802317,0.014720847818334345,0.011862174477337454,0.03768907813244674,0.013714988988093214,0.014024360124087228,-0.04107398625902246,0.17627427301522838,-0.1296514052407655,0.12821455518720518,0.2405786108233077,-0.0889268361777389,0.007839111525391379,-0.0014005161926818612,0.001483614826637622,8.348483911374533e-05,-9.345690477993948e-17,2
35,-0.20201792922478506,0.36193222898010785,-0.1693758208200078,0.2113695566630867,-0.010748572333183555,0.03980225284469379,-0.039810018453815724,0.035690188948328046,-0.045224373141211034,-0.057957824250738796,-0.07569726354552062,0.0023335587504364403,-0.023736486013819176,0.024972838611897877,0.011561717804515242,-0.00046186904578933744,0.07345262794113064,0.014653741508927167,0.034535500839063094,0.0069587854610956975,0.018995197985396062,-0.17283370629391703,0.157950542087516,0.03707170739161033,-0.04017169486418927,-0.014559225258171798,-0.013338373898005572,0.039346243004299744,-0.012207975027549866,-0.080185358013402,-0.06476430804582904,-0.09897928938318133,0.010588995420657872,-0.007027545133316618,-0.025430083335268205,-0.07369230264732643,-0.07280648852463377,-0.08876501374445951,0.0036541022799564445,0.05547574130875268,-0.0649641152243268,-0.06126800644802373,-0.008518105123779622,0.029514521680915704,0.07481428887232693,-0.05429426278617776,-0.048189580680836605,-0.007002049436960715,-0.010196849796827313,-0.012119625542445566,0.023567163755014817,0.01434690657115462,-0.07913293284596683,0.0515942496689148,-0.03215170207210651,0.01630775378811037,-0.020898187127187138,0.045013882403853886,0.02258497880884174,-0.014603534782303048,0.03851503900596018,-0.017170166141629924,0.0004645381605858199,0.06195845181895822,0.0677397244427016,-0.013520645904214517,-0.025839892834452552,-0.05709310773836012,0.001981183405671354,-0.014777825829938354,0.04024942193793839,-0.057921505830862,0.00033285012727313207,-0.03968242744888174,0.07053938553877666,-0.061702859597782,0.029858749045560122,0.039835717601563264,-0.02472424147505248,-0.019943470218949023,-0.03622384090309764,0.026650906776167167,0.021270563548477874,0.022017679182346303,0.11497621076750177,0.10350170191094982,0.025953875954413945,0.06911150717965465,0.014674037232009536,-0.026968065320764793,-0.05720127810710367,0.025086938794871776,-0.030679905266750716,0.033053986087927915,-0.054912058111458155,0.10855892005035228,-0.06385372216760199,-0.07097601861662299,-0.14296954555122626,-0.016924466409451763,0.02482402751674865,-0.05134713033023577,0.10377468587114876,0.11382876335937443,-0.005461877262652983,0.38942117546750965,-0.06757756088030537,-0.1485041451813367,0.013663058966820647,0.052898062162723095,-0.03504877847146851,0.2005160590654916,-7.993941229536632e-06,-0.03703840752457763,0.040339506174895366,0.0640782674636371,0.07494800902960767,-0.14791122914376986,-2.6308216054667304e-05,-0.07683360525258799,-0.07009367172024544,0.05961364689527469,0.03666371544092939,0.05633381489955936,0.031104289719900164,-0.054391947732283945,-0.07349240048004846,0.10395626631648511,0.12517770262409822,-0.011542050876962055,-0.08383045316061181,-0.017058171465111918,-0.049203501181249595,0.012957774554772143,-0.013355293902320532,-0.008971487126923684,0.08498777063291817,0.061011511764646274,-0.004741675803790666,0.01281126223615721,-0.01730326499565135,0.04300553895331272,0.058746430388342825,0.11081860656385564,-0.024864044745949436,0.04257791484886498,-0.01854763425731914,-0.03301829434939811,-0.02362351185115409,-0.004862134753789928,0.006723282317841047,-0.000791302404803418,-0.001968458049943369,0.004359595250126242,0.00033385994425380345,0.01104024675037374,0.00033852254417639287,-0.0006677360155627032,-9.17511292285266e-05,-9.345690477993935e-17,1
19,-0.3950083744098799,-0.3634752292881574,-0.06440071106018483,0.0590607937365182,-0.17442450067473964,0.02863653967196895,0.029821179421715107,-0.0185337814129981,0.012089102840306306,-0.004477887161079001,-0.019701572271545505,0.0070739005865442595,-0.006072735799993512,0.0312338681329294,-0.00982829404863734,-0.02670118882196395,0.03366879025517836,0.005183474060687784,0.021692111608810467,0.007204270090126558,-0.03822996127634591,-0.04721712453378125,-0.03579979612768922,0.051562601990215576,-0.016409475749445488,0.004972016371185205,0.003171850619694378,0.013080660499816306,-0.10328277177002018,0.06270538171761103,-0.007047948335572465,0.09479485338582892,0.09843351991892221,-0.010212246336445952,0.06670538125386569,-0.15870912533381976,0.11893863027604688,-0.19926962858241687,0.06535989039497193,0.06966409297419088,0.09799486138833986,0.12213112889267687,-0.04250718083962887,0.03987924678957047,-0.05201420898041017,0.051415921227437225,-0.0187637475216873,-0.026104155465840148,-0.052697070182156365,-0.008311253805016922,0.006576740183517173,-0.011931991433397326,0.01537702681859091,0.025711397692931712,0.018282859878964112,0.044523351589674055,0.07344463241289778,0.01987473174710605,0.005968079321440492,-0.03377916614107882,-0.01803797479424844,0.0429865164717565,0.01627848112325562,0.02481716607698219,-0.03552898978449247,-0.02816821215489642,0.031127195979769273,0.022345890488448726,-0.0032764294835897043,0.020805284358085555,0.0053297155566815425,0.06901357094396278,-0.03126898688323765,0.0069551386534705195,-0.02764213416159023,-0.0023284217158293517,-0.02417427087058669,-0.013740334938946271,0.0005354690508692151,-0.015275567077052698,-0.0662937819929212,-0.0750660877803004,-0.03491001691581532,-0.08274629105275703,-0.01791455364318261,0.020492951897845557,-0.04209163536059295,0.08653614296859574,-0.10305960532402855,-0.00391859268560089,0.021044097678301205,0.09598411762255415,0.04470441619362601,-0.11147220962807049,0.05591909368372714,-0.005412206791657517,0.011771353339479092,0.02856234508620721,-0.057241926526999304,0.016424992438197984,0.01034111875873805,0.07207110676250716,-0.02171719112495464,-0.048786311078484426,-0.013765725777157874,0.06726397980006006,0.014954818156746636,-0.0737638182646202,-0.0257319853308624,0.012378229136218069,-0.00044758979974278315,-0.046763797658947205,-0.0262101385173218,-0.1254517348300095,-0.2401506849846813,0.09271047720018122,0.006254202635745189,-0.04838581039075585,-0.07181202974562456,0.07685252958049489,-0.0911977810854041,0.06200426040512184,-0.13732945522916465,-0.05033457990997367,0.016097822070341734,0.05895015620375082,-0.10349943394079635,0.025640298921063953,-0.11540864460049283,0.08830514528529466,0.09032933805021243,0.05944836285773985,-0.06493917174690088,0.09460969339374536,-0.04310408045215145,-0.04324950688816801,-0.11648360168908693,-0.018267566906669478,0.002749233106998237,0.12064779615599926,0.10815857680417738,0.1419333188765694,0.05183652928147991,-6.959230906799413e-05,0.046671902186017196,0.010617185799529465,-0.17986171449634647,-0.006917497641933297,-0.0235263358302432,0.011203893739499348,0.021463953654086227,-0.03536344268482247,0.001747663015404077,0.013180137881482508,-0.003804701572720265,-0.005278261866885366,0.0007530061823003611,0.00020334723111053876,-0.0001790497163470341,-9.34569047799392e-17,1
165,0.06834875394135406,0.004396022921862345,-0.023404135553528896,-0.14488941330076427,0.07103608274845577,0.05921240562031428,0.17126687993737372,0.06450198422344473,-0.10852126004762867,-0.02253736506932538,-0.008133014698918918,0.031645741929715296,-0.1151451779402538,0.22181795512260974,-0.10195978359753381,-0.03295300487605114,0.06376825604229272,-0.04642200208510562,0.2844621235199383,-0.03747170671499899,-0.2698050076914014,0.0033331884544207224,-0.03264981222479069,-0.10097588417914134,-0.036188933329338625,-0.08702967488374025,-0.014598532908967442,-0.004708303584588693,0.09032070171862203,-0.10759681736905596,0.010631736602035436,-0.07252761616028747,0.25113729425600795,-0.07914530268374348,-0.06278286124376958,0.19695621937817034,-0.015027382651394482,0.016538851566141648,0.1344704649148437,-0.06195119040557665,0.010828555564376603,0.06069769628154331,-0.1819789538079973,0.14280874983776187,0.03618387311779514,0.048006566155135155,0.11266594713554748,-0.0737589115822793,-0.1178034164509515,0.006561198477877363,-0.1258339262971048,0.01054427020524407,0.009603637790749037,0.11145865894742575,0.09928726214272454,0.009749729675709378,-0.0496912094406295,0.05034046607861284,-0.07774760416731914,-0.043916428826428724,0.06448370401616396,0.1019136029190252,-0.021656490141512438,-0.1358011753487283,0.002199733327313267,-0.009074181076149268,0.09282413916149133,-0.08791703373292135,0.15837599085857149,-0.02172293100363854,0.03704782039188921,-0.019615727379815307,0.04527331372299863,0.043908225443496096,-0.07168060055008846,-0.003285448019782827,0.0621706448823706,0.05704812352807946,-0.007285519827663875,0.034035711822776114,0.08458678922536854,0.08819873523207862,-0.004356032309789489,0.11466965187137997,-0.03609675255957751,-0.003616821012308743,-0.09690201802424206,0.03196791534844744,-0.0660041172571189,0.13846986564814498,0.050483696590398856,0.07760215335967492,-0.03894969125631817,-0.11906319912692942,0.014065786492367054,0.12259261077033508,-0.049855325141737995,-0.009452500293760316,0.008480469858312394,-0.03166481819815628,0.006114584734156474,0.11651015286155272,-0.07753944701209012,0.02988739219156672,0.0638539747248396,0.11069555904403836,-0.013622854371792255,0.03188634075881035,-0.048025896977936675,-0.06707631640662486,-0.047591957364250766,-0.020396366676925442,0.12137484399468375,0.2397744721603684,-0.015750632347504834,0.025504728004911728,0.09731919474592708,0.01698269554204858,0.042944382209818555,0.08407736894122735,0.04202787017464192,-0.05506844375898596,0.017914121799927525,-0.0520580854732549,-0.007110162244487882,-0.021926043787728996,-0.020773322037647608,0.011526524017952731,-0.032986876766515245,-0.038939897990536786,-0.004631668551000295,0.042906350024137806,0.02512643958192239,0.06309086898078146,-0.001817363369478306,0.0023715868931055,0.02116045905150993,-0.0020192325753960747,0.015384463983639528,-0.027666067608140905,-0.0065945641776901515,0.004428211465947022,0.01589185003242059,-0.018058642842402793,0.032971012165134705,-0.011071429146782193,0.0011821813295745753,-0.0005280028662798001,0.0031264651990109537,-0.0022605319840888777,-0.006039965128000424,-0.010692721105874842,-0.005178560594829768,0.0062778839277218565,-0.0008423919981981953,-0.000797482522097612,0.001601816280577216,-0.0008635454527655674,-6.687701709056933e-05,-9.345690477993914e-17,2
124,0.16738852319096947,-0.01741384817798902,-0.0047005521113422785,-0.005313547912521652,-0.07783910292415473,-0.047747171594980896,0.06908979766450617,0.088421741083619,0.11413853392311056,-0.23908306725410194,0.2703016567688454,-0.3216236770297393,-0.39006956628178596,-0.07106850526195124,-0.07004004099011693,0.11769952645308313,-0.09481015783068258,-0.20015167822855978,-0.09162174112176794,-0.09585639159741073,-0.08776744028355973,-0.28914550581480725,-0.18485476176338622,-0.017772907481964917,0.06841692268390391,0.06212412997380559,-0.07864458927199676,-0.06862642755388075,0.035678594928716965,-0.055082792321101644,0.06107779687752915,-0.0068152883356777764,-0.08621164796219744,-0.011483982053872353,-0.0337838811313617,0.02377767679546817,0.025840507641705545,-0.0056502933517940425,0.06906451618268095,0.0914871114383299,-0.058394274011634655,0.02093107124025029,0.028464369605511675,0.008172733446190438,-0.007269103898791186,-0.027718049493685504,0.025489049433275998,-0.028813799455406644,0.0229320281496448,-0.0041088351206862005,0.022017065970094323,0.017787261006740853,0.008264343137111912,0.020371043416948804,-0.03654249760174447,0.00863294942524173,0.05685426035684572,-0.017657938354678673,-0.020914175951493152,-0.0009468984475045018,0.02739975718865399,0.03211465800545181,-0.01814817912332617,-0.00495482863259036,0.013391771465772048,0.009885623520605492,0.024656190965825896,-0.0227453254822556,-0.023851859630345102,-0.02489789731921513,-0.022600955880300602,0.00674031124052318,-0.02556370240163062,-0.02098342204574144,0.004267923123026827,-0.028274270997876633,0.0010613579319333673,0.018550326656173913,-0.010262586875216613,0.048242965181353605,0.030998167912264174,-0.010459275052372295,-0.008639509112942525,-0.016278514484886063,-0.009254938271391669,-0.01087809695747837,0.012133041185067278,0.036279411708294476,-0.046810820317072545,-0.030436322360652156,-0.010148798733886908,0.025221504328542345,-0.0036165023360033577,0.028327593351073682,-0.011226307535959644,-0.02111589135177961,-0.00030285323562638435,-0.007247815532210529,-0.021595624808545613,-0.009714335860995219,0.020137532532328393,-0.03343063403453267,0.008915097312900279,0.009308239758996306,-0.03130173452805797,-0.024313622838217818,-0.03153043417117564,-0.017011891338475384,0.0071171503625510925,-0.028086104489892315,-0.004040537686439366,0.0006318713330331194,0.005020726498703777,0.010078312259032062,0.01795850486496751,-0.007167483540420221,-0.007871930927843574,0.007880053372266141,-0.01598117686760167,0.0209797488782063,0.008810039426586876,-0.004702815403177182,-0.00635207314801136,0.006227035570204688,-0.004645119603461711,-0.012249193019895773,-0.02133918439419241,-0.004173854605690176,-0.0008515137816204058,-0.0020093386127897255,0.02085435463484013,-0.01755400656813642,-0.017667525010529424,-0.018886531598287327,-0.010325122387977701,-0.025023894363362505,0.005344939731375324,0.021891350822302952,0.008713381108681759,0.01053568567891697,-0.003609173199424146,-0.010934640980610347,0.003233571513122003,-0.005941159565337818,0.025162048768784372,-0.0007793250798969572,-0.021321343780046135,0.009800989077407923,0.019409107451311622,0.028151050748622924,0.07213219494511904,0.057725341422090355,0.23900225641409303,-0.04446669398269857,0.2554879903927501,0.06790743936792978,-0.006815857983146274,0.0022922957235834303,-0.00020417846207185046,-9.345690477993916e-17,2
138,0.1674319668436252,-0.024916836466980705,-0.0758540486794217,-0.05458329271446893,-0.003050565550731357,0.11049475230428697,0.14290311070918105,0.1747580572117939,0.26107618638029845,0.11749031519885933,-0.09543909665776612,0.04864431710000616,-0.1469700883221956,-0.06508627162335659,0.006943095179835809,0.09458458945601912,0.19835289633000686,-0.08978605899252526,0.14379600506701856,-0.03390196388263927,0.0699227276789316,0.007481885706697179,-0.08907040843973658,-0.001487161526934706,0.028422559700450975,0.004593360334209481,0.007951437538654014,0.03040453924352627,0.03315334071885855,0.010905357963462274,-0.023643928895859295,-0.09464112400436325,0.13530966705273675,-0.010148779111158702,0.03809198960775183,0.06084027104968927,-0.08432496904656119,-0.05199462630903041,0.02247148732267751,-0.0918336150902461,0.13197918952389,-0.0011739402818428317,-0.16858927308625654,0.06568689865762939,0.015285085920360765,0.05368583044006972,0.1774033322894019,-0.04672674664380464,-0.003137113806603384,0.07302302938901029,-0.0677477539810201,-0.06546070202075178,-0.044692689859142994,-0.002635504553798215,0.11279376627052862,0.023291312789239974,-0.08352135481055953,0.022516438975993647,-0.02029480797407455,-0.03329726929632511,0.018919595630145874,0.02459604853011253,-0.07725572720824878,-0.08782051686192353,-0.012969313308137165,-0.05408627774056186,0.10370098233801811,0.04068944103942148,0.05999651032695906,-0.027523013609803842,-0.00962636620194278,0.02136256173380677,-0.01179508182053461,-0.022717066997489238,0.06027054830074424,-0.1291357962849252,-0.004342677947392538,-0.030073874592102694,0.08754105677674726,0.04526425713403627,0.13337935976893833,0.06492490761901241,-0.000607427973191622,-0.08607770184545233,-0.12318524325149283,0.09355884173776664,-0.0722900190652305,-0.11859175176558083,0.026012423687652754,0.06530240973751304,-0.02605080235871611,-0.12291214190968762,-0.05342230881213644,-0.010613938583579254,0.20148064038839916,-0.1185248213357917,-0.06737955247317765,-0.08772440932806629,-0.006593173504024751,-0.04202062843818897,-0.006650496356609697,-0.0879038759522525,0.01229936945459689,0.007207376429625189,-0.028211728759401086,-0.02389128228183386,0.07197014892479524,-0.025118334873898522,0.0418107565817118,0.10362705327795124,-0.005430979154594135,0.08814121147821179,-0.15140926770618102,-0.1395908468283977,-0.02185480185880821,-0.18915600075775302,-0.1863488659298376,-0.07370474276814692,-0.07576226488504258,-0.13228372923187284,-0.014282267390125678,0.09141818962900568,-0.012278987828443564,0.05687105378517461,0.01036856001464335,-0.02867425878963297,0.029257561161568805,-0.019248874538143463,0.0717683513320022,0.09959612367989919,0.06362390590978646,-0.024005901066124324,-0.026018054590386683,-0.030249910979589383,-0.005179039237886729,0.052859681524486425,-0.008324818308384881,-0.011789541025597126,0.003525444042625423,0.023496882435761313,-0.022647973650854213,0.009381304106126597,0.008320582704470475,0.01085315121781256,-0.005713091809071853,0.008171019377189209,-0.009282144649381763,-0.015195014759547511,0.011900312868454284,-0.005464634295022615,-0.005063841387668757,0.017268923907420505,-0.009783277378034146,0.00038856943225382796,0.002071552848838972,-0.005672614885496508,-0.005792683300509947,0.002185324152117046,0.000434018693319939,-9.345690477993906e-17,2
36,-0.0742450820299024,0.16184885491375794,-0.07487498225053732,0.07067180600884916,-0.02992210701170795,0.021224868219984053,0.002053307084731731,-0.007728945499462056,0.0025919222028749356,-0.11303816909630109,-0.07947232677124484,-0.02634880348349903,0.05708145439045495,0.015499355909717346,-0.011848601865389117,0.02503224071187527,-0.05581928975841234,0.03265369768201223,-0.010511176470130642,-0.005486064336664896,0.01746704767106521,0.20425959861515147,-0.22473559541295182,0.0997177927915921,-0.015949126365080654,-0.029760501923909895,0.08056558726803119,0.03037683796388589,0.09332838413466557,0.014846316887042231,0.1384491056095191,0.3011383083643041,-0.008638443212865549,0.10806670125288197,0.059411465911960934,0.13684737694763405,-0.05522974179570434,-0.04133472402375578,0.1420203670664005,-0.13060788135709028,-0.11065798656461394,-0.07183253482520528,0.009823957699284307,-0.08781352422808181,-0.08107614971912579,-0.07820405464269208,0.044993412065351956,0.04539910074091955,0.06581390347277313,-0.009073411749058955,-0.0185947843186776,0.0076871524140735,0.0004625345481972929,-0.20535662200448096,0.07020401316682888,0.04878580790482437,0.05717495831445314,0.017987037559401772,-0.025089823011853675,0.009460560273364848,0.12173503987806177,0.27393011250446436,-0.11943689490907995,-0.08094902623514395,0.10326898901094864,-0.039550015593091375,-0.015541956508006709,0.11451076665390754,0.054950596225348466,0.06167741663671082,-0.06767904058689353,0.1606462859064796,0.16673820807282896,0.02433990117019517,-0.1827585126930918,-0.07637619140217414,0.1191795806013769,0.07538733047586856,0.03283482306926541,-0.0531325825528513,-0.1268325062058388,-0.0007041321121787193,-0.03890565314336883,-0.15696321631769383,0.14014838876091432,0.04498090418938271,0.03439426702337075,0.08915323149666533,0.008773585819030776,-0.046071627471882134,-0.096700483395141,0.015283924153172878,-0.06092554414281665,-0.019166843664870137,0.01669108070264779,-0.016204314080714894,0.08646618958272606,0.10217807379136577,0.06072924524095836,-0.11875467464877384,-0.0383364497390207,-0.030038753891535198,0.04302557129089589,0.08497067184755963,0.0004284772003154296,0.10067020079662242,0.03076566413024149,-0.07941244734284597,0.03047316429727662,-0.013181582094452644,-0.006880952445451948,-0.02025770256394744,0.0010057414088714813,-0.00032784275612802777,0.03608156504511864,-0.03965245320173722,-0.02148079555370205,0.011133930298792316,0.02379506159980964,-0.03228240148159249,0.02932472981817864,-0.03505387109501135,0.03615072520067276,-0.010320521576728896,0.001921786355632441,7.394826914795462e-05,0.05711494051670432,-0.08148119559709471,-0.06493684155098955,0.032027337637825025,0.024398129027313142,-0.039187740653131534,0.08650230446211903,-0.00981751755956961,-0.0036410194408700173,-0.046537172521655984,-0.012776048140839574,0.05352600874230373,0.014552895332656546,-0.026758250779027277,0.0024292584756338623,0.006743524755579307,0.04461997453597974,0.07314728843554455,0.0005628270574647262,0.034383700268085515,-0.013208452630936333,-0.01584354002568493,-0.015871964945806828,-0.0021884649592973002,0.0015458848658291885,-0.007855426674949787,0.0044173576246082724,0.0074683267331275595,-0.0010728103589219458,0.0040856080403378296,-0.0024231070364918923,-0.00024268798404192507,0.00012860037918472906,-9.345690477993919e-17,1
153,0.1267984582713535,-0.01382366196435806,-0.12234932608102533,-0.3364217545891882,-0.08318776363480133,0.5939312717782851,-0.3863211185175149,0.042842758730161086,0.05299244632331276,0.022766130014357854,0.015519301865506777,0.008041189383789109,-0.006196402990926713,-0.026772116589548874,0.012369467646353209,0.024213859661063767,0.03818855506410793,0.04971008283914801,-0.034972305788790285,0.019541893254204412,0.01487827660149703,-0.06208986094121927,-0.0021011394074742736,-0.009326970598640964,-0.022985849895826624,0.04385702597356589,-0.011163364792870608,-0.019571952051678304,0.0024597124500695604,-0.037968731969722426,0.033811334285667224,0.012544885149871563,0.02187903193858682,-0.013831528861039138,0.014018585397005944,0.050935653854510134,0.025804197855134114,-0.006238171761330469,-0.035587066675625764,0.012571423231170038,-0.009081231821992976,0.007441050333772267,-0.00014943300440144934,0.012558882772382918,0.002159379210936134,0.01404543590053249,-0.024110189213132665,0.009287684641569252,-0.026326102144408604,0.0029236291501063033,0.016908923665858794,-0.014673592795297756,-0.010964431200044467,-0.011974368556367177,-0.01930928720943254,0.008679961248106192,-0.02240010356175864,-0.024033631678969526,-0.027983132925895788,-0.01688387793228065,0.007730946257131757,-0.010221949769250623,0.009080019868874486,-0.010968101899055607,0.0137517127130431,-0.012237036808464222,8.899498807703963e-05,0.02127761929461998,-0.010583201448418471,0.02205436568131867,-0.0005043797236277207,-0.0223653533701639,0.023174544295000613,-0.011596066049723162,0.017671338163485147,0.009102332864133412,-0.005514604110216675,-0.016146979705765105,0.005887465895418123,0.019379481403603196,0.011505200944087683,-0.007510003732132449,-0.013063408670042426,-0.01250515842191272,0.007032538211568055,0.023042249471616687,0.023831093933209268,0.019838844749502493,-0.03134284885344714,-0.029109300962137877,-0.014955826147673271,-0.004490656357560588,0.023412052474076385,-0.008619784942969354,0.017664760296384745,-0.004987442799044941,-0.013748908372010963,-0.008652104708074825,0.010250297824879736,-0.012226453144352755,-0.0007262772690917617,0.0030096311955687158,-0.01230694197889075,0.006034660596475731,0.03206528150872553,0.011561357888997066,-0.009114858620031828,-0.008153202392790337,-0.021983994080730585,0.005733786195765409,-0.0023535731357326142,0.0016548017239605651,-0.0008257139141326421,0.004633983844101461,-0.009301165680609328,0.012342833659869481,0.011501910305938322,0.023105947173516602,0.009363057592944639,-0.011990093401791677,0.010303702113864301,0.004715643255617957,0.010766519978450202,-0.0036530227114775233,0.008577349594936098,-0.02481406141187632,0.009977677441168608,-0.024617542777219874,0.01803790543311971,-0.01690945943500183,0.0013260507950285207,-0.01977794026288419,-0.010045754301398677,-0.001943948156285752,-0.004329658083374273,-0.04003087264683144,0.023465584670596114,0.023421433721227392,0.02139321244558529,-0.02751638000387027,-0.0051601362404311525,-0.0033137240067655865,0.0007630419566866485,-0.04195713844635515,-0.02579788703890294,0.062312347885050225,-0.04497919970832419,0.4238842742613179,-0.22444516241135545,-0.0513499852980198,-0.01191002385750631,0.021799072020044934,-0.00013327314065916937,0.0043337061376216785,-0.008779437260151197,0.0027704130965594143,0.0062966750125893105,-0.0009704331476786254,-0.006349753068074802,-9.34569047799393e-17,2
4,-0.08459572695014572,0.11065941804171311,0.013617666945397086,0.03222579045282268,-0.04555713521393544,-0.017822909664843754,-0.03559060350441235,-0.07340296847274262,-0.0017751334421199924,0.007670591192506035,0.030497014911640006,0.033076916928890386,0.065090854630438,-0.07296317259946106,0.021935004902190188,-0.058399421640426954,0.031727404358615624,0.003706565433569494,-0.01084055907787292,-0.0752537875903289,0.042015899438881274,0.09760018900282229,-0.023952480817185314,-0.06834411631547083,-0.02716776253472059,0.0798610007232503,-0.2467222166663432,-0.08724868550889606,-0.12678948511434454,-0.18214884834229458,-0.11453018876683374,-0.02402095255994282,0.013846724495254066,0.06400722914430662,-0.1844320374707038,-0.031706568945271525,0.007966024187094205,0.03656975213217647,0.0384371429676407,0.012047473776085659,-0.21813415334987749,-0.0014995162475971533,-0.004289716352846199,-0.015936290481723115,0.035902454459179264,-0.0399584674891875,0.024211531551270666,0.052239496171098784,0.02061372436619068,0.15068527031335538,0.01724029187862245,-0.14723330202188134,0.0025574730188393964,0.1949865898779046,0.13432266005769367,-0.07293127760957446,0.11306079522412585,-0.09685738068677564,0.17858423132784287,-0.01792401047980519,0.00372058552785091,-0.062395923662653466,-0.00522240524220698,-0.04982299626098775,-0.06877440954300539,-0.09693443588575706,0.018351070012944316,-0.020279198623516126,-0.010756779744578098,0.20094575394234468,-0.00887080219268086,0.04334626083520905,-0.0049292431223208494,0.08359810646185989,-0.0691656258477854,-0.019490386813031967,0.09118131963426668,0.06655436894863453,-0.15972730121658027,-0.08665881887049598,0.04648829505876375,-0.15438676478756325,-0.018376051677679514,-0.1510550435812629,-0.17132496164264935,-0.026156656968600464,-0.14598199694881914,-0.03246790308561919,-0.04044619523505614,-0.11408879871317165,-0.002297608425859827,-0.002467933735137686,-0.18595325524355602,0.10922161897027932,-0.005485119799403111,0.06359983873062647,-0.2682210942330228,0.12447324055966476,-0.011177642502302763,-0.04763262804301253,-0.0647907550785599,-0.026699733626419853,-0.06731966911502633,0.02177991560342138,0.12926122959518513,-0.019282400459188102,0.04643605128444281,-0.053484399381863834,-0.02410503078020816,-0.0028706940375727544,0.07624578252268768,-0.05314264901835637,-0.023379151739759775,-0.017497742004224822,0.006919419175784068,0.06049428609290715,-0.05763826183695355,0.05784712820467166,-0.00509635360545817,-0.029900491079158,-0.02906031581865783,-0.03493725721959191,0.03349276595457514,-0.04704344439048607,-0.010869793214735047,-0.03416690306261572,0.022984878420462183,0.06024780733983612,0.009696535197740557,-0.0025549583467420894,-0.004137588451101354,-0.0030714929719282136,0.0010969836067151293,-0.003467589318182323,0.007318359977984114,-0.014285314291680536,-0.007528077605518962,-3.364835327783526e-05,0.011073837840501139,0.009380297631878148,-0.004133175340714456,0.007634229757251036,0.012814824934586065,0.00550161290345782,-0.012369400652512255,-0.0027902441036506877,-0.0015308859630067783,-0.002901273914436283,-0.0016057853940762595,0.0004837506029219892,-0.005275232507894487,0.0029717334962145576,0.0008882914233917959,0.00228462974914354,0.0005337677401258182,-0.002960163258723432,0.003231138529607265,-0.0002711732386897107,-8.86986733821992e-05,-9.345690477993924e-17,1
174,0.09779495828769706,-0.0021221496814931152,-0.01983766009345381,-0.035014561959771096,-0.07102510202878497,-0.0007329783092601131,-0.024139052465078033,-0.005305491210838949,0.10087398345950199,-0.09611010555219436,0.048566077841194995,-0.05393584196204684,0.29871896514003043,0.023041010141313892,-0.08589753271964423,0.22250310737990117,0.01953388798593772,-0.17137089064014788,-0.010457081665976614,-0.07958408911400751,-0.018744987052167417,0.02242847236201069,-0.022849849613392245,0.008888286582459526,-0.09308576515449926,0.02673740394349357,0.04644872968903111,0.013867189690615166,-0.024586647189251836,0.06413634463666605,-0.03072481515804135,-0.008854914567221546,-0.04647732571814102,0.03851380484322631,0.014066826392094155,-0.021931564535761314,-0.13313805072409607,-0.11623433555169611,-0.07534614638411766,-0.15022026798749877,-0.012065845908435648,0.09970917082879166,-0.07610679526693413,0.048812652268093976,0.02250797378272795,0.013449816507632398,0.05485875856417952,0.04816328157363399,0.12334576548777045,-0.074949975135083,-0.10372887635219087,-0.0070587000260584004,-0.03478719201364692,-0.035989278705263736,0.11508316323645874,-0.04242605929458178,-0.1255792715876518,-0.06736903234322142,0.022196054118928134,-0.014385039950026489,-0.1074765292625339,0.01419142084696614,-0.08683829644985726,0.05730199924694488,-0.026476165672030587,-0.050290949038871116,0.027821010705243992,-0.07319028368457535,-0.2414246781882169,-0.14143789246124785,-0.07305708725745053,0.11603871147792759,-0.06363814646023234,0.18403722466629402,0.051804861230804945,-0.06579469408864624,0.07230280388491468,0.08658999326446441,0.09378710386845578,0.06075383582535758,0.03780731254541113,-0.06370671725937536,0.18221031438118077,0.08380149553368028,-0.043221674252477554,-0.041706908379931615,-0.031031333429841868,-0.0299893713690677,0.006197365710197756,0.05754383901444489,0.11170484629482577,0.1577739115738011,0.012125029861605444,0.16408967457343415,-0.1524820748715226,-0.09775163412009842,0.15983740436939636,0.043258823438800546,-0.2368470162128445,-0.027984658129811803,-0.07632694681671806,0.03154834147458435,-0.06065713540719084,-0.053341337814781516,0.17128723464495663,0.0857023087273133,0.07221982403940026,-0.012142389922144557,0.08945199570711478,-0.013737197643426964,0.018474533532279253,-0.01183276506702845,0.04879479127213056,-0.009343436321944888,0.06355227701917504,-0.02554424651794462,0.0071691209991207785,0.0751456695237914,-0.05349054238314678,0.035646720817799515,-0.058430817578685824,0.015436306183432894,-0.023261174130127283,-0.01972449531324486,-0.011500490787162393,-0.020797080855746056,-0.031828342875490266,-0.04321361346551324,0.001652938137279863,-0.010880045439404898,-0.0167957688681771,0.001894990045890772,-0.0013869103587399304,-0.004408469912303128,-0.015334208282778749,-0.0022196476784745,0.008930933213756338,-0.006682743910981711,0.014858595073668785,-0.021143433628424513,0.009468189956128623,0.004872931564588501,0.006435350844003064,-0.020039758096122785,0.007260000575030852,-0.00048272424357944234,-0.0009338489386102318,-0.0029561996255609885,-0.02637801548103925,-0.006145910682553814,-0.0030732376181937296,-0.004213384993635746,0.0003623764017574681,0.0021573827188282224,-0.002632000458881009,-0.0036865658800752576,-0.0018463261052936962,0.0007757881167316216,-0.0005664528666974436,-9.345690477993921e-17,2
118,0.07200416164298866,-0.006377145704424281,0.09810006269943544,0.047483400381264154,-0.02848225257306833,0.03882315059650289,-0.010999845516373447,0.02771180728155275,0.03544751025592846,-0.04296498771324876,-0.0063817451023689,0.03699726318848369,-0.05778299869960228,-0.03726199907758184,-0.15872259340975825,-0.008622625451153464,-0.02880399643368349,-0.07519362247344144,0.05921177860238559,-0.04895525862308993,-0.07023622697450865,0.04323373500225463,-0.07148709811346544,0.09529512458161957,0.07326495148865966,0.2205188879015491,-0.06039917486241924,0.09626277217784715,-0.06143323506308839,0.1315472222555526,-0.05636522071701772,-0.04024166754444239,0.009182326377182847,0.033595619288815326,0.06424011815913891,-0.16835677455384826,-0.11649377472259916,0.14005710522896841,-0.023627231191577207,-0.001888191185423515,0.11897740611117251,-0.09933416056774579,0.08992691985616366,-0.15853327004867288,0.08829316480671709,0.21968226810421185,-0.08400955467083873,-0.038265313809614676,-0.005279833992072574,-0.051794429721612564,-0.061267459108957305,-0.09478130358553241,-0.06546410300562257,-0.1553706180302272,-0.006457763811776615,0.16501630668391373,0.030690086610761343,0.12819533514056045,0.1423175268761772,0.1678104925598303,-0.1636793601623352,0.03030901596159244,0.013122282627566246,-0.12698891445818392,-0.08518568492188856,0.15117774042632628,-0.04049020392330809,0.03290753354015601,0.07073869458048689,-0.04302735338656408,0.012781163617186495,-0.06435305069490876,0.02276386225960525,-0.08105800136125695,-0.14860152509545693,0.09323631639429411,0.01365194207006849,-0.043098456845162926,0.000850556487815104,-0.02652336037922973,0.03565438067966256,0.07395881504496826,-0.05937343385823197,0.05951261869909185,-0.012294115787115992,-0.1578491833070457,-0.07602523158286778,-0.1113641518433649,0.0271019769240208,-0.14574701833445763,-0.05560578271689187,0.04203820600208411,0.03134533566024135,-0.17799380774110066,-0.07903456215412825,-0.04324983399253594,-0.11271806610087372,0.08943907912364506,-0.12263604327475258,-0.1791328002093582,-0.036465504407907884,0.07311462405742243,0.009732330925998341,-0.05176411795855641,0.08037397004325106,0.029935922607209006,0.01824663198209854,-0.0581714691517069,0.022101965164021978,0.11639478900651723,-0.05189286502637884,0.10528973691442775,-0.01259305786748145,0.106190504054096,0.05349114168019051,-0.004597803676718092,0.011416097532699647,0.08753268026671747,-0.027398035398579247,0.005261400994566609,0.011356861664063772,0.05414245353609743,-0.018364967927554893,-0.007524356678228697,0.025055706936028443,-0.0271492049109586,-0.02065282506833933,0.027055919073738475,-0.019219911044490084,0.030375132162685222,-0.014862821710798143,0.007827502893831996,-0.00881306310897538,-0.006364588822454728,0.0048727562145021,0.03065794590121256,-0.015810467645132126,0.031773938004738274,-0.00637069393899292,0.002799904329672433,0.02864896561393743,-0.012435696927947713,-0.020312875678222,0.016415208285412184,-0.03895846324714717,-0.008959589986542067,-0.008035341765239954,0.005282775736360584,-0.008735400856962543,-0.0005447114221779568,0.007107604105321277,0.002664097823001903,0.009373061304474364,0.0031623910622954367,-0.0024604394780670287,0.0019988924152917436,-0.0025393057356256645,-3.605995702944132e-05,0.00016318910006862377,-9.34569047799392e-17,2
71,-0.059769563405396846,0.03208249753932632,-0.017921119835688594,0.006374064887500748,0.037362203654554206,0.015712753622546607,0.024083504403163935,0.003641303177988527,0.024890706167539727,0.037451643130913856,0.03052506173789152,0.01705146907844028,-0.0269865931864876,0.020737864907443795,-0.02492690784380155,0.03992358819750003,-0.05750430904840462,-0.04214663800960132,-0.050245441260995484,-0.07841583699243064,0.019038387122441415,0.17294018070839173,0.025836855496675755,-0.15429436465565133,0.07437376592573852,-0.08015172102924391,-0.008684991915797712,-0.006577498674549082,0.031774374673112296,-0.056124444642741,-0.032360268608209064,-0.09827008950824875,-0.10535447748065678,0.004356590948362005,-0.010236312275987732,-0.024786837927549897,-0.09477398401226472,-0.03546636565936889,0.0206631928220721,-0.04707518245764201,0.20901762636014742,-0.2039733432170494,-0.004010357975988878,-0.018172745435511586,-0.1580851837982782,-0.008662351163601988,-0.0031779694589112945,-0.2332144135402908,-0.19979632944925516,-0.2747728664371263,-0.009205558249373785,-0.12504838379615812,-0.1603817623178312,-0.14345965913341482,0.11677184818582947,-0.084530516720688,0.36147137749908054,-0.11221431797486721,-0.2740081076920433,-0.1492293632059635,-0.17758632033275645,-0.020247836678850478,0.22739116556296476,0.0634494538433764,0.025515508268485195,-0.0561567553099262,0.08509691228551164,-0.043806144456660846,-0.1442995409158565,-0.028074777717325364,0.0025138701627256507,-0.10284813798044974,0.11460525896644128,0.14965591266666897,0.005297225977309515,-0.09059820317480481,0.0014649485859459673,0.021228485361597254,-0.07368354281861392,-0.04153511464225172,0.015310704605457798,-0.031092650677632977,-0.06110636727308898,0.02095009679345925,-0.045731499463659196,0.040623003456927646,-0.007096062200933865,-0.010939914435764584,-0.0062592768446017265,-0.01920009196810626,-0.1391714887023456,-0.010859895184525742,0.01595191587646569,0.04402807391248712,-0.026892586277030048,0.06196691094302005,-0.019852537218301627,-0.03282995323420837,0.005644520460580817,-0.01547672046762908,0.009524402535455345,0.02467068033449608,0.01030788167285009,0.013278144186043705,-0.027244546710246526,-0.002940618968668632,0.004695308506348336,-0.03899390509235706,0.026951246587222425,0.024949780041560714,-0.0005336059689836893,-0.0049838576565891,0.013645786181136496,-0.0022993256476350954,-0.01806224020045932,0.0013891765991559928,0.0002558279664408363,0.017564213229741873,0.00025096453110047784,-0.0020116989090994773,0.033348240338977576,-0.011830926277187062,0.019096819349780685,-0.032226630472172155,0.024583557726822573,0.014112893091588263,0.010792539921340789,-0.014236538040016927,-0.027423013318463897,-0.0015932947874933566,0.005323397530285192,-0.0024174674078696603,0.00028005934604207947,-0.007649656484986579,0.003624329679977343,0.007486743479010413,0.007208678977567997,-0.004055650569600775,0.0027542691898497715,-0.0006129980038956113,-0.014201015412372035,0.000678250849820841,-0.00875678117688166,-0.0008491165447282566,0.002010672403291595,0.01705030202572881,-0.0031256944113936193,0.006394794558361818,0.01499022927458158,-0.005314324322521706,0.007261378253454239,-0.003894509087180543,0.0022323018730383546,-0.004065255191008005,-0.002321336440825061,0.0001716527897498763,-0.0032511775571873215,3.852488784482811e-05,-0.00018769880199340607,-9.34569047799393e-17,1
188,0.025243907253903235,0.004042724856467226,0.01906304939692099,-0.10093835220044729,-0.021184114712005472,-0.09697857463216257,-0.0773847060930508,-0.03820921495868692,0.026121245998914123,0.014142246729949206,-0.06224435351158403,-0.08796258924242419,0.031557217081392384,-0.0007147762755157791,0.012307582670183188,-0.09598415022400157,-0.05972856066104502,0.07128462469316355,0.05810185181491721,0.0356435790190459,-0.024234464492071228,-0.027058990320529247,-0.08681642306083341,0.0998433935822705,-0.01890466252242983,-0.08421436537353588,-0.015904004880760124,-0.10581868801308358,0.02413537558630616,0.00027196445231868714,0.019286617179881605,-0.008551628985155603,-0.09285879528201746,0.0922431002837855,-0.020743891136490864,-0.07214266777968979,-0.11078373210162169,0.05621868768198233,0.09102839922537277,0.3438444418665249,0.1787204661129599,0.02642465755657189,-0.11504120919718525,0.02856755012410241,0.21371156398705635,-0.03163810308276797,0.07242589997486747,0.06784633663839992,-0.08419763013244984,0.05989113117871271,-0.20185349934357286,0.10375173860011931,-0.08984099869994244,-0.12646272997500782,0.050954497840714236,-0.08283036155035449,-0.07915509490870007,-0.015059727982268385,0.03424645797243738,-0.062015294417092186,-0.06657256169282716,-0.10368094081359613,-0.07510095714526124,0.1149125996158451,-0.03722876628985258,0.007397387461705197,0.049811683271367084,0.022696856507903665,0.03980614816569876,0.14007823522960847,0.03712574668371835,0.15823289224178935,0.29939223159220724,-0.050348606519986704,-0.018335209880690043,-0.176920111057999,0.04020454004209096,-0.2971255051570491,-0.003117103005994009,0.038218629748784615,0.03145217208362525,-0.08148125019062037,-0.18932495927438409,0.08867798896459236,-0.023068778738752644,0.08301907215339947,0.1409372735730844,-0.02651732911306287,0.09227334842924728,-0.0006501059032580782,0.1649961278826089,0.08336132665420837,0.0059258241968573044,0.08056000596795306,-0.05994098961382526,0.0009860820492152687,-0.052485847717432706,-0.031241777242565393,-0.028401041922377204,-0.026051907984236507,-0.01820745464345334,-0.036868998526690996,-0.011188803036376227,-0.016749815193531317,-0.014162746967076523,-0.0386482339736041,0.02689199557111287,-0.034162898000039,0.015098415035719489,-0.034685312628643494,0.0028217566828506904,0.02758932007150318,0.003479824405482475,0.011302521840923055,0.010891223692855825,0.05658237036664024,0.039979616540605216,0.01098284019468967,0.024035484910778795,0.025582457573681255,0.017076935572916934,0.0029194289941203828,0.0014992787081042225,0.009103585307459292,-0.03190789507451498,0.03118594254574565,-0.0005449184828439706,0.0012954142444600505,-0.01269843391186925,0.006623782051403973,0.0071974270406356036,-0.014732844535830531,0.0186283739766197,4.0089618119465296e-05,0.03359680937789134,-0.012448005191992956,-0.00925654950767872,0.01899526195110424,-0.0022602410347181794,0.020451923634142336,0.006610577648196873,-0.028185685477908538,0.007235384280765984,-0.007813333835378864,-0.0022092495725734083,0.005123130451343685,-0.002844840364265184,-0.004259079885959545,0.005683674169696385,-0.01017309840467608,0.0025934396911696973,0.006083518298961449,-0.00537127563264675,0.006249087901742085,-0.004137877739181657,-0.0012858329789315558,0.002666532862736006,-3.58063405849112e-05,6.296234916233928e-05,-9.34569047799394e-17,2
98,-0.43603224005332253,-0.38662789386371943,-0.07304920878000204,0.07989258713243566,-0.1621375046223479,0.06401467776600155,0.0660667023183773,-0.0016565399239125938,-0.025225521018757042,-0.02518338545594294,-0.037408086354553026,0.0036384451754470004,-0.003209029615422612,0.0023142429611605546,-0.004762656906881068,0.02857897998441798,0.018036251956871113,0.048500429597761234,0.008933249826158124,-0.0018522124322660693,-0.008404014313558649,-0.0289106944782521,-0.04506056125141354,0.016366903316557106,0.01680226263410501,-0.021908361926997542,0.023617040149078734,0.0012058099077211337,0.020815949543341202,0.015589064943398729,0.006854504554030339,-0.02805700132577743,-0.03501488451052536,-0.012212710903312994,-0.0648557986521168,0.055271529007560834,-0.010180457528763755,0.06081569657327996,-0.048451382101935385,-0.03947081769259864,-0.021401717806067283,-0.057606055773968594,0.028869819387099597,-0.011631436743041488,0.07852385577325172,-0.04672520658982724,-0.012264470024729236,-0.013020594652281326,0.023895338150381085,-0.011174823540088719,0.0005374831818114592,0.02790295860379989,-0.034399179597604884,-0.04506113171217366,-0.03219975068047736,-0.03687591947886021,-0.03563734582140703,-0.02295921490422818,0.000959018221532334,0.06151494870665614,0.07583370140193726,-0.05522303914251844,0.0018053540261485834,-0.015112485494129297,-0.057697466056509925,-0.011731938036089153,0.05248564906062038,-0.04053441469736674,-0.029933067884420135,-0.005559656859623333,-0.04343122740546975,-0.008403790917561804,-0.03230390118655215,-0.06149440083762437,0.013342695757987126,-0.09674004836478674,0.04883240149697445,0.08570177153524644,-0.021419712117062804,-0.011453103215224582,-0.0823753928518501,0.0557659205316801,0.030703393247863222,-0.04160717126710717,-0.19396638247936773,0.032292405378711767,0.04361368317277111,-0.07876871026953791,-0.03887093506086847,-0.08417751047062545,0.05947684699927321,-0.04492289989693322,0.13187756655668662,-0.021995394864370948,-0.09735775692920941,0.15328616515676102,0.08266565301848437,-0.06312339609556983,0.04315033991966293,0.029207955113085927,-0.06805591315085908,0.013369568336608293,0.019280059851139533,0.016317233906449062,0.02520399003437169,-0.048984117126841475,0.03831015923203573,-0.002385507502660104,-0.013808013019386226,0.08688118832559823,0.0026882917234809863,-0.013191646132475981,-0.0118674297802968,0.12512169121197317,-0.0018261927658358489,-0.06285470517369232,-0.0682914143559985,0.026873583000210487,0.07259237356766991,0.06803697568548245,0.09549702192524752,-0.09297940756011869,0.11342608268308156,0.15092690388716393,-0.02817023973003451,-0.05442822924452347,0.11047190952480698,-0.01383063850249801,0.11593433329267078,0.013743139605815006,-0.11300787398362566,-0.14403944872710878,0.022785019405039478,-0.01938380413900902,-0.06773984024404833,0.042408942346064474,0.0652545145323192,0.005886758348402348,-0.04392255112816106,0.11791509349701468,0.1027798909548619,-0.06576386019014117,0.01187972186555995,-0.006689989745629788,0.06167020250420311,-0.008422168377533297,-0.24465646427453225,-0.05321804875148079,-0.05271863088038612,-0.006681122377872691,0.015984262330400942,-0.04572991605529358,0.003833416782384879,0.007468688932883226,-0.01629693607859059,0.008035188906287296,0.0005291681792840918,-9.503982723952236e-05,0.00021220093597973624,-9.345690477993925e-17,1
120,0.13079744111303246,-0.018283870292938816,-0.003387673943680645,-0.007223410091341542,-0.056611196414415726,-0.057030317770874785,0.033843054498895256,0.023917447936521608,0.07731511119083145,-0.21532473540773212,0.23411264831393128,-0.3040564494315147,-0.3743484867869377,-0.11579582601169626,-0.032738568757513735,0.16023473727828838,-0.09406147897002545,-0.14888686875178034,-0.1133834427027495,-0.07487774387785165,-0.05754768985998762,-0.30155021096933177,-0.21948452651657854,-0.014809238984638812,0.14960559118306374,0.14475943585698398,-0.09265883145883601,-0.1221479309327507,0.030048552555017868,-0.06121770724920816,0.10817394950677439,-0.026061465851584805,-0.15002333880234708,-0.026729388017802332,0.004208692135424089,-0.030895193325096285,0.02527177557915229,-0.019991223094030994,0.10735716958898256,0.0683924194422229,-0.041268444701063375,-0.000760605002325613,0.02666647462894574,-0.027950353609951878,0.02700641642858758,0.014341438252865662,0.008646031492851885,-0.03152512397009733,0.012116494470364815,-0.016086556434088215,0.015860458573199496,0.043233074107510996,0.04621688276167349,0.015741207555658804,-0.017179983076914637,-0.04134919192172193,0.03940742190458416,-0.0571095758469027,-0.02671146607393354,0.015058213700205792,0.02267333632319285,0.06313995948211241,-0.03193881309422006,0.0022565978949640134,0.035179382993036946,0.009069927863706776,0.05882186912519466,-0.03556960671138554,-0.006803671375532673,-0.08149832380584493,-0.03557027489547697,-0.02363350450921185,-0.0032462121212972176,-0.06025258226249879,0.008496874011834906,-0.03801831613796065,0.057179618838784745,0.03557436266655443,-0.0015913096683721724,0.0713175783115266,0.03370976369705018,-0.03785352997749293,0.029716835157519113,-0.05105561660799501,-0.023893793254951605,-0.008259254525494843,0.03224014428233966,0.012309056150726683,-0.06555013255736684,0.026975735214040703,-0.03135735211214915,-0.03229319228979458,-0.04278731057835152,0.0002966685371859737,0.03733921130650397,-0.05010977924004715,-0.0059348081463714755,0.004999953203382998,-0.023323476157578852,0.017829879506513675,0.006263603092324917,-0.005013429879250612,0.06866626258834507,0.005748851471803272,-0.015025218895220948,-0.010060907110565898,-0.06080912836890266,-0.01836767546075614,-0.013552622852162357,0.0007846725151863781,0.03692802431570508,0.010471759411802957,0.027386593259399163,0.036419798877942736,-0.013715017933258836,0.04094468773361997,0.01863510141469758,0.02584406249495127,-0.022502013282091584,0.011784311557632076,-0.04350902002492601,-0.023410585880555782,-0.01971063530635651,0.0018175782828603335,0.010532389030106637,0.01257311417931353,0.00748934347712638,-0.002860618318452911,-0.0082170915105874,-0.015805895087061678,-0.03798572116032029,0.0036539950975834354,0.01781043615922733,0.009108150013633015,0.010665357481706593,0.020466133737915285,-0.014436627197709459,-0.014665638126044477,-0.0167161714369989,-0.00357778906519447,-0.004073885719744744,-6.93257510906047e-05,-0.0011628608944824342,0.002221289394231685,-0.013191260630616609,-0.008688620813582043,0.02022661731767721,-0.020958892842397235,-0.01508925405290359,-0.019086966615401983,-0.052840793100591796,-0.040389632207153886,-0.2091508849042106,0.03654008233457388,-0.23243802138827024,-0.07794852768167194,0.010543107493696491,-0.0023726525783347345,0.00013534094953896467,-9.345690477993924e-17,2
140,0.027828413301832874,0.022524446662931234,-0.05904885609828141,-0.1307388804180157,0.07520068965986795,-0.011952428559867917,0.04824457362596157,-0.08894006182568959,-0.09237617345711516,0.047540405216252496,0.040818639096754754,0.039682054270578575,-0.1333719121132766,0.5275831430764532,0.1684156417729169,0.13605022914527856,-0.03857987921208896,-0.025955544974463576,-0.0556323639019643,0.10672247666739856,0.172553049863184,0.027526612792228896,-0.012931894166576035,0.10123985172385334,0.026437055452260258,0.052434690654118946,0.013520806202853173,0.01066109419232376,-0.04143913641894731,0.031565929113751875,0.02443221889649482,0.010650785875674303,-0.043874541328630064,0.0239440487406966,0.005830532862349894,-0.06540972554439282,-0.011861463123957638,0.017999043854280392,-0.04838431185728767,0.003211888309495483,-0.04798040763106272,-0.00721432992061246,0.03058785097535912,-0.04566230980738749,-0.03717715033514105,-0.027315448785911602,0.02886698930927335,0.006491536407346522,-0.028352324297277253,0.029481048556217075,-0.011819739507038638,-0.03778611720519384,-0.013190527765538359,-0.00445341154035349,-0.03319438661077741,-0.00621790313133535,-0.005982097014696988,-0.03534989671744613,0.02951634997658593,0.011283157970034471,-0.041323260409491705,-0.06376439446124367,0.01079958939925984,-0.014751732256796504,-0.04352594625191864,0.12579313077638252,0.05406701933295235,0.013931970121759566,-0.03680015452736749,0.01137267273234108,-0.08625185961389974,-0.019197744811482044,-0.05702729064167014,-0.08431121634840774,-0.0882865879939813,0.0034953465592843526,-0.08602077810965242,0.14005673534312849,-0.009838233277526703,-0.020673848884094664,-0.0024944847604811355,-0.2042619574596687,0.10421700710635907,0.003314986414155998,0.02906847056640102,0.3568203088748669,0.08505803576036808,-0.1469934581239188,0.12396997909343413,-0.10305646746307393,0.04614970177965853,-0.055613561789186784,-0.12417469211605411,-0.04289133431031065,0.160078029025166,-0.08611347921428988,0.04571128799055145,-0.08795979162918925,-0.09917932838777405,-0.10539109811663244,0.12688045142899182,0.01573742981151568,-0.19670895290562795,-0.055167579110885163,-0.05812171428190976,0.00800243924533897,0.07449056031304938,-0.03329370741025103,-0.0389383827117909,0.005319074985263515,0.02704207514224837,0.008494569731224944,0.03145979754127656,0.14567856509201105,-0.04466096282566344,0.024607404801809913,0.05026980410055683,-0.02309075591658479,-0.007445831109440941,0.0418311134630898,0.049938425622124166,-0.023282377477947085,-0.007565076068460161,-0.027229073617100353,0.013093712717274676,-0.044995703150384314,-0.030285954883220587,-0.010445839740783086,-0.007039643965323137,-0.056649822106610924,0.03137712877889114,0.003496127638746502,0.021152302117172617,-0.01849208636727126,-0.042841732199692104,-0.009676257361724682,0.012130682547354566,-0.005236097254460612,-0.014609801460784368,-0.011705491882202972,0.004254143178899921,0.009577101182564003,0.003909702262636432,0.014583728655945158,0.004106664129962743,0.015282575287282933,0.0029043834656178567,-0.011185021272755304,0.002821058117539164,0.0005248124023570997,-0.0024697497750891416,0.0006988857497117817,0.004535414385157712,-0.005585324721764975,0.0037700224041837113,0.003315173133864951,0.0013315885512642804,-0.00021604519739391547,0.0005258118976898567,-9.34569047799393e-17,2
139,0.12127408504894235,-0.03085711593172344,-0.03061452245994945,-0.03716402601628736,-0.04268984744114369,-0.08038831460773802,-0.008797505546992448,0.08964956336845355,-0.07340998092696689,-0.03348933062341003,-0.009021693071729522,-0.026236631092514184,0.04682673194446892,0.012085620913930659,-0.022480385685389567,-0.09204856405152308,-0.015549828320867971,-0.010854481681759568,-0.09000454251837013,-0.02012710300259257,0.09103514909187528,-0.044026704123670976,-0.027664331222454985,-0.05014418690142795,0.14972600949075773,0.0385247425157305,-0.02325671155657385,0.05249152061162849,0.004276024425985578,0.02917309349647559,0.06223686004784922,0.0022773314865546226,-0.09750570087253721,0.0001262252213562328,0.016905118492236013,-0.020981113651542285,-0.061505112424903224,-0.1960655704560536,-0.0992259445425694,-0.1717442755237302,0.06920970433334324,0.03727548976725353,-0.006522064195607274,-0.12195433532785281,0.15976569232244373,-0.0391981070073923,-0.265602249813563,0.10814818373055632,0.09433716415102715,-0.05247622466525013,-0.15909729611601758,-0.10818219017992915,0.09268880567558406,0.22418813565652054,0.2419124472375166,-0.005950959529115393,-0.04555872257136037,0.2622678992270495,-0.27285670943003515,-0.12780011086295706,0.1758287748354467,-0.06631993361838055,0.08607907401768017,-0.20193049220481138,-0.07467583117415502,0.18623378028833035,-0.07747406300005692,-0.017911148527183875,0.03740823826694705,0.04359349393727692,0.09599917047383633,0.044364425161283874,0.1201661603460149,-0.0790811330645421,-0.0049693270325347275,0.015138417237542947,-0.07914633108065426,-0.07947236120442505,-0.08803739775494325,-0.04480467679171626,0.051806341520428525,-0.06366261070692851,0.06520082107968878,-0.04868974029489606,-0.04133399015943344,0.049230737347507346,0.03545008550897981,0.09266500518856105,-0.05207932124531085,0.00926100434145966,-0.010791172983602743,-0.06305100230251606,-0.018641301681786324,0.05668862434422999,-0.05333253448347579,0.015908819160455015,0.0526938765222518,-0.06035958137728807,0.027193697834305156,-0.057106855031849736,0.05290859810063612,0.04100150080102684,-0.0036226306340491547,-0.035580559579295824,0.055752055102437435,-0.004143141485164461,0.018650100339468022,-0.006403445694833923,0.019517172392985054,0.021667981692154708,-0.08177119797360453,-0.018067617028805896,0.01785239685155431,-0.05909701422210585,0.04798522445178357,-0.02361003544190589,-0.06956650680181754,0.02340577785526802,0.01845484157410784,0.046060921057679186,-0.042736505565911735,-0.020486739938028846,0.016349929897611314,0.0669895560268391,0.018604605872189164,0.07340803036482625,-0.03795321146096583,0.04071890052202875,-0.048650935675276515,-0.05845584808848504,-0.018911971753398343,-0.011122699019114446,-0.005960374571967027,-0.021164312468387438,0.008018682265527625,-0.011967030113836137,-0.0002480537067609806,0.008662203355440067,0.0026593771492102944,0.0008361095239153287,-0.005044125985950894,0.0018004980893706068,0.006146859325651105,-0.00725477402080755,0.005082004760109401,0.0016718747500968428,0.002289639852055593,0.0005966969126634012,0.005718948557367822,3.972461166258852e-05,-0.009884782144554223,-0.0032986228333082524,-0.007679483774374509,0.01141880131200008,0.013528635173193616,6.007317695118261e-05,-0.000979904675928088,-0.0005154548751334413,-0.0003196762206048021,-9.345690477993933e-17,2
136,0.12137101948786508,-0.01912041011923925,0.32243348010385947,0.10419324734285451,0.0644156127191224,0.14260044452783885,0.06333544311997381,0.1403163340804615,-0.10879624991599418,-0.011841671341644542,-0.05494453939626289,0.12201920652063597,-0.05627361076356027,0.13508281321396884,-0.29676801176772794,0.009833538008485666,0.10278709588917972,0.08535834558835131,0.22301365618273353,-0.03049317098567109,-0.25364490276881235,-0.03633975342168034,-0.03172732808456962,-0.07596161241482269,0.09741107354637353,0.12964427464700834,0.028199346427075053,-0.03129628657461047,0.009418746110045697,-0.0444335453133876,-0.008907485948142013,-0.009616258996663983,0.04258759262466545,0.019359059392259136,0.08529841061253289,-0.018601258568629372,-0.045444052391806336,-0.035101350359135065,-0.09387831333739989,0.01940180317483322,0.018670558034081474,-0.09984857251528632,0.02307608174063152,-0.03803082469181299,-0.0063794290490107285,0.1007815333393321,0.009968506861589115,0.06806332331192912,0.10552474088965871,-0.005735733412250927,-0.00610683110250684,0.023691622853994253,0.05455866785646802,-0.0462360762342339,-0.015667506357989466,0.03299431838432498,0.05761135353266903,0.01909789217541301,0.037346294501448274,0.0019391504444787975,-0.007237133425356958,0.006457451374437713,-0.030220997660816297,0.08152527444571626,0.05336684287555992,0.11338391626311323,-0.049778572963126703,0.02747972879918349,-0.06966133231084867,0.03109573822052331,-0.019994398109292454,-0.04153358455102834,-0.019058081192596183,-0.006348590808825708,0.040137017337856504,-0.025505985045868533,0.07411952429314321,-0.06600049124430186,-0.04724892897338796,0.021816839144201933,-0.03499422202347463,-0.08842615240907792,-0.039666767444704244,0.014074848296253356,0.024185016229330496,0.0690737958801778,-0.0014922300816535017,-0.016366769103042016,0.006943540594722073,-0.1608584209252657,-0.01079521611894261,-0.06690563383534145,-0.029750958951105678,0.06976987753547627,0.013428108323104967,0.0060564106026641,0.01555711735419649,0.0024862199916826327,0.009085142351636943,0.11187215866195233,0.0355885679773869,0.00568255786979593,0.02337637727904283,0.03577246416633307,-0.013577020886554977,-0.00068329055606822,0.004493005876833525,0.02475907645531257,0.038031190887010666,-0.0540411723844483,0.08705573693057693,-0.08633267700661491,-0.016301081215438534,-0.1270113499879236,0.005457764475395864,0.029619729285392103,-0.0008543282943749238,-0.054088150633622996,0.004237349848405032,-0.03366490649142846,0.014323801785941805,0.07744054421842642,0.006139257823765541,-0.0034828316116806645,-0.007340649281234918,0.0015427679076305046,0.050122734361787484,0.03402921490859718,-0.014631061033522096,-0.00832865430207294,-0.047684247125044876,-0.016848768592516092,0.04826798292721167,0.030293317235489718,-0.0709250623572712,-0.007165487447884983,0.08220276490914927,0.010195548466619724,0.07562560977993793,-0.18305849051238632,-0.003195675692398927,0.04865778111784231,0.12133755298795874,-0.1579284111368419,0.24123335557023948,-0.0703620846669855,-0.012753273077968278,-0.03299124183419288,-0.027726070859375545,-0.015167619531313023,-0.0647667038476173,-0.04600400889955492,0.026700987008508606,0.005261908378712195,-0.011569805681657983,0.002728256956025688,-0.013064580612623469,0.004363933059235199,0.0001324174410446193,-9.345690477993943e-17,2
131,0.39599062353496256,-0.248992518677156,-0.18019236821863496,0.44242609838545277,0.11077199854345149,0.07262474030240569,-0.10444964201132503,-0.14515170452978388,-0.1391290547990834,0.0993220791564003,-0.036434820136612034,-0.11011267634910926,0.01135742179161537,-0.03869419736389189,-0.012496045534966957,0.003234329124685421,-0.08136135373933004,-0.07676171793144526,-0.018739449133961153,-0.013403994549976492,0.05859636923429386,0.0568019300173728,0.005505979092643445,0.028271717411721204,-0.0489506129101337,0.033651889199921035,0.010078985985377898,0.13385263378920634,-0.02660173874966877,0.031121175380707824,-0.06273875205220326,0.0011445131443748114,0.037283973979754,-0.03201547829750713,0.04447721512850062,-0.02018476472013072,0.0017649123935121872,0.09902028900469159,0.12273457500043268,0.0006888562901247179,0.028516434830565245,-0.025145492562206915,-0.033337587408350994,0.114572375257923,-0.03747174926894845,-0.04541044260052127,0.06349818642620916,-0.023636240778362377,-0.05829099691942932,0.03222236659281145,-0.06576195086681828,0.08158817670509044,0.01582114540889984,0.0882433500650992,-0.010666431082072781,-0.02709579223878937,-0.02323263435285078,-0.04169196874482838,-0.007838017365557894,0.04207604623897585,0.05502577487960736,0.07600864868377484,-0.005734441311991948,-0.06496428831523332,-0.041417670498018616,-0.013366392204115375,-0.06525578358256975,-0.03345218621445821,-0.1280878352590884,0.0024500800897843756,-0.006071301079810038,-0.07052667312364812,0.07861411382280868,-0.046637347578795244,0.01873380580300692,0.014091117219999134,-0.02643401546827388,-0.052165428626783784,-0.006325506691754467,-0.030702838987685176,-0.018859060612556315,0.0032765073699770894,0.03355460669362616,-0.056714475386657706,-0.005449699686410619,0.021008342195587722,0.021523688720106557,0.03173021780149284,-0.0026265061823815077,0.008636086805806178,-0.03646792219527628,-0.02464749393798121,-0.03530471435175023,-0.009835809512271008,-0.048602453217532725,0.009911430924519245,0.016373877568209055,-0.013460000792489955,-0.03874916456388324,-0.017132889063739644,0.021232591182141665,-0.031060323980550496,-0.014654120343932375,-0.005630268694137379,0.020685031589561215,-0.02726845029537545,-0.04023409866216562,0.0420689219501498,-0.004047022839469406,-0.000721067647452675,-0.042154108941389094,-0.026778364844783086,-0.05821623086214441,-0.0017456933223964671,0.004469538502872624,0.03986985431624213,-0.013503152100418787,-0.019881162006034694,-0.06456991010585285,0.013714171090478318,0.08849487355498215,0.10853751859337789,0.06678784757474815,-0.07332112462139259,-0.016347953342475418,-0.017778568041017614,-0.03022497748574028,-0.012591731794953175,-0.058011337901407035,0.044897957990540624,-0.11049658371334552,-0.009510301821824094,-0.04577969699547051,-0.03552212323510782,-0.027783896595421374,0.02642793148069711,-0.008475963063545163,-0.017586792778444507,-0.008397416413274131,0.008929889147127081,-0.010959308209868132,-0.012312137504188563,0.03243983397475406,-0.0005420381328060803,-0.00531305269645777,0.0012608345630115922,0.0055903914959821305,0.0026358291625719656,0.0008975760604638307,0.011796096819122956,-0.10027567203615562,-0.07879097308241688,0.0615589292293134,0.0018091315964843745,-0.004153504551427124,-0.006422843213236959,0.2784849561861529,0.0071309938627701075,0.0007467143705245359,-9.345690477993938e-17,2
191,0.4132289840603607,-0.25357914195259973,-0.16201249165602782,0.4333118790977936,0.10287026203250423,0.05749714535333123,-0.03670018354229307,-0.15209597377468867,-0.05093246825315308,0.023706460325039577,-0.009482333998814966,-0.0518310744305054,-0.0059105180910287635,-0.05170185646751907,-0.00306600700943015,-0.008875941845949177,0.03660331101698111,0.020435866876115132,0.0005192294863750497,0.03736703833700089,0.017087940972236936,0.011299462940973313,-0.002074147498475194,0.02371821587186715,-0.00417544213811786,0.040670705507218824,-0.00832544288259412,-0.018071231444037966,-0.014624847354309809,-0.006627869553401689,-0.029392383879558656,-0.003013960774932851,0.06676843107143374,0.002499753530224679,0.0032307822544714853,0.013004278499209218,-0.02488766384483208,-0.01576089044344497,-0.050936521341331434,-0.0003069232204517263,-0.02466930554674286,-0.023597375706460522,0.004540991344850477,-0.014586970557597593,-0.0393374065665366,-0.0017617569101992631,0.033538557377013244,-0.019479632291438325,-0.000362578282945348,0.0005417899688753834,-0.0018444736000850323,-0.0030468479254459682,0.006530699179635303,-0.05888902353260575,0.019869342727994965,0.049780619701614626,-0.02776133570972984,-0.021370500564163234,0.0482601029798244,-0.0073884725792038525,-0.05359034002683941,0.011052417558700404,0.02154385774110195,0.06843891659861007,0.01874047495135458,0.013596754161739374,-0.0024476023678804424,0.026967455000872425,0.017402393367703602,0.021189911696535255,0.008230661862573428,0.011285608292787661,-0.0124137621551216,0.0253940680962382,-0.00809186633736745,-0.012985919182642245,0.008787449740105905,-0.0020780494556471895,0.029197235823751208,-0.03664035541449357,-0.02644627786761817,-0.004707704075060413,-0.021098667951935428,0.014443534992963164,0.02939659727168826,-0.013605321867337717,0.0036195526028416007,-0.03617339711127041,-0.011015299394977357,0.013596034315837127,0.024211461920665915,-0.003055333112624899,0.026795135475352675,0.006262347870557774,0.02793701890829914,0.019309762682990932,-0.0266304944627868,0.021795086993436963,0.05724287809276516,0.019827909754986814,0.009443278723328466,0.037058494330911615,7.827775456527593e-05,0.0017331977654185008,0.043307820471788445,0.011260138804771806,0.0139025751219451,-0.04072831669385832,-0.02370187897129157,0.0008261099160831453,-0.05944863035409719,0.05222312147533919,0.031248222700607623,0.021032498551024844,0.006577236980912476,-0.03955011871747098,-0.049700268105274545,-0.007165391689077437,0.034143518362698765,0.031043695137975516,-0.05227974574661294,-0.1297589385049704,-0.0946137506470727,0.08337908984863678,0.058203106343773944,0.0212771456765215,-0.03711515056685401,0.056671885062878076,-0.12109485439701465,-0.11264175263873519,0.016072825619557512,-0.09152399779134385,-0.010243553767969702,-0.029574506563996725,0.04638141693219061,-0.007920060517533193,0.026627326754803927,-0.2620409490440228,-0.20205182724939888,0.06061588648327691,-0.20137701717504689,-0.008177676992539759,0.23367997667801835,-0.04497267705517076,0.03218978552697811,0.01900904500198224,0.025054999334281878,-0.032475202290812216,-0.09699338225017011,-0.021044526142360753,0.10153496939764607,0.06999237350312949,-0.04348282215461218,-0.023443778113146227,0.021871766241461702,-0.0015156539048611826,-0.022597607306509882,0.003275863089438416,-0.0004424380382289931,-9.345690477993916e-17,2
62,-0.004730571220855471,0.06084186252667293,0.007748027726337348,-0.05276239215572285,-0.004133280316548137,-0.05125126882038185,0.03729184988267122,-0.0919019483250963,0.06465103434465062,0.1878817817921903,-0.03712011518808119,-0.011334600867219989,-0.011696795481411285,0.005195352626202299,-0.07192376480423314,0.025208731641134543,-0.11159066806776437,0.008847751262261746,-0.1089408544168532,0.050045614550210844,-0.06732609100834801,0.016367657852764228,-0.058995738754757686,-0.10350517527951549,-0.06866621677135049,0.04330782137461636,0.08942242080731735,-0.12250354149775658,-0.09010378435661374,-0.004359372178372296,0.013190733204827335,-0.0757467742175695,-0.017865760787828627,-0.007292866974435552,-0.0416052030273448,0.027851472705391976,0.08514368755986196,0.008826553766662654,-0.058233471296182865,-0.07218603281197333,0.22480287186436082,-0.11109586305481352,-0.08154971041569516,-0.051776950983215546,-0.19682420441272788,-0.10911715914719305,-0.13449036022082053,-0.058837502325465044,0.13719657137841776,-0.028901323071523457,-0.029017612503240666,0.025101803618069497,-0.018342413756803008,0.2771899576388548,-0.16392056929667354,0.17606436338977885,-0.14579842199565185,-0.12957309382581675,0.03178011798079094,-0.03395437382279368,0.02733757090549148,0.09012183601068822,-0.04629852446456872,0.18138988755379754,0.2379397323567947,0.07342994298423779,0.08170902888596038,-0.02179528001779298,0.06348908811445853,-0.06572435490622969,0.06221907754498282,-0.011985002302742628,-0.0666620382547378,0.04386608661170953,-0.2817697598744073,-0.006025597452994384,-0.037738998961446786,-0.2531710993582871,0.011306409067199824,-0.03788357217737328,-0.14746707109050372,0.08588273754912885,0.011898442115865493,-0.07364933542329305,-0.23353037120952078,0.08544815803878167,-0.033016889315310625,0.033840730845991214,0.06895287866401748,-0.008705976425750103,-0.0470631640539223,0.06467433692603929,-0.06372749056511359,0.07206821039095147,-0.03330882738269493,-0.006757157406821347,0.012098157055919862,-0.00045026561942884376,-0.01437539485091889,-0.08654727746179357,-0.019566309995001047,0.014615039517291461,0.012078503335201685,-0.0361003711609642,0.05563146528518833,-0.011080566834446212,-0.041051210060409564,-0.025257663220420085,-0.04536687292423027,-0.000158015327508943,0.02169325544276426,0.07646728909227246,0.030007917771061904,0.00683896674546319,0.020542151848234786,-0.01847496694876684,-0.01644469015806087,-0.017115382413928744,0.021298175158071996,0.01121499306679079,0.02589973351869145,-0.016126841190487094,-0.009071401862358252,-0.014591369398499936,-0.0190436412941538,-0.003464564445722788,0.007249882045918573,-0.008227729821224173,0.02070380153300726,0.010650071167009029,0.0164524265875447,0.02169300627156142,-0.033460076199646444,0.02869349160803421,0.01348794765021741,-0.016548631317540946,0.014453486470696414,0.005884369156255948,-0.0016417180059788508,-0.016059540111536527,0.01774299708898976,-0.009731311135076305,-0.0023566701301884225,-0.005354782592323026,-0.002009846155851182,0.015216250419537194,0.006907649075661492,-6.346236879372778e-05,-0.006974592940410087,0.011708811136494513,0.0017388980089050423,-0.0027985858469448057,-0.003156784795248506,-0.01828916097057678,-0.002066439859994621,0.0007069909366675317,-0.0040438411907260325,-4.666610864191166e-06,-8.720868249349436e-05,-9.345690477993915e-17,1
43,-0.03893566536419209,0.13226126892126028,-0.013026146880070517,0.04039094705249134,-0.01996180606697452,-0.014342314737556601,-0.011150534940442314,-0.02055437569957373,0.0003793287517736807,-0.04112994035224334,-0.006806900949923813,-0.048294940610641254,0.00528875140175026,-0.033254615054845796,0.005669331218099439,-0.03829419722450551,-0.07770114327620543,-0.028333062437841283,-0.017872374129693492,-0.031804043327817735,-0.005732875308573819,0.131335767708097,-0.023344159901418464,0.06844690424679807,0.056696301956830855,-0.009819911958542626,-0.07671704959526661,-0.05569514194517326,0.08577913640909586,0.07894087323888672,0.02052614744030536,0.09389740972033332,-0.003294249597688739,0.032193636704915554,-0.04066530726788494,-0.003351707949874794,0.04104212367773374,0.08749926563322633,-0.018983195974847114,0.0685544685508586,0.1297561988358192,-0.02982059383810228,-0.06674941394254019,0.11030967048181492,-0.02503392952792342,0.34206745029130353,0.06589874086729436,-0.11560228165968944,-0.0869939204912707,-0.11343599974314543,0.057161885052025414,-0.2266002441518118,0.24435414079594134,0.05718067262660048,-0.12168364290664323,-0.07475252750077034,-0.32247589787369807,0.296390269312434,-0.0178563687552375,0.10223227687507498,0.10453095448750334,-0.18560240574106804,0.04560597569988886,0.11514182364266107,0.12333658377326304,-0.1780906800108007,-0.07787651151379858,0.030402039954934228,-0.10987757433077969,-0.038838616646851516,-0.05115191097613266,-0.04476079609640476,-0.02124943202453494,0.00993394387419081,-0.04607032170336248,-0.12933741018631553,0.112004029076334,0.12691403004681684,-0.16840812120920765,0.011467249051771105,-0.009053872430368046,-0.016374785382316657,-0.1143352485863712,-0.11024672518344213,0.09731243656038696,0.03607690452511266,-0.03158433843307085,-0.04719878150039954,0.013637328837825455,0.023624059642277453,-0.05402470606732497,0.031773546265057497,-0.06216045229447595,0.0792032070261639,-0.021574882649156593,0.03839967591402086,0.04908632358938887,-0.0575673363077817,-0.01742053306677866,-0.05340566014296184,0.02158782757177606,0.03916138404071463,-0.011524411104691084,-0.0051418500485024025,0.020065159771971063,-0.04108341038503545,-0.033311948859691756,0.05456730537669766,-0.038492177072412655,-0.02896249447242899,-0.035283448716863265,0.059789495862403744,-0.00010356708647306324,-0.03824583190634354,-0.011432399300993724,0.04358069883823306,-0.01937571441346072,0.013761745817193048,-0.0029671462087537256,0.019324041375693286,-0.004023886024682041,-0.04134925689133934,0.007120759934176645,-0.037204532381025,0.035452656629639596,0.016305011677704807,0.03254052800739496,-0.03166119560275206,0.006152676931921755,-0.004160113043507238,0.025139196496814353,-0.021330222195828294,-0.008749132754970669,0.008349486389077572,0.012537937759507912,-0.010392675805679149,-0.0011165744915722642,-0.00023708348791234683,-0.012905100428902437,0.0022816580479122365,0.0030694457902431895,0.007000285969865366,-0.008253707792013306,-0.00907756204992295,0.002361060874715707,-0.00027470882731294794,-0.006597086248712479,-0.0009375036222677828,0.0035544536224214043,-0.002583091938377931,0.0005013459552515,0.004526469120802898,0.003509333099262456,-0.002913922645818304,0.0019146196763513111,0.000265585137210253,-0.003294873524643382,6.861001194279035e-05,-7.333303040706381e-08,-9.345690477993914e-17,1
66,0.02615918678429165,-0.004589716172918243,0.05468264630275596,-0.06578719150657847,0.0010109150601360494,-0.02119276270871565,-0.03711416226362637,-0.17505340964320096,0.004258753293073532,-0.05886629644100254,-0.003296844475215253,0.2076760739482146,-0.09632463445358604,0.026865555194028223,0.04174858861850495,0.06391710794754109,0.005412135626950348,-0.0016716467186455766,-0.12774024392762845,-0.1445601008708022,0.05388222035935625,-0.014416448562470388,0.055372245855013484,-0.102317125405503,-0.05863908830913455,-0.02684375363517376,-0.022382686485918023,0.008569893186786382,0.009211102117130388,-0.0664069163164728,0.08516952014433034,0.02046106364879582,-0.05607340610442984,-0.017381617777061993,0.08600907713457723,0.04598341327373263,-0.059143126629691595,0.0061312282892542905,-0.023390368991098004,-0.05113149649540253,-0.01479627963860975,0.02266486911066848,-0.025200141513748504,0.08285907301699233,-0.031800339018827485,0.2078366062526595,-0.020944778037259987,0.21384240778351318,-0.026537762608504035,0.07070458065919004,-0.22686785490848188,0.19068932289109652,0.23055075773859546,0.046150586185973966,-0.14199895091571615,0.05071527262358684,0.09797470973839002,0.17388059116790136,0.21581886251151722,-0.29073245841420725,-0.1793741086648668,0.10997272302243354,0.20152827070051185,-0.008825423183452244,0.00901720432238765,-0.16197322520086335,0.2187452027571422,-0.04092602271482157,0.056019607532068263,-0.10281776517085468,-0.11725522999623925,0.1286488873224543,0.08761298466345437,-0.07689836565647842,0.1044784759986239,0.06697154032140208,-0.009242860692080503,0.02989366330633626,-0.0703802925817146,-0.14282083212552932,-0.14181210751455597,0.04828168029268239,0.01157476780536986,0.049881823515202504,-0.0327106992275931,0.02845560063061524,0.0078013686649376,-0.009740936822546457,-0.018054841214138063,-0.03767176845062998,-0.06674898089447594,-0.06412147235871471,0.04215413464495114,0.05834036929379292,-0.05815032415540313,-0.04126089751165698,-0.02021028752302831,-0.032923073916537086,0.024285018037869054,0.011391632793159884,-0.028452238924860027,-0.03127246722683237,0.013529631288066106,0.01585614239467789,0.011079764501203047,0.01318089015482366,-0.0024505890971634613,0.04263080995215581,-0.0014701487730295485,0.060858824986683074,-0.00760455206063873,0.031462881586459636,0.00451414536101557,0.00394676297996128,-0.004552833345458783,-0.026460122139630084,0.016528314309569504,0.0006398336582153285,-0.06559666584934777,0.003042044317887872,0.05712843808953883,-0.024530837626827225,-0.0353194769526774,0.001806046517126559,0.021342886771348976,-0.008591050168804132,0.014636325190720067,0.03522821231712142,-0.013033613671769749,0.00037986046520777924,0.0011065745860034436,-0.014004521766765607,0.0022405545780969536,-0.018941510229342626,0.017087435308805736,0.000320025753066013,-0.005614252960189922,-0.0025741141230191285,0.02294342299208611,0.006095761095280337,0.0079340561872906,-0.007879136502906307,-0.00605265064744715,0.04255674276158595,0.0009737480229351968,-0.05841225960169856,0.0066657916844914955,0.002530711052522375,-0.0033651249720930616,-0.002365259948339731,0.00033943198622990916,0.002299593391751821,0.00296780141093302,-0.0029929298890440784,0.007985996598413475,-0.000274450927263493,0.000943390181555327,0.00011708589388056428,0.00035740203522010905,-9.345690477993924e-17,1
185,0.18752653257348603,-0.041751060096850284,-0.09798537598791715,0.015898719346531327,-0.007236023069406331,0.07219182030962208,0.2563263981782815,0.19067713618738405,0.23755474989587652,-0.05459181901799281,0.025086622968349907,0.1890719712027857,0.04407078328064163,0.0021861461918795035,0.11383643676175317,-0.06671729895066418,0.0018515054161406621,0.0575702026762464,0.021058342356215447,0.03169267186604979,-0.03437436454598612,-0.07279958754126795,0.09016857896374682,-0.022932931594764065,-0.03221521417454007,-0.09015189598777697,-0.012460524411940595,-0.16409568670758104,-0.024728143300881522,0.027763419371209713,-0.05709078298841428,0.04457024681090972,-0.13080540033701965,-0.09089459297857232,0.10610232230734186,0.0056686417215443775,0.09178070151197593,0.09996697650347862,0.18280669061580523,-0.002189203124342289,-0.05403263862468282,0.016628238713793743,0.1602151678833485,-0.008133946644806723,0.016001744120016547,-0.0037563645066105615,-0.03874583340286217,-0.09612034902191416,0.0326031178526317,-0.008596101250537707,-0.027380480406403937,-0.05595606497248911,-0.07611557857221159,0.06111423041305115,0.0696728722112122,0.029940780719341937,-0.043165171506541075,0.029794883101689918,-0.013967149895868705,0.025236065449626137,0.015595138755519145,0.020590433365148986,-0.03649341667064741,-0.054016027365965245,0.04643201374359777,-0.021466601908436318,0.10354189034963789,0.037044628283718635,-0.015102256595184545,0.012452012462572458,-0.058221126514583034,0.0236418354632129,-0.04711504681521314,-0.011544205743678485,-0.010233444685786297,-0.10708353016044347,-0.09383295748069324,0.005456278697495638,0.046165819967418295,-0.01861731145813835,-0.01532528654106945,-0.004935792320015472,0.011519023938994481,-0.004233896760153725,-0.019012433421066698,-0.08922493058760922,0.03164836297769186,-0.12756564757390987,-0.08683095070394599,-0.002175465348852783,-0.05088479799225366,0.013758911719213925,0.03808185525431471,0.007201788608958707,-0.06132659029722917,-0.08858824193858802,0.01648848082565438,-0.016445960209228585,-0.05557307168262472,-0.07100801799628187,0.0036579764502464294,-0.020323477193487028,-0.046263720331753126,-0.023066489563801414,0.06063595934463061,0.02198465127212539,0.05015673498025394,0.09344502210983434,0.08547970867954241,-0.012638654013307115,-0.08298843273186089,-0.1177632819908885,-0.08162956450090575,-0.11781568236333244,0.08962701746596241,0.22931274895451112,0.08836188252552651,-0.14153605317131115,0.10023893045910234,-0.0833786819458443,0.30439346975112364,-0.08506883575708889,-0.08407220265497911,0.016344758460125713,0.051524882756629586,0.08784708620863318,-0.030574205216544966,0.10314343241437986,0.029573419019625492,0.006412363054226062,0.0007404757055554643,0.0496048951119274,0.0697860969844143,0.03890803249887036,-0.028463343314585693,0.023838186948349382,0.01007859433045445,0.008980145555550479,-0.060518932957839354,-0.0038482405027610665,-0.004044505026843967,0.004040368366155977,0.03416492814294089,0.024061919009632976,0.0019324452020094522,0.002108377354918641,-0.005981980164481863,0.024982713575826022,0.019433821892611183,0.0019633598145566986,0.013668763406750191,0.007620852536434307,-0.01691565827553931,0.0033498507837106915,-0.0029212473839561708,-0.0033044029384383597,-0.0029389820390424036,0.001643124007718431,-0.0001591221761179373,-9.34569047799393e-17,2
130,0.32506105664845836,-0.21855920441691348,-0.11375041253264594,0.34926503049493623,0.056723675907059165,-0.009451931217235808,-0.15644281922062778,-0.07395764540287159,-0.19499989745568697,0.03785329711529959,-0.010272472673866493,-0.01987833741155197,0.04139903453749672,0.03684766955734085,-0.00207300355967066,0.00028793869482710715,0.062345731908615164,0.026068456678381126,0.049447222360627124,0.0008688777801386166,-0.004598548556490667,-0.05186688138561766,-0.030419517730043123,-0.03750906905165937,0.08646591478135063,-0.1016489762798804,-0.016461724910899016,-0.11527794975289886,0.0596881353218603,-0.046427636600602826,0.07238479042402257,0.00681992930927072,-0.08241275920323966,0.022486143205677024,-0.04791884976996109,0.044744451206334294,-0.015079689863595558,-0.17719659674577418,-0.15315627497941944,-0.036203898230887425,-0.025170936210342273,0.07184086465510969,-0.019772009285547412,-0.09974442281576168,0.09839202553926642,0.008840031062090052,-0.05647727983536277,-0.019482868669125564,0.08474141229073705,-0.03274407069680171,0.08536159792816249,-0.07190035238561968,0.005484565902777865,-0.08320505758196188,0.06765639829535948,0.05425003588306883,0.03399617924116069,0.09052783709398739,0.005686516923870167,-0.04730341427191649,-0.03519009273247731,-0.08880155533407633,-0.010149233706128212,0.06209320494695998,0.09621634171288325,0.019667374628160452,0.06407153359576627,0.008241719511032631,0.1303429550956707,0.026914316951633967,0.000734809708891226,0.0553627581460267,-0.07991751983416318,0.053755300841040826,-0.03283102376519225,0.04247541592966533,0.04386111106032234,0.09224569320383197,-0.002235481284509634,0.04293736981421646,0.013247155568377855,0.02116166233074786,-0.10641320852428061,0.04239850002113437,-0.048575818464209684,-0.006756232462562665,-0.0034503943673800793,0.04039161934233525,-0.014438620919400878,-0.03735233122087027,0.03516199872413447,0.03852005003584124,0.005908139177977042,0.01751539339703289,0.02611388601528456,-0.050847532487231166,-0.01297497427142972,-0.05290215132477782,0.012749365807376303,0.01596715396985007,-0.020247262260680104,-0.01850049489722284,0.03334539077022645,-0.02170276079932827,-0.010886558761485688,-0.03752629795953649,-0.03269157825741633,-0.0023347990828428413,0.02376245724165996,-0.006205282402042078,0.017944484131742804,-0.021049839752593603,0.039755686706949185,0.051524126925645064,0.002041035430682295,0.07835066837684604,0.07666084063616774,-0.047512115506522304,-0.08511289173159883,8.629614437644541e-05,0.10137019535500862,0.11681116732054699,0.04003727124121766,-0.051039186630651066,-0.09479429012513486,-0.07195932652972374,0.06311777417323963,-0.06484361154951863,0.08993351609136836,0.13496500828726513,0.0657072285376057,0.06102303007983097,0.03807289347936645,0.05449865047086079,0.012430181102006771,0.07090367486890368,-0.009860716817108709,-0.10918561916114011,-0.06317651723725076,0.08351375714336418,-0.045247553413867624,-0.014843210621524282,0.00884510566021757,0.08645812944844428,-0.10170210682258735,0.013133377389150267,0.02974975924992801,0.014180691849596385,-0.011114184661876593,0.016023710328237486,-0.1745919724157415,-0.13884593685776467,0.10207779389151955,-0.017303338906589426,-0.020612345671883976,0.0074769377143510465,-0.07238092343304979,-0.003663007488436125,-0.0005384942896665723,-9.345690477993951e-17,2
69,-0.15219004905900707,-0.08229841541856278,-0.07635254492162952,-0.09484709416890379,0.40577314838468,-0.10806474418319575,-0.13648479455472332,0.06158341676892593,0.06049451763115706,-0.04737989358502355,-0.020471107882420774,0.0037102292562751207,0.0032336705083803787,-0.011875483510559866,-0.024663419792637344,0.012176773356985544,0.01830243454726754,-0.020101359079561877,0.019052577514459434,-0.01436697044899855,-0.01950702476270899,-0.005433911453629997,0.008500119407847694,0.015916199046645405,0.001960501173686864,-0.021069701588906885,-0.011614426713622714,0.019523655005067208,0.0558107143726505,-0.009304110927645154,-0.03623255503782183,-0.25432738256607856,0.011881230324687025,0.4272811387788192,0.2746406148769938,0.07335493935532782,0.10462156024588645,-0.06608928310872486,0.08329059130957685,0.014381479386571432,-0.023123381709271505,0.13924776382588802,0.009305996591279857,-0.017724358420193306,-0.09014104111308109,-0.022363588382559117,-0.027964145937107533,0.03676362767297955,-0.019290164426317622,0.02654935669474452,0.0648387937806982,-0.0046927842013050084,0.0992583797773918,-0.014612898328435884,-0.016661047451367955,-0.030316509355024834,0.0015770600233400204,-0.016704840578235545,0.011384431439300494,0.029937971934867545,0.0005247902743328016,-0.043379118710567426,-0.027392025122195646,0.02714079840012058,-0.00451252002289572,-0.01889140727051014,-0.02968818334645092,0.03761587352904948,-0.03471665619743927,0.026012520496095013,-0.003857673979087792,0.044703482871358356,0.053069931749816474,0.006482958257809639,-0.015029477499874292,-0.022674642789191072,-0.09824074708552806,0.03988285078479908,-0.12279745283731731,-0.06354748691345471,0.017573820140251693,0.07972173905083202,0.002202015505210137,0.05218103423513505,-0.08816187341696596,0.014338556410979607,0.08190003206719153,0.023796851772325912,-0.04989454765436365,0.06935788599501203,-0.06916162169040821,0.0804388437219593,-0.0053364560906919364,-0.04543374037181992,-0.010639049123437066,-0.06609481334525816,-0.0032343932692283184,0.1396411266490038,-0.006090390638220415,-0.00565692604202506,0.09548657506834508,0.0722626348721734,0.04186880627694403,-0.01592495100392347,0.037674633330966996,-0.02807638384339128,0.023907766430444462,-0.04087827978388441,-0.06770059909573234,0.002481502475494907,0.09339644987601727,-0.044999862837887816,0.04020305499384001,0.0450471887607078,0.04829365491235581,0.030239627838883103,-0.028727288092343276,0.0005381096469485298,0.08790887127568413,0.025128288780912326,0.03711447467950703,0.11874259730798435,0.07250143054002789,0.15744358235939568,0.2509733974039527,-0.04151397061518053,-0.016515335452875462,-0.05809297117628962,0.07175427454318863,0.04372712885728287,0.013064628536066833,-0.04320247695649726,-0.038006648823865466,0.020575534654231793,-0.05739461849668506,0.03527810068217766,-0.002218937367988997,-0.011908927312064532,0.005574733053091436,0.053776106904794514,0.021622352209647314,0.05809015706811972,0.02248439701336841,-0.011042084185157452,0.02948761430421086,0.010289951125200331,0.08242397416125101,0.006763071859306118,0.037290583201737455,-0.10213225117307476,-0.0016721087622144362,0.0064844761197621545,0.002237746902010254,-0.013372917631364289,0.005912419767327973,-0.007239046506026269,0.0012001579326820619,-0.00030675160593762914,-0.00010305734996877056,-9.345690477993926e-17,1
18,-0.0734963533376406,0.06268562921290428,-0.026361416656354577,0.010130907287314573,0.016028918052970822,-0.0012631556180496414,0.012511405330095617,-0.050847279705255814,0.004660230123755318,0.12950622972739656,0.12204079946576876,0.06168181189805858,-0.014100064269933208,-0.03322285064722754,0.014210802161218665,-0.020453821186881726,-0.03288189858895734,-0.049530486587772794,-0.03013427759385317,-0.10948130782515662,-0.007481795418738594,0.20914704602120632,0.04146914353697686,-0.2188403399268317,0.01780150536802626,0.09143849002365163,-0.29297152895333894,-0.08546057496124534,-0.18580081244699187,-0.14914315648513285,-0.1437413207650694,0.04198628274923542,-0.022255482057392067,0.14966905094706534,-0.1987468528063852,-0.1245232248497734,0.13442463030175877,-0.11269601260786813,0.13279229751779756,-0.1216874359694249,-0.021677062207669743,-0.04358532780013829,0.02983126553471842,-0.022147947106564907,0.03197628207294391,-0.07260595235923645,0.09399871610790433,0.059051029537831326,0.04171287132925072,-0.018884353995192994,-0.07514106294004447,0.04957918411298601,0.057479431594333996,-0.060730884565583836,-0.027312257861254116,0.0035611858264350577,-0.07123725466057017,-0.06149655199585832,0.027425649405862194,-0.012569242831983952,0.026214886542817627,0.032100769159275434,0.013872137886134412,-0.09660888098510084,0.09460964649208894,0.011187113191025602,-0.009669478235029895,-0.004522460993248251,-0.016880567569585517,0.02387384376137631,-0.09303923948592299,-0.021023742889540186,0.005655346639852295,-0.03040031121446837,-0.11379492942743961,0.0021507010021015777,0.02448892310984747,-0.04957086291185036,-0.1708108764607392,0.039495441684425855,0.1864838260403649,-0.000727336406692602,-0.025176885144619576,0.075956557828358,0.020548237077257468,-0.13258404858671236,-0.030601976912276677,-0.06379948297851794,0.17954923670367126,-0.040483127930843604,0.12070711270725193,0.009029381347792007,0.1953987104221734,-0.08747828574811212,0.10306129373622336,-0.10035375016334919,0.25408464800072517,-0.14136172881663836,0.053626503503130044,0.14560334806897882,0.10269353036733432,-0.03211701486938031,0.10249568306862368,0.019753330451131864,-0.010591158718557508,0.11398150436321705,0.015303897717609755,-0.02931995067998319,-0.02988059579910684,-0.01656469096297048,-0.06984622450569003,0.06898386597987832,-0.004530694502241481,-0.007803506933376498,-0.036515251694913854,0.019612671262710005,-0.011147717986641903,0.0051632395703585625,0.027090854934675928,-0.0029900356285688648,0.037570024740884174,0.0046433133622057485,0.004309024267356429,0.017328046579267117,0.041749147487980656,0.003525018207001729,-0.0048938834974326835,-0.01840283129027767,-0.0350210416848782,0.0032630012301681373,0.0032540684733627354,0.0025844063508405975,-3.333562846482063e-05,-0.02464029107252985,0.0018282665133238076,-0.015258611198898464,-0.0035407653179461685,0.002053622036277726,0.012514893429675017,-0.0049981450519950045,0.004584973739753917,-0.009260339680460467,-0.006931044085088715,0.00011138047224052988,-0.007955165291274586,-0.0013180327566708532,-0.006751403403900219,0.014148253056366208,0.00133270522033578,0.0092402360370078,-0.011569927358350402,-0.011642877196750492,0.0048040247525995465,-0.00044691827591960474,0.0035561986307630386,0.002199660384657568,0.001380702104813915,0.00039005698714176054,0.00023764203934731315,-9.345690477993904e-17,1
168,0.037970720019423074,0.010771786498979847,-0.11044560382237566,-0.26162572790465616,0.11604800177951376,0.04194074482277848,0.29601284144416234,0.08977605397693258,-0.4688189731320589,0.004920950190294598,-0.09952647228949145,-0.008279428387424582,0.047479462881024996,-0.13478423874502224,-0.1609455280580421,-0.18022617809806282,0.1986789892160924,-0.2348520706474928,-0.27127602926266475,0.046930389811220746,0.22658689270821064,-0.060402850186791104,-0.09233700195392092,-0.0420440977933451,-0.05101428033443641,0.055244428195949435,0.06458625339854168,-0.09976163925117426,-0.03722051839668688,0.031907497021410956,-0.030993486247154423,0.04553836310940646,0.050676004322452825,0.014569084596334063,0.05927354245750539,0.030855621903264754,0.00467486367067913,0.004138803882333321,-0.016228199277320415,0.034381270147017716,0.05678369558912092,-0.03140745676647691,0.03913500898661478,0.037082355716503736,0.010523335307055764,-0.042899332747455866,0.05106584962907486,0.0029547786452554276,0.017304859285991243,0.027576247341003078,-0.0393376028049804,-0.03808828302820445,-0.039923516776400665,-0.03772624845021479,-0.04945426493641325,9.048808543783841e-05,0.04186414322155925,-0.009460284962003145,0.07011774086018346,0.021112631824947183,-0.023645214039025624,-0.04033813809481901,0.017857711237783545,0.04197535052758751,0.045637281411790596,0.009934062699722938,0.00989654532474652,0.011259101529997392,-0.0007294175489742747,-0.01732864492093155,0.009441003120205984,-0.012760601235812187,0.010878554086183222,-0.002399368020396658,-0.0026330722202501174,-0.02573494259695278,0.023735189343927734,0.02827035410052294,0.00046234990551326444,0.036128488279340634,-0.0007034488004991732,0.01614500106228721,-0.008827818765811372,0.01822269019409702,0.011819428476300936,0.01354216799457631,-0.04118577501058716,-0.0033210965153334074,-0.010368561835617634,-0.012689451279099874,0.013848949254577856,0.007965091781271319,0.013291724081130265,-0.06032701905774578,0.050010573054819873,0.018900467374115947,-0.00444310765317602,-0.01920965215213982,0.003546202361224119,-0.013803099928017223,0.010593639841536015,0.011667722423620058,-0.017690401743923733,0.011338201026781562,-0.0058853561414386555,0.03605172828281365,-0.026305223921012505,0.08738202381584395,0.04875918640862231,0.006194127046277419,0.040639097998307436,-0.043619790984636614,0.03846293762279576,-0.06640444323438534,0.059639707053230136,0.015180822125073674,0.01521409816943493,0.025121889754519757,0.02900050410624448,0.03279554225267528,-0.018456871434967194,-0.023816278111061965,0.017433459174553263,-0.018466409831763782,-0.0028754158640815586,-0.04239732448589361,0.005000845647159878,-0.0011532598199583736,-0.008449032674156332,0.020524833161351244,-0.03413057601564762,-0.02431359173562711,-0.013659726061433935,0.014584484225959394,0.00013828429663642562,-0.0056819548776563585,0.004013215897228623,-0.0026481209809500945,0.003933187515317284,0.018547552195785237,-0.012511150046159809,-0.0006387350885899463,0.0013818293120364232,0.011194101898888274,-0.02576845737758152,-0.00561338005096996,-0.000293597880440519,0.005975585214166298,-0.0031659583289474665,-0.018851569919749598,-0.04547064384037502,-0.09160484430849267,-0.14665848396219805,0.1470388825881445,0.22728289351270126,-0.13089956599558553,-0.007838501874313312,-1.1753478860015311e-05,-0.000884764384858597,-9.345690477993861e-17,2
182,0.08351651789664187,0.02572411614372197,0.017013251866106312,-0.027118147174630677,-0.09613051332905667,-0.062320715004542726,-0.037063191218211125,0.055604090763019164,0.07805955705096083,-0.029381151576899734,0.0497558004462014,-0.09882793609197851,-0.02148773599357332,0.008370045303261032,-0.07355529738465312,0.0008276706687481565,-0.10079444990717554,-0.20751374512577248,0.021668821645120653,-0.07069910454735491,-0.01917305684361639,0.0845983172656399,0.1426214453501334,-0.038365281463082844,-0.04775156813756775,-0.1992091528461424,0.022315006579331796,0.11052401798105016,-0.058063728032869424,0.0661140752107288,-0.19258908961574658,0.08708018697155098,0.09630945375808618,0.038762762565417073,0.05324483692452049,-0.0617627164796419,0.012287577398545144,0.07110787220497802,-0.06607296692935241,0.02370939474944067,0.1557859453495375,-0.15354371158925204,0.06332196850217159,-0.1536723141870085,-0.03926907962494981,0.02305098090920058,-0.012083625743917867,-0.08773394350354695,0.08586422205593788,0.12428156976820871,0.038097335614644186,-0.006648734193050356,0.09464410197216831,0.030964917123590084,0.1173646395242378,-0.1024400349530283,-0.03330254068741356,-0.041269961889420524,0.00870946481922215,-0.04006377888035389,0.09011621094160235,-0.02650293709288497,-0.09178951946579458,-0.072221328904308,0.009392871965738922,0.007075751735881681,0.10052049582055997,0.07527966043613436,0.06945603478378391,-0.192675629355256,-0.012674652710812445,-0.045207447724280314,-0.03972290703345291,-0.006843413282048996,0.14118210169287804,0.01686820084405616,0.1346959477646602,-0.0043445726004863825,0.02267716082456322,0.01964881770134073,-0.08193892537785781,-0.13698550662737244,-0.0070114578742325245,-0.06306604118806773,-0.004351084995820881,0.09982571622581418,0.16770880988569148,0.014660686887890857,-0.0027529449510283566,0.006284557053009481,0.017817026199522315,0.04742952860957297,0.1691281718643289,0.056790477615721174,0.03264072590247439,-0.13910400609434656,-0.1767437417158422,0.12143918764455089,0.30977714288925046,0.11508272518249511,0.04070393151278142,0.020143706790205145,-0.07262372442201631,-0.04700843623846037,0.08322906920880896,0.13751568667187755,-0.03677195257736599,0.020494298786945593,0.07795620257211335,0.03755343389299652,0.006053401694270366,0.07193842960611457,-0.04458148799605737,0.05724827079911804,0.014279524939994214,0.0485310087302023,0.05300347300533611,0.07489089605970242,0.07674400861983975,0.04843400925670038,-0.011422696914361893,0.02335027149360282,-0.0014844240786377797,-0.025975295436598555,-0.010779285885217512,-0.03403559362692634,-0.026518262935826736,-0.000953996655819172,0.019098615105820522,0.004522925873164028,0.013200116500333531,0.008531955955852318,0.011346055250725785,0.002333948853358927,-0.02615470318274302,0.007736457248840406,-0.0035484505650878128,-0.0051961830444449105,0.011056169571060304,0.013984617234657631,0.020292449700137015,-0.004754080184358277,-0.01694756751020816,-0.002808080025580187,-0.0190474114378827,0.005725793014758615,0.006116239536570909,-0.013438487774506227,-0.017722411240132283,0.0021472397538333052,-0.006464649182987581,0.0009698101628862329,0.009447237891522856,0.009554116631409516,0.001983630392873869,0.0003875235863078233,0.0019673029966312304,0.0010332563950537672,-4.986404373760729e-05,-9.345690477993921e-17,2
152,0.03734389830067252,0.02880960311165698,-0.022281154187983133,-0.10980824045168214,-0.027341303800016547,-0.03912921069065508,0.06816784984620915,0.012241741033502528,-0.04723879496152495,-0.053821383170455823,-0.022281877468311225,-0.02118059706846676,-0.008053817913381257,-0.008971222039072307,-0.02571065889648036,-0.09524473153967453,-0.025847193561636162,0.010215390616248297,0.001135188138390355,-0.028762418501766064,-0.023379757598554398,0.1313071884712131,-0.06553388639994379,0.09573266404623307,-0.09247993293385894,0.001023278881280633,-0.04205949031814661,0.119827095326412,0.008409526532660326,-0.026467933111159792,0.0417063439554983,-0.1179942707175435,-0.0963634156967013,-0.0900906741570466,-0.11999432369876552,-0.02986001002214496,0.032062909376368916,0.01203495889079141,-0.02120998163112136,-0.014034468621807914,-0.1952783126637446,-0.029617944941225213,-0.29287040986697555,0.21919323836885657,-0.08186909838241675,-0.12241161802593804,-0.2339173064312152,-0.16841734324999097,-0.20401733696216384,0.10789301521999625,0.1731748923606643,0.07041802404824625,0.19913447434526274,-0.09391432273804586,0.03802612420420209,0.18606275371694028,0.026760080212642968,0.10521454899898787,-0.12151935978401449,0.12270478362948115,-0.15569355393132137,-0.08289944315361804,-0.12429255139909731,0.025857606198317503,0.04248399010811913,0.1822673361562043,0.17365962475940655,-0.000637986134757677,-0.013488046636290114,-0.012765588919247383,-0.018690923602765655,0.028809980544927664,0.08558391512222449,-0.028255356659964124,0.1727600200241357,0.019041323275734236,0.023756028829742693,0.028779794158760825,-0.02348989415386174,-0.0165969399409162,-0.011345721524591136,0.05105572481117651,0.06252551491143599,-0.11323884774657954,-0.062188372540947806,-0.02179926265772711,0.02995187623119687,0.01352753350732793,0.185951580711247,-0.12469661120325005,0.056897350116042876,0.042881971579843046,-0.024814127947721136,-0.07365346986704187,0.004692873693002816,-0.09292062837503612,-0.01835578428541536,-0.021739117117288837,0.025331480262637915,-0.004391863746364465,-0.0464323426002176,0.005379443163663726,0.11759702494100994,-0.05428619690910797,0.07560188177335604,0.044846727176714854,0.0375461602856583,0.0663693910744471,0.0056827696457224415,-0.05706640062006395,0.009064278536842569,-0.07662647396585767,-0.013453611307736153,-0.08890472198253907,0.057758683346611016,-0.0020582505401815533,0.030330828277694413,-0.003987704468821579,0.028350353879348974,0.031045009495042512,-0.028053196983868215,-0.027932897127207146,-0.045503914832594805,-0.02284049532401891,0.013061250311710891,0.0015792297108492151,-0.0162189331575231,-0.003830187998935537,-0.0006750667705922033,0.005262035170867475,-0.00262264837845802,-0.04160564743278411,-0.008122855161908367,-0.0011154089995984511,0.019675692427635037,0.006949991228550589,0.013257203080284382,0.014683616259435357,-0.0009816782198126231,0.004909135064977222,-0.000438073682747311,-0.00225807036002699,0.00866502220157918,-0.00642053900776981,-0.0016825134331799852,0.0018258412736171774,-0.002796398105567612,0.0020341900075673647,0.003922346945443187,-0.005508738620751956,0.0009002015031923344,0.0030099775802270834,0.0015612062828437739,0.0022659841444109003,-0.008344341342564992,0.005942037477371811,-0.0011245913643700596,0.0006710399983182779,-7.092080987986726e-05,-9.345690477993914e-17,2
106,0.07315951015503579,-2.289295656961813e-05,-0.03300412927731152,-0.11301349118032764,-0.08635554424651294,-0.13194258537951853,-0.05043242447795447,0.07113530740521012,-0.013258289477741297,-0.04618264155500883,-0.04567256330971989,0.07288629876170206,0.06200957780394991,-0.030212738784266207,0.01660144959918148,-0.09918559930599222,-0.010348045985004538,0.12139658315826848,-0.11302397353170232,-0.037180845716088144,-0.028704096149753576,0.03448027390144355,-0.005726395289098692,0.13578944170877147,0.09140292334288551,0.0886158247134625,-0.16146586460103335,0.2737739750321498,0.000698194020727634,0.09265610393040455,0.0454561021926206,-0.11570934837719783,0.13993957380838712,-0.026863007511322003,-0.10540601966212586,0.040482155388643006,-0.046017600996116965,0.10096866812739423,0.1328466833595978,0.08662124428532762,-0.027964944813308593,0.12499867028963686,-0.1279175770262969,-0.20313584500164103,-0.06994141143299494,0.0402270888735699,-0.04569520243577553,-0.07148014729368511,0.2504722733713565,-0.12017100926598855,-0.03827377612558821,0.08154875577839794,0.0622594357941216,-0.12183930775647003,-0.09326372847469402,-0.0139574084829935,0.08517944421764322,-0.035221841333935924,-0.008609410670774833,-0.19563074022281146,0.16002957573014207,-0.0115512142590537,0.1256548308516761,0.03479342618827916,-0.005071944951537091,-0.012551061354256484,-0.10293047457306066,-0.2118319957549157,-0.029601525463865425,0.011699412671633012,0.0908702012809477,-0.04794447856359104,-0.060440037555765755,0.040828067786731884,0.014062651998589491,0.013253999592589055,0.08484729157797631,0.043641020868189044,0.030330364384987575,0.037904069185990555,-0.047025148798893815,0.02028634677976533,-0.01614122379158014,-0.06915449680122429,-0.08129686509376303,0.02337776424714467,0.06672187499468918,-0.18782709927891253,0.046167197944617364,0.06439292923512906,0.051802552565470276,0.15351797290014474,-0.09551051213899939,-0.11284719217370727,0.04415707803095931,-0.14809715233353513,-0.01870166415976205,-0.008599820003474265,-0.013160290410506642,0.028958119077994667,-0.07950596622204525,-0.05746995779840409,-0.007209335941998025,0.10525334284274628,-0.04406827298598273,0.05754748670067133,-0.018876722870779534,0.10232135361293651,0.03960781920201791,-0.016755405553017813,0.07103472010369793,-0.013911481980542796,0.022264312502569033,0.01011501893256811,0.014809697196327807,0.01996326583165443,-0.0024890954708419676,-0.049101859000883985,-0.0520668109758124,0.007364951519011375,0.02390399196205394,-0.010227192123439479,0.0896929134180909,0.058623317656580604,-0.016559654896382267,0.16427488858195957,0.005268575716730213,0.08397594596930641,-0.01384002385238169,0.0024239803273767542,0.041134330904868274,-0.0002656902242555203,0.008892339341633934,0.010609684492100053,0.014090399615333217,-0.011079918898126371,-0.0018516335954943102,0.0160697874728107,-0.019003873122475902,0.02263624160492068,-0.03442358680964581,0.005986444655956409,0.009993741650287142,-0.024217825387470145,-0.0017670529059121902,0.020850306426884273,-0.0050025837851001365,0.02119157161431498,-0.0040073364897330295,-0.002619534875043212,-0.004655275664035063,-0.012866652184420624,0.004806812884287824,0.0076936564236952144,0.010660843700310845,-0.00023589438785392804,0.002858178918366881,0.002149150263967051,0.00035142327904016507,-9.3456904779939e-17,2
